Link,Institution,Name,Rating,Review,Duration,Spend time per week,Category,Type
https://www.futurelearn.com/courses/4-0-shades-of-digitalisation-for-the-chemical-and-process-industries,University of Padova,4 0 shades of digitalisation for the chemical and process industries,NA,NA,4 weeks,5 hrs per week,Included in Unlimited,courses
https://www.futurelearn.com/courses/a-beginners-guide-to-basic-cooking-skills,International Culinary Studio,a beginners guide to basic cooking skills,NA,NA,5 weeks,5 hrs per week,Premium course,courses
https://www.futurelearn.com/courses/a-beginners-guide-to-data-analytics,BoxPlay & FutureLearn,a beginners guide to data analytics,NA,NA,3 weeks,3 hrs per week,Premium course,courses
https://www.futurelearn.com/courses/a-beginners-guide-to-data-handling-and-management-in-excel,Packt & FutureLearn,a beginners guide to data handling and management in excel,NA,NA,3 weeks,3 hrs per week,Premium course,courses
https://www.futurelearn.com/courses/a-beginners-guide-to-docker,Packt & FutureLearn,a beginners guide to docker,NA,NA,2 weeks,3 hrs per week,Premium course,courses
https://www.futurelearn.com/courses/beginners-guide-fashion-design,Bloomsbury Publishing & FutureLearn,beginners guide fashion design,NA,NA,3 weeks,2 hrs per week,Premium course,courses
https://www.futurelearn.com/courses/a-beginners-guide-to-film-genres,Film Distributors' Association,a beginners guide to film genres,4.6,(38 reviews),4 weeks,3 hrs per week,Included in Unlimited,courses
https://www.futurelearn.com/courses/a-beginners-guide-to-giving-and-receiving-feedback,University of Southern Queensland,a beginners guide to giving and receiving feedback,NA,NA,4 weeks,3 hrs per week,Included in Unlimited,courses
https://www.futurelearn.com/courses/healthy-eating,The University of Adelaide,healthy eating,NA,NA,4 weeks,1 hr per week,Included in Unlimited,courses
https://www.futurelearn.com/courses/a-beginners-guide-to-interior-design-principles-and-elements,British Academy of Interior Design,a beginners guide to interior design principles and elements,4.8,(49 reviews),4 weeks,2 hrs per week,Included in Unlimited,courses
https://www.futurelearn.com/courses/a-beginners-guide-to-scrum-project-management,Packt & FutureLearn,a beginners guide to scrum project management,NA,NA,2 weeks,2 hrs per week,Premium course,courses
https://www.futurelearn.com/courses/a-beginners-guide-to-vcs-and-git,Packt & FutureLearn,a beginners guide to vcs and git,NA,NA,1 week,2 hrs per week,Premium course,courses
https://www.futurelearn.com/courses/a-beginners-guide-to-web-development-with-html5,Packt & FutureLearn,a beginners guide to web development with html5,NA,NA,2 weeks,3 hrs per week,Premium course,courses
https://www.futurelearn.com/courses/a-beginners-guide-to-c-and-net,Packt & FutureLearn,a beginners guide to c and net,NA,NA,2 weeks,2 hrs per week,Premium course,courses
https://www.futurelearn.com/courses/introduction-to-environmental-science,Central Queensland University,introduction to environmental science,4.5,(37 reviews),4 weeks,4 hrs per week,Included in Unlimited,courses
https://www.futurelearn.com/courses/a-beginners-guide-to-java-programming,Packt & FutureLearn,a beginners guide to java programming,NA,NA,3 weeks,2 hrs per week,Premium course,courses
https://www.futurelearn.com/courses/a-beginners-guide-to-kubernetes-for-container-orchestration,Packt & FutureLearn,a beginners guide to kubernetes for container orchestration,NA,NA,3 weeks,2 hrs per week,Premium course,courses
https://www.futurelearn.com/courses/english-for-study,University of Reading,english for study,4.9,(436 reviews),5 weeks,3 hrs per week,Included in Unlimited,courses
https://www.futurelearn.com/courses/a-deeper-understanding-of-autism,The University of Kent,a deeper understanding of autism,NA,NA,4 weeks,3 hrs per week,NA,courses
https://www.futurelearn.com/courses/a-global-history-of-sex-and-gender,The University of Glasgow,a global history of sex and gender,4.5,(105 reviews),4 weeks,4 hrs per week,Included in Unlimited,courses
https://www.futurelearn.com/courses/public-health-history,London School of Hygiene & Tropical Medicine,public health history,4.6,(59 reviews),3 weeks,4 hrs per week,Included in Unlimited,courses
https://www.futurelearn.com/courses/royal-fashion,The University of Glasgow & Historic Royal Palaces,royal fashion,4.8,(716 reviews),5 weeks,4 hrs per week,Included in Unlimited,courses
https://www.futurelearn.com/courses/tudor-entertainment,Historic Royal Palaces,tudor entertainment,4.7,(64 reviews),3 weeks,4 hrs per week,Included in Unlimited,courses
https://www.futurelearn.com/courses/transfer-medicine,UCL (University College London),transfer medicine,4.7,(36 reviews),4 weeks,4 hrs per week,Included in Unlimited,courses
https://www.futurelearn.com/courses/just-transition-to-a-low-carbon-economy,The University of the West Indies,just transition to a low carbon economy,NA,NA,3 weeks,4 hrs per week,Included in Unlimited,courses
https://www.futurelearn.com/courses/nutrition-sensitive-agriculture,University of Leeds & University of Pretoria,nutrition sensitive agriculture,4.5,(23 reviews),2 weeks,4 hrs per week,Included in Unlimited,courses
https://www.futurelearn.com/courses/a-panoramic-view-of-china,Shanghai International Studies University (SISU),a panoramic view of china,NA,NA,8 weeks,3 hrs per week,Included in Unlimited,courses
https://www.futurelearn.com/courses/guide-to-university-entry,University of Reading,guide to university entry,4.7,(28 reviews),2 weeks,2 hrs per week,Free digital upgrade,courses
https://www.futurelearn.com/courses/a-reporters-toolkit-for-the-digital-and-social-media-age-sc,The University of Kent,a reporters toolkit for the digital and social media age sc,NA,NA,4 weeks,3 hrs per week,Included in Unlimited,courses
https://www.futurelearn.com/courses/a-reporters-toolkit-for-the-digital-and-social-media-age,The University of Kent,a reporters toolkit for the digital and social media age,NA,NA,4 weeks,3 hrs per week,NA,courses
https://www.futurelearn.com/courses/a-survey-of-substance-use-disorder-sc,American Society of Addiction Medicine,a survey of substance use disorder sc,NA,NA,2 weeks,4 hrs per week,Included in Unlimited,courses
https://www.futurelearn.com/courses/a-three-step-guide-to-equitable-makerspaces,UCL (University College London),a three step guide to equitable makerspaces,NA,NA,3 weeks,3 hrs per week,Free digital upgrade,courses
https://www.futurelearn.com/courses/methodologies-for-service-design-j,Keio University,methodologies for service design j,NA,NA,4 weeks,2 hrs per week,Included in Unlimited,courses
https://www.futurelearn.com/courses/global-studies-cultures-organizations-french,Grenoble Ecole de Management,global studies cultures organizations french,NA,NA,4 weeks,3 hrs per week,Included in Unlimited,courses
https://www.futurelearn.com/courses/global-studies-global-french,Grenoble Ecole de Management,global studies global french,NA,NA,4 weeks,6 hrs per week,Included in Unlimited,courses
https://www.futurelearn.com/courses/japanese-book-paper-j,Keio University,japanese book paper j,NA,NA,3 weeks,3 hrs per week,Included in Unlimited,courses
https://www.futurelearn.com/courses/japanese-rare-books-culture-j,Keio University,japanese rare books culture j,NA,NA,3 weeks,3 hrs per week,Included in Unlimited,courses
https://www.futurelearn.com/courses/japanese-rare-books-sino-j,Keio University,japanese rare books sino j,NA,NA,4 weeks,3 hrs per week,Included in Unlimited,courses
https://www.futurelearn.com/courses/academic-research-methodology,Coventry University,academic research methodology,4.5,(39 reviews),2 weeks,3 hrs per week,Included in Unlimited,courses
https://www.futurelearn.com/courses/academic-writing-for-healthcare-students-in-higher-education,"St George's, University of London & Kingston and St George's Faculty of Health, Social Care and Education",academic writing for healthcare students in higher education,NA,NA,3 weeks,3 hrs per week,Included in Unlimited,courses
https://www.futurelearn.com/courses/academic-writing-for-learners-of-english,UCL (University College London),academic writing for learners of english,4.7,(54 reviews),3 weeks,3 hrs per week,Included in Unlimited,courses
https://www.futurelearn.com/courses/accounting-101,INCEIF,accounting 101,NA,NA,3 weeks,3 hrs per week,Included in Unlimited,courses
https://www.futurelearn.com/courses/accounting-death-war,"Royal Holloway, University of London & Every Casualty Counts",accounting death war,4.4,(10 reviews),3 weeks,3 hrs per week,Included in Unlimited,courses
https://www.futurelearn.com/courses/achieving-sustainable-development,Trinity College Dublin,achieving sustainable development,4.8,(49 reviews),4 weeks,4 hrs per week,Included in Unlimited,courses
https://www.futurelearn.com/courses/achieving-zero-carbon-sustainable-urban-mobility,"UCL (University College London), EIT Urban Mobility, Transformative Urban Mobility Initiative (TUMI) & ICLEI",achieving zero carbon sustainable urban mobility,4.9,(9 reviews),4 weeks,2 hrs per week,Included in Unlimited,courses
https://www.futurelearn.com/courses/active-listening-effective-communicator,"BoxPlay, FutureLearn & CQ: Communication Quotient™",active listening effective communicator,NA,NA,1 week,2 hrs per week,Premium course,courses
https://www.futurelearn.com/courses/costs-and-benefits-in-additive-manufacturing-economic-feasibility-and-implications,EIT RawMaterials & LUT University,costs and benefits in additive manufacturing economic feasibility and implications,4.6,(14 reviews),4 weeks,1 hr per week,Included in Unlimited,courses
https://www.futurelearn.com/courses/business-opportunities-in-additive-manufacturing,EIT RawMaterials & Aalto University,business opportunities in additive manufacturing,4.8,(5 reviews),3 weeks,2 hrs per week,Included in Unlimited,courses
https://www.futurelearn.com/courses/industry-specific-introduction-to-additive-manufacturing-impact-on-sustainability,EIT RawMaterials & LUT University,industry specific introduction to additive manufacturing impact on sustainability,NA,NA,3 weeks,3 hrs per week,NA,courses
https://www.futurelearn.com/courses/addressing-violence-patient-care,University of Bergen,addressing violence patient care,4.8,(17 reviews),3 weeks,3 hrs per week,Included in Unlimited,courses
https://www.futurelearn.com/courses/advanced-archaeological-remote-sensing,"Durham University, British Council, University of Leicester & University of Oxford",advanced archaeological remote sensing,NA,NA,6 weeks,3 hrs per week,Included in Unlimited,courses
https://www.futurelearn.com/courses/advanced-data-visualisation-and-analysis-in-excel,Packt & FutureLearn,advanced data visualisation and analysis in excel,NA,NA,3 weeks,3 hrs per week,Premium course,courses
https://www.futurelearn.com/courses/advanced-precalculus,University of Padova,advanced precalculus,4.8,(17 reviews),4 weeks,5 hrs per week,Included in Unlimited,courses
https://www.futurelearn.com/courses/advanced-research-techniques-in-parasitology,Universiti Malaya,advanced research techniques in parasitology,NA,NA,6 weeks,2 hrs per week,Included in Unlimited,courses
https://www.futurelearn.com/courses/advanced-skills-in-version-control-with-git-and-github,Packt & FutureLearn,advanced skills in version control with git and github,NA,NA,3 weeks,2 hrs per week,Premium course,courses
https://www.futurelearn.com/courses/advanced-sukuk-structures-mastering-islamic-finance,INCEIF,advanced sukuk structures mastering islamic finance,NA,NA,5 weeks,4 hrs per week,Included in Unlimited,courses
https://www.futurelearn.com/courses/advancing-social-impact-with-digital-technologies,"RMIT University, Business and Human Rights Centre (BHRIGHT) & RMIT University Digital3",advancing social impact with digital technologies,NA,NA,6 weeks,3 hrs per week,Included in Unlimited,courses
https://www.futurelearn.com/courses/intro-to-japanese-subculture-j,Keio University,intro to japanese subculture j,NA,NA,4 weeks,4 hrs per week,Included in Unlimited,courses
https://www.futurelearn.com/courses/modernization-of-japan-the-struggle-of-fukuzawa-yukichi-j,Keio University,modernization of japan the struggle of fukuzawa yukichi j,NA,NA,3 weeks,4 hrs per week,Included in Unlimited,courses
https://www.futurelearn.com/courses/travel-fiction-j,Keio University & British Library,travel fiction j,NA,NA,3 weeks,3 hrs per week,Included in Unlimited,courses
https://www.futurelearn.com/courses/taking-control-hip-and-knee-osteoarthritis-chinese,The University of Melbourne,taking control hip and knee osteoarthritis chinese,NA,NA,4 weeks,1 hr per week,Included in Unlimited,courses
https://www.futurelearn.com/courses/brain-ageing,Complutense University of Madrid,brain ageing,4.5,(35 reviews),5 weeks,5 hrs per week,Included in Unlimited,courses
https://www.futurelearn.com/courses/ageing-well-nutrition-and-exercise-for-older-adults,University of Reading,ageing well nutrition and exercise for older adults,4.6,(8 reviews),2 weeks,3 hrs per week,Included in Unlimited,courses
https://www.futurelearn.com/courses/agile-project-management-with-jira-for-beginners,Packt & FutureLearn,agile project management with jira for beginners,NA,NA,2 weeks,2 hrs per week,Premium course,courses
https://www.futurelearn.com/courses/aging-populations,Keio University,aging populations,4.7,(48 reviews),4 weeks,3 hrs per week,Included in Unlimited,courses
https://www.futurelearn.com/courses/agriculture-and-nutrition,Taipei Medical University,agriculture and nutrition,4.3,(12 reviews),4 weeks,2 hrs per week,Included in Unlimited,courses
https://www.futurelearn.com/courses/agriculture-economic-nature,The University of Western Australia,agriculture economic nature,4.8,(324 reviews),6 weeks,4 hrs per week,Free digital upgrade,courses
https://www.futurelearn.com/courses/agriculture-smart-food-urban-farming,Universiti Malaya,agriculture smart food urban farming,4.4,(12 reviews),2 weeks,3 hrs per week,Included in Unlimited,courses
https://www.futurelearn.com/courses/ai-and-big-data-global-health-improvement,Taipei Medical University,ai and big data global health improvement,4.6,(18 reviews),4 weeks,2 hrs per week,Included in Unlimited,courses
https://www.futurelearn.com/courses/ai-and-bioinformatics-genomic-data-analysis,Taipei Medical University,ai and bioinformatics genomic data analysis,NA,NA,3 weeks,2 hrs per week,Included in Unlimited,courses
https://www.futurelearn.com/courses/cloudswyft-msft-principles-of-machine-learning-pythoned-ai,"CloudSwyft Global Systems, Inc.",cloudswyft msft principles of machine learning pythoned ai,NA,NA,5 weeks,5 hrs per week,NA,courses
https://www.futurelearn.com/courses/ai-ethics-law-and-policy,National Tsing Hua University (NTHU),ai ethics law and policy,4.8,(5 reviews),3 weeks,2 hrs per week,Included in Unlimited,courses
https://www.futurelearn.com/courses/ai-for-legal-professionals-ii-,National Yang Ming Chiao Tung University (NYCU),ai for legal professionals ii ,NA,NA,4 weeks,3 hrs per week,Included in Unlimited,courses
https://www.futurelearn.com/courses/ai-for-legal-professionals-i-,National Yang Ming Chiao Tung University (NYCU),ai for legal professionals i ,4.8,(12 reviews),4 weeks,3 hrs per week,Included in Unlimited,courses
https://www.futurelearn.com/courses/introduction-to-python-deep-learning,"CloudSwyft Global Systems, Inc.",introduction to python deep learning,NA,NA,3 weeks,5 hrs per week,NA,courses
https://www.futurelearn.com/courses/airway-matters,"UCL (University College London), University College London Hospitals & Air Ambulance Charity Kent Surrey Sussex (KSS)",airway matters,4.9,(479 reviews),6 weeks,4 hrs per week,Included in Unlimited,courses
https://www.futurelearn.com/courses/akichi-in-collections-management,Keio University,akichi in collections management,NA,NA,2 weeks,3 hrs per week,Included in Unlimited,courses
https://www.futurelearn.com/courses/food-for-thought-spanish,EIT Food & University of Turin,food for thought spanish,NA,NA,5 weeks,4 hrs per week,Included in Unlimited,courses
https://www.futurelearn.com/courses/an-anthropology-of-smartphones,UCL (University College London),an anthropology of smartphones,4.3,(22 reviews),3 weeks,4 hrs per week,Included in Unlimited,courses
https://www.futurelearn.com/courses/english-for-study-intermediate,University of Reading,english for study intermediate,4.8,(207 reviews),5 weeks,3 hrs per week,Included in Unlimited,courses
https://www.futurelearn.com/courses/introduction-artificial-intelligence-tourism,Luleå University of Technology,introduction artificial intelligence tourism,NA,NA,2 weeks,4 hrs per week,Included in Unlimited,courses
https://www.futurelearn.com/courses/building-information-modelling,Coventry University,building information modelling,4.7,(44 reviews),2 weeks,3 hrs per week,Included in Unlimited,courses
https://www.futurelearn.com/courses/an-introduction-to-chinese-sign-language-and-linguistics,Shanghai International Studies University (SISU),an introduction to chinese sign language and linguistics,NA,NA,6 weeks,4 hrs per week,Included in Unlimited,courses
https://www.futurelearn.com/courses/an-intro-to-cryptography,"University of Leeds, Click Start & Institute of Coding",an intro to cryptography,NA,NA,2 weeks,3 hrs per week,Free digital upgrade,courses
https://www.futurelearn.com/courses/an-introduction-to-electronic-engineering,UK Electronic Skills Foundation,an introduction to electronic engineering,4.8,(21 reviews),3 weeks,3 hrs per week,Free digital upgrade,courses
https://www.futurelearn.com/courses/introduction-to-financial-management-in-construction-and-basic-accounting-conventions,Coventry University,introduction to financial management in construction and basic accounting conventions,4.4,(31 reviews),2 weeks,3 hrs per week,Included in Unlimited,courses
https://www.futurelearn.com/courses/innovation-in-healthcare,University of Bath & Health Innovation West of England,innovation in healthcare,4.9,(9 reviews),4 weeks,3 hrs per week,Included in Unlimited,courses
https://www.futurelearn.com/courses/intro-to-japanese-subculture,Keio University,intro to japanese subculture,4.6,(46 reviews),4 weeks,4 hrs per week,Included in Unlimited,courses
https://www.futurelearn.com/courses/an-introduction-to-leading-with-compassion-and-kindness-in-health-and-social-care,The King's Fund,an introduction to leading with compassion and kindness in health and social care,4.8,(195 reviews),3 weeks,2 hrs per week,Included in Unlimited,courses
https://www.futurelearn.com/courses/an-introduction-to-logic-for-computer-science,"University of Leeds, Click Start & Institute of Coding",an introduction to logic for computer science,NA,NA,2 weeks,3 hrs per week,Free digital upgrade,courses
https://www.futurelearn.com/courses/an-introduction-to-machine-learning-in-quantitative-finance,UCL (University College London),an introduction to machine learning in quantitative finance,NA,NA,4 weeks,3 hrs per week,Premium course,courses
https://www.futurelearn.com/courses/macro-environmental-analysis-and-business-strategy-sc,Coventry University,macro environmental analysis and business strategy sc,NA,NA,2 weeks,5 hrs per week,Included in Unlimited,courses
https://www.futurelearn.com/courses/macro-environmental-analysis-and-business-strategy-et,Coventry University,macro environmental analysis and business strategy et,NA,NA,2 weeks,5 hrs per week,NA,courses
https://www.futurelearn.com/courses/practical-ethics-screening-for-and-against-disability,The University of Manchester,practical ethics screening for and against disability,4.8,(52 reviews),4 weeks,2 hrs per week,Included in Unlimited,courses
https://www.futurelearn.com/courses/nutrition-and-healthy-living,"University of California, Riverside",nutrition and healthy living,3.7,(10 reviews),6 weeks,2 hrs per week,Included in Unlimited,courses
https://www.futurelearn.com/courses/start-coding-today-an-intro-to-python-programming-for-beginners,University of Leeds & Click Start,start coding today an intro to python programming for beginners,NA,NA,2 weeks,3 hrs per week,Free digital upgrade,courses
https://www.futurelearn.com/courses/radiation-therapy,Trinity College Dublin,radiation therapy,4.9,(70 reviews),2 weeks,4 hrs per week,Included in Unlimited,courses
https://www.futurelearn.com/courses/screenwriting,UEA (University of East Anglia),screenwriting,4.8,(887 reviews),2 weeks,3 hrs per week,Included in Unlimited,courses
https://www.futurelearn.com/courses/accents-attitudes-and-identity-an-introduction-to-sociolinguistics,University of York,accents attitudes and identity an introduction to sociolinguistics,4.7,(205 reviews),4 weeks,4 hrs per week,Included in Unlimited,courses
https://www.futurelearn.com/courses/systems-thinking-for-sustainability,Except Integrated Sustainability,systems thinking for sustainability,4.8,(35 reviews),4 weeks,4 hrs per week,Included in Unlimited,courses
https://www.futurelearn.com/courses/an-introduction-to-waqf,INCEIF,an introduction to waqf,NA,NA,3 weeks,1 hr per week,Included in Unlimited,courses
https://www.futurelearn.com/courses/anarchy-in-the-uk,University of Reading,anarchy in the uk,4.5,(57 reviews),2 weeks,3 hrs per week,Included in Unlimited,courses
https://www.futurelearn.com/courses/anatomy-know-your-abdomen,University of Leeds,anatomy know your abdomen,4.7,(267 reviews),2 weeks,2 hrs per week,Included in Unlimited,courses
https://www.futurelearn.com/courses/animal-feed-quality,EIT Food & Queen's University Belfast,animal feed quality,4.3,(12 reviews),5 weeks,4 hrs per week,Included in Unlimited,courses
https://www.futurelearn.com/courses/animal-feed-safety,EIT Food & Queen's University Belfast,animal feed safety,4.3,(7 reviews),5 weeks,4 hrs per week,Included in Unlimited,courses
https://www.futurelearn.com/courses/cultures-societies-introducing-anthropology,The University of Newcastle Australia,cultures societies introducing anthropology,4.4,(122 reviews),3 weeks,3 hrs per week,Included in Unlimited,courses
https://www.futurelearn.com/courses/antimicrobial-resistance-food-chain,The University of Nottingham,antimicrobial resistance food chain,4.8,(20 reviews),3 weeks,3 hrs per week,Included in Unlimited,courses
https://www.futurelearn.com/courses/antimicrobial-stewardship-for-africa,"BSAC, Infection Control Africa Network (ICAN) & College of Medicine University of Lagos (CMUL)",antimicrobial stewardship for africa,4.7,(31 reviews),3 weeks,3 hrs per week,Included in Unlimited,courses
https://www.futurelearn.com/courses/antimicrobial-stewardship-for-the-middle-east,BSAC,antimicrobial stewardship for the middle east,4.7,(36 reviews),3 weeks,3 hrs per week,Included in Unlimited,courses
https://www.futurelearn.com/courses/antimicrobial-stewardship-in-veterinary-practice,BSAC,antimicrobial stewardship in veterinary practice,4.7,(33 reviews),3 weeks,3 hrs per week,Included in Unlimited,courses
https://www.futurelearn.com/courses/antimicrobial-stewardship-in-wound-management,BSAC & European Wound Management Association,antimicrobial stewardship in wound management,4.8,(100 reviews),3 weeks,2 hrs per week,Included in Unlimited,courses
https://www.futurelearn.com/courses/antimicrobial-stewardship,University of Dundee & BSAC,antimicrobial stewardship,4.7,(80 reviews),6 weeks,3 hrs per week,Included in Unlimited,courses
https://www.futurelearn.com/courses/anti-racism-and-human-rights,Amnesty International UK,anti racism and human rights,4,(18 reviews),3 weeks,1 hr per week,Included in Unlimited,courses
https://www.futurelearn.com/courses/anti-racist-technologies,UAL Creative Computing Institute & Coding Black Females,anti racist technologies,4.8,(5 reviews),3 weeks,4 hrs per week,Included in Unlimited,courses
https://www.futurelearn.com/courses/youth-mental-health-during-covid-19,UEA (University of East Anglia),youth mental health during covid 19,4.7,(703 reviews),2 weeks,2 hrs per week,Included in Unlimited,courses
https://www.futurelearn.com/courses/consciousness,Taipei Medical University,consciousness,NA,NA,4 weeks,2 hrs per week,Included in Unlimited,courses
https://www.futurelearn.com/courses/applications-of-ai-in-real-estate-finance-and-investment,National Tsing Hua University (NTHU),applications of ai in real estate finance and investment,NA,NA,6 weeks,1 hr per week,Included in Unlimited,courses
https://www.futurelearn.com/courses/artificial-intelligence-technology-application,Taipei Medical University,artificial intelligence technology application,4.5,(21 reviews),4 weeks,2 hrs per week,Included in Unlimited,courses
https://www.futurelearn.com/courses/applications-of-calculus,BoxPlay & FutureLearn,applications of calculus,NA,NA,3 weeks,2 hrs per week,Premium course,courses
https://www.futurelearn.com/courses/computervisionandimageanalysis-advancedai,"CloudSwyft Global Systems, Inc.",computervisionandimageanalysis advancedai,NA,NA,4 weeks,5 hrs per week,NA,courses
https://www.futurelearn.com/courses/cloudswyft-msft-natural-language-processing-advanced,"CloudSwyft Global Systems, Inc.",cloudswyft msft natural language processing advanced,NA,NA,3 weeks,6 hrs per week,NA,courses
https://www.futurelearn.com/courses/speech-recognition-systems,"CloudSwyft Global Systems, Inc.",speech recognition systems,NA,NA,3 weeks,5 hrs per week,NA,courses
https://www.futurelearn.com/courses/applied-leadership-and-self-development-expanding-the-toolkit,The Association of Corporate Treasurers,applied leadership and self development expanding the toolkit,NA,NA,4 weeks,4 hrs per week,Included in Unlimited,courses
https://www.futurelearn.com/courses/leadership-in-the-financial-industry,The Association of Corporate Treasurers,leadership in the financial industry,NA,NA,4 weeks,3 hrs per week,Included in Unlimited,courses
https://www.futurelearn.com/courses/apply-creative-machine-learning,UAL Creative Computing Institute & Institute of Coding,apply creative machine learning,4.9,(20 reviews),4 weeks,2 hrs per week,Included in Unlimited,courses
https://www.futurelearn.com/courses/learning-through-play-with-lego-braille-bricks-french,The LEGO Foundation,learning through play with lego braille bricks french,NA,NA,8 weeks,2 hrs per week,Free digital upgrade,courses
https://www.futurelearn.com/courses/learning-through-play-with-lego-braille-bricks-spanish,The LEGO Foundation,learning through play with lego braille bricks spanish,NA,NA,8 weeks,3 hrs per week,Free digital upgrade,courses
https://www.futurelearn.com/courses/endangered-archaeology-remote-sensing-french,"Durham University, British Council, University of Leicester & University of Oxford",endangered archaeology remote sensing french,NA,NA,6 weeks,3 hrs per week,Included in Unlimited,courses
https://www.futurelearn.com/courses/battle-of-dunbar-1650,Durham University,battle of dunbar 1650,4.8,(182 reviews),6 weeks,2 hrs per week,Included in Unlimited,courses
https://www.futurelearn.com/courses/archaeology-of-past-nomads-on-the-mongolian-steppe,National University of Mongolia,archaeology of past nomads on the mongolian steppe,4,(12 reviews),6 weeks,2 hrs per week,Included in Unlimited,courses
https://www.futurelearn.com/courses/archaeology,University of Reading,archaeology,4.8,(521 reviews),2 weeks,3 hrs per week,Included in Unlimited,courses
https://www.futurelearn.com/courses/art-and-the-environment-in-southeast-asia-environment-as-contested-space,National Gallery Singapore,art and the environment in southeast asia environment as contested space,4.5,(6 reviews),6 weeks,1 hr per week,Free digital upgrade,courses
https://www.futurelearn.com/courses/artificial-intelligence-for-healthcare-opportunities-and-challenges,Taipei Medical University,artificial intelligence for healthcare opportunities and challenges,4.5,(32 reviews),4 weeks,1 hr per week,Included in Unlimited,courses
https://www.futurelearn.com/courses/artificial-intelligence-in-bioinformatics,Taipei Medical University,artificial intelligence in bioinformatics,4.3,(17 reviews),3 weeks,2 hrs per week,Included in Unlimited,courses
https://www.futurelearn.com/courses/attention-and-autism,University of Birmingham,attention and autism,4.6,(27 reviews),4 weeks,4 hrs per week,Included in Unlimited,courses
https://www.futurelearn.com/courses/autism-and-healthcare,The University of Kent,autism and healthcare,NA,NA,4 weeks,3 hrs per week,NA,courses
https://www.futurelearn.com/courses/autism-and-the-legal-issues,The University of Kent,autism and the legal issues,NA,NA,4 weeks,3 hrs per week,NA,courses
https://www.futurelearn.com/courses/autism-and-education,The University of Kent,autism and education,NA,NA,4 weeks,3 hrs per week,NA,courses
https://www.futurelearn.com/courses/cloudswyft-msft-azure-cloud-fundamentals-data-science,"CloudSwyft Global Systems, Inc.",cloudswyft msft azure cloud fundamentals data science,NA,NA,2 weeks,6 hrs per week,NA,courses
https://www.futurelearn.com/courses/basic-english-elementary,King's College London,basic english elementary,4.8,(5643 reviews),4 weeks,4 hrs per week,Included in Unlimited,courses
https://www.futurelearn.com/courses/basic-english-pre-intermediate,King's College London,basic english pre intermediate,4.8,(4160 reviews),4 weeks,4 hrs per week,Included in Unlimited,courses
https://www.futurelearn.com/courses/basic-first-aid-for-animals-and-pets,Learning Lounge & FutureLearn,basic first aid for animals and pets,NA,NA,2 weeks,2 hrs per week,Premium course,courses
https://www.futurelearn.com/courses/basic-first-aid,The University of Glasgow,basic first aid,4.7,(690 reviews),2 weeks,1 hr per week,Included in Unlimited,courses
https://www.futurelearn.com/courses/batteries-for-the-energy-transition-exploring-the-sustainable-value-chain,EIT RawMaterials,batteries for the energy transition exploring the sustainable value chain,NA,NA,4 weeks,4 hrs per week,Included in Unlimited,courses
https://www.futurelearn.com/courses/energy-storage,EIT InnoEnergy,energy storage,4.4,(43 reviews),4 weeks,3 hrs per week,Included in Unlimited,courses
https://www.futurelearn.com/courses/become-a-better-presenter,Royal Observatory Greenwich,become a better presenter,4.5,(185 reviews),3 weeks,3 hrs per week,Included in Unlimited,courses
https://www.futurelearn.com/courses/pharmacy-preceptor,Taipei Medical University,pharmacy preceptor,4.9,(20 reviews),4 weeks,3 hrs per week,Included in Unlimited,courses
https://www.futurelearn.com/courses/becoming-a-better-music-teacher,ABRSM,becoming a better music teacher,4.8,(143 reviews),5 weeks,3 hrs per week,Included in Unlimited,courses
https://www.futurelearn.com/courses/becoming-a-charity-member-what-you-should-know,Australian Charities and Not-for-profits Commission,becoming a charity member what you should know,4.8,(43 reviews),2 weeks,1 hr per week,Free digital upgrade,courses
https://www.futurelearn.com/courses/be-a-dentist,The University of Glasgow,be a dentist,4.9,(20 reviews),2 weeks,2 hrs per week,Included in Unlimited,courses
https://www.futurelearn.com/courses/students-higher-education,University of Groningen,students higher education,4.9,(47 reviews),5 weeks,4 hrs per week,Included in Unlimited,courses
https://www.futurelearn.com/courses/thinking-about-teaching,The Open University,thinking about teaching,4.8,(131 reviews),4 weeks,3 hrs per week,Included in Unlimited,courses
https://www.futurelearn.com/courses/expert-educator-health-professions,The University of Nottingham,expert educator health professions,4.7,(118 reviews),6 weeks,3 hrs per week,Included in Unlimited,courses
https://www.futurelearn.com/courses/begin-robotics,University of Reading,begin robotics,4.6,(57 reviews),4 weeks,3 hrs per week,Included in Unlimited,courses
https://www.futurelearn.com/courses/behavioural-economics-employee-and-customer-behaviour,FutureLearn,behavioural economics employee and customer behaviour,NA,NA,3 weeks,2 hrs per week,NA,courses
https://www.futurelearn.com/courses/behavioural-economics-polarisation-discrimination-and-differences-in-society,Nottingham Business School,behavioural economics polarisation discrimination and differences in society,NA,NA,3 weeks,2 hrs per week,Included in Unlimited,courses
https://www.futurelearn.com/courses/being-a-digital-researcher-digital-skills-for-effective-research,University of Hull,being a digital researcher digital skills for effective research,NA,NA,3 weeks,4 hrs per week,Included in Unlimited,courses
https://www.futurelearn.com/courses/being-a-flexible-music-teacher,ABRSM,being a flexible music teacher,4.3,(8 reviews),4 weeks,3 hrs per week,Included in Unlimited,courses
https://www.futurelearn.com/courses/best-care-for-people-with-late-stage-parkinsons-disease-part-one,"University of Padova, EU (Horizon 2020 Project)  & PD_PAL",best care for people with late stage parkinsons disease part one,NA,NA,6 weeks,5 hrs per week,Included in Unlimited,courses
https://www.futurelearn.com/courses/best-care-for-people-with-late-stage-parkinsons-disease-part-two,"University of Padova, EU (Horizon 2020 Project)  & PD_PAL",best care for people with late stage parkinsons disease part two,NA,NA,6 weeks,5 hrs per week,Included in Unlimited,courses
https://www.futurelearn.com/courses/study-melbourne,Study Melbourne,study melbourne,4.9,(113 reviews),4 weeks,3 hrs per week,Free digital upgrade,courses
https://www.futurelearn.com/courses/best-practices-in-culture-and-heritage-education-in-aotearoa-new-zealand-,Museum of New Zealand Te Papa Tongarewa & Te Pū Tiaki Mana Taonga (TPTMT),best practices in culture and heritage education in aotearoa new zealand ,NA,NA,6 weeks,3 hrs per week,Included in Unlimited,courses
https://www.futurelearn.com/courses/womens-rights,"Royal Holloway, University of London & UK Parliament",womens rights,4.8,(232 reviews),4 weeks,5 hrs per week,Included in Unlimited,courses
https://www.futurelearn.com/courses/biochemistry,UEA (University of East Anglia),biochemistry,4.6,(118 reviews),3 weeks,3 hrs per week,Included in Unlimited,courses
https://www.futurelearn.com/courses/biodiversity-guardianship-and-the-natural-history-of-new-zealand-a-museum-perspective,Museum of New Zealand Te Papa Tongarewa,biodiversity guardianship and the natural history of new zealand a museum perspective,4.8,(28 reviews),2 weeks,2 hrs per week,Included in Unlimited,courses
https://www.futurelearn.com/courses/what-could-a-biobased-economy-mean-for-the-future-health-of-our-planet-,University of York & BioYorkshire,what could a biobased economy mean for the future health of our planet ,4.5,(15 reviews),3 weeks,4 hrs per week,Included in Unlimited,courses
https://www.futurelearn.com/courses/biosecurity-compliance-in-european-poultry-farms,"University of Padova, NetPoulSafe & EU (Horizon 2020 Project)",biosecurity compliance in european poultry farms,NA,NA,4 weeks,4 hrs per week,Included in Unlimited,courses
https://www.futurelearn.com/courses/black-tudors,FutureLearn,black tudors,4.5,(165 reviews),6 weeks,4 hrs per week,Included in Unlimited,courses
https://www.futurelearn.com/courses/blended-and-hybrid-learning-design-in-higher-education,The University of Nottingham,blended and hybrid learning design in higher education,5,(7 reviews),5 weeks,3 hrs per week,Included in Unlimited,courses
https://www.futurelearn.com/courses/blended-and-online-learning-design,UCL (University College London),blended and online learning design,4.8,(182 reviews),3 weeks,4 hrs per week,Included in Unlimited,courses
https://www.futurelearn.com/courses/blended-learning-digital-skills,University of Leeds & UCL Institute of Education,blended learning digital skills,4.4,(51 reviews),2 weeks,4 hrs per week,NA,courses
https://www.futurelearn.com/courses/blended-learning-digitally-enriched-apprenticeships,University of Leeds & UCL Institute of Education,blended learning digitally enriched apprenticeships,4.8,(9 reviews),2 weeks,4 hrs per week,Included in Unlimited,courses
https://www.futurelearn.com/courses/blended-learning-embedding-practice,University of Leeds & UCL Institute of Education,blended learning embedding practice,4.6,(48 reviews),3 weeks,4 hrs per week,NA,courses
https://www.futurelearn.com/courses/blended-learning-getting-started,University of Leeds & UCL Institute of Education,blended learning getting started,4.5,(71 reviews),5 weeks,4 hrs per week,NA,courses
https://www.futurelearn.com/courses/body-image-and-mental-health-in-young-people,Mental Health Foundation,body image and mental health in young people,4.5,(12 reviews),3 weeks,3 hrs per week,Included in Unlimited,courses
https://www.futurelearn.com/courses/brain-behaviour-and-dentistry,National Yang Ming Chiao Tung University (NYCU),brain behaviour and dentistry,NA,NA,4 weeks,2 hrs per week,Included in Unlimited,courses
https://www.futurelearn.com/courses/brand-identity-jonathan-wilson,FutureLearn,brand identity jonathan wilson,NA,NA,3 weeks,4 hrs per week,NA,courses
https://www.futurelearn.com/courses/brand-personality-jonathan-wilson,FutureLearn,brand personality jonathan wilson,NA,NA,3 weeks,4 hrs per week,NA,courses
https://www.futurelearn.com/courses/brand-purpose-jonathan-wilson,FutureLearn,brand purpose jonathan wilson,NA,NA,3 weeks,4 hrs per week,NA,courses
https://www.futurelearn.com/courses/break-even-analysis-sc,Coventry University,break even analysis sc,NA,NA,2 weeks,5 hrs per week,Included in Unlimited,courses
https://www.futurelearn.com/courses/shaping-our-future-cities-bringing-nature-into-urban-centres,"RMIT University, EIT Community, European Union (Funded) & New European Bauhaus",shaping our future cities bringing nature into urban centres,4.7,(11 reviews),2 weeks,2 hrs per week,Included in Unlimited,courses
https://www.futurelearn.com/courses/-the-enemy-at-home-germanophobia-in-britain-during-the-first-world-war,University of Hull,#NAME?,3.6,(38 reviews),3 weeks,2 hrs per week,Included in Unlimited,courses
https://www.futurelearn.com/courses/buddhism-and-zen,HKU School of Professional and Continuing Education,buddhism and zen,4.4,(21 reviews),6 weeks,3 hrs per week,Included in Unlimited,courses
https://www.futurelearn.com/courses/build-a-physical-computing-prototype,Lancaster University & Institute of Coding,build a physical computing prototype,NA,NA,4 weeks,2 hrs per week,Included in Unlimited,courses
https://www.futurelearn.com/courses/build-an-agile-team,The University of Adelaide,build an agile team,4.8,(5 reviews),4 weeks,1 hr per week,Premium course,courses
https://www.futurelearn.com/courses/instagram-marketing-paid-ads-analytics-monetisation,Social Media College,instagram marketing paid ads analytics monetisation,NA,NA,2 weeks,4 hrs per week,NA,courses
https://www.futurelearn.com/courses/robotic-future,The University of Sheffield,robotic future,4.8,(40 reviews),3 weeks,3 hrs per week,Included in Unlimited,courses
https://www.futurelearn.com/courses/building-a-sustainable-future-with-technology,UAL Creative Computing Institute & Feminist Internet,building a sustainable future with technology,NA,NA,3 weeks,4 hrs per week,Included in Unlimited,courses
https://www.futurelearn.com/courses/building-a-teaching-career,McGraw Hill & King's College London,building a teaching career,NA,NA,5 weeks,2 hrs per week,Included in Unlimited,courses
https://www.futurelearn.com/courses/regaining-a-sense-of-belonging-in-a-globalised-and-mobile-world,"RMIT University, EIT Community & New European Bauhaus",regaining a sense of belonging in a globalised and mobile world,NA,NA,3 weeks,2 hrs per week,Included in Unlimited,courses
https://www.futurelearn.com/courses/building-professional-networks,Central Queensland University,building professional networks,4.6,(32 reviews),2 weeks,2 hrs per week,Included in Unlimited,courses
https://www.futurelearn.com/courses/building-influence-as-a-key-human-resource-management-professional,University of Lincoln,building influence as a key human resource management professional,NA,NA,3 weeks,5 hrs per week,Included in Unlimited,courses
https://www.futurelearn.com/courses/building-information-modelling-bim-for-historic-buildings-and-built-environment,Universiti Malaya,building information modelling bim for historic buildings and built environment,NA,NA,2 weeks,2 hrs per week,Included in Unlimited,courses
https://www.futurelearn.com/courses/building-pathology,Universiti Malaya,building pathology,4.7,(6 reviews),4 weeks,3 hrs per week,Included in Unlimited,courses
https://www.futurelearn.com/courses/bushfires,"The University of Newcastle Australia, UNITAR & CIFAL Newcastle",bushfires,4.7,(165 reviews),3 weeks,2 hrs per week,Free digital upgrade,courses
https://www.futurelearn.com/courses/business-agility-foundations-a-framework,The Open University & Agile Business Consortium,business agility foundations a framework,NA,NA,3 weeks,4 hrs per week,NA,courses
https://www.futurelearn.com/courses/business-agility-foundations-agile-culture,The Open University & Agile Business Consortium,business agility foundations agile culture,NA,NA,3 weeks,4 hrs per week,NA,courses
https://www.futurelearn.com/courses/business-agility-foundations-an-introduction,The Open University & Agile Business Consortium,business agility foundations an introduction,NA,NA,3 weeks,4 hrs per week,NA,courses
https://www.futurelearn.com/courses/business-agility-foundations-engaging-others,The Open University & Agile Business Consortium,business agility foundations engaging others,NA,NA,3 weeks,4 hrs per week,NA,courses
https://www.futurelearn.com/courses/business-analytics-forecasting,National Tsing Hua University (NTHU),business analytics forecasting,4.5,(16 reviews),6 weeks,3 hrs per week,Included in Unlimited,courses
https://www.futurelearn.com/courses/business-workplace-ethics-fashion-industry,"Bloomsbury Publishing, Fairchild Books & FutureLearn",business workplace ethics fashion industry,NA,NA,4 weeks,2 hrs per week,Premium course,courses
https://www.futurelearn.com/courses/business-ethics,University of Leeds,business ethics,4.9,(42 reviews),2 weeks,4 hrs per week,Included in Unlimited,courses
https://www.futurelearn.com/courses/professional-etiquette,Central Queensland University,professional etiquette,4.6,(62 reviews),2 weeks,2 hrs per week,Included in Unlimited,courses
https://www.futurelearn.com/courses/sustainable-business,RMIT University,sustainable business,4.8,(196 reviews),3 weeks,2 hrs per week,Included in Unlimited,courses
https://www.futurelearn.com/courses/business-history-of-the-fifa-world-cup,University of York,business history of the fifa world cup,NA,NA,3 weeks,3 hrs per week,Included in Unlimited,courses
https://www.futurelearn.com/courses/business-law-fashion-industry,"Bloomsbury Publishing, Fairchild Books & FutureLearn",business law fashion industry,NA,NA,2 weeks,2 hrs per week,Premium course,courses
https://www.futurelearn.com/courses/business-management-and-leadership-sc,The University of Kent,business management and leadership sc,4.5,(13 reviews),2 weeks,5 hrs per week,Included in Unlimited,courses
https://www.futurelearn.com/courses/business-management-and-leadership,The University of Kent,business management and leadership,NA,NA,2 weeks,5 hrs per week,NA,courses
https://www.futurelearn.com/courses/business-opportunities-in-additive-manufacturing-applying-business-modelling-to-a-real-company-case,EIT RawMaterials & Aalto University,business opportunities in additive manufacturing applying business modelling to a real company case,NA,NA,3 weeks,3 hrs per week,NA,courses
https://www.futurelearn.com/courses/business-planning-growth-and-successful-companies-sc,The University of Kent,business planning growth and successful companies sc,NA,NA,4 weeks,5 hrs per week,Included in Unlimited,courses
https://www.futurelearn.com/courses/business-planning-growth-and-successful-companies,The University of Kent,business planning growth and successful companies,NA,NA,4 weeks,5 hrs per week,NA,courses
https://www.futurelearn.com/courses/business-research-methods-i,Taipei Medical University,business research methods i,NA,NA,5 weeks,1 hr per week,Included in Unlimited,courses
https://www.futurelearn.com/courses/cancer-and-the-genomic-revolution,The University of Glasgow,cancer and the genomic revolution,4.8,(27 reviews),4 weeks,4 hrs per week,NA,courses
https://www.futurelearn.com/courses/health-promotion,Taipei Medical University,health promotion,4.8,(5 reviews),3 weeks,2 hrs per week,Included in Unlimited,courses
https://www.futurelearn.com/courses/carbon-markets-examining-eu-policies,European University Institute (EUI),carbon markets examining eu policies,4.2,(5 reviews),5 weeks,3 hrs per week,Included in Unlimited,courses
https://www.futurelearn.com/courses/career-planning-essentials-unlock-your-future,"Luleå University of Technology, Arbeta Tillsammans, Interreg Nord & Region Norrbotten",career planning essentials unlock your future,4.6,(5 reviews),3 weeks,4 hrs per week,Included in Unlimited,courses
https://www.futurelearn.com/courses/careers-in-fashion-design-product-development-and-fashion-promotion,"Bloomsbury Publishing, Fairchild Books & FutureLearn",careers in fashion design product development and fashion promotion,NA,NA,3 weeks,2 hrs per week,Premium course,courses
https://www.futurelearn.com/courses/careers-in-fashion-retailing,"Bloomsbury Publishing, Fairchild Books & FutureLearn",careers in fashion retailing,NA,NA,3 weeks,2 hrs per week,Premium course,courses
https://www.futurelearn.com/courses/careers-in-the-ancillary-businesses,"Bloomsbury Publishing, Fairchild Books & FutureLearn",careers in the ancillary businesses,NA,NA,4 weeks,2 hrs per week,Premium course,courses
https://www.futurelearn.com/courses/careers-in-forecasting-textiles-and-manufacturing,"Bloomsbury Publishing, Fairchild Books & FutureLearn",careers in forecasting textiles and manufacturing,NA,NA,4 weeks,2 hrs per week,Premium course,courses
https://www.futurelearn.com/courses/careers-in-the-veterinary-industry,Learning Lounge & FutureLearn,careers in the veterinary industry,NA,NA,2 weeks,2 hrs per week,Premium course,courses
https://www.futurelearn.com/courses/caregiving-dementia-incontinence,Deakin University & NARI,caregiving dementia incontinence,4.8,(28 reviews),5 weeks,3 hrs per week,Included in Unlimited,courses
https://www.futurelearn.com/courses/caring-for-caregivers-empowering-those-who-care-for-older-persons,Universiti Malaya,caring for caregivers empowering those who care for older persons,4.6,(5 reviews),3 weeks,2 hrs per week,Included in Unlimited,courses
https://www.futurelearn.com/courses/caring-for-children-moving-alone,University of Strathclyde & CELCIS,caring for children moving alone,4.9,(132 reviews),6 weeks,4 hrs per week,Included in Unlimited,courses
https://www.futurelearn.com/courses/older-people,Deakin University,older people,4.6,(89 reviews),2 weeks,3 hrs per week,Included in Unlimited,courses
https://www.futurelearn.com/courses/caring-psychosis-schizophrenia,King's College London,caring psychosis schizophrenia,4.8,(161 reviews),4 weeks,3 hrs per week,Included in Unlimited,courses
https://www.futurelearn.com/courses/australian-crime,The University of Newcastle Australia,australian crime,4.6,(65 reviews),3 weeks,2 hrs per week,Included in Unlimited,courses
https://www.futurelearn.com/courses/causes-of-climate-change,University of Bergen & Bjerknes Centre for Climate Research,causes of climate change,4.4,(59 reviews),3 weeks,4 hrs per week,Included in Unlimited,courses
https://www.futurelearn.com/courses/human-disease-exploring-cancer-genetic-disease,University of Leeds,human disease exploring cancer genetic disease,4.7,(54 reviews),2 weeks,4 hrs per week,Included in Unlimited,courses
https://www.futurelearn.com/courses/human-disease-lifestyle-environment,University of Leeds,human disease lifestyle environment,4.7,(86 reviews),2 weeks,4 hrs per week,Included in Unlimited,courses
https://www.futurelearn.com/courses/human-disease-transmitting-and-fighting-infection,University of Leeds,human disease transmitting and fighting infection,4.7,(50 reviews),2 weeks,4 hrs per week,Included in Unlimited,courses
https://www.futurelearn.com/courses/human-disease-understanding-cardiovascular-disease,University of Leeds,human disease understanding cardiovascular disease,4.7,(62 reviews),2 weeks,4 hrs per week,Included in Unlimited,courses
https://www.futurelearn.com/courses/human-disease-understanding-causes-of-disease,University of Leeds,human disease understanding causes of disease,4.6,(41 reviews),2 weeks,4 hrs per week,Included in Unlimited,courses
https://www.futurelearn.com/courses/ccna-computer-networking-essentials,Packt & FutureLearn,ccna computer networking essentials,NA,NA,3 weeks,3 hrs per week,Premium course,courses
https://www.futurelearn.com/courses/gram-negative-bacteria,BSAC,gram negative bacteria,4.6,(48 reviews),3 weeks,3 hrs per week,Included in Unlimited,courses
https://www.futurelearn.com/courses/point-prevalence-surveys,BSAC,point prevalence surveys,4.6,(31 reviews),2 weeks,2 hrs per week,Included in Unlimited,courses
https://www.futurelearn.com/courses/inequalities-in-personal-finance,The Open University,inequalities in personal finance,4.4,(44 reviews),4 weeks,3 hrs per week,Included in Unlimited,courses
https://www.futurelearn.com/courses/climate-change-human-rights,Amnesty International UK,climate change human rights,4.4,(10 reviews),3 weeks,1 hr per week,Included in Unlimited,courses
https://www.futurelearn.com/courses/change-of-era-the-origins-of-christian-culture-through-the-lens-of-archaeology,University of Padova,change of era the origins of christian culture through the lens of archaeology,4.7,(79 reviews),4 weeks,5 hrs per week,Included in Unlimited,courses
https://www.futurelearn.com/courses/changing-urban-travel-behaviour-for-a-low-carbon-transition,RMIT University & EIT Urban Mobility,changing urban travel behaviour for a low carbon transition,NA,NA,2 weeks,2 hrs per week,Included in Unlimited,courses
https://www.futurelearn.com/courses/chemical-engineering-shaping-a-sustainable-future,University of Leeds,chemical engineering shaping a sustainable future,4.2,(9 reviews),2 weeks,2 hrs per week,Included in Unlimited,courses
https://www.futurelearn.com/courses/chemometrics-in-air-pollution,Universiti Malaya,chemometrics in air pollution,4.4,(7 reviews),3 weeks,2 hrs per week,Included in Unlimited,courses
https://www.futurelearn.com/courses/child-protection-teachers,Queensland University of Technology,child protection teachers,4.7,(217 reviews),2 weeks,1 hr per week,Included in Unlimited,courses
https://www.futurelearn.com/courses/childhood-adversity-and-mental-health,UCL (University College London),childhood adversity and mental health,4.8,(563 reviews),3 weeks,3 hrs per week,Included in Unlimited,courses
https://www.futurelearn.com/courses/chinese-medicine-treatise-on-febrile-diseases-caused-by-cold,HKU School of Professional and Continuing Education & Guangzhou University of Chinese Medicine,chinese medicine treatise on febrile diseases caused by cold,5,(5 reviews),8 weeks,3 hrs per week,Included in Unlimited,courses
https://www.futurelearn.com/courses/chronic-respiratory-diseases-primary-care-settings,"The University of Edinburgh, International Primary Care Respiratory Group (IPCRG) & RESPIRE",chronic respiratory diseases primary care settings,4.7,(55 reviews),5 weeks,3 hrs per week,Included in Unlimited,courses
https://www.futurelearn.com/courses/circular-business-models-for-sustainable-urban-food-systems,"EIT Food, University of Turin & University of Helsinki",circular business models for sustainable urban food systems,4.5,(51 reviews),4 weeks,4 hrs per week,Included in Unlimited,courses
https://www.futurelearn.com/courses/circular-economy-the-big-idea,Ellen MacArthur Foundation,circular economy the big idea,4.7,(55 reviews),3 weeks,4 hrs per week,Included in Unlimited,courses
https://www.futurelearn.com/courses/liveable-cities-place-health-and-mobility,RMIT University & EIT Urban Mobility,liveable cities place health and mobility,NA,NA,2 weeks,2 hrs per week,Included in Unlimited,courses
https://www.futurelearn.com/courses/crime-fiction,The University of Newcastle Australia,crime fiction,3.9,(247 reviews),3 weeks,3 hrs per week,Included in Unlimited,courses
https://www.futurelearn.com/courses/clean-air-for-urban-liveability,RMIT University & EIT Urban Mobility,clean air for urban liveability,4.7,(6 reviews),3 weeks,3 hrs per week,Included in Unlimited,courses
https://www.futurelearn.com/courses/energy-and-climate-change,The University of Glasgow & CIVIS,energy and climate change,4.7,(10 reviews),4 weeks,3 hrs per week,Included in Unlimited,courses
https://www.futurelearn.com/courses/climate-change-and-public-policy,Adam Smith Center,climate change and public policy,4,(25 reviews),4 weeks,3 hrs per week,Included in Unlimited,courses
https://www.futurelearn.com/courses/climate-change-and-resilience-in-food-systems,University of Leeds & Africap,climate change and resilience in food systems,4.6,(48 reviews),2 weeks,3 hrs per week,Included in Unlimited,courses
https://www.futurelearn.com/courses/climate-intelligence-using-climate-data-to-improve-business-decision-making,University of Reading,climate intelligence using climate data to improve business decision making,NA,NA,2 weeks,3 hrs per week,Included in Unlimited,courses
https://www.futurelearn.com/courses/climate-literacy-and-action-for-all,Nottingham Trent University & Nottingham Business School,climate literacy and action for all,4.9,(7 reviews),3 weeks,2 hrs per week,Included in Unlimited,courses
https://www.futurelearn.com/courses/climate-solutions-egypt,"The University of Edinburgh, Edinburgh Climate Change Institute (ECCI) & Climate Solutions",climate solutions egypt,NA,NA,5 weeks,2 hrs per week,Included in Unlimited,courses
https://www.futurelearn.com/courses/climate-solutions-india,"The University of Edinburgh, Edinburgh Climate Change Institute (ECCI) & Climate Solutions",climate solutions india,4.6,(21 reviews),5 weeks,2 hrs per week,Included in Unlimited,courses
https://www.futurelearn.com/courses/climate-solutions-malawi,"The University of Edinburgh, Edinburgh Climate Change Institute (ECCI) & Climate Solutions",climate solutions malawi,NA,NA,5 weeks,2 hrs per week,Included in Unlimited,courses
https://www.futurelearn.com/courses/climate-solutions-mexico,The University of Edinburgh & Tecnológico de Monterrey,climate solutions mexico,NA,NA,5 weeks,2 hrs per week,Included in Unlimited,courses
https://www.futurelearn.com/courses/climate-solutions-mexico-spanish,The University of Edinburgh & Tecnológico de Monterrey,climate solutions mexico spanish,NA,NA,5 weeks,2 hrs per week,Included in Unlimited,courses
https://www.futurelearn.com/courses/climate-solutions-uae,"The University of Edinburgh, Edinburgh Climate Change Institute (ECCI) & Climate Solutions",climate solutions uae,NA,NA,5 weeks,2 hrs per week,Included in Unlimited,courses
https://www.futurelearn.com/courses/clinical-communication-skills-for-healthcare-professionals,"St George's, University of London & Kingston and St George's Faculty of Health, Social Care and Education",clinical communication skills for healthcare professionals,4.7,(15 reviews),2 weeks,3 hrs per week,Included in Unlimited,courses
https://www.futurelearn.com/courses/clinical-drug-development-of-chinese-herbal-medicine,Taipei Medical University,clinical drug development of chinese herbal medicine,NA,NA,5 weeks,2 hrs per week,Included in Unlimited,courses
https://www.futurelearn.com/courses/clinical-pharmacokinetic,Taipei Medical University,clinical pharmacokinetic,4.9,(22 reviews),6 weeks,2 hrs per week,Included in Unlimited,courses
https://www.futurelearn.com/courses/clinical-supervision-with-confidence,UEA (University of East Anglia),clinical supervision with confidence,4.7,(42 reviews),2 weeks,4 hrs per week,Included in Unlimited,courses
https://www.futurelearn.com/courses/clinical-supervision-assessment-feedback,UEA (University of East Anglia),clinical supervision assessment feedback,4.5,(28 reviews),3 weeks,3 hrs per week,Included in Unlimited,courses
https://www.futurelearn.com/courses/clinical-supervision-professional-development,UEA (University of East Anglia),clinical supervision professional development,4.6,(21 reviews),3 weeks,3 hrs per week,Included in Unlimited,courses
https://www.futurelearn.com/courses/clinical-supervision-teaching-facilitating,UEA (University of East Anglia),clinical supervision teaching facilitating,4.7,(43 reviews),3 weeks,3 hrs per week,Included in Unlimited,courses
https://www.futurelearn.com/courses/cloud-computing-for-beginners,Packt & FutureLearn,cloud computing for beginners,NA,NA,1 week,2 hrs per week,Premium course,courses
https://www.futurelearn.com/courses/coaching1,Deakin University,coaching1,NA,NA,2 weeks,3 hrs per week,NA,courses
https://www.futurelearn.com/courses/coaching2,Deakin University,coaching2,NA,NA,2 weeks,3 hrs per week,NA,courses
https://www.futurelearn.com/courses/coaching3,Deakin University,coaching3,NA,NA,2 weeks,3 hrs per week,NA,courses
https://www.futurelearn.com/courses/coaching4,Deakin University,coaching4,NA,NA,2 weeks,3 hrs per week,NA,courses
https://www.futurelearn.com/courses/coaching5,Deakin University,coaching5,NA,NA,2 weeks,3 hrs per week,NA,courses
https://www.futurelearn.com/courses/cognitive-psychology-employee-and-customer-behaviour-sc,FutureLearn,cognitive psychology employee and customer behaviour sc,4.8,(5 reviews),3 weeks,2 hrs per week,Included in Unlimited,courses
https://www.futurelearn.com/courses/cognitive-psychology-employee-and-customer-behaviour,FutureLearn,cognitive psychology employee and customer behaviour,NA,NA,3 weeks,2 hrs per week,NA,courses
https://www.futurelearn.com/courses/collaboration-for-sustainable-innovation-and-social-entrepreneurship-sc,Ubiquity University,collaboration for sustainable innovation and social entrepreneurship sc,NA,NA,4 weeks,3 hrs per week,Included in Unlimited,courses
https://www.futurelearn.com/courses/collaborative-working-in-a-remote-team-sc,"University of Leeds, Click Start & Institute of Coding",collaborative working in a remote team sc,4.2,(5 reviews),2 weeks,3 hrs per week,Free digital upgrade,courses
https://www.futurelearn.com/courses/collaborative-working-in-a-remote-team,University of Leeds & Institute of Coding,collaborative working in a remote team,4.7,(422 reviews),2 weeks,3 hrs per week,NA,courses
https://www.futurelearn.com/courses/combating-corrosion-an-introduction-to-socorro,The University of Kent & SOCORRO,combating corrosion an introduction to socorro,NA,NA,2 weeks,2 hrs per week,Included in Unlimited,courses
https://www.futurelearn.com/courses/combinatorics-strategies-and-methods-for-counting,University of Padova,combinatorics strategies and methods for counting,NA,NA,4 weeks,6 hrs per week,Included in Unlimited,courses
https://www.futurelearn.com/courses/come-rain-or-shine,University of Reading & The Royal Meteorological Society,come rain or shine,4.8,(273 reviews),3 weeks,4 hrs per week,Included in Unlimited,courses
https://www.futurelearn.com/courses/communicating-climate-change-raising-engagement-for-climate-action,The University of Glasgow,communicating climate change raising engagement for climate action,4.3,(8 reviews),4 weeks,3 hrs per week,Included in Unlimited,courses
https://www.futurelearn.com/courses/communicating-with-diverse-audiences2,University of Surrey,communicating with diverse audiences2,4.6,(63 reviews),4 weeks,3 hrs per week,Included in Unlimited,courses
https://www.futurelearn.com/courses/communication-and-interpersonal-skills-at-work,"University of Leeds, Click Start & Institute of Coding",communication and interpersonal skills at work,4.8,(1766 reviews),2 weeks,2 hrs per week,Free digital upgrade,courses
https://www.futurelearn.com/courses/communicative-planning-for-urban-mobility,EIT Urban Mobility & Aalto University Executive Education,communicative planning for urban mobility,NA,NA,4 weeks,2 hrs per week,Included in Unlimited,courses
https://www.futurelearn.com/courses/community-based-research,"UCL (University College London), American University of Beirut (AUB), LAU-CLS & MAPs",community based research,4.8,(24 reviews),3 weeks,3 hrs per week,Included in Unlimited,courses
https://www.futurelearn.com/courses/compassion-in-fashion,ACTAsia,compassion in fashion,NA,NA,4 weeks,3 hrs per week,Free digital upgrade,courses
https://www.futurelearn.com/courses/competitive-advantage,Deakin University,competitive advantage,4.7,(55 reviews),2 weeks,3 hrs per week,Included in Unlimited,courses
https://www.futurelearn.com/courses/competitor-analysis-sc,Coventry University,competitor analysis sc,NA,NA,2 weeks,5 hrs per week,Included in Unlimited,courses
https://www.futurelearn.com/courses/competitor-analysis-et,Coventry University,competitor analysis et,NA,NA,2 weeks,5 hrs per week,NA,courses
https://www.futurelearn.com/courses/components-of-shari-ah-and-the-objectives-of-wealth,INCEIF,components of shari ah and the objectives of wealth,NA,NA,4 weeks,1 hr per week,Included in Unlimited,courses
https://www.futurelearn.com/courses/computer-programming-for-everyone,"University of Leeds, Click Start & Institute of Coding",computer programming for everyone,4.7,(936 reviews),2 weeks,2 hrs per week,Free digital upgrade,courses
https://www.futurelearn.com/courses/computer-science-essentials-algorithms,Packt & FutureLearn,computer science essentials algorithms,NA,NA,4 weeks,3 hrs per week,Premium course,courses
https://www.futurelearn.com/courses/computer-science-essentials-data-structures,Packt & FutureLearn,computer science essentials data structures,NA,NA,3 weeks,3 hrs per week,Premium course,courses
https://www.futurelearn.com/courses/computer-vision-image-understanding-for-efficient-business-and-industry,Luleå University of Technology,computer vision image understanding for efficient business and industry,NA,NA,3 weeks,4 hrs per week,Included in Unlimited,courses
https://www.futurelearn.com/courses/conception-du-programme-pour-les-enfants-associes-aux-forces-et-aux-groupes-armes,The Alliance for Child Protection in Humanitarian Action,conception du programme pour les enfants associes aux forces et aux groupes armes,NA,NA,6 weeks,3 hrs per week,Free digital upgrade,courses
https://www.futurelearn.com/courses/sustainability,University of Leicester,sustainability,4.7,(57 reviews),6 weeks,3 hrs per week,Included in Unlimited,courses
https://www.futurelearn.com/courses/conducting-health-research-in-conflict-settings,"King's College London, Syria Development Centre & Syrian Board of Medical Specialities",conducting health research in conflict settings,NA,NA,7 weeks,4 hrs per week,Included in Unlimited,courses
https://www.futurelearn.com/courses/remote-and-triage-consultations,UCL (University College London),remote and triage consultations,4.7,(36 reviews),3 weeks,4 hrs per week,Included in Unlimited,courses
https://www.futurelearn.com/courses/confident-conversations-supporting-the-emotional-wellbeing-of-people-with-long-term-conditions,Mental Health Foundation,confident conversations supporting the emotional wellbeing of people with long term conditions,NA,NA,2 weeks,2 hrs per week,Included in Unlimited,courses
https://www.futurelearn.com/courses/connecting-and-collaborating-across-the-culture-and-heritage-sector-in-aotearoa-new-zealand,Museum of New Zealand Te Papa Tongarewa & Te Pū Tiaki Mana Taonga (TPTMT),connecting and collaborating across the culture and heritage sector in aotearoa new zealand,NA,NA,2 weeks,1 hr per week,Included in Unlimited,courses
https://www.futurelearn.com/courses/construct-a-virtual-reality-experience,Lancaster University & Institute of Coding,construct a virtual reality experience,4.6,(14 reviews),4 weeks,6 hrs per week,Included in Unlimited,courses
https://www.futurelearn.com/courses/construction-ethics-compliance,Chartered Institute of Building (CIOB),construction ethics compliance,4.7,(30 reviews),5 weeks,2 hrs per week,Included in Unlimited,courses
https://www.futurelearn.com/courses/consumers-and-environmental-safety-food-packaging-and-kitchenware,EIT Food & University of Turin,consumers and environmental safety food packaging and kitchenware,4.8,(18 reviews),5 weeks,5 hrs per week,Included in Unlimited,courses
https://www.futurelearn.com/courses/consumers-ethical-considerations-fashion-industry,"Bloomsbury Publishing, Fairchild Books & FutureLearn",consumers ethical considerations fashion industry,NA,NA,3 weeks,2 hrs per week,Premium course,courses
https://www.futurelearn.com/courses/instagram-marketing-content-creation-and-scheduling,Social Media College,instagram marketing content creation and scheduling,NA,NA,2 weeks,4 hrs per week,NA,courses
https://www.futurelearn.com/courses/conversational-chinese-leisure-activities-and-daily-life,National Yang Ming Chiao Tung University (NYCU),conversational chinese leisure activities and daily life,NA,NA,3 weeks,1 hr per week,Included in Unlimited,courses
https://www.futurelearn.com/courses/conversational-chinese-travel-and-tourism,National Yang Ming Chiao Tung University (NYCU),conversational chinese travel and tourism,NA,NA,3 weeks,1 hr per week,Included in Unlimited,courses
https://www.futurelearn.com/courses/coping-with-changes,The LEGO Foundation,coping with changes,4.8,(282 reviews),9 weeks,2 hrs per week,Free digital upgrade,courses
https://www.futurelearn.com/courses/core-managers-effective-allyship,NHS Leadership Academy  & London Race Strategy,core managers effective allyship,NA,NA,4 weeks,2 hrs per week,Included in Unlimited,courses
https://www.futurelearn.com/courses/inclusive-leadership-in-health-and-care,NHS Leadership Academy  & London Race Strategy,inclusive leadership in health and care,4.8,(81 reviews),6 weeks,3 hrs per week,Included in Unlimited,courses
https://www.futurelearn.com/courses/psychologically-safe-and-inclusive-workplaces,NHS Leadership Academy  & London Race Strategy,psychologically safe and inclusive workplaces,NA,NA,5 weeks,2 hrs per week,Included in Unlimited,courses
https://www.futurelearn.com/courses/core-managers-increasing-disability-positivity,NHS Leadership Academy  & London Race Strategy,core managers increasing disability positivity,NA,NA,4 weeks,2 hrs per week,Included in Unlimited,courses
https://www.futurelearn.com/courses/core-managers-noticing-and-challenging-microaggressions,NHS Leadership Academy  & London Race Strategy,core managers noticing and challenging microaggressions,4.9,(8 reviews),4 weeks,2 hrs per week,Included in Unlimited,courses
https://www.futurelearn.com/courses/diffusion-and-mass-transfer,Taipei Medical University,diffusion and mass transfer,NA,NA,6 weeks,1 hr per week,Included in Unlimited,courses
https://www.futurelearn.com/courses/corporate-finance-a-beginners-guide,University of Padova,corporate finance a beginners guide,NA,NA,5 weeks,8 hrs per week,Included in Unlimited,courses
https://www.futurelearn.com/courses/corporate-sustainability,Taipei Medical University,corporate sustainability,4.8,(6 reviews),6 weeks,1 hr per week,Included in Unlimited,courses
https://www.futurelearn.com/courses/country-houses-british-empire,University of Leicester & National Lottery Heritage Fund,country houses british empire,4.1,(183 reviews),6 weeks,2 hrs per week,Included in Unlimited,courses
https://www.futurelearn.com/courses/covid19-low-resource-primary-care,"St George's, University of London & Ilara Health",covid19 low resource primary care,4.8,(15 reviews),2 weeks,2 hrs per week,Included in Unlimited,courses
https://www.futurelearn.com/courses/effective-nursing-in-times-of-crisis,"Johns Hopkins University, Jhpiego & Johns Hopkins School of Nursing",effective nursing in times of crisis,4.8,(371 reviews),2 weeks,2 hrs per week,Free digital upgrade,courses
https://www.futurelearn.com/courses/psychological-first-aid-covid-19,UK Health Security Agency,psychological first aid covid 19,4.7,(3967 reviews),3 weeks,1 hr per week,Free digital upgrade,courses
https://www.futurelearn.com/courses/psychological-first-aid-covid-19-responders-african-countries,UK Health Security Agency & London School of Hygiene & Tropical Medicine,psychological first aid covid 19 responders african countries,4.9,(74 reviews),3 weeks,2 hrs per week,Free digital upgrade,courses
https://www.futurelearn.com/courses/create-a-professional-online-presence-sc,"University of Leeds, Click Start & Institute of Coding",create a professional online presence sc,NA,NA,2 weeks,3 hrs per week,Free digital upgrade,courses
https://www.futurelearn.com/courses/create-a-professional-online-presence,University of Leeds & Institute of Coding,create a professional online presence,4.7,(360 reviews),2 weeks,3 hrs per week,NA,courses
https://www.futurelearn.com/courses/create-a-social-media-marketing-campaign-sc,"University of Leeds, Click Start & Institute of Coding",create a social media marketing campaign sc,NA,NA,2 weeks,3 hrs per week,Free digital upgrade,courses
https://www.futurelearn.com/courses/create-a-social-media-marketing-campaign,University of Leeds & Institute of Coding,create a social media marketing campaign,4.8,(472 reviews),2 weeks,3 hrs per week,NA,courses
https://www.futurelearn.com/courses/create-accessible-interfaces,UAL Creative Computing Institute & Institute of Coding,create accessible interfaces,4.4,(17 reviews),4 weeks,2 hrs per week,Included in Unlimited,courses
https://www.futurelearn.com/courses/energised-and-empowered-teams,The University of Adelaide,energised and empowered teams,NA,NA,4 weeks,1 hr per week,Premium course,courses
https://www.futurelearn.com/courses/create-expressive-video-games,UAL Creative Computing Institute & Institute of Coding,create expressive video games,4.6,(17 reviews),4 weeks,2 hrs per week,Included in Unlimited,courses
https://www.futurelearn.com/courses/innovative-teams-with-design-thinking,The University of Adelaide,innovative teams with design thinking,NA,NA,4 weeks,1 hr per week,Premium course,courses
https://www.futurelearn.com/courses/creating-a-great-user-experience-for-mobile-apps-sc,"University of Leeds, Click Start & Institute of Coding",creating a great user experience for mobile apps sc,NA,NA,2 weeks,3 hrs per week,Free digital upgrade,courses
https://www.futurelearn.com/courses/creating-a-great-user-experience-for-mobile-apps,University of Leeds & Institute of Coding,creating a great user experience for mobile apps,4.7,(208 reviews),2 weeks,3 hrs per week,NA,courses
https://www.futurelearn.com/courses/creating-and-measuring-success-in-ecommerce,Colin Lewis,creating and measuring success in ecommerce,NA,NA,3 weeks,3 hrs per week,NA,courses
https://www.futurelearn.com/courses/creating-apps-classroom,Queensland University of Technology,creating apps classroom,4.7,(188 reviews),2 weeks,1 hr per week,Included in Unlimited,courses
https://www.futurelearn.com/courses/creating-audio-description-for-equality-diversity-and-inclusion,"Royal Holloway, University of London & Vocal Eyes",creating audio description for equality diversity and inclusion,4.9,(29 reviews),4 weeks,3 hrs per week,Included in Unlimited,courses
https://www.futurelearn.com/courses/ethical-cities-and-localisation-of-the-sustainable-development-goals-sdgs-,"RMIT University, EIT Community, European Union (Funded) & New European Bauhaus",ethical cities and localisation of the sustainable development goals sdgs ,NA,NA,2 weeks,2 hrs per week,Included in Unlimited,courses
https://www.futurelearn.com/courses/design-thinking-in-health-and-social-care,"St George's, University of London & Howdu",design thinking in health and social care,4.8,(34 reviews),2 weeks,4 hrs per week,Included in Unlimited,courses
https://www.futurelearn.com/courses/creativity-and-innovation-sc,Coventry University,creativity and innovation sc,NA,NA,2 weeks,5 hrs per week,Included in Unlimited,courses
https://www.futurelearn.com/courses/credible-content-creation-for-communications-professionals,University of Southern Queensland,credible content creation for communications professionals,NA,NA,4 weeks,3 hrs per week,Included in Unlimited,courses
https://www.futurelearn.com/courses/crisis-leadership-course,Deakin University,crisis leadership course,4.7,(21 reviews),3 weeks,3 hrs per week,Included in Unlimited,courses
https://www.futurelearn.com/courses/critical-appraisal-techniques-healthcare-literature,"St George's, University of London",critical appraisal techniques healthcare literature,4.6,(40 reviews),3 weeks,4 hrs per week,Included in Unlimited,courses
https://www.futurelearn.com/courses/critical-evaluation-in-data-science,The University of Adelaide,critical evaluation in data science,NA,NA,6 weeks,5 hrs per week,Included in Unlimited,courses
https://www.futurelearn.com/courses/critical-perspectives-on-contemporary-leadership-and-followership,Grenoble Ecole de Management,critical perspectives on contemporary leadership and followership,NA,NA,4 weeks,2 hrs per week,Included in Unlimited,courses
https://www.futurelearn.com/courses/critical-thinking-at-university,University of Leeds,critical thinking at university,4.7,(160 reviews),2 weeks,4 hrs per week,Included in Unlimited,courses
https://www.futurelearn.com/courses/cryptography-and-digital-certificates-sc,Coventry University,cryptography and digital certificates sc,3.2,(5 reviews),2 weeks,5 hrs per week,Included in Unlimited,courses
https://www.futurelearn.com/courses/cryptography-and-digital-certificates-et,Coventry University,cryptography and digital certificates et,NA,NA,2 weeks,5 hrs per week,NA,courses
https://www.futurelearn.com/courses/cultural-dialogues-an-intercultural-reading-of-chinese-classics-analects-and-tao-te-ching,Shanghai International Studies University (SISU),cultural dialogues an intercultural reading of chinese classics analects and tao te ching,NA,NA,6 weeks,6 hrs per week,Included in Unlimited,courses
https://www.futurelearn.com/courses/cultural-diplomacy,European University Institute (EUI),cultural diplomacy,4.5,(72 reviews),3 weeks,3 hrs per week,Included in Unlimited,courses
https://www.futurelearn.com/courses/heritage-culturally-diverse-cities,European University Institute (EUI),heritage culturally diverse cities,4.5,(39 reviews),3 weeks,3 hrs per week,Included in Unlimited,courses
https://www.futurelearn.com/courses/cultural-heritage-cities,European University Institute (EUI) & Global Governance Programme,cultural heritage cities,4.5,(36 reviews),3 weeks,4 hrs per week,Included in Unlimited,courses
https://www.futurelearn.com/courses/cultural-leadership-harnessing-culture-to-become-an-effective-leader,University of Lincoln,cultural leadership harnessing culture to become an effective leader,NA,NA,2 weeks,3 hrs per week,Included in Unlimited,courses
https://www.futurelearn.com/courses/culture-in-digital-age,European University Institute (EUI),culture in digital age,3.9,(14 reviews),3 weeks,3 hrs per week,Included in Unlimited,courses
https://www.futurelearn.com/courses/culture-identity-europe,European University Institute (EUI) & Global Governance Programme,culture identity europe,3.7,(62 reviews),3 weeks,3 hrs per week,Included in Unlimited,courses
https://www.futurelearn.com/courses/netpoulsafees,"University of Padova, NetPoulSafe & EU (Horizon 2020 Project)",netpoulsafees,NA,NA,4 weeks,4 hrs per week,Included in Unlimited,courses
https://www.futurelearn.com/courses/big-issues-future-secure-development-et,Coventry University,big issues future secure development et,NA,NA,2 weeks,5 hrs per week,NA,courses
https://www.futurelearn.com/courses/customer-care-strategies-for-a-new-business,The University of Adelaide,customer care strategies for a new business,NA,NA,4 weeks,1 hr per week,Premium course,courses
https://www.futurelearn.com/courses/cyber-futures,Federation University,cyber futures,NA,NA,2 weeks,2 hrs per week,Included in Unlimited,courses
https://www.futurelearn.com/courses/cyber-security-awareness-and-solutions,Packt & FutureLearn,cyber security awareness and solutions,NA,NA,2 weeks,2 hrs per week,Premium course,courses
https://www.futurelearn.com/courses/introduction-to-humanitarian-aid-ukr,Deakin University,introduction to humanitarian aid ukr,NA,NA,2 weeks,3 hrs per week,Free digital upgrade,courses
https://www.futurelearn.com/courses/academic-freedom,University of Oslo & Scholars at Risk,academic freedom,4,(25 reviews),3 weeks,3 hrs per week,Included in Unlimited,courses
https://www.futurelearn.com/courses/data-analytics-for-managers,The University of Adelaide,data analytics for managers,NA,NA,6 weeks,3 hrs per week,Premium course,courses
https://www.futurelearn.com/courses/data-literacy-for-journalists,The University of Sheffield,data literacy for journalists,4.7,(7 reviews),6 weeks,3 hrs per week,Included in Unlimited,courses
https://www.futurelearn.com/courses/querying-data-with-transact-sql-et2,"CloudSwyft Global Systems, Inc.",querying data with transact sql et2,NA,NA,4 weeks,5 hrs per week,NA,courses
https://www.futurelearn.com/courses/data-science-for-climate-change,Luleå University of Technology,data science for climate change,NA,NA,4 weeks,5 hrs per week,Included in Unlimited,courses
https://www.futurelearn.com/courses/data-science-projects-and-applications,Packt & FutureLearn,data science projects and applications,NA,NA,2 weeks,2 hrs per week,Premium course,courses
https://www.futurelearn.com/courses/cloudswyft-msft-dv-a-practical-approach-for-absolute-beginners,"CloudSwyft Global Systems, Inc.",cloudswyft msft dv a practical approach for absolute beginners,4,(5 reviews),2 weeks,5 hrs per week,NA,courses
https://www.futurelearn.com/courses/netpoulsafenl,"University of Padova, NetPoulSafe & EU (Horizon 2020 Project)",netpoulsafenl,NA,NA,4 weeks,5 hrs per week,Included in Unlimited,courses
https://www.futurelearn.com/courses/dead-interesting,University of Reading & Colchester Museums,dead interesting,4.7,(279 reviews),2 weeks,2 hrs per week,Included in Unlimited,courses
https://www.futurelearn.com/courses/defi-exploring-decentralised-finance-with-blockchain-technologies,RMIT University & RMIT Blockchain Innovation Hub,defi exploring decentralised finance with blockchain technologies,4.7,(47 reviews),4 weeks,3 hrs per week,Included in Unlimited,courses
https://www.futurelearn.com/courses/understanding-human-decision-making-in-a-complex-world,"University of Groningen, University of Warsaw, Alexander von Humboldt Institute for Internet and Society & ACTiSS",understanding human decision making in a complex world,NA,NA,3 weeks,2 hrs per week,Included in Unlimited,courses
https://www.futurelearn.com/courses/decision-making-how-to-choose-the-right-problem-to-solve-sc,"University of Leeds, Click Start & Institute of Coding",decision making how to choose the right problem to solve sc,NA,NA,3 weeks,3 hrs per week,Free digital upgrade,courses
https://www.futurelearn.com/courses/decision-making-how-to-choose-the-right-problem-to-solve,University of Leeds & Institute of Coding,decision making how to choose the right problem to solve,4.7,(234 reviews),3 weeks,3 hrs per week,NA,courses
https://www.futurelearn.com/courses/decoding-forensics,Project 39A & Monash University I ELEOS Justice,decoding forensics,4.8,(10 reviews),6 weeks,2 hrs per week,Included in Unlimited,courses
https://www.futurelearn.com/courses/decolonising-education-from-theory-to-practice,University of Bristol,decolonising education from theory to practice,4.4,(62 reviews),4 weeks,3 hrs per week,Included in Unlimited,courses
https://www.futurelearn.com/courses/deconstructing-research-articles,National Tsing Hua University (NTHU),deconstructing research articles,NA,NA,8 weeks,3 hrs per week,Included in Unlimited,courses
https://www.futurelearn.com/courses/deep-learning-for-bioscientists,The University of Nottingham,deep learning for bioscientists,NA,NA,5 weeks,3 hrs per week,Included in Unlimited,courses
https://www.futurelearn.com/courses/introducton-to-ai-deep-learning,"CloudSwyft Global Systems, Inc.",introducton to ai deep learning,NA,NA,3 weeks,6 hrs per week,NA,courses
https://www.futurelearn.com/courses/deep-learning-explained,"CloudSwyft Global Systems, Inc.",deep learning explained,NA,NA,4 weeks,5 hrs per week,NA,courses
https://www.futurelearn.com/courses/cloudswyft-msft-principles-of-machine-learning-pythoned-deep-learning,"CloudSwyft Global Systems, Inc.",cloudswyft msft principles of machine learning pythoned deep learning,NA,NA,5 weeks,5 hrs per week,NA,courses
https://www.futurelearn.com/courses/deep-learning-fundamentals,"CloudSwyft Global Systems, Inc.",deep learning fundamentals,NA,NA,6 weeks,5 hrs per week,NA,courses
https://www.futurelearn.com/courses/introduction-to-pl-et,"CloudSwyft Global Systems, Inc.",introduction to pl et,NA,NA,3 weeks,5 hrs per week,NA,courses
https://www.futurelearn.com/courses/the-universal-declaration-of-human-rights,Amnesty International UK,the universal declaration of human rights,4.5,(215 reviews),3 weeks,1 hr per week,Included in Unlimited,courses
https://www.futurelearn.com/courses/from-waste-to-value-spanish,EIT Food & University of Reading,from waste to value spanish,NA,NA,3 weeks,3 hrs per week,Included in Unlimited,courses
https://www.futurelearn.com/courses/dementia-arts,UCL (University College London) & Created Out of Mind,dementia arts,4.8,(136 reviews),4 weeks,2 hrs per week,Included in Unlimited,courses
https://www.futurelearn.com/courses/dementia-inclusive-hospitals-from-a-universal-design-approach,"Trinity College Dublin, EIT Health, HOPE & Hospital Clinic Barcelona",dementia inclusive hospitals from a universal design approach,NA,NA,3 weeks,3 hrs per week,Included in Unlimited,courses
https://www.futurelearn.com/courses/demystify-business-models,Luleå University of Technology,demystify business models,4.6,(5 reviews),2 weeks,3 hrs per week,Included in Unlimited,courses
https://www.futurelearn.com/courses/de-mystifying-mindfulness,Leiden University,de mystifying mindfulness,4.7,(150 reviews),8 weeks,10 hrs per week,Included in Unlimited,courses
https://www.futurelearn.com/courses/radiation-protection-in-dental-practice,UK Health Security Agency,radiation protection in dental practice,4.9,(97 reviews),5 weeks,1 hr per week,Premium course,courses
https://www.futurelearn.com/courses/sport-for-sustainable-development-spanish,"The International Platform on Sport and Development, Australian Department of Foreign Affairs and Trade (DFAT) & Commonwealth Secretariat",sport for sustainable development spanish,NA,NA,8 weeks,3 hrs per week,Free digital upgrade,courses
https://www.futurelearn.com/courses/designing-a-feminist-chatbot,UAL Creative Computing Institute & Institute of Coding,designing a feminist chatbot,4.8,(47 reviews),4 weeks,2 hrs per week,Included in Unlimited,courses
https://www.futurelearn.com/courses/excel-advanced-data-visualization-and-dashboard-creation-sc,The Excel Club,excel advanced data visualization and dashboard creation sc,NA,NA,6 weeks,2 hrs per week,Included in Unlimited,courses
https://www.futurelearn.com/courses/excel-advanced-data-visualization-and-dashboard-creation,The Excel Club,excel advanced data visualization and dashboard creation,NA,NA,6 weeks,2 hrs per week,NA,courses
https://www.futurelearn.com/courses/design-board-games-for-socio-political-change,Abertay University,design board games for socio political change,NA,NA,3 weeks,3 hrs per week,Included in Unlimited,courses
https://www.futurelearn.com/courses/green-corridors-for-clean-air,RMIT University & EIT Urban Mobility,green corridors for clean air,NA,NA,3 weeks,3 hrs per week,Included in Unlimited,courses
https://www.futurelearn.com/courses/designing-and-implementing-a-leadership-development-strategy,The University of Adelaide,designing and implementing a leadership development strategy,NA,NA,6 weeks,2 hrs per week,Premium course,courses
https://www.futurelearn.com/courses/designing-human-centred-ai-products-and-services,Hanyang University,designing human centred ai products and services,NA,NA,6 weeks,2 hrs per week,Included in Unlimited,courses
https://www.futurelearn.com/courses/introduction-azure-architect-technologies,FutureLearn,introduction azure architect technologies,NA,NA,5 weeks,4 hrs per week,Included in Unlimited,courses
https://www.futurelearn.com/courses/designing-play-based-learning,Federation University,designing play based learning,NA,NA,2 weeks,2 hrs per week,Included in Unlimited,courses
https://www.futurelearn.com/courses/designing-walkability-in-cities,RMIT University & EIT Urban Mobility,designing walkability in cities,NA,NA,2 weeks,2 hrs per week,Included in Unlimited,courses
https://www.futurelearn.com/courses/complex-healthcare-interventions,University of Bergen,complex healthcare interventions,NA,NA,5 weeks,4 hrs per week,Included in Unlimited,courses
https://www.futurelearn.com/courses/clinical-empathy,"St George's, University of London",clinical empathy,4.8,(180 reviews),2 weeks,2 hrs per week,Included in Unlimited,courses
https://www.futurelearn.com/courses/developing-ideas-and-content-for-your-digital-strategy,The University of Adelaide,developing ideas and content for your digital strategy,NA,NA,4 weeks,1 hr per week,Premium course,courses
https://www.futurelearn.com/courses/developing-your-marketing-strategy,The University of Adelaide,developing your marketing strategy,NA,NA,4 weeks,1 hr per week,Premium course,courses
https://www.futurelearn.com/courses/research-project,University of Southampton,research project,4.5,(106 reviews),8 weeks,1 hr per week,Included in Unlimited,courses
https://www.futurelearn.com/courses/african-cities,"UCL (University College London), Sierra Leone Urban Research Centre & Njala University",african cities,4.7,(35 reviews),4 weeks,3 hrs per week,Included in Unlimited,courses
https://www.futurelearn.com/courses/diabetic-eye-disease,London School of Hygiene & Tropical Medicine,diabetic eye disease,4.9,(61 reviews),4 weeks,5 hrs per week,Included in Unlimited,courses
https://www.futurelearn.com/courses/rare-genetic-disease,Foundation for Rare Diseases & European Joint Programme on Rare Diseases,rare genetic disease,4.8,(52 reviews),5 weeks,3 hrs per week,Included in Unlimited,courses
https://www.futurelearn.com/courses/investing-in-diagnostics-for-the-silent-amr-pandemic-what-has-covid-19-taught-us-,London School of Hygiene & Tropical Medicine,investing in diagnostics for the silent amr pandemic what has covid 19 taught us ,4.7,(9 reviews),3 weeks,3 hrs per week,Included in Unlimited,courses
https://www.futurelearn.com/courses/digitaldiscovery,Deakin University & Australia Post,digitaldiscovery,4.7,(6 reviews),4 weeks,2 hrs per week,Included in Unlimited,courses
https://www.futurelearn.com/courses/digital-fashion-media,Condé Nast College,digital fashion media,NA,NA,3 weeks,3 hrs per week,NA,courses
https://www.futurelearn.com/courses/digital-health-essentials,Universiti Malaya,digital health essentials,4.6,(5 reviews),2 weeks,3 hrs per week,Included in Unlimited,courses
https://www.futurelearn.com/courses/digital-cancer-management,Taipei Medical University,digital cancer management,NA,NA,4 weeks,2 hrs per week,Included in Unlimited,courses
https://www.futurelearn.com/courses/digital-literacy-sustainable-development-in-the-information-age,Chung Yuan Christian University (CYCU),digital literacy sustainable development in the information age,NA,NA,7 weeks,1 hr per week,Included in Unlimited,courses
https://www.futurelearn.com/courses/digital-marketing-analytics-measurement-advanced-web-analytics,The Open University & Target Internet,digital marketing analytics measurement advanced web analytics,NA,NA,2 weeks,3 hrs per week,NA,courses
https://www.futurelearn.com/courses/digital-marketing-analytics-measurement-goals-and-attribution-modelling,The Open University & Target Internet,digital marketing analytics measurement goals and attribution modelling,NA,NA,2 weeks,3 hrs per week,NA,courses
https://www.futurelearn.com/courses/digital-marketing-analytics-measurement-reporting-dashboards,The Open University & Target Internet,digital marketing analytics measurement reporting dashboards,NA,NA,2 weeks,3 hrs per week,NA,courses
https://www.futurelearn.com/courses/digital-marketing-analytics-measurement-web-analytics-in-perspective,The Open University & Target Internet,digital marketing analytics measurement web analytics in perspective,NA,NA,2 weeks,3 hrs per week,NA,courses
https://www.futurelearn.com/courses/digital-marketing-analytics-measurement-web-analytics-planning-and-tactics,The Open University & Target Internet,digital marketing analytics measurement web analytics planning and tactics,NA,NA,2 weeks,3 hrs per week,NA,courses
https://www.futurelearn.com/courses/digital-marketing-content-creation-hosting-and-measurement,The Open University & Target Internet,digital marketing content creation hosting and measurement,NA,NA,2 weeks,4 hrs per week,NA,courses
https://www.futurelearn.com/courses/digital-marketing-content-creation-marketing-channels-and-content-mix,The Open University & Target Internet,digital marketing content creation marketing channels and content mix,4.8,(5 reviews),2 weeks,4 hrs per week,NA,courses
https://www.futurelearn.com/courses/digital-marketing-content-creation-online-writing,The Open University & Target Internet,digital marketing content creation online writing,NA,NA,2 weeks,4 hrs per week,NA,courses
https://www.futurelearn.com/courses/digital-marketing-content-creation-podcast-creation-and-distribution,The Open University & Target Internet,digital marketing content creation podcast creation and distribution,NA,NA,2 weeks,4 hrs per week,NA,courses
https://www.futurelearn.com/courses/digital-marketing-content-creation-video-creation-and-editing,The Open University & Target Internet,digital marketing content creation video creation and editing,NA,NA,2 weeks,4 hrs per week,NA,courses
https://www.futurelearn.com/courses/introduction-to-digital-marketing-digital-marketing-in-perspective,The Open University & Target Internet,introduction to digital marketing digital marketing in perspective,NA,NA,2 weeks,3 hrs per week,NA,courses
https://www.futurelearn.com/courses/digital-marketing-strategy-creating-objectives-and-using-measurement-frameworks,The Open University & Target Internet,digital marketing strategy creating objectives and using measurement frameworks,NA,NA,2 weeks,4 hrs per week,NA,courses
https://www.futurelearn.com/courses/digital-marketing-strategy-developing-strategy-and-strategic-positioning,The Open University & Target Internet,digital marketing strategy developing strategy and strategic positioning,NA,NA,2 weeks,4 hrs per week,NA,courses
https://www.futurelearn.com/courses/digital-marketing-strategy-introduction-to-sostac-and-situational-analysis,The Open University & Target Internet,digital marketing strategy introduction to sostac and situational analysis,NA,NA,2 weeks,4 hrs per week,NA,courses
https://www.futurelearn.com/courses/digital-marketing-strategy-tactics-and-action,The Open University & Target Internet,digital marketing strategy tactics and action,NA,NA,2 weeks,4 hrs per week,NA,courses
https://www.futurelearn.com/courses/introduction-to-digital-marketing-content-marketing,The Open University & Target Internet,introduction to digital marketing content marketing,NA,NA,2 weeks,3 hrs per week,NA,courses
https://www.futurelearn.com/courses/introduction-to-digital-marketing-marketing-channel-objectives,The Open University & Target Internet,introduction to digital marketing marketing channel objectives,NA,NA,2 weeks,3 hrs per week,NA,courses
https://www.futurelearn.com/courses/digital-marketing-new-trends-and-technologies,Nottingham Business School & Nottingham Trent University,digital marketing new trends and technologies,NA,NA,3 weeks,2 hrs per week,Included in Unlimited,courses
https://www.futurelearn.com/courses/digital-politics,Manchester Metropolitan University,digital politics,4.3,(9 reviews),4 weeks,1 hr per week,Included in Unlimited,courses
https://www.futurelearn.com/courses/digital-skills-awareness-for-starting-higher-education,Bloomsbury Learning Exchange,digital skills awareness for starting higher education,NA,NA,3 weeks,3 hrs per week,Included in Unlimited,courses
https://www.futurelearn.com/courses/artificial-intelligence,Accenture,artificial intelligence,4.7,(1916 reviews),3 weeks,2 hrs per week,Free digital upgrade,courses
https://www.futurelearn.com/courses/digital-skills-digital-marketing,Accenture,digital skills digital marketing,4.7,(2589 reviews),2 weeks,3 hrs per week,Free digital upgrade,courses
https://www.futurelearn.com/courses/digital-skills-for-work-and-life,Accenture,digital skills for work and life,4.7,(993 reviews),2 weeks,2 hrs per week,Free digital upgrade,courses
https://www.futurelearn.com/courses/digital-skills,King's College London,digital skills,4.7,(264 reviews),4 weeks,3 hrs per week,Included in Unlimited,courses
https://www.futurelearn.com/courses/digital-skills-mobile,Accenture,digital skills mobile,4.6,(269 reviews),3 weeks,2 hrs per week,Free digital upgrade,courses
https://www.futurelearn.com/courses/digital-skills-reimagine-your-career,Accenture,digital skills reimagine your career,4.9,(120 reviews),3 weeks,2 hrs per week,Free digital upgrade,courses
https://www.futurelearn.com/courses/digital-skills-social-media,Accenture,digital skills social media,4.7,(1403 reviews),2 weeks,3 hrs per week,Free digital upgrade,courses
https://www.futurelearn.com/courses/digital-skills-user-experience,Accenture,digital skills user experience,4.8,(1411 reviews),3 weeks,2 hrs per week,Free digital upgrade,courses
https://www.futurelearn.com/courses/digital-skill-web-analytics,Accenture,digital skill web analytics,4.7,(61 reviews),3 weeks,2 hrs per week,Free digital upgrade,courses
https://www.futurelearn.com/courses/digital-clinical-trials,University of Southampton & NIHR - National Institute for Health Research,digital clinical trials,4.8,(10 reviews),4 weeks,2 hrs per week,Included in Unlimited,courses
https://www.futurelearn.com/courses/digital-wellbeing,University of York,digital wellbeing,4.6,(115 reviews),3 weeks,3 hrs per week,Included in Unlimited,courses
https://www.futurelearn.com/courses/chinese-drama-injustice-to-dou-e,National Yang Ming Chiao Tung University (NYCU) & National Chengchi University,chinese drama injustice to dou e,4.3,(21 reviews),4 weeks,1 hr per week,Included in Unlimited,courses
https://www.futurelearn.com/courses/discover-dentistry,The University of Sheffield,discover dentistry,4.9,(252 reviews),6 weeks,3 hrs per week,Included in Unlimited,courses
https://www.futurelearn.com/courses/discover-the-hidden-history-of-york,University of York,discover the hidden history of york,3.5,(150 reviews),3 weeks,4 hrs per week,Included in Unlimited,courses
https://www.futurelearn.com/courses/discovering-korean-music-the-spectrum-of-sound,Hanyang University,discovering korean music the spectrum of sound,NA,NA,6 weeks,1 hr per week,Included in Unlimited,courses
https://www.futurelearn.com/courses/discovering-science-atmospheric-chemistry,University of Leeds,discovering science atmospheric chemistry,4.7,(12 reviews),2 weeks,5 hrs per week,Included in Unlimited,courses
https://www.futurelearn.com/courses/discovering-science-chemical-products,University of Leeds,discovering science chemical products,4.5,(23 reviews),2 weeks,5 hrs per week,Included in Unlimited,courses
https://www.futurelearn.com/courses/discovering-science-global-challenges,University of Leeds,discovering science global challenges,4,(5 reviews),2 weeks,5 hrs per week,Included in Unlimited,courses
https://www.futurelearn.com/courses/discovering-science-medicinal-chemistry,University of Leeds,discovering science medicinal chemistry,4.6,(38 reviews),2 weeks,5 hrs per week,Included in Unlimited,courses
https://www.futurelearn.com/courses/discovering-science-science-writing,University of Leeds,discovering science science writing,4.7,(48 reviews),2 weeks,5 hrs per week,Included in Unlimited,courses
https://www.futurelearn.com/courses/research-question,University of Leicester,research question,4.9,(108 reviews),5 weeks,2 hrs per week,Included in Unlimited,courses
https://www.futurelearn.com/courses/diseno-del-programa-para-ninos-vinculados-a-fuerzas-y-grupos-armados,The Alliance for Child Protection in Humanitarian Action,diseno del programa para ninos vinculados a fuerzas y grupos armados,NA,NA,6 weeks,3 hrs per week,Free digital upgrade,courses
https://www.futurelearn.com/courses/disease-outbreaks,London School of Hygiene & Tropical Medicine,disease outbreaks,4.8,(73 reviews),3 weeks,4 hrs per week,Included in Unlimited,courses
https://www.futurelearn.com/courses/distribution-networks-and-sustainability-et,Coventry University,distribution networks and sustainability et,NA,NA,2 weeks,5 hrs per week,NA,courses
https://www.futurelearn.com/courses/diverse-routes-into-higher-education,University of York,diverse routes into higher education,NA,NA,2 weeks,4 hrs per week,Included in Unlimited,courses
https://www.futurelearn.com/courses/diversity-and-inclusion-in-the-built-environment,Chartered Institute of Building (CIOB),diversity and inclusion in the built environment,NA,NA,3 weeks,2 hrs per week,Included in Unlimited,courses
https://www.futurelearn.com/courses/divisional-performance-sc,Coventry University,divisional performance sc,NA,NA,2 weeks,5 hrs per week,Included in Unlimited,courses
https://www.futurelearn.com/courses/doing-business-in-conflict-zones,FutureLearn,doing business in conflict zones,NA,NA,3 weeks,5 hrs per week,NA,courses
https://www.futurelearn.com/courses/doing-business-in-web3,"RMIT University, RMIT Blockchain Innovation Hub & RMIT University Digital3",doing business in web3,NA,NA,6 weeks,4 hrs per week,Included in Unlimited,courses
https://www.futurelearn.com/courses/doing-good-in-a-conflict-zone,FutureLearn,doing good in a conflict zone,NA,NA,3 weeks,5 hrs per week,NA,courses
https://www.futurelearn.com/courses/drafting-commercial-contracts,College of Law,drafting commercial contracts,4.7,(241 reviews),4 weeks,2 hrs per week,Included in Unlimited,courses
https://www.futurelearn.com/courses/drive-success-with-project-management-essentials,Aberystwyth University,drive success with project management essentials,NA,NA,4 weeks,4 hrs per week,Included in Unlimited,courses
https://www.futurelearn.com/courses/drug-use-and-harm-reduction,"London School of Hygiene & Tropical Medicine, Médecins du Monde & International Network of People who Use Drugs (INPUD)",drug use and harm reduction,4.8,(89 reviews),3 weeks,3 hrs per week,Free digital upgrade,courses
https://www.futurelearn.com/courses/drugs-peace-and-development-rethinking-policy,SOAS University of London,drugs peace and development rethinking policy,4.2,(5 reviews),5 weeks,2 hrs per week,Included in Unlimited,courses
https://www.futurelearn.com/courses/due-diligence-in-mineral-value-chains,EIT RawMaterials,due diligence in mineral value chains,NA,NA,4 weeks,2 hrs per week,Included in Unlimited,courses
https://www.futurelearn.com/courses/dying-well-the-role-of-palliative-care-and-sedation-in-end-of-life-care,Lancaster University,dying well the role of palliative care and sedation in end of life care,4.7,(32 reviews),3 weeks,3 hrs per week,Included in Unlimited,courses
https://www.futurelearn.com/courses/customer-engagement-for-sales-sc,"CloudSwyft Global Systems, Inc.",customer engagement for sales sc,NA,NA,3 weeks,5 hrs per week,Included in Unlimited,courses
https://www.futurelearn.com/courses/cloudswyft-msft-dynamics-365-implementing-power-platform-int-sc,"CloudSwyft Global Systems, Inc.",cloudswyft msft dynamics 365 implementing power platform int sc,NA,NA,3 weeks,5 hrs per week,Included in Unlimited,courses
https://www.futurelearn.com/courses/cloudswyft-msft-dynamics-365-testing-and-deploying-power-platform-app-sc,"CloudSwyft Global Systems, Inc.",cloudswyft msft dynamics 365 testing and deploying power platform app sc,NA,NA,2 weeks,5 hrs per week,Included in Unlimited,courses
https://www.futurelearn.com/courses/cloudswyft-msft-dynamics-365-using-power-platform-ap-sc,"CloudSwyft Global Systems, Inc.",cloudswyft msft dynamics 365 using power platform ap sc,NA,NA,4 weeks,5 hrs per week,Included in Unlimited,courses
https://www.futurelearn.com/courses/cloudswyft-msft-dynamics-365-power-platform-auto-sc,"CloudSwyft Global Systems, Inc.",cloudswyft msft dynamics 365 power platform auto sc,NA,NA,3 weeks,5 hrs per week,Included in Unlimited,courses
https://www.futurelearn.com/courses/dyslexia,Lancaster University,dyslexia,4.8,(223 reviews),4 weeks,4 hrs per week,Included in Unlimited,courses
https://www.futurelearn.com/courses/dysphagia,UEA (University of East Anglia),dysphagia,4.7,(44 reviews),6 weeks,2 hrs per week,Included in Unlimited,courses
https://www.futurelearn.com/courses/intro-to-quantum-computing-j,Keio University,intro to quantum computing j,NA,NA,4 weeks,5 hrs per week,Included in Unlimited,courses
https://www.futurelearn.com/courses/ems-palaeography,The University of Glasgow,ems palaeography,4.8,(171 reviews),3 weeks,3 hrs per week,Included in Unlimited,courses
https://www.futurelearn.com/courses/earth-and-life,FutureLearn,earth and life,NA,NA,3 weeks,3 hrs per week,NA,courses
https://www.futurelearn.com/courses/e-bug-health-educator-training,BSAC & UK Health Security Agency,e bug health educator training,4.8,(60 reviews),3 weeks,2 hrs per week,Included in Unlimited,courses
https://www.futurelearn.com/courses/ecg-assessment,"St George's, University of London & Kingston and St George's Faculty of Health, Social Care and Education",ecg assessment,4.7,(414 reviews),2 weeks,2 hrs per week,Included in Unlimited,courses
https://www.futurelearn.com/courses/ecology-and-wildlife-conservation,University of Leeds,ecology and wildlife conservation,4.6,(293 reviews),2 weeks,2 hrs per week,Included in Unlimited,courses
https://www.futurelearn.com/courses/ecopedagogy-for-beginners-putting-climate-change-education-into-action,The University of Glasgow,ecopedagogy for beginners putting climate change education into action,NA,NA,4 weeks,3 hrs per week,Included in Unlimited,courses
https://www.futurelearn.com/courses/why-edi-foundations-of-equality-diversity-and-inclusion,University of Lincoln,why edi foundations of equality diversity and inclusion,4.9,(15 reviews),4 weeks,3 hrs per week,Included in Unlimited,courses
https://www.futurelearn.com/courses/educating-for-sustainable-development-in-schools-and-universities,UCL (University College London),educating for sustainable development in schools and universities,4.9,(16 reviews),3 weeks,3 hrs per week,Included in Unlimited,courses
https://www.futurelearn.com/courses/finding-and-reading-research,University of Birmingham & Chartered College of Teaching,finding and reading research,4.8,(38 reviews),4 weeks,3 hrs per week,Included in Unlimited,courses
https://www.futurelearn.com/courses/research-in-learning-communities,University of Birmingham & Chartered College of Teaching,research in learning communities,5,(21 reviews),4 weeks,3 hrs per week,Included in Unlimited,courses
https://www.futurelearn.com/courses/ways-of-researching,University of Birmingham & Chartered College of Teaching,ways of researching,4.8,(36 reviews),4 weeks,3 hrs per week,Included in Unlimited,courses
https://www.futurelearn.com/courses/eduweight,The University of Melbourne,eduweight,4.6,(13 reviews),6 weeks,6 hrs per week,Included in Unlimited,courses
https://www.futurelearn.com/courses/edward-jenner-programme-course-0-an-introduction-to-personal-development,NHS Leadership Academy,edward jenner programme course 0 an introduction to personal development,4.7,(598 reviews),2 weeks,3 hrs per week,Included in Unlimited,courses
https://www.futurelearn.com/courses/effective-communication-skills-for-engineers,Universiti Malaya,effective communication skills for engineers,4.6,(11 reviews),3 weeks,2 hrs per week,Included in Unlimited,courses
https://www.futurelearn.com/courses/effective-communication-skills-for-professionals,University of Southern Queensland,effective communication skills for professionals,4.7,(31 reviews),4 weeks,3 hrs per week,Included in Unlimited,courses
https://www.futurelearn.com/courses/effective-questioning,UEA (University of East Anglia),effective questioning,4.5,(13 reviews),3 weeks,3 hrs per week,Included in Unlimited,courses
https://www.futurelearn.com/courses/the-human-microbiome-spanish,EIT Food & University of Turin,the human microbiome spanish,NA,NA,3 weeks,4 hrs per week,Included in Unlimited,courses
https://www.futurelearn.com/courses/real-estate-and-electric-mobility-in-the-age-of-climate-change,RMIT University & EIT Urban Mobility,real estate and electric mobility in the age of climate change,NA,NA,2 weeks,2 hrs per week,Included in Unlimited,courses
https://www.futurelearn.com/courses/electric-two-and-three-wheelers-steering-the-mobility-revolution,"Transformative Urban Mobility Initiative (TUMI),  Deutsche Gesellschaft für Internationale Zusammenarbeit (GIZ), PEM Motion & Production Engineering of E-Mobility Components (PEM) of RWTH Aachen University",electric two and three wheelers steering the mobility revolution,NA,NA,6 weeks,3 hrs per week,Included in Unlimited,courses
https://www.futurelearn.com/courses/electrical-engineering,University of Birmingham,electrical engineering,4.3,(67 reviews),3 weeks,3 hrs per week,Included in Unlimited,courses
https://www.futurelearn.com/courses/electrical-industry-production-and-economics,University of Padova,electrical industry production and economics,4.4,(15 reviews),4 weeks,3 hrs per week,Included in Unlimited,courses
https://www.futurelearn.com/courses/electrification-of-urban-mobility,EIT Urban Mobility,electrification of urban mobility,NA,NA,2 weeks,3 hrs per week,Included in Unlimited,courses
https://www.futurelearn.com/courses/eliminating-trachoma,London School of Hygiene & Tropical Medicine,eliminating trachoma,4.8,(31 reviews),5 weeks,4 hrs per week,Included in Unlimited,courses
https://www.futurelearn.com/courses/email-marketing-ecrm-crm-and-marketing-automation,The Open University & Target Internet,email marketing ecrm crm and marketing automation,NA,NA,2 weeks,3 hrs per week,NA,courses
https://www.futurelearn.com/courses/email-marketing-ecrm-measurement-and-iteration,The Open University & Target Internet,email marketing ecrm measurement and iteration,NA,NA,2 weeks,3 hrs per week,NA,courses
https://www.futurelearn.com/courses/email-marketing-ecrm-planning-and-tactics,The Open University & Target Internet,email marketing ecrm planning and tactics,NA,NA,2 weeks,3 hrs per week,NA,courses
https://www.futurelearn.com/courses/email-marketing-ecrm-the-user-journey,The Open University & Target Internet,email marketing ecrm the user journey,NA,NA,2 weeks,3 hrs per week,NA,courses
https://www.futurelearn.com/courses/emergency-planning-preparedness,Coventry University,emergency planning preparedness,4.6,(49 reviews),2 weeks,3 hrs per week,Included in Unlimited,courses
https://www.futurelearn.com/courses/emotional-intelligence-and-critical-thinking-for-problem-solving-sc,Ubiquity University,emotional intelligence and critical thinking for problem solving sc,4.9,(9 reviews),4 weeks,3 hrs per week,Included in Unlimited,courses
https://www.futurelearn.com/courses/emotional-intelligence-at-work,Coventry University,emotional intelligence at work,4.6,(285 reviews),2 weeks,3 hrs per week,Included in Unlimited,courses
https://www.futurelearn.com/courses/enabling-community-based-leadership-in-design-sustainable-development-of-historic-faith-buildings,UNESCO UNITWIN Complex Systems Digital Campus & The Glass-house,enabling community based leadership in design sustainable development of historic faith buildings,NA,NA,5 weeks,3 hrs per week,Included in Unlimited,courses
https://www.futurelearn.com/courses/end-of-life-care,The University of Glasgow,end of life care,4.8,(170 reviews),3 weeks,4 hrs per week,Included in Unlimited,courses
https://www.futurelearn.com/courses/endangered-archaeology-remote-sensing,"Durham University, British Council, University of Leicester & University of Oxford",endangered archaeology remote sensing,4.8,(58 reviews),6 weeks,3 hrs per week,Included in Unlimited,courses
https://www.futurelearn.com/courses/end-of-life-care-dementia,UEA (University of East Anglia),end of life care dementia,4.3,(10 reviews),3 weeks,3 hrs per week,Premium course,courses
https://www.futurelearn.com/courses/introduction-to-energy-systems-integration,EIT InnoEnergy,introduction to energy systems integration,3.7,(15 reviews),4 weeks,2 hrs per week,Included in Unlimited,courses
https://www.futurelearn.com/courses/energy-transition-and-sustainable-economies,Hanken School of Economics,energy transition and sustainable economies,4.4,(12 reviews),5 weeks,4 hrs per week,Included in Unlimited,courses
https://www.futurelearn.com/courses/technology-power-and-online-activism,UAL Creative Computing Institute,technology power and online activism,NA,NA,2 weeks,4 hrs per week,Included in Unlimited,courses
https://www.futurelearn.com/courses/engaging-with-controversies-in-food-system,EIT Food & University of Reading,engaging with controversies in food system,NA,NA,2 weeks,3 hrs per week,Included in Unlimited,courses
https://www.futurelearn.com/courses/creating-the-amazing-engineering-the-future,University of York,creating the amazing engineering the future,4.7,(31 reviews),3 weeks,4 hrs per week,Included in Unlimited,courses
https://www.futurelearn.com/courses/emi-academics,University of Southampton,emi academics,4.8,(133 reviews),4 weeks,4 hrs per week,Included in Unlimited,courses
https://www.futurelearn.com/courses/english-electronic-music-delve-into-the-digital-archives,University of Huddersfield,english electronic music delve into the digital archives,NA,NA,4 weeks,4 hrs per week,Included in Unlimited,courses
https://www.futurelearn.com/courses/football-lcfc,"University of Leicester, De Montfort University & Leicester City Football Club",football lcfc,4.5,(67 reviews),4 weeks,3 hrs per week,Included in Unlimited,courses
https://www.futurelearn.com/courses/english-for-healthcare,King's College London,english for healthcare,4.8,(682 reviews),4 weeks,3 hrs per week,Included in Unlimited,courses
https://www.futurelearn.com/courses/english-for-stem-understanding-engineering-vocabulary,Macquarie University,english for stem understanding engineering vocabulary,NA,NA,3 weeks,3 hrs per week,Premium course,courses
https://www.futurelearn.com/courses/english-for-stem-understanding-maths-vocabulary,Macquarie University,english for stem understanding maths vocabulary,NA,NA,3 weeks,2 hrs per week,Premium course,courses
https://www.futurelearn.com/courses/english-for-stem-understanding-science-vocabulary,Macquarie University,english for stem understanding science vocabulary,NA,NA,3 weeks,3 hrs per week,Premium course,courses
https://www.futurelearn.com/courses/english-for-stem-understanding-technology-vocabulary,Macquarie University,english for stem understanding technology vocabulary,NA,NA,3 weeks,3 hrs per week,Premium course,courses
https://www.futurelearn.com/courses/english-grammar-for-teachers,UCL (University College London),english grammar for teachers,4.7,(40 reviews),6 weeks,2 hrs per week,Premium course,courses
https://www.futurelearn.com/courses/english-grammar-all-you-need-to-know,UCL (University College London),english grammar all you need to know,4.6,(20 reviews),6 weeks,2 hrs per week,Premium course,courses
https://www.futurelearn.com/courses/english-pronunciation,Vrije Universiteit Amsterdam,english pronunciation,4.8,(441 reviews),4 weeks,4 hrs per week,Included in Unlimited,courses
https://www.futurelearn.com/courses/enlightening-the-dark-ages-early-medieval-archaeology-in-italy,University of Padova,enlightening the dark ages early medieval archaeology in italy,4.6,(99 reviews),4 weeks,3 hrs per week,Included in Unlimited,courses
https://www.futurelearn.com/courses/enriching-curriculum-through-culture-and-heritage-in-aotearoa-new-zealand,Museum of New Zealand Te Papa Tongarewa & Te Pū Tiaki Mana Taonga (TPTMT),enriching curriculum through culture and heritage in aotearoa new zealand,NA,NA,4 weeks,3 hrs per week,Included in Unlimited,courses
https://www.futurelearn.com/courses/espghan-recommendation-for-enteral-nutrition-in-preterm-infants,The European Society for Paediatric Gastroenterology Hepatology and Nutrition (ESPGHAN),espghan recommendation for enteral nutrition in preterm infants,4.7,(12 reviews),4 weeks,3 hrs per week,Included in Unlimited,courses
https://www.futurelearn.com/courses/enterprise-resource-planning-operations-management,Sentinel|9 & FutureLearn,enterprise resource planning operations management,NA,NA,4 weeks,3 hrs per week,Premium course,courses
https://www.futurelearn.com/courses/enterprise-risk-management,Sentinel|9 & FutureLearn,enterprise risk management,NA,NA,2 weeks,3 hrs per week,Premium course,courses
https://www.futurelearn.com/courses/enterprise-everybodys-business,University of York,enterprise everybodys business,NA,NA,3 weeks,4 hrs per week,Included in Unlimited,courses
https://www.futurelearn.com/courses/introduction-to-entrepreneurship-innovation-management,Sentinel|9 & FutureLearn,introduction to entrepreneurship innovation management,NA,NA,4 weeks,3 hrs per week,Premium course,courses
https://www.futurelearn.com/courses/entrepreneurship-for-sustainability-and-wellbeing-in-an-era-of-digitalisation,Hanken School of Economics,entrepreneurship for sustainability and wellbeing in an era of digitalisation,NA,NA,5 weeks,4 hrs per week,Included in Unlimited,courses
https://www.futurelearn.com/courses/entrepreneurship-idea-to-action,King's College London,entrepreneurship idea to action,4.8,(611 reviews),4 weeks,4 hrs per week,Included in Unlimited,courses
https://www.futurelearn.com/courses/environmental-challenges-property-rights,University of Leeds,environmental challenges property rights,4.5,(13 reviews),2 weeks,5 hrs per week,Included in Unlimited,courses
https://www.futurelearn.com/courses/environmental-ethics-human-impact,University of Leeds,environmental ethics human impact,4.6,(23 reviews),2 weeks,5 hrs per week,Included in Unlimited,courses
https://www.futurelearn.com/courses/environmental-challenges-justice,University of Leeds,environmental challenges justice,4.7,(27 reviews),2 weeks,5 hrs per week,Included in Unlimited,courses
https://www.futurelearn.com/courses/environmental-challenges-rights-values,University of Leeds,environmental challenges rights values,4.5,(46 reviews),2 weeks,5 hrs per week,Included in Unlimited,courses
https://www.futurelearn.com/courses/environmental-ethics-scarcity-conflict,University of Leeds,environmental ethics scarcity conflict,4.8,(12 reviews),2 weeks,5 hrs per week,Included in Unlimited,courses
https://www.futurelearn.com/courses/environmental-entrepreneurs-green-business,Adam Smith Center,environmental entrepreneurs green business,NA,NA,4 weeks,3 hrs per week,Included in Unlimited,courses
https://www.futurelearn.com/courses/environmental-ethics,Adam Smith Center,environmental ethics,NA,NA,5 weeks,3 hrs per week,Included in Unlimited,courses
https://www.futurelearn.com/courses/environmental-impact-assessment,The University of Adelaide,environmental impact assessment,4.8,(6 reviews),4 weeks,3 hrs per week,Included in Unlimited,courses
https://www.futurelearn.com/courses/environmental-management-bottom-up-approach-policy-implementation,Adam Smith Center,environmental management bottom up approach policy implementation,NA,NA,4 weeks,3 hrs per week,Included in Unlimited,courses
https://www.futurelearn.com/courses/epargner-et-investir,Grenoble Ecole de Management,epargner et investir,4.7,(6 reviews),5 weeks,3 hrs per week,Free digital upgrade,courses
https://www.futurelearn.com/courses/key-concepts-in-edi-identity-and-belonging,University of Lincoln,key concepts in edi identity and belonging,4.1,(7 reviews),4 weeks,3 hrs per week,Included in Unlimited,courses
https://www.futurelearn.com/courses/key-ideas-in-edi-understanding-bias-and-allyship,University of Lincoln,key ideas in edi understanding bias and allyship,4.6,(8 reviews),4 weeks,3 hrs per week,Included in Unlimited,courses
https://www.futurelearn.com/courses/equity-informal-stem-learning-using-the-equity-compass,UCL (University College London),equity informal stem learning using the equity compass,5,(33 reviews),3 weeks,2 hrs per week,Free digital upgrade,courses
https://www.futurelearn.com/courses/essential-applications-for-agile-scrum-project-management,Packt & FutureLearn,essential applications for agile scrum project management,NA,NA,4 weeks,4 hrs per week,Premium course,courses
https://www.futurelearn.com/courses/essentialmathfordataanalysisusingexcelonline,"CloudSwyft Global Systems, Inc.",essentialmathfordataanalysisusingexcelonline,4.3,(6 reviews),3 weeks,5 hrs per week,NA,courses
https://www.futurelearn.com/courses/essentialmath-for-machine-learning-r,"CloudSwyft Global Systems, Inc.",essentialmath for machine learning r,NA,NA,4 weeks,6 hrs per week,NA,courses
https://www.futurelearn.com/courses/essential-skills-for-your-career-development,"University of Leeds, Click Start & Institute of Coding",essential skills for your career development,4.6,(489 reviews),2 weeks,2 hrs per week,Free digital upgrade,courses
https://www.futurelearn.com/courses/essentials-in-arts-fundraising,"University of Leeds, Arts Fundraising & Philanthropy & Cause4",essentials in arts fundraising,4.6,(20 reviews),2 weeks,5 hrs per week,Included in Unlimited,courses
https://www.futurelearn.com/courses/good-pharmacy-practice,Taipei Medical University,good pharmacy practice,4.5,(42 reviews),3 weeks,3 hrs per week,Included in Unlimited,courses
https://www.futurelearn.com/courses/ethical-cities,RMIT University,ethical cities,4.9,(11 reviews),5 weeks,2 hrs per week,Included in Unlimited,courses
https://www.futurelearn.com/courses/ethical-leadership-and-ethical-decision-making,University of Lincoln,ethical leadership and ethical decision making,4.9,(7 reviews),2 weeks,3 hrs per week,Included in Unlimited,courses
https://www.futurelearn.com/courses/managing-in-an-ethical-manner,The University of Law & University of Law Business School,managing in an ethical manner,4.7,(23 reviews),3 weeks,3 hrs per week,Included in Unlimited,courses
https://www.futurelearn.com/courses/ethics-and-diversity-in-fashion,Condé Nast College,ethics and diversity in fashion,NA,NA,3 weeks,3 hrs per week,NA,courses
https://www.futurelearn.com/courses/european-empires,The University of Newcastle Australia,european empires,4.5,(223 reviews),3 weeks,2 hrs per week,Included in Unlimited,courses
https://www.futurelearn.com/courses/evaluation-for-arts-culture-and-heritage-principles-and-practice,University of Leeds & Centre for Cultural Value,evaluation for arts culture and heritage principles and practice,4.7,(27 reviews),2 weeks,4 hrs per week,Included in Unlimited,courses
https://www.futurelearn.com/courses/event-management-conferences-basics,Learning Lounge & FutureLearn,event management conferences basics,NA,NA,1 week,2 hrs per week,Premium course,courses
https://www.futurelearn.com/courses/evidence-and-data-collection-for-problem-solving-sc,"University of Leeds, Click Start & Institute of Coding",evidence and data collection for problem solving sc,4.1,(7 reviews),2 weeks,3 hrs per week,Free digital upgrade,courses
https://www.futurelearn.com/courses/evidence-and-data-collection-for-problem-solving,University of Leeds & Institute of Coding,evidence and data collection for problem solving,4.7,(186 reviews),2 weeks,3 hrs per week,NA,courses
https://www.futurelearn.com/courses/principles-of-evidence-based-medicine-in-clinical-pharmacy,Taipei Medical University,principles of evidence based medicine in clinical pharmacy,5,(12 reviews),6 weeks,2 hrs per week,Included in Unlimited,courses
https://www.futurelearn.com/courses/core-excel-skills-to-make-an-impression,The Excel Club,core excel skills to make an impression,4.7,(123 reviews),4 weeks,2 hrs per week,Included in Unlimited,courses
https://www.futurelearn.com/courses/exercise-in-medicine-from-functional-evaluation-to-adapted-exercise-training,University of Padova,exercise in medicine from functional evaluation to adapted exercise training,4.9,(16 reviews),5 weeks,4 hrs per week,Included in Unlimited,courses
https://www.futurelearn.com/courses/exercise-prescription,Trinity College Dublin,exercise prescription,4.7,(186 reviews),2 weeks,4 hrs per week,Included in Unlimited,courses
https://www.futurelearn.com/courses/experimental-design-for-machine-learning,The University of Nottingham,experimental design for machine learning,NA,NA,5 weeks,1 hr per week,Included in Unlimited,courses
https://www.futurelearn.com/courses/explore-how-farmers-produce-food-sustainably,EIT Food & University of Reading,explore how farmers produce food sustainably,4.7,(50 reviews),3 weeks,3 hrs per week,Included in Unlimited,courses
https://www.futurelearn.com/courses/anatomy,University of Leeds,anatomy,4.8,(77 reviews),3 weeks,4 hrs per week,Included in Unlimited,courses
https://www.futurelearn.com/courses/exploring-cancer-medicines,University of Leeds,exploring cancer medicines,4.3,(91 reviews),2 weeks,2 hrs per week,Included in Unlimited,courses
https://www.futurelearn.com/courses/everyday-chemistry,University of York,everyday chemistry,4.8,(52 reviews),4 weeks,5 hrs per week,Included in Unlimited,courses
https://www.futurelearn.com/courses/exploring-gender-equality-education,British Council,exploring gender equality education,4.9,(141 reviews),3 weeks,4 hrs per week,Free digital upgrade,courses
https://www.futurelearn.com/courses/exploring-hydrogen-fuel-cell-systems-and-balance-of-plant,Deakin University & Hycel,exploring hydrogen fuel cell systems and balance of plant,NA,NA,3 weeks,3 hrs per week,Premium course,courses
https://www.futurelearn.com/courses/exploring-inclusive-pedagogies,British Council,exploring inclusive pedagogies,4.9,(218 reviews),3 weeks,4 hrs per week,Free digital upgrade,courses
https://www.futurelearn.com/courses/japanese-avant-garde-art-butoh,Keio University,japanese avant garde art butoh,4.8,(26 reviews),4 weeks,4 hrs per week,Included in Unlimited,courses
https://www.futurelearn.com/courses/exploring-law-studying-law-at-university,University of Cambridge,exploring law studying law at university,4.9,(71 reviews),6 weeks,4 hrs per week,Included in Unlimited,courses
https://www.futurelearn.com/courses/exploring-neurodiversity-in-the-workplace,Nottingham Business School,exploring neurodiversity in the workplace,4,(7 reviews),3 weeks,2 hrs per week,Included in Unlimited,courses
https://www.futurelearn.com/courses/play,The University of Sheffield,play,4.7,(213 reviews),7 weeks,3 hrs per week,Included in Unlimited,courses
https://www.futurelearn.com/courses/exploring-stone-age-archaeology-the-mysteries-of-star-carr,University of York,exploring stone age archaeology the mysteries of star carr,4.7,(640 reviews),4 weeks,4 hrs per week,Included in Unlimited,courses
https://www.futurelearn.com/courses/exploring-sustainable-production-systems,"Luleå University of Technology, Arbeta Tillsammans, Interreg Nord & Region Norrbotten",exploring sustainable production systems,NA,NA,3 weeks,4 hrs per week,Included in Unlimited,courses
https://www.futurelearn.com/courses/exploring-the-landscape-of-antibiotic-resistance-in-microbiomes,University of Oslo,exploring the landscape of antibiotic resistance in microbiomes,4.5,(11 reviews),3 weeks,5 hrs per week,Included in Unlimited,courses
https://www.futurelearn.com/courses/exploring-the-world-of-electric-buses-advancing-zero-emission-public-transport,"Transformative Urban Mobility Initiative (TUMI),  Deutsche Gesellschaft für Internationale Zusammenarbeit (GIZ), Production Engineering of E-Mobility Components (PEM) of RWTH Aachen University & PEM Motion",exploring the world of electric buses advancing zero emission public transport,NA,NA,6 weeks,3 hrs per week,Included in Unlimited,courses
https://www.futurelearn.com/courses/external-conduct-standards-for-charities,Australian Charities and Not-for-profits Commission,external conduct standards for charities,5,(6 reviews),2 weeks,1 hr per week,Free digital upgrade,courses
https://www.futurelearn.com/courses/extreme-geological-events,Cardiff University,extreme geological events,4.7,(190 reviews),3 weeks,4 hrs per week,Included in Unlimited,courses
https://www.futurelearn.com/courses/facebook-marketing,Social Media College,facebook marketing,4.8,(13 reviews),2 weeks,4 hrs per week,Included in Unlimited,courses
https://www.futurelearn.com/courses/fairy-tales,The University of Newcastle Australia,fairy tales,4.6,(573 reviews),3 weeks,3 hrs per week,Included in Unlimited,courses
https://www.futurelearn.com/courses/fall-in-love-with-mandarin,National Yang Ming Chiao Tung University (NYCU),fall in love with mandarin,4.4,(59 reviews),4 weeks,1 hr per week,Included in Unlimited,courses
https://www.futurelearn.com/courses/sustainable-agriculture-in-a-changing-environment,"EIT Food, Queen's University Belfast & University of Turin",sustainable agriculture in a changing environment,4.5,(55 reviews),4 weeks,3 hrs per week,Included in Unlimited,courses
https://www.futurelearn.com/courses/fashion-and-sustainability,London College of Fashion & Kering,fashion and sustainability,4.9,(336 reviews),6 weeks,3 hrs per week,Included in Unlimited,courses
https://www.futurelearn.com/courses/fashion-global-supply-chain,"Bloomsbury Publishing, Fairchild Books & FutureLearn",fashion global supply chain,NA,NA,4 weeks,2 hrs per week,Premium course,courses
https://www.futurelearn.com/courses/fashion-technology-a-beginners-guide-to-clo-3d,University for the Creative Arts,fashion technology a beginners guide to clo 3d,4.4,(5 reviews),4 weeks,5 hrs per week,Included in Unlimited,courses
https://www.futurelearn.com/courses/fashion-technology-an-advanced-guide-to-clo-3d,University for the Creative Arts,fashion technology an advanced guide to clo 3d,NA,NA,4 weeks,5 hrs per week,Included in Unlimited,courses
https://www.futurelearn.com/courses/fashion-values-cultures,London College of Fashion,fashion values cultures,NA,NA,4 weeks,3 hrs per week,Included in Unlimited,courses
https://www.futurelearn.com/courses/fashion-values-economy,London College of Fashion,fashion values economy,5,(11 reviews),4 weeks,3 hrs per week,Included in Unlimited,courses
https://www.futurelearn.com/courses/fashion-values-nature,London College of Fashion,fashion values nature,4.8,(35 reviews),4 weeks,3 hrs per week,Included in Unlimited,courses
https://www.futurelearn.com/courses/fashion-values-society,London College of Fashion,fashion values society,4.9,(8 reviews),4 weeks,3 hrs per week,Included in Unlimited,courses
https://www.futurelearn.com/courses/feature-writing-sc,The University of Kent,feature writing sc,4.6,(9 reviews),4 weeks,3 hrs per week,Included in Unlimited,courses
https://www.futurelearn.com/courses/feature-writing,The University of Kent,feature writing,NA,NA,4 weeks,3 hrs per week,NA,courses
https://www.futurelearn.com/courses/womens-and-girls-health,University of Aberdeen,womens and girls health,4.7,(19 reviews),4 weeks,4 hrs per week,Included in Unlimited,courses
https://www.futurelearn.com/courses/fibre-fermentation-gut-health-sc,BBC Good Food,fibre fermentation gut health sc,4.3,(13 reviews),3 weeks,3 hrs per week,Included in Unlimited,courses
https://www.futurelearn.com/courses/film-distribution,Film Distributors' Association,film distribution,4.7,(97 reviews),4 weeks,3 hrs per week,Included in Unlimited,courses
https://www.futurelearn.com/courses/film-education-a-user-s-guide,The British Film Institute (BFI),film education a user s guide,4.7,(31 reviews),4 weeks,4 hrs per week,Included in Unlimited,courses
https://www.futurelearn.com/courses/filmmaking-animation-classroom,Into Film,filmmaking animation classroom,4.8,(30 reviews),3 weeks,3 hrs per week,Included in Unlimited,courses
https://www.futurelearn.com/courses/financial-accounting-for-business-management,Sentinel|9 & FutureLearn,financial accounting for business management,NA,NA,4 weeks,3 hrs per week,Premium course,courses
https://www.futurelearn.com/courses/understanding-financial-statements-sc,Coventry University,understanding financial statements sc,NA,NA,2 weeks,5 hrs per week,Included in Unlimited,courses
https://www.futurelearn.com/courses/food-and-mood,Deakin University & Food & Mood Centre,food and mood,4.6,(773 reviews),3 weeks,3 hrs per week,Included in Unlimited,courses
https://www.futurelearn.com/courses/food-and-nutrition,EIT Food & University of Reading,food and nutrition,4.4,(92 reviews),3 weeks,2 hrs per week,Included in Unlimited,courses
https://www.futurelearn.com/courses/food-for-thought,"EIT Food, European Institute of Innovation and Technology (EIT) & University of Turin",food for thought,4.5,(250 reviews),5 weeks,4 hrs per week,Included in Unlimited,courses
https://www.futurelearn.com/courses/global-food-safety-and-nutrition,University of Leeds,global food safety and nutrition,4.9,(20 reviews),3 weeks,3 hrs per week,Included in Unlimited,courses
https://www.futurelearn.com/courses/food-safety-personal-presentation-and-hygiene-in-a-professional-kitchen,International Culinary Studio,food safety personal presentation and hygiene in a professional kitchen,4.5,(39 reviews),2 weeks,2 hrs per week,Premium course,courses
https://www.futurelearn.com/courses/food-science-and-nutrition,University of Leeds,food science and nutrition,4.4,(73 reviews),2 weeks,2 hrs per week,Included in Unlimited,courses
https://www.futurelearn.com/courses/food-technology-health-and-safety,Taipei Medical University,food technology health and safety,4.5,(6 reviews),4 weeks,1 hr per week,Included in Unlimited,courses
https://www.futurelearn.com/courses/forensic-archaeology-and-anthropology,Durham University,forensic archaeology and anthropology,4.8,(502 reviews),6 weeks,3 hrs per week,Included in Unlimited,courses
https://www.futurelearn.com/courses/forensic-facial-reconstruction,The University of Sheffield,forensic facial reconstruction,4.8,(301 reviews),2 weeks,2 hrs per week,Included in Unlimited,courses
https://www.futurelearn.com/courses/forensic-mental-health-and-criminal-justice-a-comparative-study-of-criminal-law,Project 39A & Monash University I ELEOS Justice,forensic mental health and criminal justice a comparative study of criminal law,4.3,(11 reviews),4 weeks,2 hrs per week,Included in Unlimited,courses
https://www.futurelearn.com/courses/fortran-for-scientific-computing,Partnership for Advanced Computing in Europe (PRACE) & Vlaams Supercomputer Centre,fortran for scientific computing,4.8,(12 reviews),5 weeks,4 hrs per week,Included in Unlimited,courses
https://www.futurelearn.com/courses/fostering-inclusive-citizen-engagement-in-urban-development,"RMIT University, EIT Community & New European Bauhaus",fostering inclusive citizen engagement in urban development,NA,NA,3 weeks,2 hrs per week,Included in Unlimited,courses
https://www.futurelearn.com/courses/dementia-awareness-training,The University of Nottingham,dementia awareness training,4.8,(263 reviews),6 weeks,3 hrs per week,Included in Unlimited,courses
https://www.futurelearn.com/courses/foundations-in-system-leadership-collaborating-for-health-and-care,NHS Leadership Academy,foundations in system leadership collaborating for health and care,4.8,(51 reviews),5 weeks,3 hrs per week,Included in Unlimited,courses
https://www.futurelearn.com/courses/learn-french-global-communication-level-1,King's College London,learn french global communication level 1,4.7,(263 reviews),2 weeks,6 hrs per week,Included in Unlimited,courses
https://www.futurelearn.com/courses/foundations-of-lca,Deakin University,foundations of lca,NA,NA,2 weeks,3 hrs per week,Included in Unlimited,courses
https://www.futurelearn.com/courses/foundations-of-marketing-build-a-modern-marketing-plan,Sentinel|9 & FutureLearn,foundations of marketing build a modern marketing plan,NA,NA,4 weeks,3 hrs per week,Premium course,courses
https://www.futurelearn.com/courses/foundations-of-portuguese-for-global-communication,King's College London,foundations of portuguese for global communication,4.8,(34 reviews),2 weeks,6 hrs per week,Included in Unlimited,courses
https://www.futurelearn.com/courses/foundations-of-project-management,Coventry University,foundations of project management,4.6,(268 reviews),2 weeks,3 hrs per week,Included in Unlimited,courses
https://www.futurelearn.com/courses/foundations-of-science,The University of Nottingham,foundations of science,4.4,(5 reviews),5 weeks,4 hrs per week,Included in Unlimited,courses
https://www.futurelearn.com/courses/foundations-of-software-testing-and-validation,"University of Leeds, Click Start & Institute of Coding",foundations of software testing and validation,NA,NA,2 weeks,3 hrs per week,Free digital upgrade,courses
https://www.futurelearn.com/courses/learn-spanish-for-global-communication-level-1,King's College London,learn spanish for global communication level 1,4.7,(113 reviews),2 weeks,6 hrs per week,Included in Unlimited,courses
https://www.futurelearn.com/courses/foundations-of-writing-jasper,Government Campus UK,foundations of writing jasper,4.3,(17 reviews),2 weeks,2 hrs per week,Included in Unlimited,courses
https://www.futurelearn.com/courses/fraud-investigation-following-the-money-op,Coventry University & City of London Police,fraud investigation following the money op,4.9,(7 reviews),2 weeks,2 hrs per week,Free digital upgrade,courses
https://www.futurelearn.com/courses/fraud-prevention-in-the-charity-sector,Australian Charities and Not-for-profits Commission,fraud prevention in the charity sector,4.7,(16 reviews),2 weeks,1 hr per week,Free digital upgrade,courses
https://www.futurelearn.com/courses/freedom-of-movement-refugees-traffickers-and-smugglers-sc,The University of Kent,freedom of movement refugees traffickers and smugglers sc,NA,NA,4 weeks,3 hrs per week,Included in Unlimited,courses
https://www.futurelearn.com/courses/crime-to-punishment,University of York,crime to punishment,4.8,(181 reviews),4 weeks,4 hrs per week,Included in Unlimited,courses
https://www.futurelearn.com/courses/introduction-to-translational-research-for-rare-diseases,Foundation for Rare Diseases & European Joint Programme on Rare Diseases,introduction to translational research for rare diseases,4.9,(15 reviews),5 weeks,4 hrs per week,Included in Unlimited,courses
https://www.futurelearn.com/courses/musical-scores,The Open University,musical scores,4.5,(71 reviews),4 weeks,3 hrs per week,Included in Unlimited,courses
https://www.futurelearn.com/courses/remote-control-warfare,University of Bath,remote control warfare,4.6,(25 reviews),4 weeks,3 hrs per week,Included in Unlimited,courses
https://www.futurelearn.com/courses/waterloo-to-the-rhine,The University of Kent & National Army Museum,waterloo to the rhine,4.7,(160 reviews),4 weeks,4 hrs per week,Included in Unlimited,courses
https://www.futurelearn.com/courses/raf-cold-war,"Royal Holloway, University of London & RAF Museum",raf cold war,4.6,(57 reviews),6 weeks,5 hrs per week,Included in Unlimited,courses
https://www.futurelearn.com/courses/frontier-physics-future-technologies,University of York,frontier physics future technologies,4.7,(86 reviews),3 weeks,4 hrs per week,Included in Unlimited,courses
https://www.futurelearn.com/courses/fun-in-korea,Universiti Malaya,fun in korea,4.4,(10 reviews),5 weeks,2 hrs per week,Included in Unlimited,courses
https://www.futurelearn.com/courses/functional-neurological-disorder-a-healthcare-professionals-guide,"St George's, University of London",functional neurological disorder a healthcare professionals guide,4.9,(17 reviews),3 weeks,3 hrs per week,Included in Unlimited,courses
https://www.futurelearn.com/courses/fundamental-skills-in-engineering-design,"University of Leeds, Click Start & Institute of Coding",fundamental skills in engineering design,NA,NA,2 weeks,3 hrs per week,Free digital upgrade,courses
https://www.futurelearn.com/courses/fundamentals-of-business-strategy,Sentinel|9 & FutureLearn,fundamentals of business strategy,NA,NA,4 weeks,3 hrs per week,Premium course,courses
https://www.futurelearn.com/courses/fundamentals-of-corporate-finance,Sentinel|9 & FutureLearn,fundamentals of corporate finance,NA,NA,4 weeks,3 hrs per week,Premium course,courses
https://www.futurelearn.com/courses/digital-marketing-futurelearn,FutureLearn,digital marketing futurelearn,4.3,(6 reviews),4 weeks,3 hrs per week,Included in Unlimited,courses
https://www.futurelearn.com/courses/fundamentals-of-digital-transformation-and-data-analytics,National Tsing Hua University (NTHU),fundamentals of digital transformation and data analytics,NA,NA,6 weeks,3 hrs per week,Included in Unlimited,courses
https://www.futurelearn.com/courses/fundamentals-of-economics,Sentinel|9 & FutureLearn,fundamentals of economics,NA,NA,4 weeks,2 hrs per week,Premium course,courses
https://www.futurelearn.com/courses/fundamentals-international-business,Sentinel|9 & FutureLearn,fundamentals international business,NA,NA,4 weeks,3 hrs per week,Premium course,courses
https://www.futurelearn.com/courses/fundamentals-of-naturopathic-medicine,Southern Cross University,fundamentals of naturopathic medicine,4.9,(9 reviews),4 weeks,3 hrs per week,Included in Unlimited,courses
https://www.futurelearn.com/courses/fundamentals-of-shariah,INCEIF,fundamentals of shariah,NA,NA,2 weeks,2 hrs per week,Included in Unlimited,courses
https://www.futurelearn.com/courses/fungal-diagnostics,BSAC,fungal diagnostics,4.8,(15 reviews),3 weeks,3 hrs per week,Included in Unlimited,courses
https://www.futurelearn.com/courses/gamefi-in-the-web3-world,RMIT University & RMIT University Digital3,gamefi in the web3 world,NA,NA,5 weeks,3 hrs per week,Included in Unlimited,courses
https://www.futurelearn.com/courses/gender-and-development,Deakin University,gender and development,4.7,(41 reviews),2 weeks,3 hrs per week,Included in Unlimited,courses
https://www.futurelearn.com/courses/gender-equality-diversity-in-forestry-related-sectors,"University of Padova, Swedish University of Agricultural Sciences (SLU), Université de Moncton & IUFRO",gender equality diversity in forestry related sectors,NA,NA,3 weeks,4 hrs per week,Free digital upgrade,courses
https://www.futurelearn.com/courses/gender-and-the-media,University of Strathclyde,gender and the media,4.8,(83 reviews),7 weeks,4 hrs per week,Included in Unlimited,courses
https://www.futurelearn.com/courses/gender-climate-justice-and-food-systems-resilience,The University of the West Indies,gender climate justice and food systems resilience,4.8,(6 reviews),2 weeks,3 hrs per week,Included in Unlimited,courses
https://www.futurelearn.com/courses/gender-based-violence-responding-to-intimate-partner-violence-and-abuse,The University of Glasgow,gender based violence responding to intimate partner violence and abuse,4.8,(31 reviews),4 weeks,4 hrs per week,Included in Unlimited,courses
https://www.futurelearn.com/courses/gender-inclusive-technology,UAL Creative Computing Institute & Feminist Internet,gender inclusive technology,NA,NA,3 weeks,4 hrs per week,Included in Unlimited,courses
https://www.futurelearn.com/courses/genealogy,University of Strathclyde,genealogy,4.8,(1193 reviews),6 weeks,4 hrs per week,Included in Unlimited,courses
https://www.futurelearn.com/courses/generative-ai-in-higher-education,King's College London,generative ai in higher education,4.9,(71 reviews),2 weeks,3 hrs per week,Included in Unlimited,courses
https://www.futurelearn.com/courses/generative-ai-implications-and-opportunities-for-business,RMIT University & RMIT University Digital3,generative ai implications and opportunities for business,NA,NA,4 weeks,3 hrs per week,Premium course,courses
https://www.futurelearn.com/courses/genetic-genealogy-researching-your-family-tree-using-dna,University of Strathclyde,genetic genealogy researching your family tree using dna,4.7,(189 reviews),6 weeks,4 hrs per week,Included in Unlimited,courses
https://www.futurelearn.com/courses/genetic-inheritance-a-practical-guide-for-clinicians,"St George's, University of London",genetic inheritance a practical guide for clinicians,4.7,(23 reviews),2 weeks,3 hrs per week,Included in Unlimited,courses
https://www.futurelearn.com/courses/harnessing-the-power-of-genomics-in-medicine,The University of Glasgow,harnessing the power of genomics in medicine,5,(25 reviews),4 weeks,4 hrs per week,NA,courses
https://www.futurelearn.com/courses/molecular-techniques,"St George's, University of London",molecular techniques,4.8,(102 reviews),3 weeks,5 hrs per week,Included in Unlimited,courses
https://www.futurelearn.com/courses/next-generation-sequencing,"St George's, University of London",next generation sequencing,4.8,(62 reviews),2 weeks,5 hrs per week,Included in Unlimited,courses
https://www.futurelearn.com/courses/genomics-for-educators,Wellcome Connecting Science,genomics for educators,4.8,(44 reviews),3 weeks,4 hrs per week,Free digital upgrade,courses
https://www.futurelearn.com/courses/genomics-in-the-nhs-a-clinicians-guide-to-genomic-testing-for-cancer-solid-tumours,"NHS England & St George's, University of London",genomics in the nhs a clinicians guide to genomic testing for cancer solid tumours,4.8,(10 reviews),2 weeks,3 hrs per week,Included in Unlimited,courses
https://www.futurelearn.com/courses/genomics-in-the-nhs-a-clinicians-guide-to-genomic-testing-for-rare-disease,"NHS England & St George's, University of London",genomics in the nhs a clinicians guide to genomic testing for rare disease,5,(23 reviews),2 weeks,3 hrs per week,Included in Unlimited,courses
https://www.futurelearn.com/courses/geographic-information-system-gis-in-the-built-environment,Universiti Malaya,geographic information system gis in the built environment,4.4,(5 reviews),4 weeks,2 hrs per week,Included in Unlimited,courses
https://www.futurelearn.com/courses/get-creative-with-people-to-solve-problems-sc,"University of Leeds, Click Start & Institute of Coding",get creative with people to solve problems sc,NA,NA,2 weeks,3 hrs per week,Free digital upgrade,courses
https://www.futurelearn.com/courses/get-creative-with-people-to-solve-problems,University of Leeds & Institute of Coding,get creative with people to solve problems,4.8,(104 reviews),2 weeks,3 hrs per week,NA,courses
https://www.futurelearn.com/courses/get-smart-with-grass-an-introduction-to-grazing-management-and-animal-nutrition,Aberystwyth University,get smart with grass an introduction to grazing management and animal nutrition,NA,NA,4 weeks,4 hrs per week,Included in Unlimited,courses
https://www.futurelearn.com/courses/beginning-your-digital-marketing-journey,Coventry University,beginning your digital marketing journey,4.7,(61 reviews),2 weeks,3 hrs per week,Included in Unlimited,courses
https://www.futurelearn.com/courses/healthcare-management-and-leadership-principles,Coventry University,healthcare management and leadership principles,4.6,(9 reviews),2 weeks,8 hrs per week,NA,courses
https://www.futurelearn.com/courses/teaching-data-science,The University of Glasgow,teaching data science,4.5,(13 reviews),3 weeks,3 hrs per week,Included in Unlimited,courses
https://www.futurelearn.com/courses/getting-to-know-pharmaceutical-biotechnologies-more-than-science-in-a-lab,University of Padova,getting to know pharmaceutical biotechnologies more than science in a lab,NA,NA,3 weeks,3 hrs per week,Included in Unlimited,courses
https://www.futurelearn.com/courses/glaucoma-a-public-health-approach-to-preventing-blindness,London School of Hygiene & Tropical Medicine,glaucoma a public health approach to preventing blindness,4.8,(36 reviews),4 weeks,4 hrs per week,Included in Unlimited,courses
https://www.futurelearn.com/courses/global-blindness,London School of Hygiene & Tropical Medicine,global blindness,4.8,(54 reviews),6 weeks,4 hrs per week,Included in Unlimited,courses
https://www.futurelearn.com/courses/global-challenges-local-communities-the-arts-of-changing-the-world,Deakin University,global challenges local communities the arts of changing the world,NA,NA,3 weeks,3 hrs per week,Included in Unlimited,courses
https://www.futurelearn.com/courses/global-disability-research-and-evidence,London School of Hygiene & Tropical Medicine,global disability research and evidence,4.9,(57 reviews),3 weeks,4 hrs per week,Included in Unlimited,courses
https://www.futurelearn.com/courses/global-education-for-teachers,UCL (University College London),global education for teachers,4.8,(105 reviews),3 weeks,3 hrs per week,Included in Unlimited,courses
https://www.futurelearn.com/courses/global-ethics,The Open University,global ethics,4.5,(82 reviews),4 weeks,3 hrs per week,Included in Unlimited,courses
https://www.futurelearn.com/courses/global-disability,London School of Hygiene & Tropical Medicine & International Centre for Evidence in Disability,global disability,4.6,(44 reviews),3 weeks,4 hrs per week,Included in Unlimited,courses
https://www.futurelearn.com/courses/global-health-governance,"St George's, University of London",global health governance,4.7,(39 reviews),3 weeks,3 hrs per week,Included in Unlimited,courses
https://www.futurelearn.com/courses/global-health-security,Taipei Medical University,global health security,NA,NA,6 weeks,2 hrs per week,Included in Unlimited,courses
https://www.futurelearn.com/courses/medical-peace-work-global-health,University of Bergen,medical peace work global health,4.9,(23 reviews),3 weeks,3 hrs per week,Included in Unlimited,courses
https://www.futurelearn.com/courses/global-inequalities-and-the-just-transition,The University of Warwick,global inequalities and the just transition,NA,NA,4 weeks,4 hrs per week,Included in Unlimited,courses
https://www.futurelearn.com/courses/global-prosperity,UCL (University College London),global prosperity,4.5,(98 reviews),4 weeks,2 hrs per week,Included in Unlimited,courses
https://www.futurelearn.com/courses/global-resource-politics,Hanyang University,global resource politics,4.3,(21 reviews),6 weeks,3 hrs per week,Included in Unlimited,courses
https://www.futurelearn.com/courses/global-studies-cultures-organizations,Grenoble Ecole de Management,global studies cultures organizations,4.5,(15 reviews),4 weeks,3 hrs per week,NA,courses
https://www.futurelearn.com/courses/global-studies-risks-threats,Grenoble Ecole de Management,global studies risks threats,4.3,(18 reviews),4 weeks,6 hrs per week,NA,courses
https://www.futurelearn.com/courses/global-studies-global-exit,Grenoble Ecole de Management,global studies global exit,3.7,(17 reviews),4 weeks,6 hrs per week,NA,courses
https://www.futurelearn.com/courses/good-pharmacy-practice-the-moderate-part2,Taipei Medical University,good pharmacy practice the moderate part2,NA,NA,3 weeks,2 hrs per week,Included in Unlimited,courses
https://www.futurelearn.com/courses/good-pharmacy-practice-the-moderate,Taipei Medical University,good pharmacy practice the moderate,4.7,(6 reviews),3 weeks,2 hrs per week,Included in Unlimited,courses
https://www.futurelearn.com/courses/advanced-good-pharmacy-practice-part1,Taipei Medical University,advanced good pharmacy practice part1,4.8,(5 reviews),3 weeks,2 hrs per week,Included in Unlimited,courses
https://www.futurelearn.com/courses/advanced-good-pharmacy-practice-part2,Taipei Medical University,advanced good pharmacy practice part2,NA,NA,3 weeks,2 hrs per week,Included in Unlimited,courses
https://www.futurelearn.com/courses/autism-education,University of Bath,autism education,4.7,(673 reviews),4 weeks,3 hrs per week,Included in Unlimited,courses
https://www.futurelearn.com/courses/google-for-education-share-collect-and-manage-student-work-online-sc,Tablet Academy,google for education share collect and manage student work online sc,NA,NA,6 weeks,3 hrs per week,Included in Unlimited,courses
https://www.futurelearn.com/courses/google-for-education-promote-group-work-inspire-creativity-sc,Tablet Academy,google for education promote group work inspire creativity sc,NA,NA,3 weeks,2 hrs per week,Included in Unlimited,courses
https://www.futurelearn.com/courses/google-for-education-communicating-and-staying-organised-with-staff-students-and-parents-sc,Tablet Academy,google for education communicating and staying organised with staff students and parents sc,NA,NA,4 weeks,2 hrs per week,Included in Unlimited,courses
https://www.futurelearn.com/courses/governance-standards-part-a-introduction-and-governance-standards-1-3,Australian Charities and Not-for-profits Commission,governance standards part a introduction and governance standards 1 3,4.8,(35 reviews),2 weeks,1 hr per week,Free digital upgrade,courses
https://www.futurelearn.com/courses/governance-standards-part-b-governance-standards-4-6-and-winding-up-a-charity,Australian Charities and Not-for-profits Commission,governance standards part b governance standards 4 6 and winding up a charity,4.2,(18 reviews),2 weeks,1 hr per week,Free digital upgrade,courses
https://www.futurelearn.com/courses/governing-a-registered-charity-in-australia,Australian Charities and Not-for-profits Commission,governing a registered charity in australia,4.6,(25 reviews),2 weeks,1 hr per week,Free digital upgrade,courses
https://www.futurelearn.com/courses/great-south-land,The University of Newcastle Australia,great south land,4.6,(162 reviews),3 weeks,3 hrs per week,Included in Unlimited,courses
https://www.futurelearn.com/courses/the-future-of-innovation-and-entrepreneurship-sc,Coventry University,the future of innovation and entrepreneurship sc,NA,NA,2 weeks,5 hrs per week,Included in Unlimited,courses
https://www.futurelearn.com/courses/grow-and-scale-your-ecommerce-business,Colin Lewis,grow and scale your ecommerce business,NA,NA,3 weeks,3 hrs per week,NA,courses
https://www.futurelearn.com/courses/instagram-marketing-build-your-following,Social Media College,instagram marketing build your following,NA,NA,2 weeks,4 hrs per week,NA,courses
https://www.futurelearn.com/courses/growth-strategies-for-a-new-business,The University of Adelaide,growth strategies for a new business,NA,NA,4 weeks,1 hr per week,Premium course,courses
https://www.futurelearn.com/courses/habitability,FutureLearn,habitability,NA,NA,3 weeks,3 hrs per week,NA,courses
https://www.futurelearn.com/courses/hadoop-ecosystem-essentials,Packt & FutureLearn,hadoop ecosystem essentials,NA,NA,4 weeks,2 hrs per week,Premium course,courses
https://www.futurelearn.com/courses/halal-a-to-z,INCEIF,halal a to z,NA,NA,4 weeks,1 hr per week,Included in Unlimited,courses
https://www.futurelearn.com/courses/harnessing-ai-in-marketing-and-communication,The University of Adelaide,harnessing ai in marketing and communication,4.9,(9 reviews),4 weeks,2 hrs per week,Premium course,courses
https://www.futurelearn.com/courses/health-and-fitness-how-to-design-a-diet-and-exercise-program,Universiti Malaya,health and fitness how to design a diet and exercise program,4.5,(16 reviews),2 weeks,2 hrs per week,Included in Unlimited,courses
https://www.futurelearn.com/courses/health-and-safety-in-veterinary-services,Learning Lounge & FutureLearn,health and safety in veterinary services,NA,NA,2 weeks,2 hrs per week,Premium course,courses
https://www.futurelearn.com/courses/ancient-health,The Open University,ancient health,4.7,(197 reviews),6 weeks,3 hrs per week,Included in Unlimited,courses
https://www.futurelearn.com/courses/health-data-ethics-and-regulatory-frameworks-in-rare-disease-research,Foundation for Rare Diseases & European Joint Programme on Rare Diseases,health data ethics and regulatory frameworks in rare disease research,NA,NA,4 weeks,3 hrs per week,Included in Unlimited,courses
https://www.futurelearn.com/courses/health-emergency-response-to-a-pandemic-an-integrated-social-science-perspective,"Hanken School of Economics, Vrije Universiteit Amsterdam, Delft University of Technology (TU Delft) & Open University",health emergency response to a pandemic an integrated social science perspective,NA,NA,4 weeks,5 hrs per week,Included in Unlimited,courses
https://www.futurelearn.com/courses/health-technology-assessment-in-practice,The University of Glasgow,health technology assessment in practice,NA,NA,3 weeks,6 hrs per week,NA,courses
https://www.futurelearn.com/courses/hta,The University of Sheffield,hta,4.6,(32 reviews),4 weeks,3 hrs per week,Included in Unlimited,courses
https://www.futurelearn.com/courses/health-technology-assessment-definition-method,The University of Glasgow,health technology assessment definition method,NA,NA,3 weeks,6 hrs per week,NA,courses
https://www.futurelearn.com/courses/healthcare-management-and-strategy,Taipei Medical University,healthcare management and strategy,NA,NA,6 weeks,2 hrs per week,Included in Unlimited,courses
https://www.futurelearn.com/courses/selecting-healthcare-professionals-designing-and-administering-effective-multiple-mini-interviews-mmis-,"St George's, University of London & University of Surrey",selecting healthcare professionals designing and administering effective multiple mini interviews mmis ,4.7,(6 reviews),3 weeks,2 hrs per week,Included in Unlimited,courses
https://www.futurelearn.com/courses/healthy-ageing,University of Birmingham,healthy ageing,3.7,(62 reviews),3 weeks,3 hrs per week,Included in Unlimited,courses
https://www.futurelearn.com/courses/healthy-cooking-made-easy-with-bbc-good-food,BBC Good Food,healthy cooking made easy with bbc good food,4.8,(119 reviews),5 weeks,3 hrs per week,Included in Unlimited,courses
https://www.futurelearn.com/courses/healthy-house-plants,BBC Gardeners' World Magazine,healthy house plants,4.8,(95 reviews),4 weeks,3 hrs per week,Included in Unlimited,courses
https://www.futurelearn.com/courses/healthy-vegan-cooking-sc,BBC Good Food,healthy vegan cooking sc,NA,NA,4 weeks,3 hrs per week,Included in Unlimited,courses
https://www.futurelearn.com/courses/heart-health,University of Reading,heart health,4.9,(104 reviews),4 weeks,3 hrs per week,Included in Unlimited,courses
https://www.futurelearn.com/courses/heart-of-scotland-history-and-heritage-of-stirling-at-900-years,University of Stirling,heart of scotland history and heritage of stirling at 900 years,4.9,(9 reviews),4 weeks,3 hrs per week,Included in Unlimited,courses
https://www.futurelearn.com/courses/helping-young-people-manage-low-mood-and-depression,University of Reading,helping young people manage low mood and depression,4.5,(8 reviews),2 weeks,2 hrs per week,Included in Unlimited,courses
https://www.futurelearn.com/courses/historic-landscape-archaeology-approaches-methods-and-beneficiaries,"University of Padova, Erasmus+ & ED-editor project",historic landscape archaeology approaches methods and beneficiaries,4.6,(51 reviews),4 weeks,4 hrs per week,Included in Unlimited,courses
https://www.futurelearn.com/courses/history-branding-strengthen-corporate-identity,Luleå University of Technology,history branding strengthen corporate identity,NA,NA,3 weeks,4 hrs per week,Included in Unlimited,courses
https://www.futurelearn.com/courses/slavery-in-the-british-caribbean,The University of Glasgow & The University of the West Indies,slavery in the british caribbean,4.6,(537 reviews),4 weeks,4 hrs per week,Included in Unlimited,courses
https://www.futurelearn.com/courses/home-work-organisational-development-for-everyone-in-health-and-care,The King's Fund,home work organisational development for everyone in health and care,4.3,(6 reviews),3 weeks,2 hrs per week,Included in Unlimited,courses
https://www.futurelearn.com/courses/how-artificial-intelligence-can-support-healthcare,"University of Groningen, University of Tartu, OneVision Healthcare  & University Medical Center Groningen (UMCG)",how artificial intelligence can support healthcare,4.6,(17 reviews),4 weeks,4 hrs per week,Included in Unlimited,courses
https://www.futurelearn.com/courses/cyber-security-in-the-software-development-life-cycle-sc,Coventry University,cyber security in the software development life cycle sc,NA,NA,2 weeks,5 hrs per week,Included in Unlimited,courses
https://www.futurelearn.com/courses/cyber-security-in-the-software-development-life-cycle-et,Coventry University,cyber security in the software development life cycle et,NA,NA,2 weeks,5 hrs per week,NA,courses
https://www.futurelearn.com/courses/how-is-my-food-made,EIT Food & DIL,how is my food made,4.5,(51 reviews),4 weeks,3 hrs per week,Included in Unlimited,courses
https://www.futurelearn.com/courses/gardening-for-beginners-how-to-grow-plants-and-nurture-them-part-one-,BBC Gardeners' World Magazine,gardening for beginners how to grow plants and nurture them part one ,4.4,(35 reviews),2 weeks,4 hrs per week,NA,courses
https://www.futurelearn.com/courses/how-politics-works-from-individual-to-international-scale-sc,The University of Kent,how politics works from individual to international scale sc,3.6,(5 reviews),4 weeks,6 hrs per week,Included in Unlimited,courses
https://www.futurelearn.com/courses/how-politics-works-from-individual-to-international-scale,The University of Kent,how politics works from individual to international scale,4.6,(5 reviews),4 weeks,6 hrs per week,NA,courses
https://www.futurelearn.com/courses/how-to-become-a-java-developer,Packt & FutureLearn,how to become a java developer,NA,NA,3 weeks,3 hrs per week,Premium course,courses
https://www.futurelearn.com/courses/how-do-i-become-a-lawyer-,The University of Law,how do i become a lawyer ,4.6,(80 reviews),3 weeks,2 hrs per week,Included in Unlimited,courses
https://www.futurelearn.com/courses/how-to-become-a-police-officer-in-england-and-wales,The University of Law,how to become a police officer in england and wales,4.3,(7 reviews),3 weeks,2 hrs per week,Included in Unlimited,courses
https://www.futurelearn.com/courses/how-to-become-acnc-registered-charity,Australian Charities and Not-for-profits Commission,how to become acnc registered charity,4.7,(15 reviews),2 weeks,1 hr per week,Free digital upgrade,courses
https://www.futurelearn.com/courses/how-to-become-an-international-arbitrator,College of Law,how to become an international arbitrator,NA,NA,2 weeks,1 hr per week,Included in Unlimited,courses
https://www.futurelearn.com/courses/how-to-build-resilience-for-leadership,Nottingham Trent University & Nottingham Business School,how to build resilience for leadership,NA,NA,3 weeks,2 hrs per week,Included in Unlimited,courses
https://www.futurelearn.com/courses/how-to-create-an-online-course,The University of Edinburgh,how to create an online course,4.8,(129 reviews),2 weeks,3 hrs per week,Included in Unlimited,courses
https://www.futurelearn.com/courses/how-to-create-great-online-content-scv,"University of Leeds, Click Start & Institute of Coding",how to create great online content scv,NA,NA,2 weeks,3 hrs per week,Free digital upgrade,courses
https://www.futurelearn.com/courses/how-to-create-great-online-content,University of Leeds & Institute of Coding,how to create great online content,4.7,(515 reviews),2 weeks,3 hrs per week,NA,courses
https://www.futurelearn.com/courses/how-to-create-video-for-online-courses,The University of Edinburgh,how to create video for online courses,4.7,(43 reviews),2 weeks,2 hrs per week,Included in Unlimited,courses
https://www.futurelearn.com/courses/how-to-develop-a-personal-teaching-philosophy-in-higher-education,Universiti Malaya,how to develop a personal teaching philosophy in higher education,NA,NA,3 weeks,2 hrs per week,Included in Unlimited,courses
https://www.futurelearn.com/courses/how-to-develop-critical-thinking-skills,"BoxPlay, FutureLearn & CQ: Communication Quotient™",how to develop critical thinking skills,NA,NA,1 week,2 hrs per week,Premium course,courses
https://www.futurelearn.com/courses/how-to-develop-cultural-awareness,University of Lincoln,how to develop cultural awareness,NA,NA,4 weeks,3 hrs per week,Included in Unlimited,courses
https://www.futurelearn.com/courses/how-to-drive-sustainable-healthcare,UCL (University College London),how to drive sustainable healthcare,NA,NA,3 weeks,3 hrs per week,Included in Unlimited,courses
https://www.futurelearn.com/courses/how-to-foster-teamflow-in-the-workplace,Bailey and French,how to foster teamflow in the workplace,NA,NA,10 weeks,3 hrs per week,Premium course,courses
https://www.futurelearn.com/courses/fundraising-for-non-fundraisers,The University of Kent,fundraising for non fundraisers,4.8,(112 reviews),3 weeks,4 hrs per week,Included in Unlimited,courses
https://www.futurelearn.com/courses/graduate-job,Graduate Coach,graduate job,4.8,(34 reviews),3 weeks,2 hrs per week,Included in Unlimited,courses
https://www.futurelearn.com/courses/how-to-get-into-ai,"University of Leeds, Click Start & Institute of Coding",how to get into ai,NA,NA,2 weeks,4 hrs per week,Free digital upgrade,courses
https://www.futurelearn.com/courses/how-to-get-into-blockchain,University of Leeds & Click Start,how to get into blockchain,NA,NA,2 weeks,3 hrs per week,Free digital upgrade,courses
https://www.futurelearn.com/courses/how-to-get-into-cloud-computing,"University of Leeds, Click Start & Institute of Coding",how to get into cloud computing,NA,NA,2 weeks,3 hrs per week,Free digital upgrade,courses
https://www.futurelearn.com/courses/how-to-get-into-robotics,"University of Leeds, Click Start & Institute of Coding",how to get into robotics,NA,NA,2 weeks,3 hrs per week,Free digital upgrade,courses
https://www.futurelearn.com/courses/how-to-get-into-software-development,"University of Leeds, Click Start & Institute of Coding",how to get into software development,NA,NA,2 weeks,3 hrs per week,Free digital upgrade,courses
https://www.futurelearn.com/courses/how-to-get-into-web-development,"University of Leeds, Click Start & Institute of Coding",how to get into web development,NA,NA,2 weeks,3 hrs per week,Free digital upgrade,courses
https://www.futurelearn.com/courses/how-to-get-started-in-ecommerce,Colin Lewis,how to get started in ecommerce,4.5,(6 reviews),3 weeks,3 hrs per week,NA,courses
https://www.futurelearn.com/courses/how-to-get-your-feature-articles-published,University of Lincoln,how to get your feature articles published,NA,NA,4 weeks,3 hrs per week,Included in Unlimited,courses
https://www.futurelearn.com/courses/gardening-for-beginners-how-to-grow-plants-and-nurture-them-part-two-,BBC Gardeners' World Magazine,gardening for beginners how to grow plants and nurture them part two ,4.7,(29 reviews),3 weeks,4 hrs per week,NA,courses
https://www.futurelearn.com/courses/leading-through-followership,University of Lincoln,leading through followership,NA,NA,2 weeks,3 hrs per week,Included in Unlimited,courses
https://www.futurelearn.com/courses/how-to-implement-industry-technologies,RMIT University & Siemens,how to implement industry technologies,NA,NA,3 weeks,3 hrs per week,Included in Unlimited,courses
https://www.futurelearn.com/courses/how-to-improve-care-for-the-elderly,The University of the West Indies,how to improve care for the elderly,4.2,(11 reviews),3 weeks,3 hrs per week,Included in Unlimited,courses
https://www.futurelearn.com/courses/how-to-improve-your-negotiation-skills,"BoxPlay, FutureLearn & CQ: Communication Quotient™",how to improve your negotiation skills,NA,NA,1 week,2 hrs per week,Premium course,courses
https://www.futurelearn.com/courses/how-to-launch-your-own-food-product,International Culinary Studio,how to launch your own food product,NA,NA,5 weeks,3 hrs per week,Premium course,courses
https://www.futurelearn.com/courses/make-a-short-film,The British Film Institute (BFI),make a short film,4.5,(22 reviews),4 weeks,4 hrs per week,Included in Unlimited,courses
https://www.futurelearn.com/courses/capital-investment-appraisal-sc,Coventry University,capital investment appraisal sc,NA,NA,2 weeks,5 hrs per week,Included in Unlimited,courses
https://www.futurelearn.com/courses/how-to-manage-food-costing-in-the-catering-and-restaurant-industry,International Culinary Studio,how to manage food costing in the catering and restaurant industry,NA,NA,2 weeks,4 hrs per week,Premium course,courses
https://www.futurelearn.com/courses/ratio-analysis-sc,Coventry University,ratio analysis sc,NA,NA,2 weeks,5 hrs per week,Included in Unlimited,courses
https://www.futurelearn.com/courses/how-to-measure-reduce-and-offset-your-companys-carbon-footprint,MSQ & BIMA,how to measure reduce and offset your companys carbon footprint,4.6,(54 reviews),6 weeks,3 hrs per week,Included in Unlimited,courses
https://www.futurelearn.com/courses/how-to-pass-ielts-writing,Sentinel|9 & FutureLearn,how to pass ielts writing,NA,NA,6 weeks,2 hrs per week,Premium course,courses
https://www.futurelearn.com/courses/how-to-program-in-c-plus-plus,Packt & FutureLearn,how to program in c plus plus,NA,NA,5 weeks,4 hrs per week,Premium course,courses
https://www.futurelearn.com/courses/reading-a-film,Film Distributors' Association,reading a film,4.8,(37 reviews),5 weeks,3 hrs per week,Included in Unlimited,courses
https://www.futurelearn.com/courses/how-to-read-a-novel,The University of Edinburgh,how to read a novel,4.6,(435 reviews),4 weeks,2 hrs per week,Included in Unlimited,courses
https://www.futurelearn.com/courses/how-to-set-up-an-antimicrobial-stewardship-programme,BSAC & ICARS,how to set up an antimicrobial stewardship programme,NA,NA,3 weeks,2 hrs per week,Included in Unlimited,courses
https://www.futurelearn.com/courses/succeed-as-a-new-teacher,Manchester Metropolitan University,succeed as a new teacher,4.6,(36 reviews),3 weeks,2 hrs per week,Included in Unlimited,courses
https://www.futurelearn.com/courses/interviews,The University of Sheffield,interviews,4.7,(522 reviews),3 weeks,3 hrs per week,Included in Unlimited,courses
https://www.futurelearn.com/courses/writing-applications,The University of Sheffield,writing applications,4.7,(409 reviews),3 weeks,3 hrs per week,Included in Unlimited,courses
https://www.futurelearn.com/courses/epq-success,University of Bath,epq success,4.6,(208 reviews),3 weeks,3 hrs per week,Included in Unlimited,courses
https://www.futurelearn.com/courses/welshbacc,University of Bath & Aberystwyth University,welshbacc,3.9,(10 reviews),2 weeks,3 hrs per week,Included in Unlimited,courses
https://www.futurelearn.com/courses/how-to-support-young-people-living-with-parental-mental-illness,UCL (University College London) & Our Time,how to support young people living with parental mental illness,4.7,(20 reviews),4 weeks,2 hrs per week,Premium course,courses
https://www.futurelearn.com/courses/how-to-teach-english-pronunciation,Language Fuel,how to teach english pronunciation,4.6,(52 reviews),4 weeks,1 hr per week,Included in Unlimited,courses
https://www.futurelearn.com/courses/teach-online,FutureLearn,teach online,4.8,(971 reviews),3 weeks,2 hrs per week,Free digital upgrade,courses
https://www.futurelearn.com/courses/how-to-use-classroom-200,ABRSM,how to use classroom 200,NA,NA,3 weeks,2 hrs per week,Included in Unlimited,courses
https://www.futurelearn.com/courses/how-to-use-graded-readers-in-the-english-language-classroom,Language Fuel,how to use graded readers in the english language classroom,4.2,(9 reviews),4 weeks,1 hr per week,Included in Unlimited,courses
https://www.futurelearn.com/courses/introduction-data-to-analysis-using-msft-excel,"CloudSwyft Global Systems, Inc. & Microsoft",introduction data to analysis using msft excel,3.4,(5 reviews),2 weeks,5 hrs per week,NA,courses
https://www.futurelearn.com/courses/analyze-and-visualize-data-with-pivot-tables-sc,The Excel Club,analyze and visualize data with pivot tables sc,NA,NA,2 weeks,2 hrs per week,Included in Unlimited,courses
https://www.futurelearn.com/courses/analyze-and-visualize-data-with-pivot-tables,The Excel Club,analyze and visualize data with pivot tables,NA,NA,2 weeks,2 hrs per week,NA,courses
https://www.futurelearn.com/courses/songwriting,The University of Sheffield,songwriting,4.7,(188 reviews),6 weeks,3 hrs per week,Included in Unlimited,courses
https://www.futurelearn.com/courses/how-well-does-international-human-rights-law-serve-marginalised-people-sc,The University of Kent,how well does international human rights law serve marginalised people sc,5,(5 reviews),4 weeks,4 hrs per week,Included in Unlimited,courses
https://www.futurelearn.com/courses/how-well-does-international-human-rights-law-serve-marginalised-people-,The University of Kent,how well does international human rights law serve marginalised people ,NA,NA,4 weeks,4 hrs per week,NA,courses
https://www.futurelearn.com/courses/hr-fundamentals,CIPD - Chartered Institute of Personnel and Development,hr fundamentals,4.8,(681 reviews),5 weeks,3 hrs per week,Included in Unlimited,courses
https://www.futurelearn.com/courses/blood-the-human-blood-and-its-functions,Universiti Malaya,blood the human blood and its functions,3.9,(11 reviews),3 weeks,2 hrs per week,Included in Unlimited,courses
https://www.futurelearn.com/courses/human-factors-healthcare,UEA (University of East Anglia),human factors healthcare,4.7,(134 reviews),3 weeks,3 hrs per week,Included in Unlimited,courses
https://www.futurelearn.com/courses/human-resource-analytics,National Tsing Hua University (NTHU),human resource analytics,NA,NA,3 weeks,1 hr per week,Included in Unlimited,courses
https://www.futurelearn.com/courses/human-resources-hiring-and-managing-talent-in-the-21st-century,"University of California, Riverside",human resources hiring and managing talent in the 21st century,4.5,(11 reviews),8 weeks,2 hrs per week,Included in Unlimited,courses
https://www.futurelearn.com/courses/human-rights-and-international-criminal-law,University of Padova,human rights and international criminal law,4.7,(59 reviews),4 weeks,6 hrs per week,Included in Unlimited,courses
https://www.futurelearn.com/courses/human-rights-ways-of-life-and-the-future-sc,The University of Kent,human rights ways of life and the future sc,NA,NA,4 weeks,4 hrs per week,Included in Unlimited,courses
https://www.futurelearn.com/courses/human-rights-ways-of-life-and-the-future,The University of Kent,human rights ways of life and the future,NA,NA,4 weeks,4 hrs per week,NA,courses
https://www.futurelearn.com/courses/humanitarian-action-response-relief,Coventry University,humanitarian action response relief,4.7,(34 reviews),2 weeks,3 hrs per week,Included in Unlimited,courses
https://www.futurelearn.com/courses/humphry-davy,Lancaster University & Royal Institution,humphry davy,4.6,(25 reviews),4 weeks,3 hrs per week,Included in Unlimited,courses
https://www.futurelearn.com/courses/hurricane-tracking-satellite-data,University of Strathclyde,hurricane tracking satellite data,NA,NA,5 weeks,3 hrs per week,Included in Unlimited,courses
https://www.futurelearn.com/courses/icy-moons-and-exoplanets,FutureLearn,icy moons and exoplanets,NA,NA,3 weeks,3 hrs per week,NA,courses
https://www.futurelearn.com/courses/ideation-in-engineering-design,Universiti Malaya,ideation in engineering design,NA,NA,3 weeks,2 hrs per week,Included in Unlimited,courses
https://www.futurelearn.com/courses/intimate-partner-domestic-violence,Coventry University,intimate partner domestic violence,4.7,(25 reviews),2 weeks,3 hrs per week,Included in Unlimited,courses
https://www.futurelearn.com/courses/identifying-and-responding-to-drug-and-alcohol-addiction,Trinity College Dublin,identifying and responding to drug and alcohol addiction,4.1,(15 reviews),3 weeks,2 hrs per week,Included in Unlimited,courses
https://www.futurelearn.com/courses/food-fraud,UEA (University of East Anglia),food fraud,5,(18 reviews),4 weeks,2 hrs per week,Included in Unlimited,courses
https://www.futurelearn.com/courses/netpoulsafeit,"University of Padova, NetPoulSafe & EU (Horizon 2020 Project)",netpoulsafeit,NA,NA,4 weeks,4 hrs per week,Included in Unlimited,courses
https://www.futurelearn.com/courses/image-analysis,The University of Nottingham,image analysis,4.6,(28 reviews),4 weeks,3 hrs per week,Included in Unlimited,courses
https://www.futurelearn.com/courses/implementing-your-business-opportunity-sc,Coventry University,implementing your business opportunity sc,NA,NA,2 weeks,5 hrs per week,Included in Unlimited,courses
https://www.futurelearn.com/courses/facilitating-teaching-and-learning-with-microsoft-teams-and-onenote-class-notebooks-sc,Tablet Academy,facilitating teaching and learning with microsoft teams and onenote class notebooks sc,NA,NA,3 weeks,4 hrs per week,Included in Unlimited,courses
https://www.futurelearn.com/courses/facilitating-teaching-and-learning-with-microsoft-teams-and-onenote-class-notebooks,Tablet Academy,facilitating teaching and learning with microsoft teams and onenote class notebooks,NA,NA,3 weeks,4 hrs per week,NA,courses
https://www.futurelearn.com/courses/improve-ielts-speaking,Macquarie University,improve ielts speaking,4.9,(1166 reviews),2 weeks,3 hrs per week,Included in Unlimited,courses
https://www.futurelearn.com/courses/improving-antimicrobial-stewardship-programs-using-multidisciplinary-teams,BSAC,improving antimicrobial stewardship programs using multidisciplinary teams,NA,NA,3 weeks,2 hrs per week,Included in Unlimited,courses
https://www.futurelearn.com/courses/food-production-agricultural-technology-plant-biotechnology,EIT Food & University of Cambridge,food production agricultural technology plant biotechnology,4.8,(88 reviews),3 weeks,3 hrs per week,Included in Unlimited,courses
https://www.futurelearn.com/courses/health-assessment,Trinity College Dublin & EIT Health,health assessment,4.9,(14 reviews),3 weeks,2 hrs per week,Included in Unlimited,courses
https://www.futurelearn.com/courses/improving-healthcare-and-medical-education-with-online-escape-room-activities,"St George's, University of London & Cluedup",improving healthcare and medical education with online escape room activities,NA,NA,2 weeks,3 hrs per week,Included in Unlimited,courses
https://www.futurelearn.com/courses/clinical-research,University of Leeds & National Institute for Health Research,clinical research,4.7,(161 reviews),4 weeks,4 hrs per week,Included in Unlimited,courses
https://www.futurelearn.com/courses/women-children-health,London School of Hygiene & Tropical Medicine,women children health,4.9,(45 reviews),6 weeks,4 hrs per week,Included in Unlimited,courses
https://www.futurelearn.com/courses/dental-photography-in-practice,University of Birmingham,dental photography in practice,4.7,(33 reviews),4 weeks,5 hrs per week,Included in Unlimited,courses
https://www.futurelearn.com/courses/improving-study-techniques,University of Groningen,improving study techniques,4.8,(329 reviews),4 weeks,2 hrs per week,Included in Unlimited,courses
https://www.futurelearn.com/courses/incarceration-prisons-suitable-punishment,University of Leeds,incarceration prisons suitable punishment,4.6,(164 reviews),2 weeks,4 hrs per week,Included in Unlimited,courses
https://www.futurelearn.com/courses/inclusive-education,Queensland University of Technology,inclusive education,4.8,(351 reviews),2 weeks,1 hr per week,Included in Unlimited,courses
https://www.futurelearn.com/courses/inclusive-education-exploring-send-practice-and-strategies,University of Leeds,inclusive education exploring send practice and strategies,4.8,(13 reviews),4 weeks,1 hr per week,Free digital upgrade,courses
https://www.futurelearn.com/courses/inclusive-learning-for-students-building-inclusive-practice-into-your-life-during-higher-education-and-beyond,University of York,inclusive learning for students building inclusive practice into your life during higher education and beyond,4.2,(6 reviews),3 weeks,4 hrs per week,Included in Unlimited,courses
https://www.futurelearn.com/courses/make-learning-more-inclusive-with-microsoft-accessibility-tools-sc,Tablet Academy,make learning more inclusive with microsoft accessibility tools sc,NA,NA,3 weeks,2 hrs per week,Included in Unlimited,courses
https://www.futurelearn.com/courses/make-learning-more-inclusive-with-microsoft-accessibility-tools,Tablet Academy,make learning more inclusive with microsoft accessibility tools,NA,NA,3 weeks,2 hrs per week,NA,courses
https://www.futurelearn.com/courses/inclusive-leadership-and-management-skills,CIPD - Chartered Institute of Personnel and Development,inclusive leadership and management skills,4.8,(64 reviews),4 weeks,3 hrs per week,Included in Unlimited,courses
https://www.futurelearn.com/courses/inclusive-mobility-for-an-ageing-population,RMIT University & EIT Urban Mobility,inclusive mobility for an ageing population,NA,NA,5 weeks,2 hrs per week,Included in Unlimited,courses
https://www.futurelearn.com/courses/infant-nutrition,Deakin University,infant nutrition,4.7,(87 reviews),2 weeks,3 hrs per week,Included in Unlimited,courses
https://www.futurelearn.com/courses/vulnerable-patient,BSAC,vulnerable patient,4.6,(7 reviews),2 weeks,2 hrs per week,Included in Unlimited,courses
https://www.futurelearn.com/courses/communicating-and-influencing-in-organisations,The University of Law & University of Law Business School,communicating and influencing in organisations,4.4,(96 reviews),3 weeks,3 hrs per week,Included in Unlimited,courses
https://www.futurelearn.com/courses/information-literacy-skills-for-researcher,Universiti Malaya,information literacy skills for researcher,NA,NA,5 weeks,2 hrs per week,Included in Unlimited,courses
https://www.futurelearn.com/courses/digital-security-policy-and-management-sc,Coventry University,digital security policy and management sc,NA,NA,2 weeks,5 hrs per week,Included in Unlimited,courses
https://www.futurelearn.com/courses/digital-security-policy-and-management-et,Coventry University,digital security policy and management et,NA,NA,2 weeks,5 hrs per week,NA,courses
https://www.futurelearn.com/courses/spanish-social-innovation-global-solutions-for-a-sustainable-future,Minca Ventures,spanish social innovation global solutions for a sustainable future,NA,NA,3 weeks,3 hrs per week,Included in Unlimited,courses
https://www.futurelearn.com/courses/innovation-and-entrepreneurship-for-a-new-business,The University of Adelaide,innovation and entrepreneurship for a new business,NA,NA,4 weeks,1 hr per week,Premium course,courses
https://www.futurelearn.com/courses/innovation-in-arable-farming,EIT Food & University of Reading,innovation in arable farming,4.4,(19 reviews),3 weeks,3 hrs per week,Included in Unlimited,courses
https://www.futurelearn.com/courses/fashion-innovation,University of Leeds,fashion innovation,4.6,(65 reviews),2 weeks,2 hrs per week,Included in Unlimited,courses
https://www.futurelearn.com/courses/developing-curiosity,FutureLearn,developing curiosity,4.8,(30 reviews),3 weeks,2 hrs per week,Included in Unlimited,courses
https://www.futurelearn.com/courses/engaging-adult-learners-with-active-learning,University of Padova & University of Georgia,engaging adult learners with active learning,4.5,(35 reviews),4 weeks,3 hrs per week,Included in Unlimited,courses
https://www.futurelearn.com/courses/innovative-therapies-and-personalised-medicine-for-rare-diseases,Foundation for Rare Diseases & European Joint Programme on Rare Diseases,innovative therapies and personalised medicine for rare diseases,NA,NA,5 weeks,4 hrs per week,Included in Unlimited,courses
https://www.futurelearn.com/courses/inside-cancer,University of Bath,inside cancer,4.8,(48 reviews),4 weeks,4 hrs per week,Included in Unlimited,courses
https://www.futurelearn.com/courses/inside-digital-higher-education-a-self-assessment-guide,Dublin City University,inside digital higher education a self assessment guide,4.6,(16 reviews),2 weeks,3 hrs per week,Free digital upgrade,courses
https://www.futurelearn.com/courses/inside-the-supreme-court,"Royal Holloway, University of London, The Supreme Court of The United Kingdom & Judicial Committee of The Privy Council",inside the supreme court,4.7,(53 reviews),2 weeks,4 hrs per week,Included in Unlimited,courses
https://www.futurelearn.com/courses/inspiring-women-leaders-an-introduction-to-purpose-driven-leadership,Nottingham Business School & Nottingham Trent University,inspiring women leaders an introduction to purpose driven leadership,NA,NA,3 weeks,2 hrs per week,Included in Unlimited,courses
https://www.futurelearn.com/courses/instagram-essentials-and-content-creation,Social Media College,instagram essentials and content creation,4.3,(22 reviews),2 weeks,4 hrs per week,Included in Unlimited,courses
https://www.futurelearn.com/courses/instructional-design-and-technology-for-the-society,Universiti Malaya,instructional design and technology for the society,4.3,(11 reviews),2 weeks,3 hrs per week,Included in Unlimited,courses
https://www.futurelearn.com/courses/children-with-developmental-disabilities,"London School of Hygiene & Tropical Medicine, International Centre for Evidence in Disability & Fundação Oswaldo Cruz (Fiocruz)",children with developmental disabilities,4.7,(56 reviews),3 weeks,4 hrs per week,Included in Unlimited,courses
https://www.futurelearn.com/courses/integrating-mental-and-physical-health-depression-and-anxiety,King's College London,integrating mental and physical health depression and anxiety,4.9,(295 reviews),3 weeks,2 hrs per week,Included in Unlimited,courses
https://www.futurelearn.com/courses/integrative-pain-management-chinese-medicine-and-western-medicine,HKU School of Professional and Continuing Education,integrative pain management chinese medicine and western medicine,4.7,(11 reviews),4 weeks,3 hrs per week,Included in Unlimited,courses
https://www.futurelearn.com/courses/intellectual-property-management-food,EIT Food & University of Warsaw,intellectual property management food,NA,NA,4 weeks,2 hrs per week,Included in Unlimited,courses
https://www.futurelearn.com/courses/intelligent-systems,University of York,intelligent systems,4.7,(13 reviews),3 weeks,4 hrs per week,Included in Unlimited,courses
https://www.futurelearn.com/courses/intercultural-communication,Shanghai International Studies University (SISU),intercultural communication,4.7,(93 reviews),5 weeks,4 hrs per week,Included in Unlimited,courses
https://www.futurelearn.com/courses/interdisciplinary-learning-working-across-disciplines,University of Leeds,interdisciplinary learning working across disciplines,4.6,(24 reviews),2 weeks,4 hrs per week,Included in Unlimited,courses
https://www.futurelearn.com/courses/interfaith-dialogue,European University Institute (EUI),interfaith dialogue,4,(25 reviews),3 weeks,3 hrs per week,Included in Unlimited,courses
https://www.futurelearn.com/courses/intermediate-and-advanced-javascript,Packt & FutureLearn,intermediate and advanced javascript,NA,NA,4 weeks,3 hrs per week,Premium course,courses
https://www.futurelearn.com/courses/french-intermediate-la-francophonie-worlds-of-french,The Open University,french intermediate la francophonie worlds of french,4.4,(11 reviews),4 weeks,4 hrs per week,NA,courses
https://www.futurelearn.com/courses/intermediate-french-2-travail-et-formation-jobs-and-training-,The Open University,intermediate french 2 travail et formation jobs and training ,NA,NA,4 weeks,4 hrs per week,NA,courses
https://www.futurelearn.com/courses/intermediate-french-2-culture-et-loisirs-culture-and-leisure-,The Open University,intermediate french 2 culture et loisirs culture and leisure ,NA,NA,4 weeks,4 hrs per week,NA,courses
https://www.futurelearn.com/courses/french-intermediate-la-francophonie-people-and-places,The Open University,french intermediate la francophonie people and places,4.5,(6 reviews),4 weeks,4 hrs per week,NA,courses
https://www.futurelearn.com/courses/french-intermediate-la-francophonie-traditions-and-celebrations,The Open University,french intermediate la francophonie traditions and celebrations,4.3,(8 reviews),4 weeks,4 hrs per week,NA,courses
https://www.futurelearn.com/courses/intermediate-french-2-trouver-un-poste-working-in-the-french-speaking-world-,The Open University,intermediate french 2 trouver un poste working in the french speaking world ,NA,NA,4 weeks,4 hrs per week,NA,courses
https://www.futurelearn.com/courses/intermediate-german-deutsch-im-kontext-l-nder-und-landschaften,The Open University,intermediate german deutsch im kontext l nder und landschaften,NA,NA,4 weeks,4 hrs per week,NA,courses
https://www.futurelearn.com/courses/intermediate-german-deutsch-im-kontext-feste-und-traditionen,The Open University,intermediate german deutsch im kontext feste und traditionen,NA,NA,4 weeks,4 hrs per week,NA,courses
https://www.futurelearn.com/courses/intermediate-german-deutsch-im-kontext-leute-und-leben,The Open University,intermediate german deutsch im kontext leute und leben,NA,NA,4 weeks,4 hrs per week,NA,courses
https://www.futurelearn.com/courses/intermediate-korean,Hanyang University,intermediate korean,4.6,(5 reviews),6 weeks,3 hrs per week,Included in Unlimited,courses
https://www.futurelearn.com/courses/intermediate-spanish-culture-and-leisure-in-the-spanish-speaking-world-cultural-heritage-and-popular-culture-in-the-worlds-of-spanish,The Open University,intermediate spanish culture and leisure in the spanish speaking world cultural heritage and popular culture in the worlds of spanish,NA,NA,4 weeks,4 hrs per week,NA,courses
https://www.futurelearn.com/courses/intermediate-spanish-culture-and-leisure-in-the-spanish-speaking-world-leisure-in-spain-and-latin-america,The Open University,intermediate spanish culture and leisure in the spanish speaking world leisure in spain and latin america,NA,NA,4 weeks,4 hrs per week,NA,courses
https://www.futurelearn.com/courses/intermediate-spanish-culture-and-leisure-in-the-spanish-speaking-worlds-contemporary-literature-cinema-and-the-visual-arts,The Open University,intermediate spanish culture and leisure in the spanish speaking worlds contemporary literature cinema and the visual arts,NA,NA,4 weeks,4 hrs per week,NA,courses
https://www.futurelearn.com/courses/intermediate-spanish-people-and-places-places-and-travel,The Open University,intermediate spanish people and places places and travel,NA,NA,4 weeks,4 hrs per week,NA,courses
https://www.futurelearn.com/courses/intermediate-spanish-people-and-places-spanish-for-education-and-work,The Open University,intermediate spanish people and places spanish for education and work,NA,NA,4 weeks,4 hrs per week,NA,courses
https://www.futurelearn.com/courses/intermediate-spanish-people-and-places-the-worlds-of-spanish,The Open University,intermediate spanish people and places the worlds of spanish,4.6,(5 reviews),4 weeks,4 hrs per week,NA,courses
https://www.futurelearn.com/courses/internal-analysis-sc,Coventry University,internal analysis sc,NA,NA,2 weeks,5 hrs per week,Included in Unlimited,courses
https://www.futurelearn.com/courses/internal-analysis-et,Coventry University,internal analysis et,NA,NA,2 weeks,5 hrs per week,NA,courses
https://www.futurelearn.com/courses/international-arbitration-frameworks-and-drafting-an-arbitration-agreement,College of Law,international arbitration frameworks and drafting an arbitration agreement,NA,NA,5 weeks,9 hrs per week,Included in Unlimited,courses
https://www.futurelearn.com/courses/international-arbitration-process-and-procedure,College of Law,international arbitration process and procedure,NA,NA,5 weeks,9 hrs per week,Included in Unlimited,courses
https://www.futurelearn.com/courses/introduction-to-international-human-resources-management,Coventry University,introduction to international human resources management,4.8,(127 reviews),2 weeks,3 hrs per week,Included in Unlimited,courses
https://www.futurelearn.com/courses/international-humanitarian-law-for-business,RMIT University & Australian Red Cross,international humanitarian law for business,NA,NA,4 weeks,3 hrs per week,Included in Unlimited,courses
https://www.futurelearn.com/courses/ethical-leadership-and-decision-making-sc,Coventry University,ethical leadership and decision making sc,NA,NA,2 weeks,5 hrs per week,Included in Unlimited,courses
https://www.futurelearn.com/courses/ethical-leadership-and-decision-making-et,Coventry University,ethical leadership and decision making et,NA,NA,2 weeks,5 hrs per week,NA,courses
https://www.futurelearn.com/courses/managing-culture-as-leaders-sc,Coventry University,managing culture as leaders sc,NA,NA,2 weeks,5 hrs per week,Included in Unlimited,courses
https://www.futurelearn.com/courses/managing-culture-as-leaders-et,Coventry University,managing culture as leaders et,NA,NA,2 weeks,5 hrs per week,NA,courses
https://www.futurelearn.com/courses/politics-and-philosophy-in-leadership-sc,Coventry University,politics and philosophy in leadership sc,NA,NA,2 weeks,5 hrs per week,Included in Unlimited,courses
https://www.futurelearn.com/courses/politics-and-philosophy-in-leadership,Coventry University,politics and philosophy in leadership,NA,NA,2 weeks,5 hrs per week,NA,courses
https://www.futurelearn.com/courses/reflective-practice-in-leadership-sc,Coventry University,reflective practice in leadership sc,NA,NA,2 weeks,5 hrs per week,Included in Unlimited,courses
https://www.futurelearn.com/courses/reflective-practice-in-leadership-et,Coventry University,reflective practice in leadership et,NA,NA,2 weeks,5 hrs per week,NA,courses
https://www.futurelearn.com/courses/the-evolution-of-management-and-leadership-theory,Coventry University,the evolution of management and leadership theory,NA,NA,2 weeks,5 hrs per week,NA,courses
https://www.futurelearn.com/courses/international-logistics-introduction-et,Coventry University,international logistics introduction et,NA,NA,2 weeks,5 hrs per week,NA,courses
https://www.futurelearn.com/courses/challenges-and-opportunities-in-international-marketing-sc,Coventry University,challenges and opportunities in international marketing sc,NA,NA,2 weeks,5 hrs per week,Included in Unlimited,courses
https://www.futurelearn.com/courses/challenges-and-opportunities-in-international-marketing-et,Coventry University,challenges and opportunities in international marketing et,NA,NA,2 weeks,5 hrs per week,NA,courses
https://www.futurelearn.com/courses/culture-in-international-marketing-sc,Coventry University,culture in international marketing sc,NA,NA,2 weeks,5 hrs per week,Included in Unlimited,courses
https://www.futurelearn.com/courses/culture-in-international-marketing-et,Coventry University,culture in international marketing et,NA,NA,2 weeks,5 hrs per week,NA,courses
https://www.futurelearn.com/courses/international-marketing-sc,Coventry University,international marketing sc,NA,NA,2 weeks,5 hrs per week,Included in Unlimited,courses
https://www.futurelearn.com/courses/international-marketing-et,Coventry University,international marketing et,NA,NA,2 weeks,5 hrs per week,NA,courses
https://www.futurelearn.com/courses/adaptation-and-standardisation-in-international-marketing-sc,Coventry University,adaptation and standardisation in international marketing sc,NA,NA,2 weeks,5 hrs per week,Included in Unlimited,courses
https://www.futurelearn.com/courses/adaptation-and-standardisation-in-international-marketing,Coventry University,adaptation and standardisation in international marketing,NA,NA,2 weeks,5 hrs per week,NA,courses
https://www.futurelearn.com/courses/selecting-and-entering-global-markets-sc,Coventry University,selecting and entering global markets sc,NA,NA,2 weeks,5 hrs per week,Included in Unlimited,courses
https://www.futurelearn.com/courses/selecting-and-entering-global-markets-et,Coventry University,selecting and entering global markets et,NA,NA,2 weeks,5 hrs per week,NA,courses
https://www.futurelearn.com/courses/internet-aging,Taipei Medical University,internet aging,3.6,(15 reviews),4 weeks,2 hrs per week,Included in Unlimited,courses
https://www.futurelearn.com/courses/interpreting-for-refugees,The University of Glasgow,interpreting for refugees,4.8,(160 reviews),3 weeks,4 hrs per week,Included in Unlimited,courses
https://www.futurelearn.com/courses/interpreting-genomic-variation-fundamental-principles,"St George's, University of London & CanGene CanVar",interpreting genomic variation fundamental principles,4.9,(36 reviews),3 weeks,4 hrs per week,Included in Unlimited,courses
https://www.futurelearn.com/courses/interpreting-genomic-variation-inherited-cancer-susceptibility,"St George's, University of London & CanGene CanVar",interpreting genomic variation inherited cancer susceptibility,4.9,(12 reviews),2 weeks,3 hrs per week,Included in Unlimited,courses
https://www.futurelearn.com/courses/interpreting-genomic-variation-overcoming-challenges-in-diverse-populations,Wellcome Connecting Science,interpreting genomic variation overcoming challenges in diverse populations,NA,NA,3 weeks,5 hrs per week,Free digital upgrade,courses
https://www.futurelearn.com/courses/interview-preparation-for-java-developers,Packt & FutureLearn,interview preparation for java developers,NA,NA,3 weeks,2 hrs per week,Premium course,courses
https://www.futurelearn.com/courses/interview-skills-for-university-nursing-programme-applicants,UEA (University of East Anglia),interview skills for university nursing programme applicants,NA,NA,2 weeks,3 hrs per week,Included in Unlimited,courses
https://www.futurelearn.com/courses/intravenous-oral-switch,BSAC,intravenous oral switch,4.8,(14 reviews),4 weeks,3 hrs per week,Included in Unlimited,courses
https://www.futurelearn.com/courses/introduccion-a-la-microbiologia-practica,BSAC,introduccion a la microbiologia practica,NA,NA,4 weeks,2 hrs per week,Included in Unlimited,courses
https://www.futurelearn.com/courses/introducing-personal-lines-insurance,Chartered Insurance Institute,introducing personal lines insurance,4.7,(21 reviews),4 weeks,2 hrs per week,Included in Unlimited,courses
https://www.futurelearn.com/courses/introduction-to-3d-for-screen-production,Australian Film Television and Radio School (AFTRS),introduction to 3d for screen production,NA,NA,2 weeks,1 hr per week,Included in Unlimited,courses
https://www.futurelearn.com/courses/5g-and-wireless-communication-for-beginners,Packt & FutureLearn,5g and wireless communication for beginners,NA,NA,2 weeks,2 hrs per week,Premium course,courses
https://www.futurelearn.com/courses/introduction-to-acting-principles-and-challenges,Luleå University of Technology,introduction to acting principles and challenges,4.7,(34 reviews),3 weeks,4 hrs per week,Included in Unlimited,courses
https://www.futurelearn.com/courses/introduction-to-acute-respiratory-failure,The University of Glasgow,introduction to acute respiratory failure,NA,NA,3 weeks,4 hrs per week,Included in Unlimited,courses
https://www.futurelearn.com/courses/agile-delivery-course,FutureLearn,agile delivery course,4.2,(26 reviews),4 weeks,3 hrs per week,Included in Unlimited,courses
https://www.futurelearn.com/courses/introduction-to-ai-applications-in-pulmonary-medicine,Taipei Medical University,introduction to ai applications in pulmonary medicine,NA,NA,4 weeks,2 hrs per week,Included in Unlimited,courses
https://www.futurelearn.com/courses/introduction-to-anatomy,Charles Sturt University,introduction to anatomy,4.8,(212 reviews),3 weeks,4 hrs per week,Included in Unlimited,courses
https://www.futurelearn.com/courses/intro-application-robotic-tools,Luleå University of Technology,intro application robotic tools,NA,NA,2 weeks,4 hrs per week,Included in Unlimited,courses
https://www.futurelearn.com/courses/introduction-to-applied-leadership-and-self-development-the-fundamental-tools,The Association of Corporate Treasurers,introduction to applied leadership and self development the fundamental tools,4.2,(6 reviews),4 weeks,4 hrs per week,Included in Unlimited,courses
https://www.futurelearn.com/courses/introduction-to-applied-linguistics,University of Leicester,introduction to applied linguistics,4.8,(273 reviews),6 weeks,3 hrs per week,Included in Unlimited,courses
https://www.futurelearn.com/courses/introduction-to-ai,"CloudSwyft Global Systems, Inc.",introduction to ai,NA,NA,3 weeks,6 hrs per week,NA,courses
https://www.futurelearn.com/courses/introduction-to-automated-testing-solutions-using-python-and-selenium-webdriver,Packt & FutureLearn,introduction to automated testing solutions using python and selenium webdriver,NA,NA,3 weeks,4 hrs per week,Premium course,courses
https://www.futurelearn.com/courses/aviation-big-data-applications,HKU School of Professional and Continuing Education,aviation big data applications,NA,NA,4 weeks,2 hrs per week,Included in Unlimited,courses
https://www.futurelearn.com/courses/introduction-to-bash-script-automation,Packt & FutureLearn,introduction to bash script automation,NA,NA,5 weeks,3 hrs per week,Premium course,courses
https://www.futurelearn.com/courses/introduction-to-behaviour-change-concepts-history-and-global-impacts-,Aberystwyth University,introduction to behaviour change concepts history and global impacts ,NA,NA,4 weeks,4 hrs per week,Included in Unlimited,courses
https://www.futurelearn.com/courses/introduction-to-behavioural-activation-for-depression,University of York,introduction to behavioural activation for depression,4.6,(82 reviews),3 weeks,4 hrs per week,Included in Unlimited,courses
https://www.futurelearn.com/courses/behavioural-economics-employee-and-customer-behaviour-sc,FutureLearn,behavioural economics employee and customer behaviour sc,NA,NA,3 weeks,2 hrs per week,Included in Unlimited,courses
https://www.futurelearn.com/courses/introduction-to-big-data-analytics-with-hadoop,Packt & FutureLearn,introduction to big data analytics with hadoop,NA,NA,3 weeks,2 hrs per week,Premium course,courses
https://www.futurelearn.com/courses/big-data-aligning-strategy-analytics-and-operations1,Nottingham Business School,big data aligning strategy analytics and operations1,NA,NA,3 weeks,2 hrs per week,Included in Unlimited,courses
https://www.futurelearn.com/courses/introduction-to-biosafety-for-modern-biotechnology,Universiti Malaya,introduction to biosafety for modern biotechnology,NA,NA,2 weeks,2 hrs per week,Included in Unlimited,courses
https://www.futurelearn.com/courses/introduction-to-blockchain-for-business,The University of Adelaide,introduction to blockchain for business,NA,NA,3 weeks,2 hrs per week,Premium course,courses
https://www.futurelearn.com/courses/introduction-to-blockchain-dlt,UCL (University College London) & UCL Centre for Blockchain Technologies,introduction to blockchain dlt,4.7,(34 reviews),4 weeks,2 hrs per week,Included in Unlimited,courses
https://www.futurelearn.com/courses/an-introduction-to-breast-feeding-for-medical-students,The University of Glasgow & Unicef UK Baby Friendly Initiative,an introduction to breast feeding for medical students,4.7,(34 reviews),1 week,3 hrs per week,Included in Unlimited,courses
https://www.futurelearn.com/courses/introduction-to-business-improvement,Lean 6 Services,introduction to business improvement,4.3,(31 reviews),3 weeks,2 hrs per week,Included in Unlimited,courses
https://www.futurelearn.com/courses/introduction-business-intelligence-data-analytics,BoxPlay & FutureLearn,introduction business intelligence data analytics,4.7,(14 reviews),1 week,3 hrs per week,Included in Unlimited,courses
https://www.futurelearn.com/courses/introduction-to-business-law,Sentinel|9 & FutureLearn,introduction to business law,NA,NA,4 weeks,3 hrs per week,Premium course,courses
https://www.futurelearn.com/courses/introduction-to-business-management,King's College London,introduction to business management,4.8,(1889 reviews),4 weeks,4 hrs per week,Included in Unlimited,courses
https://www.futurelearn.com/courses/introduction-careers-in-fashion-design,Bloomsbury Publishing & FutureLearn,introduction careers in fashion design,NA,NA,3 weeks,2 hrs per week,Premium course,courses
https://www.futurelearn.com/courses/introduction-to-climate-justice-and-equity,The University of Glasgow,introduction to climate justice and equity,NA,NA,4 weeks,3 hrs per week,Included in Unlimited,courses
https://www.futurelearn.com/courses/an-introduction-to-cognitive-psychology-as-an-experimental-science,University of York,an introduction to cognitive psychology as an experimental science,4.5,(196 reviews),3 weeks,4 hrs per week,Included in Unlimited,courses
https://www.futurelearn.com/courses/introduction-to-comparative-indo-european-linguistics,Leiden University,introduction to comparative indo european linguistics,4.5,(52 reviews),8 weeks,4 hrs per week,Included in Unlimited,courses
https://www.futurelearn.com/courses/introduction-to-content-design,Government Campus UK,introduction to content design,4.6,(225 reviews),4 weeks,5 hrs per week,Included in Unlimited,courses
https://www.futurelearn.com/courses/introduction-to-conversational-interfaces,UAL Creative Computing Institute & Institute of Coding,introduction to conversational interfaces,4.7,(53 reviews),2 weeks,2 hrs per week,Included in Unlimited,courses
https://www.futurelearn.com/courses/introduction-to-corporate-treasury,The Association of Corporate Treasurers,introduction to corporate treasury,NA,NA,4 weeks,4 hrs per week,Included in Unlimited,courses
https://www.futurelearn.com/courses/introduction-to-creative-ai,UAL Creative Computing Institute & Institute of Coding,introduction to creative ai,4.6,(158 reviews),2 weeks,2 hrs per week,Included in Unlimited,courses
https://www.futurelearn.com/courses/criminology-and-crime,University of Hull,criminology and crime,4.3,(64 reviews),3 weeks,3 hrs per week,Included in Unlimited,courses
https://www.futurelearn.com/courses/critical-care,The University of Glasgow,critical care,4.8,(106 reviews),3 weeks,4 hrs per week,Included in Unlimited,courses
https://www.futurelearn.com/courses/introduction-to-cultural-intelligence,The University of Adelaide,introduction to cultural intelligence,4.3,(7 reviews),4 weeks,2 hrs per week,Premium course,courses
https://www.futurelearn.com/courses/introduction-to-cyber-security,The Open University,introduction to cyber security,4.7,(517 reviews),8 weeks,3 hrs per week,Included in Unlimited,courses
https://www.futurelearn.com/courses/introduction-to-daos-decentralised-autonomous-organisations,"RMIT University, RMIT Blockchain Innovation Hub & RMIT University Digital3",introduction to daos decentralised autonomous organisations,NA,NA,4 weeks,3 hrs per week,Included in Unlimited,courses
https://www.futurelearn.com/courses/cloudswyft-msft-da-practical-introduction-forab,"CloudSwyft Global Systems, Inc.",cloudswyft msft da practical introduction forab,3.4,(13 reviews),3 weeks,5 hrs per week,NA,courses
https://www.futurelearn.com/courses/introduction-to-data-analytics-for-investment,Sungkyunkwan University (SKKU),introduction to data analytics for investment,NA,NA,4 weeks,4 hrs per week,Included in Unlimited,courses
https://www.futurelearn.com/courses/introduction-to-data-analytics-with-python,FutureLearn,introduction to data analytics with python,4.4,(29 reviews),4 weeks,3 hrs per week,Included in Unlimited,courses
https://www.futurelearn.com/courses/azure-for-data-engineer,FutureLearn,azure for data engineer,NA,NA,6 weeks,4 hrs per week,Included in Unlimited,courses
https://www.futurelearn.com/courses/azure-data-for-engineer-part-2,FutureLearn,azure data for engineer part 2,NA,NA,6 weeks,4 hrs per week,Included in Unlimited,courses
https://www.futurelearn.com/courses/introduction-to-data-science-for-business,FutureLearn,introduction to data science for business,NA,NA,4 weeks,3 hrs per week,Included in Unlimited,courses
https://www.futurelearn.com/courses/data-science-for-educators,"University of California, Riverside",data science for educators,3.7,(6 reviews),8 weeks,2 hrs per week,Included in Unlimited,courses
https://www.futurelearn.com/courses/introduction-to-data-science-for-healthcare-professionals,King's College London,introduction to data science for healthcare professionals,NA,NA,4 weeks,2 hrs per week,Included in Unlimited,courses
https://www.futurelearn.com/courses/cloudswyft-introduction-to-data-science-et,"CloudSwyft Global Systems, Inc.",cloudswyft introduction to data science et,NA,NA,2 weeks,5 hrs per week,NA,courses
https://www.futurelearn.com/courses/introduction-to-digital-education,Universiti Malaya,introduction to digital education,NA,NA,3 weeks,2 hrs per week,Included in Unlimited,courses
https://www.futurelearn.com/courses/introduction-to-digital-fashion-design-skills,University for the Creative Arts,introduction to digital fashion design skills,NA,NA,5 weeks,4 hrs per week,Included in Unlimited,courses
https://www.futurelearn.com/courses/digital-transformation-e-commerce,Coventry University,digital transformation e commerce,3.9,(16 reviews),2 weeks,3 hrs per week,Included in Unlimited,courses
https://www.futurelearn.com/courses/introduction-to-digital-transformation-digital-transformation-in-perspective,The Open University & Target Internet,introduction to digital transformation digital transformation in perspective,NA,NA,2 weeks,4 hrs per week,NA,courses
https://www.futurelearn.com/courses/introduction-to-digital-transformation-planning-transformation-journey,The Open University & Target Internet,introduction to digital transformation planning transformation journey,NA,NA,2 weeks,4 hrs per week,NA,courses
https://www.futurelearn.com/courses/introduction-to-digital-transformation-the-digital-capability-benchmark,The Open University & Target Internet,introduction to digital transformation the digital capability benchmark,NA,NA,2 weeks,5 hrs per week,NA,courses
https://www.futurelearn.com/courses/introduction-to-digital-transformation-transformation-insights-and-case-studies,The Open University & Target Internet,introduction to digital transformation transformation insights and case studies,NA,NA,2 weeks,5 hrs per week,NA,courses
https://www.futurelearn.com/courses/dutch,University of Groningen,dutch,4.8,(446 reviews),3 weeks,3 hrs per week,Included in Unlimited,courses
https://www.futurelearn.com/courses/introduction-to-emerging-technologies-in-a-professional-kitchen,International Culinary Studio,introduction to emerging technologies in a professional kitchen,NA,NA,2 weeks,3 hrs per week,Premium course,courses
https://www.futurelearn.com/courses/introduction-to-environmental-cost-benefit-analysis,Deakin University,introduction to environmental cost benefit analysis,NA,NA,2 weeks,3 hrs per week,Included in Unlimited,courses
https://www.futurelearn.com/courses/charting-and-data-visualization-in-excel-sc,The Excel Club,charting and data visualization in excel sc,NA,NA,4 weeks,2 hrs per week,Included in Unlimited,courses
https://www.futurelearn.com/courses/charting-and-data-visualization-in-excel,The Excel Club,charting and data visualization in excel,4.5,(6 reviews),4 weeks,2 hrs per week,NA,courses
https://www.futurelearn.com/courses/family-takaful-for-beginners,INCEIF,family takaful for beginners,NA,NA,3 weeks,1 hr per week,Included in Unlimited,courses
https://www.futurelearn.com/courses/introduction-fashion-brand-marketing-retailing,"Bloomsbury Publishing, Fairchild Books & FutureLearn",introduction fashion brand marketing retailing,NA,NA,2 weeks,2 hrs per week,Premium course,courses
https://www.futurelearn.com/courses/introduction-fashion-marketing-research,"Bloomsbury Publishing, Fairchild Books & FutureLearn",introduction fashion marketing research,NA,NA,2 weeks,2 hrs per week,Premium course,courses
https://www.futurelearn.com/courses/introduction-to-financial-accounting,University of Padova,introduction to financial accounting,4,(5 reviews),4 weeks,4 hrs per week,Included in Unlimited,courses
https://www.futurelearn.com/courses/introduction-to-fintech-and-financial-innovation-1,Nottingham Business School & Nottingham Trent University,introduction to fintech and financial innovation 1,NA,NA,3 weeks,2 hrs per week,Included in Unlimited,courses
https://www.futurelearn.com/courses/an-introduction-to-food-science,EIT Food & Queen's University Belfast,an introduction to food science,4.6,(81 reviews),4 weeks,4 hrs per week,Included in Unlimited,courses
https://www.futurelearn.com/courses/food-history-and-trends,Ferrandi Paris,food history and trends,NA,NA,2 weeks,1 hr per week,Included in Unlimited,courses
https://www.futurelearn.com/courses/introduction-to-forecasting-in-business,Deakin University,introduction to forecasting in business,3.8,(5 reviews),1 week,3 hrs per week,Included in Unlimited,courses
https://www.futurelearn.com/courses/introduction-to-freehand-drawing-and-sketching-for-architecture-and-design,University for the Creative Arts,introduction to freehand drawing and sketching for architecture and design,4.8,(27 reviews),3 weeks,2 hrs per week,Included in Unlimited,courses
https://www.futurelearn.com/courses/frisian,University of Groningen,frisian,4.7,(41 reviews),3 weeks,3 hrs per week,Included in Unlimited,courses
https://www.futurelearn.com/courses/introduction-to-haccp,International Culinary Studio,introduction to haccp,4.5,(8 reviews),2 weeks,6 hrs per week,Premium course,courses
https://www.futurelearn.com/courses/law-for-allied-health,College of Law,law for allied health,4.7,(19 reviews),4 weeks,3 hrs per week,Included in Unlimited,courses
https://www.futurelearn.com/courses/introduction-to-health-psychology,University of Padova,introduction to health psychology,5,(16 reviews),4 weeks,3 hrs per week,Included in Unlimited,courses
https://www.futurelearn.com/courses/health-research-ethics,Universiti Malaya,health research ethics,4.9,(51 reviews),3 weeks,3 hrs per week,Included in Unlimited,courses
https://www.futurelearn.com/courses/health-technology-assessment,The University of Glasgow,health technology assessment,4.7,(16 reviews),3 weeks,4 hrs per week,Included in Unlimited,courses
https://www.futurelearn.com/courses/introduction-to-healthcare-management,Taipei Medical University,introduction to healthcare management,NA,NA,6 weeks,2 hrs per week,Included in Unlimited,courses
https://www.futurelearn.com/courses/introduction-to-home-ownership-and-mortgages,Chartered Insurance Institute,introduction to home ownership and mortgages,4.8,(5 reviews),4 weeks,2 hrs per week,Included in Unlimited,courses
https://www.futurelearn.com/courses/disaster-management,Deakin University,disaster management,4.7,(42 reviews),2 weeks,3 hrs per week,Included in Unlimited,courses
https://www.futurelearn.com/courses/humanitarian-logistics,Hanken School of Economics,humanitarian logistics,4.6,(60 reviews),2 weeks,3 hrs per week,Included in Unlimited,courses
https://www.futurelearn.com/courses/an-introduction-to-hyflex-learning-and-teaching,University of Southern Queensland,an introduction to hyflex learning and teaching,NA,NA,4 weeks,3 hrs per week,Included in Unlimited,courses
https://www.futurelearn.com/courses/introduction-to-image-analysis-for-plant-phenotyping,The University of Nottingham & University of Lincoln,introduction to image analysis for plant phenotyping,NA,NA,6 weeks,3 hrs per week,Included in Unlimited,courses
https://www.futurelearn.com/courses/introduction-to-indie-games,UAL Creative Computing Institute & Institute of Coding,introduction to indie games,4.8,(31 reviews),2 weeks,2 hrs per week,Included in Unlimited,courses
https://www.futurelearn.com/courses/introduction-to-information-security-management,Universiti Malaya,introduction to information security management,NA,NA,2 weeks,2 hrs per week,Included in Unlimited,courses
https://www.futurelearn.com/courses/an-introduction-to-legal-innovation-technology,The University of Law,an introduction to legal innovation technology,4.7,(33 reviews),3 weeks,1 hr per week,Included in Unlimited,courses
https://www.futurelearn.com/courses/intercultural-studies-crossing-borders,University of Leeds,intercultural studies crossing borders,4.5,(27 reviews),2 weeks,5 hrs per week,Included in Unlimited,courses
https://www.futurelearn.com/courses/intercultural-studies-concept-culture,University of Leeds,intercultural studies concept culture,4.5,(48 reviews),2 weeks,5 hrs per week,Included in Unlimited,courses
https://www.futurelearn.com/courses/intercultural-studies-contact,University of Leeds,intercultural studies contact,4.6,(18 reviews),2 weeks,5 hrs per week,Included in Unlimited,courses
https://www.futurelearn.com/courses/intercultural-studies-language-culture,University of Leeds,intercultural studies language culture,4.6,(71 reviews),2 weeks,5 hrs per week,Included in Unlimited,courses
https://www.futurelearn.com/courses/intercultural-studies-branding-culture,University of Leeds,intercultural studies branding culture,4.4,(14 reviews),2 weeks,5 hrs per week,Included in Unlimited,courses
https://www.futurelearn.com/courses/introduction-to-javascript-1,Packt & FutureLearn,introduction to javascript 1,NA,NA,4 weeks,3 hrs per week,Premium course,courses
https://www.futurelearn.com/courses/exploring-journalism-and-reporting-sc,The University of Kent,exploring journalism and reporting sc,4.7,(7 reviews),4 weeks,2 hrs per week,Included in Unlimited,courses
https://www.futurelearn.com/courses/exploring-journalism-and-reporting,The University of Kent,exploring journalism and reporting,3.2,(5 reviews),4 weeks,2 hrs per week,NA,courses
https://www.futurelearn.com/courses/introduction-to-korean,Hanyang University,introduction to korean,4.6,(89 reviews),6 weeks,3 hrs per week,Included in Unlimited,courses
https://www.futurelearn.com/courses/what-is-korean-philosophy,Sungkyunkwan University (SKKU),what is korean philosophy,4.6,(67 reviews),4 weeks,2 hrs per week,Included in Unlimited,courses
https://www.futurelearn.com/courses/introduction-to-korean-2,Hanyang University,introduction to korean 2,4.7,(33 reviews),6 weeks,3 hrs per week,Included in Unlimited,courses
https://www.futurelearn.com/courses/introduction-to-lasers,Taipei Medical University,introduction to lasers,NA,NA,4 weeks,1 hr per week,Included in Unlimited,courses
https://www.futurelearn.com/courses/introduction-to-leadership-for-personalised-care,Leadership for Personalised Care,introduction to leadership for personalised care,NA,NA,3 weeks,2 hrs per week,Included in Unlimited,courses
https://www.futurelearn.com/courses/introduction-to-maintenance-engineering,Luleå University of Technology,introduction to maintenance engineering,4.5,(6 reviews),3 weeks,10 hrs per week,Included in Unlimited,courses
https://www.futurelearn.com/courses/mathematical-methods-for-science-at-university,The University of Nottingham,mathematical methods for science at university,4.6,(14 reviews),2 weeks,4 hrs per week,Included in Unlimited,courses
https://www.futurelearn.com/courses/introduction-to-medical-cannabis-seed-to-sale,The University of the West Indies,introduction to medical cannabis seed to sale,3.9,(12 reviews),2 weeks,3 hrs per week,Included in Unlimited,courses
https://www.futurelearn.com/courses/introduction-to-menu-engineering,International Culinary Studio,introduction to menu engineering,NA,NA,2 weeks,3 hrs per week,Premium course,courses
https://www.futurelearn.com/courses/general-introduction-to-metal-additive-manufacturing,EIT RawMaterials & KU Leuven,general introduction to metal additive manufacturing,4.5,(24 reviews),3 weeks,1 hr per week,Included in Unlimited,courses
https://www.futurelearn.com/courses/ms-azure-ai-fundamentals,FutureLearn,ms azure ai fundamentals,NA,NA,5 weeks,4 hrs per week,Included in Unlimited,courses
https://www.futurelearn.com/courses/ms-azure-fundamentals,FutureLearn,ms azure fundamentals,NA,NA,5 weeks,4 hrs per week,Included in Unlimited,courses
https://www.futurelearn.com/courses/introduction-to-microsoft-power-platform-for-business,FutureLearn,introduction to microsoft power platform for business,4.5,(6 reviews),4 weeks,3 hrs per week,Included in Unlimited,courses
https://www.futurelearn.com/courses/introduction-to-modern-art,Taipei Medical University,introduction to modern art,2.5,(11 reviews),6 weeks,2 hrs per week,Included in Unlimited,courses
https://www.futurelearn.com/courses/network-defence-management-overview-et,Coventry University,network defence management overview et,NA,NA,2 weeks,5 hrs per week,NA,courses
https://www.futurelearn.com/courses/introduction-to-networking-basics-with-ccna,Packt & FutureLearn,introduction to networking basics with ccna,NA,NA,3 weeks,3 hrs per week,Premium course,courses
https://www.futurelearn.com/courses/nursing-the-application-of-bioscience-psychology-and-sociology,University of York,nursing the application of bioscience psychology and sociology,4.8,(81 reviews),3 weeks,4 hrs per week,Included in Unlimited,courses
https://www.futurelearn.com/courses/nursing,King's College London,nursing,4.9,(244 reviews),4 weeks,3 hrs per week,Included in Unlimited,courses
https://www.futurelearn.com/courses/nutrition-food-safety,Taipei Medical University,nutrition food safety,4.4,(45 reviews),4 weeks,2 hrs per week,Included in Unlimited,courses
https://www.futurelearn.com/courses/introduction-to-nutritional-psychiatry-nutri-psyche-,"Deakin University, Food & Mood Centre  & The Royal Australian and New Zealand College of Psychiatrists",introduction to nutritional psychiatry nutri psyche ,4.8,(5 reviews),3 weeks,7 hrs per week,Premium course,courses
https://www.futurelearn.com/courses/introduction-to-offshore-wind-energy,"University of Bergen, NORCE & HVL",introduction to offshore wind energy,4.8,(5 reviews),6 weeks,5 hrs per week,Included in Unlimited,courses
https://www.futurelearn.com/courses/essential-elements-od,NHS Employers,essential elements od,4.7,(26 reviews),3 weeks,2 hrs per week,Included in Unlimited,courses
https://www.futurelearn.com/courses/introduction-to-personal-financial-planning,Chartered Insurance Institute,introduction to personal financial planning,4.5,(15 reviews),4 weeks,2 hrs per week,Included in Unlimited,courses
https://www.futurelearn.com/courses/putting-phenomenology-into-use-introduction-to-phenomenology-and-its-application-to-qualitative-research,The Open University & University of Southern Denmark,putting phenomenology into use introduction to phenomenology and its application to qualitative research,4.1,(15 reviews),4 weeks,3 hrs per week,Included in Unlimited,courses
https://www.futurelearn.com/courses/introduction-to-photography-basics,British Academy of Photography,introduction to photography basics,4.4,(89 reviews),4 weeks,2 hrs per week,Included in Unlimited,courses
https://www.futurelearn.com/courses/an-introduction-to-physical-computing,Lancaster University & Institute of Coding,an introduction to physical computing,4.7,(147 reviews),2 weeks,2 hrs per week,Free digital upgrade,courses
https://www.futurelearn.com/courses/plant-phenotyping-technologies,The University of Nottingham & University of Lincoln,plant phenotyping technologies,NA,NA,4 weeks,1 hr per week,Included in Unlimited,courses
https://www.futurelearn.com/courses/basic-concepts-in-microbiology-and-clinical-pharmacology-of-antimicrobials,BSAC,basic concepts in microbiology and clinical pharmacology of antimicrobials,4.6,(50 reviews),4 weeks,2 hrs per week,Included in Unlimited,courses
https://www.futurelearn.com/courses/introduction-to-predictive-modelling,Deakin University,introduction to predictive modelling,NA,NA,2 weeks,3 hrs per week,Included in Unlimited,courses
https://www.futurelearn.com/courses/production-design,Australian Film Television and Radio School (AFTRS),production design,4.8,(189 reviews),3 weeks,2 hrs per week,Included in Unlimited,courses
https://www.futurelearn.com/courses/introduction-to-programming-with-python-fourth-rev-,FutureLearn,introduction to programming with python fourth rev ,4.5,(22 reviews),4 weeks,3 hrs per week,Included in Unlimited,courses
https://www.futurelearn.com/courses/introduction-to-quantum-computing,UCL (University College London),introduction to quantum computing,NA,NA,2 weeks,5 hrs per week,Premium course,courses
https://www.futurelearn.com/courses/randomised-controlled-trials,University of Birmingham,randomised controlled trials,4.8,(32 reviews),3 weeks,4 hrs per week,Included in Unlimited,courses
https://www.futurelearn.com/courses/research-ethics-an-introduction,University of Leeds,research ethics an introduction,4.7,(119 reviews),2 weeks,4 hrs per week,Included in Unlimited,courses
https://www.futurelearn.com/courses/introduction-to-shariah-governance,INCEIF,introduction to shariah governance,NA,NA,3 weeks,1 hr per week,Included in Unlimited,courses
https://www.futurelearn.com/courses/introduction-to-sharks,Taipei Medical University,introduction to sharks,NA,NA,6 weeks,2 hrs per week,Included in Unlimited,courses
https://www.futurelearn.com/courses/introduction-to-short-term-islamic-liquidity-management-instruments,INCEIF,introduction to short term islamic liquidity management instruments,NA,NA,5 weeks,4 hrs per week,Included in Unlimited,courses
https://www.futurelearn.com/courses/introduction-to-social-care-understanding-informal-care,The Open University,introduction to social care understanding informal care,NA,NA,4 weeks,4 hrs per week,NA,courses
https://www.futurelearn.com/courses/introduction-to-social-care-what-is-social-care,The Open University,introduction to social care what is social care,NA,NA,4 weeks,4 hrs per week,NA,courses
https://www.futurelearn.com/courses/introduction-to-social-care-working-in-social-care,The Open University,introduction to social care working in social care,NA,NA,4 weeks,4 hrs per week,NA,courses
https://www.futurelearn.com/courses/introduction-to-sport-health-and-exercise-sciences-at-university,University of Hull,introduction to sport health and exercise sciences at university,4.4,(8 reviews),1 week,2 hrs per week,Included in Unlimited,courses
https://www.futurelearn.com/courses/introduction-to-statistics-without-maths-basic-inferential-statistics,University of Lincoln,introduction to statistics without maths basic inferential statistics,NA,NA,2 weeks,4 hrs per week,Included in Unlimited,courses
https://www.futurelearn.com/courses/introduction-to-statistics-without-maths,University of Lincoln,introduction to statistics without maths,NA,NA,2 weeks,3 hrs per week,Included in Unlimited,courses
https://www.futurelearn.com/courses/international-foundation-programme-in-business-the-first-step-towards-your-future-successful-career,The University of Law,international foundation programme in business the first step towards your future successful career,NA,NA,3 weeks,2 hrs per week,Included in Unlimited,courses
https://www.futurelearn.com/courses/international-foundation-programme-in-law-the-first-step-towards-your-future-successful-career,The University of Law,international foundation programme in law the first step towards your future successful career,4.2,(37 reviews),3 weeks,2 hrs per week,Included in Unlimited,courses
https://www.futurelearn.com/courses/introduction-sustainability-development,Deakin University,introduction sustainability development,4.7,(291 reviews),2 weeks,3 hrs per week,Included in Unlimited,courses
https://www.futurelearn.com/courses/society-and-bioeconomy,University of Padova,society and bioeconomy,4.5,(15 reviews),3 weeks,3 hrs per week,Included in Unlimited,courses
https://www.futurelearn.com/courses/sustainable-practices-in-food-service,International Culinary Studio,sustainable practices in food service,4.7,(11 reviews),2 weeks,1 hr per week,Premium course,courses
https://www.futurelearn.com/courses/introduction-to-teaching-creative-writing,Manchester Metropolitan University & Manchester Poetry Library,introduction to teaching creative writing,3.7,(12 reviews),3 weeks,3 hrs per week,Included in Unlimited,courses
https://www.futurelearn.com/courses/teaching-sustainability-climate-action-in-schools,The University of Glasgow,teaching sustainability climate action in schools,4.6,(10 reviews),4 weeks,3 hrs per week,Included in Unlimited,courses
https://www.futurelearn.com/courses/introduction-to-technology-assisted-decision-making,"University of Leeds, Click Start & Institute of Coding",introduction to technology assisted decision making,NA,NA,2 weeks,3 hrs per week,Free digital upgrade,courses
https://www.futurelearn.com/courses/introduction-to-chinese-language,Universiti Malaya,introduction to chinese language,4.7,(10 reviews),3 weeks,3 hrs per week,Included in Unlimited,courses
https://www.futurelearn.com/courses/introduction-to-the-learning-through-play-experience-tool,The LEGO Foundation,introduction to the learning through play experience tool,4.7,(44 reviews),3 weeks,1 hr per week,Free digital upgrade,courses
https://www.futurelearn.com/courses/introduction-to-the-rule-of-law,The University of Law & Courts and Tribunals Judiciary,introduction to the rule of law,4.4,(22 reviews),3 weeks,4 hrs per week,Included in Unlimited,courses
https://www.futurelearn.com/courses/passport,The Global Travel and Tourism Partnership (GTTP),passport,4.7,(52 reviews),8 weeks,2 hrs per week,Included in Unlimited,courses
https://www.futurelearn.com/courses/introduction-to-the-un-sustainable-development-goals,Chung Yuan Christian University (CYCU),introduction to the un sustainable development goals,NA,NA,6 weeks,2 hrs per week,Included in Unlimited,courses
https://www.futurelearn.com/courses/introduction-to-thermodynamics,University of Hull,introduction to thermodynamics,4.4,(41 reviews),3 weeks,3 hrs per week,Included in Unlimited,courses
https://www.futurelearn.com/courses/introduction-tools-for-robotics,Luleå University of Technology,introduction tools for robotics,NA,NA,3 weeks,4 hrs per week,Included in Unlimited,courses
https://www.futurelearn.com/courses/translational-research,Taipei Medical University,translational research,5,(6 reviews),6 weeks,2 hrs per week,Included in Unlimited,courses
https://www.futurelearn.com/courses/introduction-to-using-intravenous-anaesthesia-tiva,LKS Faculty of Medicine Hong Kong University,introduction to using intravenous anaesthesia tiva,4.4,(20 reviews),7 weeks,2 hrs per week,Included in Unlimited,courses
https://www.futurelearn.com/courses/introduction-to-ux-and-accessible-design,UAL Creative Computing Institute & Institute of Coding,introduction to ux and accessible design,4.7,(104 reviews),2 weeks,2 hrs per week,Included in Unlimited,courses
https://www.futurelearn.com/courses/user-experience-design,FutureLearn,user experience design,4.6,(8 reviews),4 weeks,3 hrs per week,Included in Unlimited,courses
https://www.futurelearn.com/courses/introduction-to-virtual-reality,Lancaster University & Institute of Coding,introduction to virtual reality,4.8,(184 reviews),2 weeks,2 hrs per week,Free digital upgrade,courses
https://www.futurelearn.com/courses/introduction-to-writing-fiction,University of Lincoln,introduction to writing fiction,4.7,(27 reviews),4 weeks,3 hrs per week,Included in Unlimited,courses
https://www.futurelearn.com/courses/inventory-management-and-economic-ordering-et,Coventry University,inventory management and economic ordering et,NA,NA,2 weeks,5 hrs per week,NA,courses
https://www.futurelearn.com/courses/investigating-innovation,Deakin University & Coventry University,investigating innovation,4.8,(48 reviews),2 weeks,3 hrs per week,Included in Unlimited,courses
https://www.futurelearn.com/courses/invitation-to-ex-noguchi-room-e,Keio University,invitation to ex noguchi room e,4.9,(7 reviews),2 weeks,3 hrs per week,Included in Unlimited,courses
https://www.futurelearn.com/courses/invitation-to-ex-noguchi-room-preservation-and-utilization-of-cultural-property-in-university,Keio University,invitation to ex noguchi room preservation and utilization of cultural property in university,NA,NA,2 weeks,3 hrs per week,Included in Unlimited,courses
https://www.futurelearn.com/courses/irish-language,Dublin City University,irish language,4.8,(258 reviews),4 weeks,4 hrs per week,Included in Unlimited,courses
https://www.futurelearn.com/courses/irish-language-2,Dublin City University,irish language 2,4.8,(114 reviews),4 weeks,4 hrs per week,Included in Unlimited,courses
https://www.futurelearn.com/courses/irish-language-3,Dublin City University,irish language 3,4.9,(81 reviews),4 weeks,4 hrs per week,Included in Unlimited,courses
https://www.futurelearn.com/courses/irish-language-4,Dublin City University,irish language 4,4.9,(53 reviews),4 weeks,4 hrs per week,Included in Unlimited,courses
https://www.futurelearn.com/courses/irish-language-5,Dublin City University,irish language 5,4.9,(37 reviews),4 weeks,4 hrs per week,Included in Unlimited,courses
https://www.futurelearn.com/courses/irish-language-6,Dublin City University,irish language 6,4.9,(38 reviews),4 weeks,4 hrs per week,Included in Unlimited,courses
https://www.futurelearn.com/courses/irish-language-7,Dublin City University,irish language 7,4.9,(40 reviews),4 weeks,4 hrs per week,Included in Unlimited,courses
https://www.futurelearn.com/courses/irish-language-8,Dublin City University,irish language 8,4.9,(42 reviews),4 weeks,4 hrs per week,Included in Unlimited,courses
https://www.futurelearn.com/courses/irish-201-an-introduction-to-irish-language-and-culture,Dublin City University,irish 201 an introduction to irish language and culture,4.9,(30 reviews),4 weeks,4 hrs per week,Included in Unlimited,courses
https://www.futurelearn.com/courses/irish-202-irish-language-and-culture-for-adults,Dublin City University,irish 202 irish language and culture for adults,4.9,(40 reviews),4 weeks,4 hrs per week,Included in Unlimited,courses
https://www.futurelearn.com/courses/irish-203-irish-language-and-culture-for-adults,Dublin City University,irish 203 irish language and culture for adults,4.9,(22 reviews),4 weeks,4 hrs per week,Included in Unlimited,courses
https://www.futurelearn.com/courses/irish-204-irish-language-and-culture-for-adults,Dublin City University,irish 204 irish language and culture for adults,5,(40 reviews),4 weeks,4 hrs per week,Included in Unlimited,courses
https://www.futurelearn.com/courses/irish-205-irish-language-and-culture-for-adults,Dublin City University,irish 205 irish language and culture for adults,4.9,(19 reviews),4 weeks,4 hrs per week,Included in Unlimited,courses
https://www.futurelearn.com/courses/is-a-phd-right-for-me,Bloomsbury Learning Exchange,is a phd right for me,5,(7 reviews),3 weeks,4 hrs per week,Included in Unlimited,courses
https://www.futurelearn.com/courses/understanding-islamic-banking-limitation-and-issues-in-operationalisation-of-shariah,INCEIF,understanding islamic banking limitation and issues in operationalisation of shariah,NA,NA,5 weeks,1 hr per week,Included in Unlimited,courses
https://www.futurelearn.com/courses/understanding-islamic-banking-operationalisation-of-shariahah,INCEIF,understanding islamic banking operationalisation of shariahah,NA,NA,4 weeks,1 hr per week,Included in Unlimited,courses
https://www.futurelearn.com/courses/islamic-calligraphy,Universiti Malaya,islamic calligraphy,4.6,(41 reviews),3 weeks,2 hrs per week,Included in Unlimited,courses
https://www.futurelearn.com/courses/islamic-finance-using-cash-waqf-as-a-socio-financial-tool,INCEIF,islamic finance using cash waqf as a socio financial tool,NA,NA,3 weeks,2 hrs per week,Included in Unlimited,courses
https://www.futurelearn.com/courses/information-technology-ethics,Charles Sturt University,information technology ethics,4.7,(87 reviews),3 weeks,4 hrs per week,Included in Unlimited,courses
https://www.futurelearn.com/courses/global-standard-for-assessing-risks-to-ecosystems,Deakin University,global standard for assessing risks to ecosystems,4.6,(71 reviews),2 weeks,5 hrs per week,Included in Unlimited,courses
https://www.futurelearn.com/courses/netpoulsafehu,"University of Padova, NetPoulSafe & EU (Horizon 2020 Project)",netpoulsafehu,NA,NA,4 weeks,4 hrs per week,Included in Unlimited,courses
https://www.futurelearn.com/courses/japanese-rare-books-culture,Keio University,japanese rare books culture,4.8,(37 reviews),3 weeks,3 hrs per week,Included in Unlimited,courses
https://www.futurelearn.com/courses/journey-to-birth-tcd,Trinity College Dublin,journey to birth tcd,4.9,(96 reviews),6 weeks,2 hrs per week,Included in Unlimited,courses
https://www.futurelearn.com/courses/general-jurisprudence,University of Surrey,general jurisprudence,4.6,(44 reviews),5 weeks,3 hrs per week,Included in Unlimited,courses
https://www.futurelearn.com/courses/key-ideas-in-mentoring-mathematics-teachers,UCL (University College London),key ideas in mentoring mathematics teachers,4.7,(13 reviews),5 weeks,4 hrs per week,Included in Unlimited,courses
https://www.futurelearn.com/courses/key-principles-of-palliative-care,The University of the West Indies,key principles of palliative care,4.8,(19 reviews),3 weeks,4 hrs per week,Included in Unlimited,courses
https://www.futurelearn.com/courses/kick-start-your-endurance-training,Federation University,kick start your endurance training,NA,NA,3 weeks,2 hrs per week,NA,courses
https://www.futurelearn.com/courses/know-your-learners,Universiti Malaya,know your learners,4.8,(9 reviews),2 weeks,2 hrs per week,Included in Unlimited,courses
https://www.futurelearn.com/courses/korea-global-context,Hanyang University,korea global context,4.1,(17 reviews),6 weeks,3 hrs per week,Included in Unlimited,courses
https://www.futurelearn.com/courses/global-blindness-fr,London School of Hygiene & Tropical Medicine,global blindness fr,NA,NA,6 weeks,4 hrs per week,Included in Unlimited,courses
https://www.futurelearn.com/courses/food-for-thought-french,EIT Food & University of Turin,food for thought french,NA,NA,5 weeks,4 hrs per week,Included in Unlimited,courses
https://www.futurelearn.com/courses/salud-de-la-mujer-en-el-postparto,Trinity College Dublin & Universitat de Barcelona,salud de la mujer en el postparto,NA,NA,4 weeks,1 hr per week,Included in Unlimited,courses
https://www.futurelearn.com/courses/netpoulsafefr,"University of Padova, NetPoulSafe & EU (Horizon 2020 Project)",netpoulsafefr,NA,NA,4 weeks,4 hrs per week,Included in Unlimited,courses
https://www.futurelearn.com/courses/laboratory-biosafety-introduction-to-risk-assessment-and-managing-biohazards,Universiti Malaya,laboratory biosafety introduction to risk assessment and managing biohazards,NA,NA,3 weeks,2 hrs per week,Included in Unlimited,courses
https://www.futurelearn.com/courses/lactation-after-loss-choices-for-bereaved-parents,The Newcastle upon Tyne Hospitals NHS Foundation Trust,lactation after loss choices for bereaved parents,NA,NA,2 weeks,1 hr per week,Included in Unlimited,courses
https://www.futurelearn.com/courses/lancaster-castle,Lancaster University,lancaster castle,4.6,(163 reviews),5 weeks,3 hrs per week,Included in Unlimited,courses
https://www.futurelearn.com/courses/awake-brain-surgery,University of Groningen & University Medical Center Groningen (UMCG),awake brain surgery,4.8,(25 reviews),6 weeks,3 hrs per week,Included in Unlimited,courses
https://www.futurelearn.com/courses/laser-powder-bed-fusion-process-parameters-and-parameter-optimization,EIT RawMaterials & KU Leuven,laser powder bed fusion process parameters and parameter optimization,NA,NA,3 weeks,3 hrs per week,NA,courses
https://www.futurelearn.com/courses/laser-safety-awareness,UK Health Security Agency,laser safety awareness,NA,NA,3 weeks,2 hrs per week,Premium course,courses
https://www.futurelearn.com/courses/law-and-the-framing-of-migrants-and-migration-sc,The University of Kent,law and the framing of migrants and migration sc,NA,NA,4 weeks,3 hrs per week,Included in Unlimited,courses
https://www.futurelearn.com/courses/laws-absence-and-laws-failings-sc,The University of Kent,laws absence and laws failings sc,NA,NA,4 weeks,3 hrs per week,Included in Unlimited,courses
https://www.futurelearn.com/courses/the-human-microbiome-french,EIT Food & University of Turin,the human microbiome french,NA,NA,3 weeks,4 hrs per week,Included in Unlimited,courses
https://www.futurelearn.com/courses/sport-for-sustainable-development-french,"The International Platform on Sport and Development, Australian Department of Foreign Affairs and Trade (DFAT) & Commonwealth Secretariat",sport for sustainable development french,NA,NA,8 weeks,3 hrs per week,Free digital upgrade,courses
https://www.futurelearn.com/courses/decision-making-as-a-leader,University of Lincoln,decision making as a leader,4.9,(16 reviews),2 weeks,3 hrs per week,Included in Unlimited,courses
https://www.futurelearn.com/courses/leadership-development-with-action-learning,University of Lincoln,leadership development with action learning,NA,NA,2 weeks,3 hrs per week,Included in Unlimited,courses
https://www.futurelearn.com/courses/leadership-in-arts-fundraising,University of Leeds & Arts Fundraising & Philanthropy,leadership in arts fundraising,NA,NA,3 weeks,3 hrs per week,Included in Unlimited,courses
https://www.futurelearn.com/courses/leading-and-building-a-global-community-sc,Ubiquity University,leading and building a global community sc,NA,NA,5 weeks,3 hrs per week,Included in Unlimited,courses
https://www.futurelearn.com/courses/nurturing-and-developing-talent,University of Lincoln,nurturing and developing talent,4.5,(6 reviews),2 weeks,3 hrs per week,Included in Unlimited,courses
https://www.futurelearn.com/courses/leadership-styles-how-to-find-your-style-and-adapt-to-others,Federation University,leadership styles how to find your style and adapt to others,NA,NA,2 weeks,3 hrs per week,Included in Unlimited,courses
https://www.futurelearn.com/courses/leadership-tools-for-ethical-problem-solving-nbs,Nottingham Business School & Nottingham Trent University,leadership tools for ethical problem solving nbs,NA,NA,3 weeks,2 hrs per week,Included in Unlimited,courses
https://www.futurelearn.com/courses/leadership-training-in-healthcare,Coventry University,leadership training in healthcare,4.8,(6 reviews),2 weeks,5 hrs per week,NA,courses
https://www.futurelearn.com/courses/human-leadership,Bailey and French,human leadership,4.8,(30 reviews),4 weeks,3 hrs per week,Included in Unlimited,courses
https://www.futurelearn.com/courses/leadership-how-to-build-high-performing-teams-and-culture,University of Lincoln,leadership how to build high performing teams and culture,4.8,(6 reviews),4 weeks,3 hrs per week,Included in Unlimited,courses
https://www.futurelearn.com/courses/leading-and-managing-change,Durham University & Durham University Business School,leading and managing change,4.7,(53 reviews),3 weeks,3 hrs per week,Included in Unlimited,courses
https://www.futurelearn.com/courses/lead-culturally-diverse-workplaces,Deakin University & Deakin Business School,lead culturally diverse workplaces,4.7,(38 reviews),2 weeks,3 hrs per week,Included in Unlimited,courses
https://www.futurelearn.com/courses/leading-strategic-innovation,Deakin University & Coventry University,leading strategic innovation,4.8,(172 reviews),2 weeks,3 hrs per week,Included in Unlimited,courses
https://www.futurelearn.com/courses/leading-well-for-staff-health-and-wellbeing-in-the-nhs,The King's Fund,leading well for staff health and wellbeing in the nhs,4.6,(76 reviews),3 weeks,3 hrs per week,Included in Unlimited,courses
https://www.futurelearn.com/courses/lean-logistics-and-supply-chain-decision-making-et,Coventry University,lean logistics and supply chain decision making et,NA,NA,2 weeks,5 hrs per week,NA,courses
https://www.futurelearn.com/courses/learn-about-current-digital-workplace-trends-sc,"University of Leeds, Click Start & Institute of Coding",learn about current digital workplace trends sc,NA,NA,2 weeks,3 hrs per week,Free digital upgrade,courses
https://www.futurelearn.com/courses/learn-about-current-digital-workplace-trends,University of Leeds & Institute of Coding,learn about current digital workplace trends,4.7,(139 reviews),2 weeks,3 hrs per week,NA,courses
https://www.futurelearn.com/courses/learn-bahasa-melayu-grammatical-rules-in-malay,Universiti Malaya,learn bahasa melayu grammatical rules in malay,5,(26 reviews),3 weeks,4 hrs per week,Included in Unlimited,courses
https://www.futurelearn.com/courses/learn-bahasa-melayu-introduction-to-the-malay-language,Universiti Malaya,learn bahasa melayu introduction to the malay language,4.8,(25 reviews),3 weeks,3 hrs per week,Included in Unlimited,courses
https://www.futurelearn.com/courses/chinese-conversation-sc,Shanghai International Studies University (SISU),chinese conversation sc,NA,NA,6 weeks,2 hrs per week,Included in Unlimited,courses
https://www.futurelearn.com/courses/chinese-conversation,Shanghai International Studies University (SISU),chinese conversation,4.9,(45 reviews),6 weeks,2 hrs per week,NA,courses
https://www.futurelearn.com/courses/chinese-grammar-sc,Shanghai International Studies University (SISU),chinese grammar sc,NA,NA,4 weeks,4 hrs per week,Included in Unlimited,courses
https://www.futurelearn.com/courses/chinese-grammar,Shanghai International Studies University (SISU),chinese grammar,4.6,(16 reviews),4 weeks,4 hrs per week,NA,courses
https://www.futurelearn.com/courses/chinese-pronunciation-tone-sc,Shanghai International Studies University (SISU),chinese pronunciation tone sc,NA,NA,3 weeks,2 hrs per week,Included in Unlimited,courses
https://www.futurelearn.com/courses/chinese-pronunciation-tone,Shanghai International Studies University (SISU),chinese pronunciation tone,4.8,(39 reviews),3 weeks,2 hrs per week,NA,courses
https://www.futurelearn.com/courses/baking-afternoon-tea,BBC Good Food,baking afternoon tea,4.8,(6 reviews),5 weeks,6 hrs per week,NA,courses
https://www.futurelearn.com/courses/baking-pies-and-tarts,BBC Good Food,baking pies and tarts,NA,NA,5 weeks,4 hrs per week,NA,courses
https://www.futurelearn.com/courses/baking-showstopper-cakes,BBC Good Food,baking showstopper cakes,NA,NA,5 weeks,6 hrs per week,NA,courses
https://www.futurelearn.com/courses/sourdough,BBC Good Food,sourdough,NA,NA,5 weeks,7 hrs per week,NA,courses
https://www.futurelearn.com/courses/learn-how-to-bake-with-bbc-good-food,BBC Good Food,learn how to bake with bbc good food,4.7,(69 reviews),5 weeks,3 hrs per week,Included in Unlimited,courses
https://www.futurelearn.com/courses/learn-mandarin-food-and-drink-in-taiwan,National Yang Ming Chiao Tung University (NYCU),learn mandarin food and drink in taiwan,NA,NA,3 weeks,1 hr per week,Included in Unlimited,courses
https://www.futurelearn.com/courses/learn-mandarin-how-to-express-health-issues-in-chinese,National Yang Ming Chiao Tung University (NYCU),learn mandarin how to express health issues in chinese,NA,NA,3 weeks,1 hr per week,Included in Unlimited,courses
https://www.futurelearn.com/courses/learn-mandarin-shopping-and-daily-life-in-taiwan,National Yang Ming Chiao Tung University (NYCU),learn mandarin shopping and daily life in taiwan,NA,NA,3 weeks,1 hr per week,Included in Unlimited,courses
https://www.futurelearn.com/courses/learn-spanish-1-basics-meeting-people-describing-places-sc,Universidad Pontificia Bolivariana,learn spanish 1 basics meeting people describing places sc,4.5,(14 reviews),4 weeks,5 hrs per week,Included in Unlimited,courses
https://www.futurelearn.com/courses/learn-spanish-1-basics-meeting-people-describing-places,Universidad Pontificia Bolivariana,learn spanish 1 basics meeting people describing places,NA,NA,4 weeks,5 hrs per week,NA,courses
https://www.futurelearn.com/courses/learn-spanish-2-people-interests-sc,Universidad Pontificia Bolivariana,learn spanish 2 people interests sc,4.6,(5 reviews),4 weeks,5 hrs per week,Included in Unlimited,courses
https://www.futurelearn.com/courses/learn-spanish-2-people-interests,Universidad Pontificia Bolivariana,learn spanish 2 people interests,NA,NA,4 weeks,5 hrs per week,NA,courses
https://www.futurelearn.com/courses/learn-spanish-3-time-and-direct-object-pronouns,Universidad Pontificia Bolivariana,learn spanish 3 time and direct object pronouns,4.7,(7 reviews),4 weeks,5 hrs per week,Included in Unlimited,courses
https://www.futurelearn.com/courses/learn-spanish-4-spanish-prepositions-adverbs-and-tenses,Universidad Pontificia Bolivariana,learn spanish 4 spanish prepositions adverbs and tenses,NA,NA,4 weeks,5 hrs per week,Included in Unlimited,courses
https://www.futurelearn.com/courses/survival-spanish,Universidad Pontificia Bolivariana,survival spanish,4.3,(33 reviews),3 weeks,6 hrs per week,Included in Unlimited,courses
https://www.futurelearn.com/courses/learn-to-code-for-the-web-sc,"University of Leeds, Click Start & Institute of Coding",learn to code for the web sc,NA,NA,2 weeks,3 hrs per week,Free digital upgrade,courses
https://www.futurelearn.com/courses/learn-to-code-for-the-web,University of Leeds & Institute of Coding,learn to code for the web,4.7,(480 reviews),2 weeks,3 hrs per week,NA,courses
https://www.futurelearn.com/courses/learning-and-memory,Central Queensland University,learning and memory,4.8,(260 reviews),2 weeks,3 hrs per week,NA,courses
https://www.futurelearn.com/courses/learning-during-and-after-covid-19-adapting-education-programmes-in-culture-and-heritage-settings-in-aotearoa-new-zealand,Museum of New Zealand Te Papa Tongarewa & Te Pū Tiaki Mana Taonga (TPTMT),learning during and after covid 19 adapting education programmes in culture and heritage settings in aotearoa new zealand,NA,NA,4 weeks,3 hrs per week,Included in Unlimited,courses
https://www.futurelearn.com/courses/learning-from-the-past,"The University of Nottingham, British Library & University of Birmingham",learning from the past,4.4,(156 reviews),3 weeks,4 hrs per week,Included in Unlimited,courses
https://www.futurelearn.com/courses/learning-network-age,University of Southampton,learning network age,4.8,(10 reviews),2 weeks,4 hrs per week,Included in Unlimited,courses
https://www.futurelearn.com/courses/learning-and-collaborating,University of Leeds,learning and collaborating,4.5,(88 reviews),2 weeks,2 hrs per week,Included in Unlimited,courses
https://www.futurelearn.com/courses/online-identity,University of Leeds,online identity,4.6,(29 reviews),2 weeks,2 hrs per week,Included in Unlimited,courses
https://www.futurelearn.com/courses/searching-and-researching,University of Leeds,searching and researching,4.6,(75 reviews),2 weeks,2 hrs per week,Included in Unlimited,courses
https://www.futurelearn.com/courses/reflecting-and-sharing,University of Leeds,reflecting and sharing,4.6,(24 reviews),2 weeks,2 hrs per week,Included in Unlimited,courses
https://www.futurelearn.com/courses/learning-braille-through-play-with-lego-braille-bricks,The LEGO Foundation,learning braille through play with lego braille bricks,4.9,(51 reviews),8 weeks,2 hrs per week,Free digital upgrade,courses
https://www.futurelearn.com/courses/let-s-learn-portuguese-language-basic-conversation-skills,Universiti Malaya,let s learn portuguese language basic conversation skills,NA,NA,2 weeks,2 hrs per week,Included in Unlimited,courses
https://www.futurelearn.com/courses/let-s-learn-thai-language-2,Universiti Malaya,let s learn thai language 2,NA,NA,2 weeks,2 hrs per week,Included in Unlimited,courses
https://www.futurelearn.com/courses/lets-learn-portuguese-language,Universiti Malaya,lets learn portuguese language,4.3,(63 reviews),2 weeks,2 hrs per week,Included in Unlimited,courses
https://www.futurelearn.com/courses/speak-like-thai-people,Universiti Malaya,speak like thai people,4.2,(16 reviews),2 weeks,2 hrs per week,Included in Unlimited,courses
https://www.futurelearn.com/courses/lever-des-fonds-pour-ma-startup,Grenoble Ecole de Management,lever des fonds pour ma startup,NA,NA,4 weeks,3 hrs per week,Included in Unlimited,courses
https://www.futurelearn.com/courses/life-below-water-biodiversity-ecology-human-impacts-and-solutions,University of the Sunshine Coast,life below water biodiversity ecology human impacts and solutions,4.6,(34 reviews),4 weeks,3 hrs per week,Included in Unlimited,courses
https://www.futurelearn.com/courses/life-on-land,University of the Sunshine Coast,life on land,4.7,(7 reviews),4 weeks,4 hrs per week,Included in Unlimited,courses
https://www.futurelearn.com/courses/life-on-mars,FutureLearn & UCL (University College London),life on mars,4.8,(6 reviews),3 weeks,3 hrs per week,NA,courses
https://www.futurelearn.com/courses/lifestyle-medicine-for-mental-health-services,"Deakin University, James Cook University & The Royal Australian College of General Practitioners",lifestyle medicine for mental health services,NA,NA,3 weeks,7 hrs per week,Premium course,courses
https://www.futurelearn.com/courses/lights-camera-computer-action-how-digital-technology-is-transforming-film-tv-and-gaming,University of York & Screen Industries Growth Network,lights camera computer action how digital technology is transforming film tv and gaming,4.6,(14 reviews),3 weeks,4 hrs per week,Included in Unlimited,courses
https://www.futurelearn.com/courses/linkedin-marketing-essentials-and-content-creation,Social Media College,linkedin marketing essentials and content creation,4.2,(12 reviews),2 weeks,6 hrs per week,Included in Unlimited,courses
https://www.futurelearn.com/courses/linux-operating-system-essentials,Packt & FutureLearn,linux operating system essentials,NA,NA,2 weeks,3 hrs per week,Premium course,courses
https://www.futurelearn.com/courses/listening-skills-to-succeed-at-university,University of Leeds,listening skills to succeed at university,NA,NA,2 weeks,4 hrs per week,Included in Unlimited,courses
https://www.futurelearn.com/courses/country-house-literature,The University of Sheffield,country house literature,4.7,(276 reviews),6 weeks,3 hrs per week,Included in Unlimited,courses
https://www.futurelearn.com/courses/liver-disease,University of Birmingham,liver disease,4.7,(67 reviews),3 weeks,3 hrs per week,Included in Unlimited,courses
https://www.futurelearn.com/courses/liver-transplant,University of Birmingham,liver transplant,4.8,(13 reviews),3 weeks,3 hrs per week,Included in Unlimited,courses
https://www.futurelearn.com/courses/livestock-science-101,Aberystwyth University,livestock science 101,NA,NA,4 weeks,4 hrs per week,Included in Unlimited,courses
https://www.futurelearn.com/courses/living-with-deafness-and-hearing-impairment,UEA (University of East Anglia),living with deafness and hearing impairment,3.8,(6 reviews),2 weeks,2 hrs per week,Included in Unlimited,courses
https://www.futurelearn.com/courses/logic-the-philosophical-science-of-truth,University of York,logic the philosophical science of truth,4.3,(52 reviews),4 weeks,4 hrs per week,Included in Unlimited,courses
https://www.futurelearn.com/courses/loss-of-baby-in-multiple-pregnancy-supporting-grieving-parents,"The Newcastle upon Tyne Hospitals NHS Foundation Trust, The Skye High Foundation & Newcastle University",loss of baby in multiple pregnancy supporting grieving parents,5,(6 reviews),2 weeks,2 hrs per week,Included in Unlimited,courses
https://www.futurelearn.com/courses/low-budget-video-production-for-small-charities,The Open University,low budget video production for small charities,4.8,(40 reviews),4 weeks,3 hrs per week,Included in Unlimited,courses
https://www.futurelearn.com/courses/lyme-disease-management-and-prevention,"St George's, University of London",lyme disease management and prevention,4.6,(9 reviews),2 weeks,2 hrs per week,Included in Unlimited,courses
https://www.futurelearn.com/courses/machine-learning-for-image-data,The University of Nottingham & University of Lincoln,machine learning for image data,NA,NA,5 weeks,3 hrs per week,Included in Unlimited,courses
https://www.futurelearn.com/courses/mainstreaming-genetic-testing-for-cancer-treatment,Universiti Malaya,mainstreaming genetic testing for cancer treatment,NA,NA,6 weeks,2 hrs per week,Included in Unlimited,courses
https://www.futurelearn.com/courses/makerspaces-for-learning,The University of Sheffield,makerspaces for learning,4.9,(15 reviews),3 weeks,3 hrs per week,Included in Unlimited,courses
https://www.futurelearn.com/courses/making-anti-corruption-effective,SOAS University of London,making anti corruption effective,5,(23 reviews),2 weeks,5 hrs per week,Free digital upgrade,courses
https://www.futurelearn.com/courses/making-babies,UCL (University College London),making babies,4.8,(49 reviews),6 weeks,2 hrs per week,Included in Unlimited,courses
https://www.futurelearn.com/courses/making-blended-education-work,"The University of Edinburgh, EMBED & European Union",making blended education work,4.7,(82 reviews),5 weeks,2 hrs per week,Included in Unlimited,courses
https://www.futurelearn.com/courses/climate-adaptation-governance,University of Groningen & Global Center on Adaptation,climate adaptation governance,4.5,(43 reviews),4 weeks,4 hrs per week,Included in Unlimited,courses
https://www.futurelearn.com/courses/media-data,The University of Sheffield,media data,4.6,(43 reviews),3 weeks,3 hrs per week,Included in Unlimited,courses
https://www.futurelearn.com/courses/microsoft-365-for-teachers-manage-documents-sc,Tablet Academy,microsoft 365 for teachers manage documents sc,NA,NA,4 weeks,3 hrs per week,Included in Unlimited,courses
https://www.futurelearn.com/courses/microsoft-365-for-teachers-manage-documents,Tablet Academy,microsoft 365 for teachers manage documents,NA,NA,4 weeks,3 hrs per week,NA,courses
https://www.futurelearn.com/courses/manage-team-performance,The University of Adelaide,manage team performance,NA,NA,4 weeks,1 hr per week,Premium course,courses
https://www.futurelearn.com/courses/manage-virtual-and-hybrid-teams,The University of Adelaide,manage virtual and hybrid teams,NA,NA,4 weeks,1 hr per week,Premium course,courses
https://www.futurelearn.com/courses/big-data-r-hadoop,Partnership for Advanced Computing in Europe (PRACE),big data r hadoop,4.4,(5 reviews),5 weeks,6 hrs per week,Included in Unlimited,courses
https://www.futurelearn.com/courses/managing-covid-19-in-primary-care,"St George's, University of London",managing covid 19 in primary care,4.7,(225 reviews),3 weeks,2 hrs per week,Included in Unlimited,courses
https://www.futurelearn.com/courses/managing-innovation,"St George's, University of London & Bayer",managing innovation,4.8,(18 reviews),3 weeks,2 hrs per week,Included in Unlimited,courses
https://www.futurelearn.com/courses/managing-patient-expectation-and-pain-self-efficacy-for-musculoskeletal-conditions,UEA (University of East Anglia),managing patient expectation and pain self efficacy for musculoskeletal conditions,NA,NA,2 weeks,2 hrs per week,Included in Unlimited,courses
https://www.futurelearn.com/courses/managing-your-wellbeing-when-studying-in-the-uk,"British Council, Newcastle University & GREAT Campaign",managing your wellbeing when studying in the uk,4.8,(17 reviews),3 weeks,3 hrs per week,Free digital upgrade,courses
https://www.futurelearn.com/courses/mandarin-chinese-in-motion-chinese-culture-on-tv,National Yang Ming Chiao Tung University (NYCU),mandarin chinese in motion chinese culture on tv,NA,NA,4 weeks,2 hrs per week,Included in Unlimited,courses
https://www.futurelearn.com/courses/mandarin-chinese-in-motion-essay-writing-skills,National Yang Ming Chiao Tung University (NYCU),mandarin chinese in motion essay writing skills,NA,NA,4 weeks,2 hrs per week,Included in Unlimited,courses
https://www.futurelearn.com/courses/mandarin-chinese-in-motion-your-very-first-chinese-class,National Yang Ming Chiao Tung University (NYCU),mandarin chinese in motion your very first chinese class,NA,NA,4 weeks,2 hrs per week,Included in Unlimited,courses
https://www.futurelearn.com/courses/manufacture-design-ethics-fashion-industry,"Bloomsbury Publishing, Fairchild Books & FutureLearn",manufacture design ethics fashion industry,NA,NA,4 weeks,2 hrs per week,Premium course,courses
https://www.futurelearn.com/courses/maqasid-al-syariah-and-sustainable-development,Universiti Malaya,maqasid al syariah and sustainable development,NA,NA,3 weeks,3 hrs per week,Included in Unlimited,courses
https://www.futurelearn.com/courses/french-carbon-markets-examining-eu-policies,European University Institute (EUI),french carbon markets examining eu policies,NA,NA,5 weeks,3 hrs per week,Included in Unlimited,courses
https://www.futurelearn.com/courses/marketing-essentials,The University of Adelaide,marketing essentials,NA,NA,4 weeks,1 hr per week,Premium course,courses
https://www.futurelearn.com/courses/introduction-to-marketing,The Left Bank,introduction to marketing,NA,NA,3 weeks,6 hrs per week,NA,courses
https://www.futurelearn.com/courses/content-marketing,The Left Bank,content marketing,NA,NA,3 weeks,6 hrs per week,NA,courses
https://www.futurelearn.com/courses/marketing-strategy,The Left Bank,marketing strategy,NA,NA,3 weeks,6 hrs per week,NA,courses
https://www.futurelearn.com/courses/email-website-marketing,The Left Bank,email website marketing,NA,NA,3 weeks,6 hrs per week,NA,courses
https://www.futurelearn.com/courses/mastering-classroom-management-in-english-language-teaching,Language Fuel,mastering classroom management in english language teaching,4.6,(18 reviews),4 weeks,1 hr per week,Included in Unlimited,courses
https://www.futurelearn.com/courses/cloudswyft-msft-azure-cloud-fundamentals-ai,"CloudSwyft Global Systems, Inc.",cloudswyft msft azure cloud fundamentals ai,3.7,(6 reviews),2 weeks,6 hrs per week,NA,courses
https://www.futurelearn.com/courses/an-introduction-to-employment-law-for-hr-professionals-employers-and-managers,University of Lincoln,an introduction to employment law for hr professionals employers and managers,NA,NA,3 weeks,5 hrs per week,Included in Unlimited,courses
https://www.futurelearn.com/courses/mastering-excel-pivot-tables,The University of Adelaide,mastering excel pivot tables,3.4,(5 reviews),4 weeks,1 hr per week,Included in Unlimited,courses
https://www.futurelearn.com/courses/mastering-sustainable-finance,Taipei Medical University,mastering sustainable finance,NA,NA,6 weeks,2 hrs per week,Included in Unlimited,courses
https://www.futurelearn.com/courses/introduction-to-the-culinary-art-of-plating,International Culinary Studio,introduction to the culinary art of plating,NA,NA,2 weeks,3 hrs per week,Premium course,courses
https://www.futurelearn.com/courses/mathematics-for-computer-scientists,University of Hull,mathematics for computer scientists,4.2,(24 reviews),3 weeks,3 hrs per week,Included in Unlimited,courses
https://www.futurelearn.com/courses/essential-mathematics-for-mla-et,"CloudSwyft Global Systems, Inc.",essential mathematics for mla et,NA,NA,4 weeks,5 hrs per week,NA,courses
https://www.futurelearn.com/courses/measure-your-endurance-training,Federation University,measure your endurance training,NA,NA,3 weeks,2 hrs per week,NA,courses
https://www.futurelearn.com/courses/valuing-health,The University of Sheffield,valuing health,4.9,(14 reviews),3 weeks,3 hrs per week,Included in Unlimited,courses
https://www.futurelearn.com/courses/doing-economics-measuring-inequality,UCL (University College London),doing economics measuring inequality,4.1,(9 reviews),4 weeks,4 hrs per week,Included in Unlimited,courses
https://www.futurelearn.com/courses/measuring-what-matters,The University of Melbourne,measuring what matters,4.8,(26 reviews),3 weeks,3 hrs per week,Free digital upgrade,courses
https://www.futurelearn.com/courses/sustainable-solutions-in-low-resource-healthcare-settings,"St George's, University of London",sustainable solutions in low resource healthcare settings,5,(6 reviews),2 weeks,2 hrs per week,Included in Unlimited,courses
https://www.futurelearn.com/courses/medical-humanity,Taipei Medical University,medical humanity,4.3,(7 reviews),3 weeks,2 hrs per week,Included in Unlimited,courses
https://www.futurelearn.com/courses/medicine-administration-for-carers,UEA (University of East Anglia),medicine administration for carers,4.7,(42 reviews),3 weeks,3 hrs per week,Included in Unlimited,courses
https://www.futurelearn.com/courses/medtech-ai-and-medical-robots,University of Leeds,medtech ai and medical robots,4.6,(19 reviews),2 weeks,5 hrs per week,Included in Unlimited,courses
https://www.futurelearn.com/courses/medtech-digital-health,University of Leeds,medtech digital health,4.4,(17 reviews),2 weeks,5 hrs per week,Included in Unlimited,courses
https://www.futurelearn.com/courses/medtech-exploring-the-human-genome,University of Leeds,medtech exploring the human genome,4.4,(26 reviews),2 weeks,5 hrs per week,Included in Unlimited,courses
https://www.futurelearn.com/courses/medtech-orthopaedic-implants,University of Leeds,medtech orthopaedic implants,4.5,(23 reviews),2 weeks,5 hrs per week,Included in Unlimited,courses
https://www.futurelearn.com/courses/medtech-trends-and-product-design,University of Leeds,medtech trends and product design,5,(6 reviews),2 weeks,5 hrs per week,Included in Unlimited,courses
https://www.futurelearn.com/courses/mental-health-and-wellbeing-in-the-modern-workplace,Mental Health Foundation & Mental Health at Work,mental health and wellbeing in the modern workplace,4.8,(11 reviews),3 weeks,2 hrs per week,Premium course,courses
https://www.futurelearn.com/courses/mental-health-construction,Chartered Institute of Building (CIOB),mental health construction,4.7,(27 reviews),3 weeks,1 hr per week,Included in Unlimited,courses
https://www.futurelearn.com/courses/mental-skills-training-sport,Manchester Metropolitan University,mental skills training sport,4.8,(95 reviews),4 weeks,3 hrs per week,Included in Unlimited,courses
https://www.futurelearn.com/courses/spanish-carbon-markets-examining-eu-policies,European University Institute (EUI),spanish carbon markets examining eu policies,NA,NA,5 weeks,3 hrs per week,Included in Unlimited,courses
https://www.futurelearn.com/courses/metaverse-and-virtual-reality,National Tsing Hua University (NTHU),metaverse and virtual reality,NA,NA,6 weeks,1 hr per week,Included in Unlimited,courses
https://www.futurelearn.com/courses/methodologies-for-service-design-e,Keio University,methodologies for service design e,4.8,(6 reviews),4 weeks,2 hrs per week,Included in Unlimited,courses
https://www.futurelearn.com/courses/cloudswyft-msft-microsoft-dynamics-365-fund-sc,"CloudSwyft Global Systems, Inc.",cloudswyft msft microsoft dynamics 365 fund sc,NA,NA,3 weeks,5 hrs per week,Included in Unlimited,courses
https://www.futurelearn.com/courses/advanced-data-analysis-and-visualization-using-microsoft-excel,"CloudSwyft Global Systems, Inc.",advanced data analysis and visualization using microsoft excel,NA,NA,3 weeks,5 hrs per week,NA,courses
https://www.futurelearn.com/courses/azure-cloud-fundamentals,"CloudSwyft Global Systems, Inc. & Microsoft",azure cloud fundamentals,4.3,(8 reviews),3 weeks,4 hrs per week,Premium course,courses
https://www.futurelearn.com/courses/querying-data-with-transact-sql-et,"CloudSwyft Global Systems, Inc.",querying data with transact sql et,NA,NA,4 weeks,5 hrs per week,NA,courses
https://www.futurelearn.com/courses/querying-data-with-transact-sql-r,"CloudSwyft Global Systems, Inc.",querying data with transact sql r,NA,NA,4 weeks,5 hrs per week,NA,courses
https://www.futurelearn.com/courses/cloudswyft-msft-dsrm-pythonedition,"CloudSwyft Global Systems, Inc.",cloudswyft msft dsrm pythonedition,NA,NA,3 weeks,5 hrs per week,NA,courses
https://www.futurelearn.com/courses/datasciemethodsonpl-ethics-sc,"CloudSwyft Global Systems, Inc.",datasciemethodsonpl ethics sc,NA,NA,3 weeks,5 hrs per week,Included in Unlimited,courses
https://www.futurelearn.com/courses/datasciemethodsonpl-ethics,"CloudSwyft Global Systems, Inc.",datasciemethodsonpl ethics,NA,NA,3 weeks,5 hrs per week,NA,courses
https://www.futurelearn.com/courses/designing-and-implementing-data-science-solution-on-azure-et,"CloudSwyft Global Systems, Inc.",designing and implementing data science solution on azure et,NA,NA,3 weeks,6 hrs per week,NA,courses
https://www.futurelearn.com/courses/designing-and-implementing-data-science-solution-on-azure-et2,"CloudSwyft Global Systems, Inc.",designing and implementing data science solution on azure et2,NA,NA,3 weeks,6 hrs per week,NA,courses
https://www.futurelearn.com/courses/designing-and-implementing-data-science-solution-on-azure-r,"CloudSwyft Global Systems, Inc.",designing and implementing data science solution on azure r,NA,NA,3 weeks,6 hrs per week,NA,courses
https://www.futurelearn.com/courses/cloudswyft-msft-ai-ethics-sc,"CloudSwyft Global Systems, Inc.",cloudswyft msft ai ethics sc,NA,NA,3 weeks,6 hrs per week,Included in Unlimited,courses
https://www.futurelearn.com/courses/cloudswyft-msft-ai-ethics,"CloudSwyft Global Systems, Inc.",cloudswyft msft ai ethics,NA,NA,3 weeks,6 hrs per week,NA,courses
https://www.futurelearn.com/courses/developingapplicationsusingjavascript,"CloudSwyft Global Systems, Inc.",developingapplicationsusingjavascript,NA,NA,3 weeks,5 hrs per week,Included in Unlimited,courses
https://www.futurelearn.com/courses/essential-mathematics-for-mla-ai,"CloudSwyft Global Systems, Inc.",essential mathematics for mla ai,NA,NA,4 weeks,5 hrs per week,NA,courses
https://www.futurelearn.com/courses/ethicsandlawindataandanalytics-sc,"CloudSwyft Global Systems, Inc.",ethicsandlawindataandanalytics sc,NA,NA,3 weeks,5 hrs per week,Included in Unlimited,courses
https://www.futurelearn.com/courses/ethicsandlawindataandanalytics,"CloudSwyft Global Systems, Inc.",ethicsandlawindataandanalytics,NA,NA,3 weeks,5 hrs per week,NA,courses
https://www.futurelearn.com/courses/ethics-and-law-in-data-and-analytics-et,"CloudSwyft Global Systems, Inc.",ethics and law in data and analytics et,NA,NA,3 weeks,5 hrs per week,NA,courses
https://www.futurelearn.com/courses/introtobigdata,"CloudSwyft Global Systems, Inc.",introtobigdata,NA,NA,2 weeks,4 hrs per week,Included in Unlimited,courses
https://www.futurelearn.com/courses/fundamentalsofenterprisesecurity,"CloudSwyft Global Systems, Inc.",fundamentalsofenterprisesecurity,NA,NA,3 weeks,5 hrs per week,Included in Unlimited,courses
https://www.futurelearn.com/courses/gettingstartedwiththeiot,"CloudSwyft Global Systems, Inc.",gettingstartedwiththeiot,NA,NA,3 weeks,5 hrs per week,Included in Unlimited,courses
https://www.futurelearn.com/courses/introductiontorfordatascience-r,"CloudSwyft Global Systems, Inc.",introductiontorfordatascience r,NA,NA,3 weeks,5 hrs per week,NA,courses
https://www.futurelearn.com/courses/cloudswyft-msft-azure-cloud-fundamentals-r,"CloudSwyft Global Systems, Inc.",cloudswyft msft azure cloud fundamentals r,NA,NA,2 weeks,6 hrs per week,NA,courses
https://www.futurelearn.com/courses/cloudswyft-introduction-to-data-science-r,"CloudSwyft Global Systems, Inc.",cloudswyft introduction to data science r,NA,NA,2 weeks,5 hrs per week,NA,courses
https://www.futurelearn.com/courses/introductiontodesignthinking,"CloudSwyft Global Systems, Inc.",introductiontodesignthinking,NA,NA,2 weeks,5 hrs per week,Included in Unlimited,courses
https://www.futurelearn.com/courses/introduction-to-python-new,"CloudSwyft Global Systems, Inc.",introduction to python new,NA,NA,3 weeks,5 hrs per week,NA,courses
https://www.futurelearn.com/courses/cloudswyft-msft-principles-of-machine-learning-pythoned-ethics-sc,"CloudSwyft Global Systems, Inc.",cloudswyft msft principles of machine learning pythoned ethics sc,NA,NA,5 weeks,5 hrs per week,Included in Unlimited,courses
https://www.futurelearn.com/courses/cloudswyft-msft-principles-of-machine-learning-pythoned-ethics,"CloudSwyft Global Systems, Inc.",cloudswyft msft principles of machine learning pythoned ethics,NA,NA,5 weeks,5 hrs per week,NA,courses
https://www.futurelearn.com/courses/cloudswyft-msft-principles-of-machine-learning-pythoned-advancedai,"CloudSwyft Global Systems, Inc.",cloudswyft msft principles of machine learning pythoned advancedai,NA,NA,5 weeks,5 hrs per week,NA,courses
https://www.futurelearn.com/courses/advanced-data-analysis-and-visualization-using-microsoft-power-bi,"CloudSwyft Global Systems, Inc.",advanced data analysis and visualization using microsoft power bi,NA,NA,4 weeks,5 hrs per week,NA,courses
https://www.futurelearn.com/courses/migration-cities,European University Institute (EUI),migration cities,4.6,(32 reviews),3 weeks,3 hrs per week,Included in Unlimited,courses
https://www.futurelearn.com/courses/migration-mobilities-bristol-online-short-course-essentials,University of Bristol,migration mobilities bristol online short course essentials,4.5,(37 reviews),2 weeks,3 hrs per week,Included in Unlimited,courses
https://www.futurelearn.com/courses/mindful-wellbeing-teachers-stress-anxiety,University of Aberdeen,mindful wellbeing teachers stress anxiety,5,(7 reviews),4 weeks,4 hrs per week,Included in Unlimited,courses
https://www.futurelearn.com/courses/mindfulness-through-film,Into Film & Mental Health Foundation,mindfulness through film,5,(7 reviews),2 weeks,2 hrs per week,Included in Unlimited,courses
https://www.futurelearn.com/courses/mindfulness-focus-on-adolescents,The University of Glasgow,mindfulness focus on adolescents,4.8,(71 reviews),4 weeks,4 hrs per week,Included in Unlimited,courses
https://www.futurelearn.com/courses/mini-medical-school-hot-topics-in-medicine,University of Colorado,mini medical school hot topics in medicine,4.8,(12 reviews),4 weeks,3 hrs per week,Included in Unlimited,courses
https://www.futurelearn.com/courses/university-of-colorado-mini-medical-school-part-1,University of Colorado,university of colorado mini medical school part 1,4.8,(35 reviews),3 weeks,2 hrs per week,Included in Unlimited,courses
https://www.futurelearn.com/courses/mobile-and-web-testing-with-selenium-webdriver-and-java,Packt & FutureLearn,mobile and web testing with selenium webdriver and java,NA,NA,3 weeks,2 hrs per week,Premium course,courses
https://www.futurelearn.com/courses/circular-business-models-for-sustainable-urban-food-systems-spanish,"EIT Food, University of Turin & University of Helsinki",circular business models for sustainable urban food systems spanish,NA,NA,4 weeks,4 hrs per week,Included in Unlimited,courses
https://www.futurelearn.com/courses/modern-building-design,University of Bath,modern building design,4.3,(63 reviews),3 weeks,2 hrs per week,Included in Unlimited,courses
https://www.futurelearn.com/courses/modern-leadership-styles,Coventry University,modern leadership styles,NA,NA,2 weeks,5 hrs per week,NA,courses
https://www.futurelearn.com/courses/introducing-art-history-discovering-public-sculpture,University of York,introducing art history discovering public sculpture,4.6,(209 reviews),4 weeks,4 hrs per week,Included in Unlimited,courses
https://www.futurelearn.com/courses/molecular-biology-bow-to-detect-pathogens-in-aquaculture,Taipei Medical University,molecular biology bow to detect pathogens in aquaculture,NA,NA,4 weeks,2 hrs per week,Included in Unlimited,courses
https://www.futurelearn.com/courses/motion-capture-course,University of Oslo,motion capture course,4.8,(8 reviews),6 weeks,3 hrs per week,Included in Unlimited,courses
https://www.futurelearn.com/courses/motivating-gen-z-learners-what-parents-and-teachers-need-to-know,"Nanyang Technological University, Singapore & National Institute of Education",motivating gen z learners what parents and teachers need to know,NA,NA,4 weeks,3 hrs per week,Included in Unlimited,courses
https://www.futurelearn.com/courses/mouth-care-matters,The University of Manchester,mouth care matters,4.9,(19 reviews),6 weeks,2 hrs per week,Included in Unlimited,courses
https://www.futurelearn.com/courses/mpox-understanding-the-epidemiology-and-the-potential-threat,Universiti Malaya,mpox understanding the epidemiology and the potential threat,NA,NA,2 weeks,2 hrs per week,Included in Unlimited,courses
https://www.futurelearn.com/courses/multiculturalism-in-asean,Universiti Malaya,multiculturalism in asean,NA,NA,4 weeks,2 hrs per week,Included in Unlimited,courses
https://www.futurelearn.com/courses/multilingual,The University of Glasgow,multilingual,4.8,(32 reviews),3 weeks,4 hrs per week,Included in Unlimited,courses
https://www.futurelearn.com/courses/multilingual-practices,University of Groningen,multilingual practices,4.7,(38 reviews),4 weeks,3 hrs per week,Included in Unlimited,courses
https://www.futurelearn.com/courses/multimodal-transportation-and-procurement-et,Coventry University,multimodal transportation and procurement et,NA,NA,2 weeks,5 hrs per week,NA,courses
https://www.futurelearn.com/courses/musculoskeletal-health,UK Health Security Agency,musculoskeletal health,4.3,(9 reviews),3 weeks,2 hrs per week,Included in Unlimited,courses
https://www.futurelearn.com/courses/music-and-intelligence-can-music-make-you-smarter,University of Padova,music and intelligence can music make you smarter,4.3,(31 reviews),3 weeks,3 hrs per week,Included in Unlimited,courses
https://www.futurelearn.com/courses/music-moves,University of Oslo,music moves,4.7,(37 reviews),6 weeks,3 hrs per week,Included in Unlimited,courses
https://www.futurelearn.com/courses/mysteries-of-the-universe,National Tsing Hua University (NTHU),mysteries of the universe,4.4,(88 reviews),6 weeks,2 hrs per week,Included in Unlimited,courses
https://www.futurelearn.com/courses/natural-disaster-recovery-and-management,Deakin University,natural disaster recovery and management,NA,NA,3 weeks,3 hrs per week,Included in Unlimited,courses
https://www.futurelearn.com/courses/history-of-networks-et,Coventry University,history of networks et,NA,NA,2 weeks,5 hrs per week,NA,courses
https://www.futurelearn.com/courses/network-environments-et,Coventry University,network environments et,NA,NA,2 weeks,5 hrs per week,NA,courses
https://www.futurelearn.com/courses/network-defence-architecture-et,Coventry University,network defence architecture et,NA,NA,2 weeks,5 hrs per week,NA,courses
https://www.futurelearn.com/courses/neuroleadership,Central Queensland University,neuroleadership,4.7,(128 reviews),2 weeks,3 hrs per week,NA,courses
https://www.futurelearn.com/courses/neurological-disorders-east-anglia,UEA (University of East Anglia),neurological disorders east anglia,4.4,(7 reviews),4 weeks,2 hrs per week,Included in Unlimited,courses
https://www.futurelearn.com/courses/neuroplasticians-and-neuromyths,Central Queensland University,neuroplasticians and neuromyths,4.9,(84 reviews),2 weeks,4 hrs per week,NA,courses
https://www.futurelearn.com/courses/new-energy-technologies,Grenoble Ecole de Management,new energy technologies,4.3,(58 reviews),4 weeks,2 hrs per week,Included in Unlimited,courses
https://www.futurelearn.com/courses/new-european-bauhaus-long-term-life-cycle-integrated-thinking-in-the-industrial-ecosystem,EIT Food,new european bauhaus long term life cycle integrated thinking in the industrial ecosystem,NA,NA,3 weeks,3 hrs per week,Included in Unlimited,courses
https://www.futurelearn.com/courses/new-european-bauhaus,EIT Food & Circe,new european bauhaus,NA,NA,3 weeks,3 hrs per week,Included in Unlimited,courses
https://www.futurelearn.com/courses/new-zealand-culture-and-conflict-a-museum-perspective,Museum of New Zealand Te Papa Tongarewa,new zealand culture and conflict a museum perspective,4.6,(42 reviews),3 weeks,2 hrs per week,Included in Unlimited,courses
https://www.futurelearn.com/courses/biosecurity,University of Bath & Biosecure,biosecurity,4.7,(40 reviews),6 weeks,4 hrs per week,Included in Unlimited,courses
https://www.futurelearn.com/courses/next-steps-to-university-from-choosing-a-course-to-your-first-assessment,University of York,next steps to university from choosing a course to your first assessment,4.8,(32 reviews),2 weeks,4 hrs per week,Included in Unlimited,courses
https://www.futurelearn.com/courses/nfts-a-practical-guide,"RMIT University, RMIT Blockchain Innovation Hub & RMIT University Digital3",nfts a practical guide,NA,NA,4 weeks,3 hrs per week,Included in Unlimited,courses
https://www.futurelearn.com/courses/non-invasive-prenatal-testing,"St George's, University of London",non invasive prenatal testing,4.7,(23 reviews),3 weeks,2 hrs per week,Included in Unlimited,courses
https://www.futurelearn.com/courses/nursing-in-crisis,Coventry University,nursing in crisis,4.8,(20 reviews),2 weeks,3 hrs per week,Included in Unlimited,courses
https://www.futurelearn.com/courses/nutrition-for-health-spanish,EIT Food,nutrition for health spanish,NA,NA,3 weeks,4 hrs per week,Included in Unlimited,courses
https://www.futurelearn.com/courses/nutrition-and-age-related-chronic-diseases,Taipei Medical University,nutrition and age related chronic diseases,4.1,(10 reviews),4 weeks,2 hrs per week,Included in Unlimited,courses
https://www.futurelearn.com/courses/nutrition-disease-prevention,Taipei Medical University,nutrition disease prevention,4.1,(48 reviews),4 weeks,2 hrs per week,Included in Unlimited,courses
https://www.futurelearn.com/courses/nutrition-wellbeing,University of Aberdeen,nutrition wellbeing,4.6,(584 reviews),4 weeks,3 hrs per week,Included in Unlimited,courses
https://www.futurelearn.com/courses/nutrition-for-health,EIT Food,nutrition for health,4.8,(120 reviews),3 weeks,4 hrs per week,Free digital upgrade,courses
https://www.futurelearn.com/courses/nutrition-in-the-health-sector,The University of Adelaide,nutrition in the health sector,NA,NA,4 weeks,2 hrs per week,Included in Unlimited,courses
https://www.futurelearn.com/courses/nutrition-science-food-choice-and-behaviour,University of Aberdeen,nutrition science food choice and behaviour,4.6,(14 reviews),4 weeks,5 hrs per week,Included in Unlimited,courses
https://www.futurelearn.com/courses/nutrition-science-lifestyle-medicine,University of Aberdeen,nutrition science lifestyle medicine,4.9,(28 reviews),4 weeks,5 hrs per week,Included in Unlimited,courses
https://www.futurelearn.com/courses/nutrition-science-obesity-and-healthy-weight-loss,University of Aberdeen,nutrition science obesity and healthy weight loss,4.8,(21 reviews),4 weeks,5 hrs per week,Included in Unlimited,courses
https://www.futurelearn.com/courses/eating-while-enjoying-life,Taipei Medical University,eating while enjoying life,4,(33 reviews),4 weeks,2 hrs per week,Included in Unlimited,courses
https://www.futurelearn.com/courses/object-based-learning-in-the-cultural-heritage-sector-of-aotearoa-new-zealand,Museum of New Zealand Te Papa Tongarewa & Te Pū Tiaki Mana Taonga (TPTMT),object based learning in the cultural heritage sector of aotearoa new zealand,NA,NA,3 weeks,2 hrs per week,Included in Unlimited,courses
https://www.futurelearn.com/courses/observing-children-with-visual-impairment-at-play,The LEGO Foundation,observing children with visual impairment at play,NA,NA,3 weeks,2 hrs per week,Free digital upgrade,courses
https://www.futurelearn.com/courses/occupational-safety-and-health-hazards,Universiti Malaya,occupational safety and health hazards,NA,NA,2 weeks,6 hrs per week,NA,courses
https://www.futurelearn.com/courses/ocean-science-in-action-addressing-marine-ecosystems-and-food-security-in-the-western-indian-ocean,National Oceanography Centre,ocean science in action addressing marine ecosystems and food security in the western indian ocean,4.8,(97 reviews),4 weeks,3 hrs per week,Included in Unlimited,courses
https://www.futurelearn.com/courses/online-abuse-in-sport,Dublin City University & United Against Online Abuse,online abuse in sport,NA,NA,3 weeks,2 hrs per week,Included in Unlimited,courses
https://www.futurelearn.com/courses/display-advertising-formats-and-creative,The Open University & Target Internet,display advertising formats and creative,NA,NA,2 weeks,3 hrs per week,NA,courses
https://www.futurelearn.com/courses/display-advertising-measuring-performance,The Open University & Target Internet,display advertising measuring performance,NA,NA,2 weeks,3 hrs per week,NA,courses
https://www.futurelearn.com/courses/display-advertising-targeting-options,The Open University & Target Internet,display advertising targeting options,NA,NA,2 weeks,3 hrs per week,NA,courses
https://www.futurelearn.com/courses/display-advertising-the-user-journey,The Open University & Target Internet,display advertising the user journey,NA,NA,2 weeks,3 hrs per week,NA,courses
https://www.futurelearn.com/courses/how-to-recruit-and-onboard-online,FutureLearn,how to recruit and onboard online,4.7,(25 reviews),3 weeks,2 hrs per week,Included in Unlimited,courses
https://www.futurelearn.com/courses/outpatient-parenteral-antimicrobial-therapy,BSAC,outpatient parenteral antimicrobial therapy,4.6,(14 reviews),2 weeks,6 hrs per week,Included in Unlimited,courses
https://www.futurelearn.com/courses/openness-in-science-and-innovation,University of Potsdam,openness in science and innovation,NA,NA,8 weeks,3 hrs per week,Included in Unlimited,courses
https://www.futurelearn.com/courses/operations-management-processes-mapping-supply-chain,Sentinel|9 & FutureLearn,operations management processes mapping supply chain,NA,NA,4 weeks,3 hrs per week,Premium course,courses
https://www.futurelearn.com/courses/operations-management-resource-workflow-layout,Sentinel|9 & FutureLearn,operations management resource workflow layout,NA,NA,4 weeks,3 hrs per week,Premium course,courses
https://www.futurelearn.com/courses/opioids-and-surgery,UCL (University College London),opioids and surgery,5,(6 reviews),3 weeks,5 hrs per week,Included in Unlimited,courses
https://www.futurelearn.com/courses/optimizing-revenue-management-in-f-b,Ferrandi Paris,optimizing revenue management in f b,NA,NA,4 weeks,3 hrs per week,Premium course,courses
https://www.futurelearn.com/courses/ore-geology-in-the-epicentre-of-the-fossil-free-energy-transition-,Luleå University of Technology,ore geology in the epicentre of the fossil free energy transition ,3.8,(6 reviews),3 weeks,5 hrs per week,Included in Unlimited,courses
https://www.futurelearn.com/courses/organ-donation,"St George's, University of London & NHS BT",organ donation,4.5,(32 reviews),2 weeks,2 hrs per week,Included in Unlimited,courses
https://www.futurelearn.com/courses/organisational-behaviour-leadership-skills,Sentinel|9 & FutureLearn,organisational behaviour leadership skills,NA,NA,4 weeks,3 hrs per week,Premium course,courses
https://www.futurelearn.com/courses/organisations-and-projects-et,Coventry University,organisations and projects et,NA,NA,2 weeks,5 hrs per week,NA,courses
https://www.futurelearn.com/courses/organising-for-sustainable-development-goals,Hanken School of Economics,organising for sustainable development goals,4.7,(52 reviews),7 weeks,3 hrs per week,Included in Unlimited,courses
https://www.futurelearn.com/courses/educational-neuroscience,Central Queensland University,educational neuroscience,4.8,(316 reviews),2 weeks,3 hrs per week,NA,courses
https://www.futurelearn.com/courses/orthoptics-how-to-be-a-brilliant-allied-health-profession,King's College London,orthoptics how to be a brilliant allied health profession,NA,NA,3 weeks,4 hrs per week,Included in Unlimited,courses
https://www.futurelearn.com/courses/primary-science,Royal Observatory Greenwich,primary science,4.5,(43 reviews),3 weeks,3 hrs per week,Included in Unlimited,courses
https://www.futurelearn.com/courses/overcoming-imposter-syndrome,University of Southern Queensland,overcoming imposter syndrome,4.7,(369 reviews),3 weeks,2 hrs per week,Included in Unlimited,courses
https://www.futurelearn.com/courses/overpopulation-resource-depletion-and-human-innovation,Adam Smith Center,overpopulation resource depletion and human innovation,3.6,(5 reviews),4 weeks,3 hrs per week,Included in Unlimited,courses
https://www.futurelearn.com/courses/paediatric-dentistry,UCL (University College London) & UCL Eastman Dental Institute,paediatric dentistry,5,(64 reviews),3 weeks,4 hrs per week,Included in Unlimited,courses
https://www.futurelearn.com/courses/palliative-care-easing-physical-symptoms,University of Colorado,palliative care easing physical symptoms,NA,NA,3 weeks,3 hrs per week,Included in Unlimited,courses
https://www.futurelearn.com/courses/palliative-care-pain-management-for-your-patients,University of Colorado,palliative care pain management for your patients,NA,NA,5 weeks,3 hrs per week,Included in Unlimited,courses
https://www.futurelearn.com/courses/palliative-care-psychosocial-spiritual-aspects,University of Colorado,palliative care psychosocial spiritual aspects,NA,NA,5 weeks,3 hrs per week,Included in Unlimited,courses
https://www.futurelearn.com/courses/palliative-care-supporting-patients-serious-illness,University of Colorado,palliative care supporting patients serious illness,NA,NA,5 weeks,3 hrs per week,Included in Unlimited,courses
https://www.futurelearn.com/courses/pathways-to-property,"University of Reading, Henley Business School & The Reading Real Estate Foundation",pathways to property,4.8,(217 reviews),3 weeks,2 hrs per week,Free digital upgrade,courses
https://www.futurelearn.com/courses/pathways-to-success-making-the-most-of-your-time-at-university,University of York,pathways to success making the most of your time at university,NA,NA,2 weeks,4 hrs per week,Included in Unlimited,courses
https://www.futurelearn.com/courses/people-management-skills,CIPD - Chartered Institute of Personnel and Development,people management skills,4.7,(660 reviews),5 weeks,3 hrs per week,Included in Unlimited,courses
https://www.futurelearn.com/courses/ethical-research,University of Leicester,ethical research,4.6,(13 reviews),3 weeks,2 hrs per week,Included in Unlimited,courses
https://www.futurelearn.com/courses/people-networks-and-neighbours,"University of Groningen, University of Warsaw, Alexander von Humboldt Institute for Internet and Society & ACTiSS",people networks and neighbours,4,(11 reviews),3 weeks,4 hrs per week,Included in Unlimited,courses
https://www.futurelearn.com/courses/people-power-and-politics-influencing-political-decision-makers-on-human-rights,Amnesty International UK,people power and politics influencing political decision makers on human rights,4.5,(11 reviews),3 weeks,1 hr per week,Included in Unlimited,courses
https://www.futurelearn.com/courses/people-centred-policy-design-putting-diverse-voices-and-perspectives-at-the-heart-of-policy,Government Campus & Policy Profession,people centred policy design putting diverse voices and perspectives at the heart of policy,NA,NA,5 weeks,2 hrs per week,Included in Unlimited,courses
https://www.futurelearn.com/courses/perioperative-medicine,UCL (University College London),perioperative medicine,4.7,(216 reviews),4 weeks,3 hrs per week,Included in Unlimited,courses
https://www.futurelearn.com/courses/fitness-networking-sc,Central Queensland University,fitness networking sc,NA,NA,2 weeks,3 hrs per week,Included in Unlimited,courses
https://www.futurelearn.com/courses/outdoor-fitness-business-sc,Central Queensland University,outdoor fitness business sc,NA,NA,2 weeks,2 hrs per week,Included in Unlimited,courses
https://www.futurelearn.com/courses/client-communities-sc,Central Queensland University,client communities sc,NA,NA,2 weeks,4 hrs per week,Included in Unlimited,courses
https://www.futurelearn.com/courses/client-orientation-sc,Central Queensland University,client orientation sc,NA,NA,2 weeks,3 hrs per week,Included in Unlimited,courses
https://www.futurelearn.com/courses/fitness-for-older-people-sc,Central Queensland University,fitness for older people sc,5,(5 reviews),2 weeks,2 hrs per week,Included in Unlimited,courses
https://www.futurelearn.com/courses/nutritional-advice-sc,Central Queensland University,nutritional advice sc,NA,NA,2 weeks,5 hrs per week,Included in Unlimited,courses
https://www.futurelearn.com/courses/workplace-health-and-safety-in-a-fitness-setting-sc,Central Queensland University,workplace health and safety in a fitness setting sc,NA,NA,2 weeks,2 hrs per week,Included in Unlimited,courses
https://www.futurelearn.com/courses/peer-leadership-foundation-step-1,Personalised Care Group at NHS England and NHS Improvement,peer leadership foundation step 1,4.7,(116 reviews),4 weeks,2 hrs per week,Included in Unlimited,courses
https://www.futurelearn.com/courses/peer-leadership-foundation-step-2,Personalised Care Group at NHS England and NHS Improvement,peer leadership foundation step 2,4.8,(66 reviews),4 weeks,2 hrs per week,Included in Unlimited,courses
https://www.futurelearn.com/courses/peterloo-to-the-pankhursts-radicalism-and-reform-in-the-nineteenth-century,"Royal Holloway, University of London & People's History Museum",peterloo to the pankhursts radicalism and reform in the nineteenth century,4.8,(282 reviews),4 weeks,5 hrs per week,Included in Unlimited,courses
https://www.futurelearn.com/courses/pharmacokinetics-and-dosing-regimen-in-renal-disease,Taipei Medical University,pharmacokinetics and dosing regimen in renal disease,NA,NA,6 weeks,2 hrs per week,Included in Unlimited,courses
https://www.futurelearn.com/courses/overview-and-formulation-of-biotechnology-products,Taipei Medical University,overview and formulation of biotechnology products,4.6,(14 reviews),6 weeks,2 hrs per week,Included in Unlimited,courses
https://www.futurelearn.com/courses/pharmacy-for-beginners,Universiti Malaya,pharmacy for beginners,4.5,(14 reviews),3 weeks,3 hrs per week,Included in Unlimited,courses
https://www.futurelearn.com/courses/photographing-the-holocaust,The University of Nottingham,photographing the holocaust,4.7,(53 reviews),3 weeks,5 hrs per week,Included in Unlimited,courses
https://www.futurelearn.com/courses/physical-theatre-exploring-the-slap,University of Leeds,physical theatre exploring the slap,4.5,(40 reviews),2 weeks,2 hrs per week,Included in Unlimited,courses
https://www.futurelearn.com/courses/earth-and-space-physics-teaching-secondary-science,Royal Observatory Greenwich,earth and space physics teaching secondary science,4.4,(12 reviews),3 weeks,3 hrs per week,Included in Unlimited,courses
https://www.futurelearn.com/courses/peak-spanish,The University of Melbourne,peak spanish,4.8,(12 reviews),4 weeks,2 hrs per week,Included in Unlimited,courses
https://www.futurelearn.com/courses/peak-portuguese,The University of Melbourne,peak portuguese,4.9,(7 reviews),4 weeks,2 hrs per week,Included in Unlimited,courses
https://www.futurelearn.com/courses/peak,The University of Melbourne,peak,4.7,(38 reviews),4 weeks,2 hrs per week,Included in Unlimited,courses
https://www.futurelearn.com/courses/pictures-of-youth-introduction-childrens-visual-culture,University of York,pictures of youth introduction childrens visual culture,4.4,(89 reviews),4 weeks,3 hrs per week,Included in Unlimited,courses
https://www.futurelearn.com/courses/unlocking-design-potential,Luleå University of Technology,unlocking design potential,NA,NA,3 weeks,3 hrs per week,Included in Unlimited,courses
https://www.futurelearn.com/courses/unlocking-place-potential,Luleå University of Technology,unlocking place potential,NA,NA,2 weeks,3 hrs per week,Included in Unlimited,courses
https://www.futurelearn.com/courses/unlocking-tourist-destinations,Luleå University of Technology,unlocking tourist destinations,4.3,(6 reviews),3 weeks,3 hrs per week,Included in Unlimited,courses
https://www.futurelearn.com/courses/plan-for-project-success,Luleå University of Technology,plan for project success,4.4,(29 reviews),3 weeks,4 hrs per week,Included in Unlimited,courses
https://www.futurelearn.com/courses/planet-earth,University of Leeds,planet earth,4.6,(28 reviews),2 weeks,3 hrs per week,Included in Unlimited,courses
https://www.futurelearn.com/courses/tackling-climate-crisis,University of Reading & Walker Institute,tackling climate crisis,4.5,(22 reviews),2 weeks,2 hrs per week,Included in Unlimited,courses
https://www.futurelearn.com/courses/automated-vehicles-a-tool-for-people-centred-planning,EIT Urban Mobility,automated vehicles a tool for people centred planning,NA,NA,4 weeks,3 hrs per week,Included in Unlimited,courses
https://www.futurelearn.com/courses/play-full-getting-creative-with-design-thinking-in-health-and-care,The King's Fund,play full getting creative with design thinking in health and care,5,(9 reviews),4 weeks,2 hrs per week,Included in Unlimited,courses
https://www.futurelearn.com/courses/engl3301-1,The University of Newcastle Australia,engl3301 1,4.6,(102 reviews),3 weeks,2 hrs per week,Included in Unlimited,courses
https://www.futurelearn.com/courses/plurilingual-classrooms-in-action,The University of Glasgow,plurilingual classrooms in action,4.5,(8 reviews),4 weeks,4 hrs per week,Included in Unlimited,courses
https://www.futurelearn.com/courses/how-to-read-a-poem-york,University of York,how to read a poem york,4.6,(343 reviews),4 weeks,4 hrs per week,Included in Unlimited,courses
https://www.futurelearn.com/courses/population-10-billion,The University of Sheffield,population 10 billion,4.5,(10 reviews),3 weeks,3 hrs per week,Included in Unlimited,courses
https://www.futurelearn.com/courses/post-traumatic-stress-disorder-ptsd-in-the-global-context,The University of Glasgow,post traumatic stress disorder ptsd in the global context,4.8,(88 reviews),4 weeks,4 hrs per week,Included in Unlimited,courses
https://www.futurelearn.com/courses/poultry-health,The University of Nottingham & British Hen Welfare Trust,poultry health,4.2,(39 reviews),6 weeks,3 hrs per week,Included in Unlimited,courses
https://www.futurelearn.com/courses/power-in-crisis-politics-in-the-21st-century,University of York,power in crisis politics in the 21st century,4.2,(6 reviews),3 weeks,4 hrs per week,Included in Unlimited,courses
https://www.futurelearn.com/courses/work-power-politics-influence,The University of Manchester,work power politics influence,4.4,(32 reviews),5 weeks,4 hrs per week,Included in Unlimited,courses
https://www.futurelearn.com/courses/feminist-transformational-leadership,The University of the West Indies,feminist transformational leadership,NA,NA,3 weeks,3 hrs per week,Included in Unlimited,courses
https://www.futurelearn.com/courses/practical-skills-for-teaching-inclusive-history-cargo-classroom,"University of Bristol, CARGO (Charting African Resilience Generating Opportunities) & Education, Justice and Memory Network (EdJAM)",practical skills for teaching inclusive history cargo classroom,4.5,(6 reviews),4 weeks,2 hrs per week,Free digital upgrade,courses
https://www.futurelearn.com/courses/skills-for-the-pte-speaking-test,Macquarie University & PTE Academic,skills for the pte speaking test,4.9,(240 reviews),3 weeks,2 hrs per week,Included in Unlimited,courses
https://www.futurelearn.com/courses/precalculus,University of Padova,precalculus,4.6,(28 reviews),5 weeks,6 hrs per week,Included in Unlimited,courses
https://www.futurelearn.com/courses/industrial-application-in-precision-medicine-and-smart-healthcare,Taipei Medical University,industrial application in precision medicine and smart healthcare,NA,NA,5 weeks,2 hrs per week,Included in Unlimited,courses
https://www.futurelearn.com/courses/premiers-secours-psychologiques-version-pour-lafrique,UK Health Security Agency,premiers secours psychologiques version pour lafrique,4.8,(6 reviews),3 weeks,2 hrs per week,Free digital upgrade,courses
https://www.futurelearn.com/courses/software-development-python-java-prepare-for-a-software-development-career-sc,FutureLearn,software development python java prepare for a software development career sc,NA,NA,4 weeks,4 hrs per week,Included in Unlimited,courses
https://www.futurelearn.com/courses/prepare-for-your-science-degree,The University of Nottingham,prepare for your science degree,NA,NA,3 weeks,2 hrs per week,Included in Unlimited,courses
https://www.futurelearn.com/courses/preparing-for-a-pgce,The University of Warwick,preparing for a pgce,4.8,(86 reviews),4 weeks,3 hrs per week,Included in Unlimited,courses
https://www.futurelearn.com/courses/phd-preparation-for-fine-art-design-and-film,Lucerne University of Applied Sciences and Arts,phd preparation for fine art design and film,4.9,(14 reviews),6 weeks,2 hrs per week,Free digital upgrade,courses
https://www.futurelearn.com/courses/health-electives,"St George's, University of London & King's College London",health electives,4.5,(11 reviews),3 weeks,2 hrs per week,Included in Unlimited,courses
https://www.futurelearn.com/courses/preparing-for-higher-education,Arden University,preparing for higher education,4.9,(14 reviews),4 weeks,3 hrs per week,Free digital upgrade,courses
https://www.futurelearn.com/courses/preparing-for-teaching,Manchester Metropolitan University,preparing for teaching,4.6,(99 reviews),3 weeks,2 hrs per week,Included in Unlimited,courses
https://www.futurelearn.com/courses/preparing-for-uni,UEA (University of East Anglia),preparing for uni,4.6,(55 reviews),7 weeks,3 hrs per week,Included in Unlimited,courses
https://www.futurelearn.com/courses/preparing-to-learn-online-at-university,University of Leeds,preparing to learn online at university,4.8,(29 reviews),3 weeks,2 hrs per week,Included in Unlimited,courses
https://www.futurelearn.com/courses/presenting-your-work-with-impact-presentation-skills-training-sc,"University of Leeds, Click Start & Institute of Coding",presenting your work with impact presentation skills training sc,NA,NA,2 weeks,3 hrs per week,Free digital upgrade,courses
https://www.futurelearn.com/courses/preventing-and-managing-infections-in-childcare-and-pre-school-settings,BSAC & UK Health Security Agency,preventing and managing infections in childcare and pre school settings,4.8,(145 reviews),2 weeks,2 hrs per week,Included in Unlimited,courses
https://www.futurelearn.com/courses/principles-of-engineering,King's College London,principles of engineering,4.8,(130 reviews),4 weeks,4 hrs per week,Included in Unlimited,courses
https://www.futurelearn.com/courses/principles-of-life-cycle-assessment-for-sustainability,Aberystwyth University,principles of life cycle assessment for sustainability,NA,NA,4 weeks,4 hrs per week,Included in Unlimited,courses
https://www.futurelearn.com/courses/principles-of-service-management,Hanken School of Economics,principles of service management,4.6,(46 reviews),5 weeks,4 hrs per week,Included in Unlimited,courses
https://www.futurelearn.com/courses/principles-of-wealth-management,Hanken School of Economics,principles of wealth management,4.8,(176 reviews),7 weeks,4 hrs per week,Included in Unlimited,courses
https://www.futurelearn.com/courses/tb-in-a-prison-setting,UK Health Security Agency,tb in a prison setting,4.6,(12 reviews),5 weeks,3 hrs per week,Included in Unlimited,courses
https://www.futurelearn.com/courses/prison-health-vaccinations-for-people-working-and-living-in-prisons-non-vaccine-trained-staff-,UK Health Security Agency,prison health vaccinations for people working and living in prisons non vaccine trained staff ,NA,NA,2 weeks,2 hrs per week,Included in Unlimited,courses
https://www.futurelearn.com/courses/prison-health-vaccinations-for-people-working-and-living-in-prisons,UK Health Security Agency,prison health vaccinations for people working and living in prisons,NA,NA,2 weeks,2 hrs per week,Included in Unlimited,courses
https://www.futurelearn.com/courses/procalcitonin-pct-as-a-biomarker-for-antimicrobial-stewardship,BSAC,procalcitonin pct as a biomarker for antimicrobial stewardship,4.6,(21 reviews),3 weeks,1 hr per week,Included in Unlimited,courses
https://www.futurelearn.com/courses/product-design-manufacturing-processes-fashion-industry,"Bloomsbury Publishing, Fairchild Books & FutureLearn",product design manufacturing processes fashion industry,NA,NA,3 weeks,2 hrs per week,Premium course,courses
https://www.futurelearn.com/courses/product-management-essentials,FutureLearn,product management essentials,4.8,(9 reviews),4 weeks,3 hrs per week,Included in Unlimited,courses
https://www.futurelearn.com/courses/early-career-teachers,UEA (University of East Anglia),early career teachers,4.8,(67 reviews),5 weeks,3 hrs per week,Included in Unlimited,courses
https://www.futurelearn.com/courses/knifeskills,International Culinary Studio,knifeskills,4.4,(18 reviews),2 weeks,2 hrs per week,Premium course,courses
https://www.futurelearn.com/courses/professional-resilience,Deakin University,professional resilience,4.8,(688 reviews),2 weeks,3 hrs per week,Included in Unlimited,courses
https://www.futurelearn.com/courses/programme-design-for-children-associated-with-armed-forces-and-armed-groups-caafag-,The Alliance for Child Protection in Humanitarian Action,programme design for children associated with armed forces and armed groups caafag ,4.9,(20 reviews),6 weeks,3 hrs per week,Free digital upgrade,courses
https://www.futurelearn.com/courses/project-management-insights,Nottingham Business School & Nottingham Trent University,project management insights,NA,NA,3 weeks,2 hrs per week,Included in Unlimited,courses
https://www.futurelearn.com/courses/agile-project-management-et,Coventry University,agile project management et,4.8,(5 reviews),2 weeks,5 hrs per week,NA,courses
https://www.futurelearn.com/courses/project-management-beyond-the-basics,The Open University,project management beyond the basics,4.6,(175 reviews),4 weeks,3 hrs per week,Included in Unlimited,courses
https://www.futurelearn.com/courses/foundations-of-project-management-et,Coventry University,foundations of project management et,4.5,(13 reviews),2 weeks,3 hrs per week,NA,courses
https://www.futurelearn.com/courses/project-planning-and-communication-et,Coventry University,project planning and communication et,4.7,(10 reviews),2 weeks,5 hrs per week,NA,courses
https://www.futurelearn.com/courses/promoting-democracy-a-guide-for-teachers,"Manchester Metropolitan University, Lisbon School of Education & Universitat Autònoma de Barcelona",promoting democracy a guide for teachers,4.8,(10 reviews),3 weeks,4 hrs per week,Included in Unlimited,courses
https://www.futurelearn.com/courses/propaganda,The University of Nottingham & British Library,propaganda,4.5,(148 reviews),5 weeks,4 hrs per week,Included in Unlimited,courses
https://www.futurelearn.com/courses/proteccion-de-la-infancia-durante-covid-19,The Alliance for Child Protection in Humanitarian Action,proteccion de la infancia durante covid 19,5,(5 reviews),6 weeks,3 hrs per week,Free digital upgrade,courses
https://www.futurelearn.com/courses/protect-the-protest-using-our-rights-to-freedom-of-assembly-and-expression,Amnesty International UK,protect the protest using our rights to freedom of assembly and expression,4.4,(15 reviews),3 weeks,1 hr per week,Included in Unlimited,courses
https://www.futurelearn.com/courses/protecting-children-during-covid-19,The Alliance for Child Protection in Humanitarian Action,protecting children during covid 19,4.7,(99 reviews),6 weeks,3 hrs per week,Free digital upgrade,courses
https://www.futurelearn.com/courses/protecting-health-data,University of Groningen,protecting health data,4.6,(26 reviews),2 weeks,3 hrs per week,Included in Unlimited,courses
https://www.futurelearn.com/courses/psychological-first-aid,UK Health Security Agency,psychological first aid,4.9,(12 reviews),3 weeks,1 hr per week,Included in Unlimited,courses
https://www.futurelearn.com/courses/psychological-first-aid-for-children-and-young-people,UK Health Security Agency,psychological first aid for children and young people,4.5,(1346 reviews),3 weeks,1 hr per week,Included in Unlimited,courses
https://www.futurelearn.com/courses/public-health-nursing-et-five,Coventry University,public health nursing et five,NA,NA,2 weeks,5 hrs per week,NA,courses
https://www.futurelearn.com/courses/public-health-nursing-et-one,Coventry University,public health nursing et one,5,(5 reviews),2 weeks,5 hrs per week,NA,courses
https://www.futurelearn.com/courses/public-health-nursing-et-three,Coventry University,public health nursing et three,NA,NA,2 weeks,5 hrs per week,NA,courses
https://www.futurelearn.com/courses/public-health-nursing-et-four,Coventry University,public health nursing et four,NA,NA,2 weeks,5 hrs per week,NA,courses
https://www.futurelearn.com/courses/public-health-nursing-et-two,Coventry University,public health nursing et two,NA,NA,2 weeks,5 hrs per week,NA,courses
https://www.futurelearn.com/courses/public-health-incidents-involving-lead,UK Health Security Agency,public health incidents involving lead,4.5,(8 reviews),4 weeks,2 hrs per week,Included in Unlimited,courses
https://www.futurelearn.com/courses/pubs-history-consumers-management-and-protection,University of York,pubs history consumers management and protection,4.8,(28 reviews),3 weeks,4 hrs per week,Included in Unlimited,courses
https://www.futurelearn.com/courses/pupillometry-course,University of Oslo,pupillometry course,4.4,(8 reviews),6 weeks,3 hrs per week,Included in Unlimited,courses
https://www.futurelearn.com/courses/qard-basics-benevolent-loans-in-islamic-finance,INCEIF,qard basics benevolent loans in islamic finance,NA,NA,4 weeks,1 hr per week,Included in Unlimited,courses
https://www.futurelearn.com/courses/qualitative-research-methods-for-mental-health-war-conflict,King's College London & Birzeit University,qualitative research methods for mental health war conflict,4.7,(7 reviews),4 weeks,5 hrs per week,Included in Unlimited,courses
https://www.futurelearn.com/courses/quality-improvement,University of Bath,quality improvement,4.8,(127 reviews),6 weeks,3 hrs per week,Included in Unlimited,courses
https://www.futurelearn.com/courses/construction-quality,Chartered Institute of Building (CIOB),construction quality,4.8,(88 reviews),3 weeks,2 hrs per week,Included in Unlimited,courses
https://www.futurelearn.com/courses/using-r-for-regression-and-machine-learning-in-investment,Sungkyunkwan University (SKKU),using r for regression and machine learning in investment,NA,NA,2 weeks,4 hrs per week,Included in Unlimited,courses
https://www.futurelearn.com/courses/railway-history-the-rise-of-the-railway-station,University of Strathclyde,railway history the rise of the railway station,4.7,(67 reviews),4 weeks,3 hrs per week,Included in Unlimited,courses
https://www.futurelearn.com/courses/raising-startup-funds,Grenoble Ecole de Management,raising startup funds,4.9,(10 reviews),4 weeks,3 hrs per week,Included in Unlimited,courses
https://www.futurelearn.com/courses/james-joyce-life-place-fiction,University of York,james joyce life place fiction,4.7,(9 reviews),3 weeks,4 hrs per week,Included in Unlimited,courses
https://www.futurelearn.com/courses/recommender-systems-in-python,National Tsing Hua University (NTHU),recommender systems in python,NA,NA,6 weeks,3 hrs per week,Included in Unlimited,courses
https://www.futurelearn.com/courses/recruitment-selection-induction-basics,Learning Lounge & FutureLearn,recruitment selection induction basics,NA,NA,1 week,2 hrs per week,Premium course,courses
https://www.futurelearn.com/courses/reimaginar-museos,University of Leicester & TyPA,reimaginar museos,4.9,(17 reviews),6 weeks,2 hrs per week,Included in Unlimited,courses
https://www.futurelearn.com/courses/religion-sexual-wellbeing,University of Groningen,religion sexual wellbeing,4.8,(13 reviews),4 weeks,3 hrs per week,Included in Unlimited,courses
https://www.futurelearn.com/courses/religion-radicalisation-resilience,European University Institute (EUI) & GREASE Project Consortium,religion radicalisation resilience,4.5,(37 reviews),3 weeks,3 hrs per week,Included in Unlimited,courses
https://www.futurelearn.com/courses/renewable-energy-microgrid-advancing-energy-transition,Deakin University,renewable energy microgrid advancing energy transition,NA,NA,2 weeks,3 hrs per week,Included in Unlimited,courses
https://www.futurelearn.com/courses/renewable-energy-achieving-sustainability-through-bioenergy,University of Leeds,renewable energy achieving sustainability through bioenergy,4.5,(20 reviews),2 weeks,4 hrs per week,Included in Unlimited,courses
https://www.futurelearn.com/courses/renewable-energy-sustainable-electricity-supply-with-microgrids,University of Leeds,renewable energy sustainable electricity supply with microgrids,4.4,(10 reviews),2 weeks,4 hrs per week,Included in Unlimited,courses
https://www.futurelearn.com/courses/reporting-obligations-of-your-charity-part-a-overview-of-reporting-obligations,Australian Charities and Not-for-profits Commission,reporting obligations of your charity part a overview of reporting obligations,4.6,(22 reviews),2 weeks,1 hr per week,Free digital upgrade,courses
https://www.futurelearn.com/courses/reporting-obligations-of-your-charity-part-b-financial-skills-for-acnc-reporting-requirements-,Australian Charities and Not-for-profits Commission,reporting obligations of your charity part b financial skills for acnc reporting requirements ,4.5,(8 reviews),2 weeks,1 hr per week,Free digital upgrade,courses
https://www.futurelearn.com/courses/understand-ecommerce-customers-products-propositions,Colin Lewis,understand ecommerce customers products propositions,NA,NA,3 weeks,3 hrs per week,NA,courses
https://www.futurelearn.com/courses/research-ethics-and-vulnerability-ethical-research-in-adults-with-impaired-decision-making-capacity,Universiti Malaya,research ethics and vulnerability ethical research in adults with impaired decision making capacity,4.7,(7 reviews),2 weeks,2 hrs per week,Included in Unlimited,courses
https://www.futurelearn.com/courses/research-impact-respact-pathway-to-impactful-projects,Universiti Malaya,research impact respact pathway to impactful projects,NA,NA,2 weeks,3 hrs per week,Included in Unlimited,courses
https://www.futurelearn.com/courses/research-impact,The University of Glasgow,research impact,4.6,(24 reviews),3 weeks,4 hrs per week,Included in Unlimited,courses
https://www.futurelearn.com/courses/research-methods-psychology-animal-models-to-understand-human-behaviour,University of Padova,research methods psychology animal models to understand human behaviour,4.8,(8 reviews),4 weeks,4 hrs per week,Included in Unlimited,courses
https://www.futurelearn.com/courses/research-methods-a-practical-guide-to-peer-and-community-research,King's College London,research methods a practical guide to peer and community research,4.8,(68 reviews),10 weeks,2 hrs per week,Free digital upgrade,courses
https://www.futurelearn.com/courses/retinopathy-of-prematurity-practical-approaches-to-prevent-blindness,London School of Hygiene & Tropical Medicine & International Centre for Eye Health - ICEH,retinopathy of prematurity practical approaches to prevent blindness,4.8,(48 reviews),4 weeks,5 hrs per week,Included in Unlimited,courses
https://www.futurelearn.com/courses/mature-learners-support-in-returning-to-education,University of York,mature learners support in returning to education,4.6,(38 reviews),2 weeks,4 hrs per week,Included in Unlimited,courses
https://www.futurelearn.com/courses/reversing-diabetes-fact-or-fiction,University of Leicester,reversing diabetes fact or fiction,4.5,(106 reviews),3 weeks,2 hrs per week,Included in Unlimited,courses
https://www.futurelearn.com/courses/revolutionising-the-food-chain-spanish,EIT Food & Queen's University Belfast,revolutionising the food chain spanish,NA,NA,5 weeks,4 hrs per week,Included in Unlimited,courses
https://www.futurelearn.com/courses/revolutionising-the-food-chain,EIT Food & Queen's University Belfast,revolutionising the food chain,4.4,(11 reviews),5 weeks,4 hrs per week,Included in Unlimited,courses
https://www.futurelearn.com/courses/occupational-health-hazards-risk-assessment-and-control-of-risks,Universiti Malaya,occupational health hazards risk assessment and control of risks,NA,NA,2 weeks,6 hrs per week,NA,courses
https://www.futurelearn.com/courses/digital-risk-management-et,Coventry University,digital risk management et,NA,NA,2 weeks,5 hrs per week,NA,courses
https://www.futurelearn.com/courses/risk-management,SOAS University of London,risk management,4.5,(83 reviews),4 weeks,2 hrs per week,Included in Unlimited,courses
https://www.futurelearn.com/courses/robert-burns,The University of Glasgow,robert burns,4.8,(226 reviews),3 weeks,4 hrs per week,Included in Unlimited,courses
https://www.futurelearn.com/courses/rome,University of Reading,rome,4.8,(654 reviews),5 weeks,3 hrs per week,Included in Unlimited,courses
https://www.futurelearn.com/courses/ploughing-new-ground-principles-of-rural-entrepreneurship,Aberystwyth University,ploughing new ground principles of rural entrepreneurship,NA,NA,4 weeks,4 hrs per week,Included in Unlimited,courses
https://www.futurelearn.com/courses/level-3-safeguarding-adults,NHS England,level 3 safeguarding adults,4.6,(4124 reviews),3 weeks,1 hr per week,Included in Unlimited,courses
https://www.futurelearn.com/courses/safeguarding-in-collaborative-international-research-contexts-challenges-opportunities,The University of Glasgow,safeguarding in collaborative international research contexts challenges opportunities,4.8,(8 reviews),3 weeks,4 hrs per week,Included in Unlimited,courses
https://www.futurelearn.com/courses/safeguarding-a-guide-for-charities,Australian Charities and Not-for-profits Commission,safeguarding a guide for charities,4.8,(16 reviews),2 weeks,1 hr per week,Free digital upgrade,courses
https://www.futurelearn.com/courses/safety-by-design,"RMIT University, RMIT University Digital3 & Centre for Cyber Security Research and Innovation",safety by design,NA,NA,4 weeks,3 hrs per week,Included in Unlimited,courses
https://www.futurelearn.com/courses/sales-advertising-ethics-fashion-industry,"Bloomsbury Publishing, Fairchild Books & FutureLearn",sales advertising ethics fashion industry,NA,NA,2 weeks,2 hrs per week,Premium course,courses
https://www.futurelearn.com/courses/introduction-to-samuel-johnsons-rasselas,Ralston College,introduction to samuel johnsons rasselas,4.5,(33 reviews),6 weeks,4 hrs per week,Included in Unlimited,courses
https://www.futurelearn.com/courses/prison-health-vaccinations-for-people-working-and-living-in-prisons-non-vaccine-trained-staff-french,UK Health Security Agency,prison health vaccinations for people working and living in prisons non vaccine trained staff french,NA,NA,2 weeks,2 hrs per week,Included in Unlimited,courses
https://www.futurelearn.com/courses/scarcity-and-resources-in-healthcare,The University of Glasgow,scarcity and resources in healthcare,NA,NA,3 weeks,6 hrs per week,NA,courses
https://www.futurelearn.com/courses/science-communication-for-researchers,"EIT Food, University of Turin & Universidad Autónoma de Madrid",science communication for researchers,4.6,(32 reviews),3 weeks,2 hrs per week,Included in Unlimited,courses
https://www.futurelearn.com/courses/global-action-for-marine-sustainability,Taipei Medical University,global action for marine sustainability,NA,NA,6 weeks,2 hrs per week,Included in Unlimited,courses
https://www.futurelearn.com/courses/search-marketing-mapping-the-user-journey,The Open University & Target Internet,search marketing mapping the user journey,NA,NA,2 weeks,4 hrs per week,NA,courses
https://www.futurelearn.com/courses/search-marketing-measuring-search-marketing,The Open University & Target Internet,search marketing measuring search marketing,NA,NA,2 weeks,4 hrs per week,NA,courses
https://www.futurelearn.com/courses/search-marketing-paid-search-marketing-ppc-,The Open University & Target Internet,search marketing paid search marketing ppc ,NA,NA,2 weeks,4 hrs per week,NA,courses
https://www.futurelearn.com/courses/search-marketing-search-engine-optimisation-seo-,The Open University & Target Internet,search marketing search engine optimisation seo ,NA,NA,2 weeks,4 hrs per week,NA,courses
https://www.futurelearn.com/courses/system-analysis-and-design-sc,Coventry University,system analysis and design sc,NA,NA,2 weeks,5 hrs per week,Included in Unlimited,courses
https://www.futurelearn.com/courses/system-analysis-and-design-et,Coventry University,system analysis and design et,NA,NA,2 weeks,5 hrs per week,NA,courses
https://www.futurelearn.com/courses/security-by-design,"RMIT University, RMIT University Digital3 & Centre for Cyber Security Research and Innovation",security by design,NA,NA,4 weeks,3 hrs per week,Included in Unlimited,courses
https://www.futurelearn.com/courses/system-development-sc,Coventry University,system development sc,NA,NA,2 weeks,5 hrs per week,Included in Unlimited,courses
https://www.futurelearn.com/courses/system-development-et,Coventry University,system development et,NA,NA,2 weeks,5 hrs per week,NA,courses
https://www.futurelearn.com/courses/seeing-how-the-brain-creates-the-visual-world,National Yang Ming Chiao Tung University (NYCU),seeing how the brain creates the visual world,4.2,(11 reviews),4 weeks,2 hrs per week,Included in Unlimited,courses
https://www.futurelearn.com/courses/selenium-automation-testing-for-web-applications,Packt & FutureLearn,selenium automation testing for web applications,NA,NA,3 weeks,2 hrs per week,Premium course,courses
https://www.futurelearn.com/courses/self-care-and-wellbeing-a-practical-guide-for-health-and-social-care,The University of Edinburgh & Royal College of Physicians of Edinburgh,self care and wellbeing a practical guide for health and social care,4.8,(75 reviews),3 weeks,2 hrs per week,Included in Unlimited,courses
https://www.futurelearn.com/courses/service-science-and-sustainability,National Tsing Hua University (NTHU),service science and sustainability,NA,NA,3 weeks,4 hrs per week,Included in Unlimited,courses
https://www.futurelearn.com/courses/instagram-marketing,Social Media College,instagram marketing,NA,NA,2 weeks,4 hrs per week,NA,courses
https://www.futurelearn.com/courses/shakespeare-context-and-stagecraft,King's College London,shakespeare context and stagecraft,4.8,(232 reviews),2 weeks,3 hrs per week,Included in Unlimited,courses
https://www.futurelearn.com/courses/shakespeare,"King's College London, Shakespeare's Globe & British Library",shakespeare,4.8,(251 reviews),4 weeks,2 hrs per week,Included in Unlimited,courses
https://www.futurelearn.com/courses/shakespeares-language,Lancaster University,shakespeares language,4.4,(76 reviews),4 weeks,3 hrs per week,Included in Unlimited,courses
https://www.futurelearn.com/courses/shaping-the-future-through-sustainable-development,Taipei Medical University,shaping the future through sustainable development,NA,NA,6 weeks,2 hrs per week,Included in Unlimited,courses
https://www.futurelearn.com/courses/short-film-language-teaching,The British Film Institute (BFI) & Into Film,short film language teaching,4.8,(64 reviews),3 weeks,3 hrs per week,Included in Unlimited,courses
https://www.futurelearn.com/courses/japanese-rare-books-sino,Keio University,japanese rare books sino,4.6,(25 reviews),4 weeks,3 hrs per week,Included in Unlimited,courses
https://www.futurelearn.com/courses/skills-to-succeed-at-university,University of Leeds,skills to succeed at university,5,(11 reviews),2 weeks,2 hrs per week,Included in Unlimited,courses
https://www.futurelearn.com/courses/introduction-to-microbiology,University of Reading,introduction to microbiology,4.8,(169 reviews),3 weeks,3 hrs per week,Included in Unlimited,courses
https://www.futurelearn.com/courses/smart-screening-for-prostate-cancer,Universiti Malaya,smart screening for prostate cancer,4.7,(10 reviews),4 weeks,2 hrs per week,Included in Unlimited,courses
https://www.futurelearn.com/courses/smart-tourism-responsible-travel,Nottingham Trent University & Nottingham Business School,smart tourism responsible travel,NA,NA,3 weeks,2 hrs per week,Included in Unlimited,courses
https://www.futurelearn.com/courses/smart-urban-green-infrastructure,EIT Urban Mobility & Aalto University Lifewide Learning,smart urban green infrastructure,NA,NA,5 weeks,3 hrs per week,Included in Unlimited,courses
https://www.futurelearn.com/courses/snow-why-it-matters,Luleå University of Technology,snow why it matters,4.3,(8 reviews),2 weeks,2 hrs per week,Included in Unlimited,courses
https://www.futurelearn.com/courses/so-you-want-to-study-life-science,The University of Glasgow,so you want to study life science,NA,NA,2 weeks,2 hrs per week,Included in Unlimited,courses
https://www.futurelearn.com/courses/social-and-emotional-development-supporting-teenage-wellbeing,University of Lincoln,social and emotional development supporting teenage wellbeing,5,(8 reviews),4 weeks,2 hrs per week,Included in Unlimited,courses
https://www.futurelearn.com/courses/social-care-covid-19,The Tavistock and Portman NHS Foundation Trust,social care covid 19,4.6,(73 reviews),4 weeks,1 hr per week,Included in Unlimited,courses
https://www.futurelearn.com/courses/social-enterprise-business,"Minca Ventures, Middlesex University Business School & Jindal Centre for Social Innovation + Entrepreneurship",social enterprise business,NA,NA,3 weeks,4 hrs per week,Included in Unlimited,courses
https://www.futurelearn.com/courses/social-enterprise-growing-a-sustainable-business,"Minca Ventures, Middlesex University Business School & Jindal Centre for Social Innovation + Entrepreneurship",social enterprise growing a sustainable business,4.8,(5 reviews),3 weeks,4 hrs per week,Included in Unlimited,courses
https://www.futurelearn.com/courses/social-enterprise-ideas-into-action,"Minca Ventures, Middlesex University Business School & Jindal Centre for Social Innovation + Entrepreneurship",social enterprise ideas into action,4.7,(7 reviews),3 weeks,4 hrs per week,Included in Unlimited,courses
https://www.futurelearn.com/courses/how-to-build-a-brand-that-matters,Good-Loop  & BIMA,how to build a brand that matters,4.7,(9 reviews),2 weeks,2 hrs per week,Included in Unlimited,courses
https://www.futurelearn.com/courses/social-influence-diversity-conformity-and-conflict,University of Lincoln,social influence diversity conformity and conflict,NA,NA,4 weeks,3 hrs per week,Included in Unlimited,courses
https://www.futurelearn.com/courses/social-innovation-in-rural-areas,"University of Padova, Mediterranean Agronomic Institute of Zaragoza, SIMRA - Social Innovation in Marginalised Rural Areas & EU (Horizon 2020 Project)",social innovation in rural areas,4.9,(12 reviews),3 weeks,6 hrs per week,Included in Unlimited,courses
https://www.futurelearn.com/courses/social-innovation,Hanyang University,social innovation,4.7,(6 reviews),6 weeks,3 hrs per week,Included in Unlimited,courses
https://www.futurelearn.com/courses/social-innovation-global-solutions-for-a-sustainable-future,Minca Ventures & Biji-biji Initiative,social innovation global solutions for a sustainable future,4.6,(11 reviews),3 weeks,3 hrs per week,Included in Unlimited,courses
https://www.futurelearn.com/courses/social-learning-collaboration-in-school,The LEGO Foundation,social learning collaboration in school,4.8,(107 reviews),3 weeks,1 hr per week,Free digital upgrade,courses
https://www.futurelearn.com/courses/social-media-in-healthcare,Taipei Medical University,social media in healthcare,NA,NA,5 weeks,2 hrs per week,Included in Unlimited,courses
https://www.futurelearn.com/courses/social-media-strategy-essentials,Social Media College,social media strategy essentials,5,(8 reviews),2 weeks,4 hrs per week,Included in Unlimited,courses
https://www.futurelearn.com/courses/social-media-marketing-managing-social-media,The Open University & Target Internet,social media marketing managing social media,NA,NA,2 weeks,4 hrs per week,NA,courses
https://www.futurelearn.com/courses/social-media-marketing-paid-and-organic-social-media,The Open University & Target Internet,social media marketing paid and organic social media,NA,NA,2 weeks,4 hrs per week,NA,courses
https://www.futurelearn.com/courses/social-media-marketing-social-media-channels,The Open University & Target Internet,social media marketing social media channels,NA,NA,2 weeks,4 hrs per week,NA,courses
https://www.futurelearn.com/courses/social-media-marketing-the-user-journey,The Open University & Target Internet,social media marketing the user journey,NA,NA,2 weeks,4 hrs per week,NA,courses
https://www.futurelearn.com/courses/social-model-of-disability,University of Leeds,social model of disability,4.8,(6 reviews),2 weeks,4 hrs per week,Included in Unlimited,courses
https://www.futurelearn.com/courses/the-networks-connecting-people,"University of Groningen, University of Warsaw, Alexander von Humboldt Institute for Internet and Society & ACTiSS",the networks connecting people,4.5,(8 reviews),3 weeks,3 hrs per week,Included in Unlimited,courses
https://www.futurelearn.com/courses/social-psychology-employee-and-customer-behaviour-sc,FutureLearn,social psychology employee and customer behaviour sc,NA,NA,4 weeks,2 hrs per week,Included in Unlimited,courses
https://www.futurelearn.com/courses/social-psychology-employee-and-customer-behaviour,FutureLearn,social psychology employee and customer behaviour,NA,NA,4 weeks,2 hrs per week,NA,courses
https://www.futurelearn.com/courses/the-power-of-soft-skills-in-the-workplace,Chung Yuan Christian University (CYCU),the power of soft skills in the workplace,NA,NA,6 weeks,2 hrs per week,Free digital upgrade,courses
https://www.futurelearn.com/courses/the-role-of-soft-skills-in-navigating-global-challenges-sc,Ubiquity University,the role of soft skills in navigating global challenges sc,NA,NA,3 weeks,3 hrs per week,Included in Unlimited,courses
https://www.futurelearn.com/courses/software-development-basics,FutureLearn,software development basics,4.5,(13 reviews),4 weeks,3 hrs per week,Included in Unlimited,courses
https://www.futurelearn.com/courses/software-development-python-java-introducing-java-sc,FutureLearn,software development python java introducing java sc,NA,NA,4 weeks,4 hrs per week,Included in Unlimited,courses
https://www.futurelearn.com/courses/software-development-python-java-understanding-python-sc,FutureLearn,software development python java understanding python sc,4.6,(5 reviews),4 weeks,4 hrs per week,Included in Unlimited,courses
https://www.futurelearn.com/courses/soils,Lancaster University,soils,4.7,(250 reviews),4 weeks,3 hrs per week,Included in Unlimited,courses
https://www.futurelearn.com/courses/special-diets-cooking-for-allergies-intolerances-sc,BBC Good Food,special diets cooking for allergies intolerances sc,NA,NA,4 weeks,4 hrs per week,Included in Unlimited,courses
https://www.futurelearn.com/courses/sport-and-exercise-for-brain-health,Alzheimer Scotland,sport and exercise for brain health,4.6,(52 reviews),2 weeks,2 hrs per week,Included in Unlimited,courses
https://www.futurelearn.com/courses/sport-for-sustainable-development,"The International Platform on Sport and Development, Commonwealth Secretariat & Australian Department of Foreign Affairs and Trade (DFAT)",sport for sustainable development,4.9,(88 reviews),8 weeks,3 hrs per week,Free digital upgrade,courses
https://www.futurelearn.com/courses/sports-performance-different-approaches-to-sports-coaching,The Open University,sports performance different approaches to sports coaching,NA,NA,4 weeks,4 hrs per week,NA,courses
https://www.futurelearn.com/courses/sports-performance-exploring-sport-psychology,The Open University,sports performance exploring sport psychology,4.8,(6 reviews),4 weeks,4 hrs per week,NA,courses
https://www.futurelearn.com/courses/sports-performance-training-the-body-for-sport,The Open University,sports performance training the body for sport,NA,NA,4 weeks,4 hrs per week,NA,courses
https://www.futurelearn.com/courses/healthcare-careers,University of Leicester,healthcare careers,4.6,(32 reviews),4 weeks,2 hrs per week,Included in Unlimited,courses
https://www.futurelearn.com/courses/start-your-own-business-creativity-innovation-and-research,The Open University,start your own business creativity innovation and research,NA,NA,2 weeks,5 hrs per week,NA,courses
https://www.futurelearn.com/courses/start-your-own-business-financial-viability-for-a-new-venture,The Open University,start your own business financial viability for a new venture,NA,NA,2 weeks,5 hrs per week,NA,courses
https://www.futurelearn.com/courses/start-your-own-business-marketing-a-new-business,The Open University,start your own business marketing a new business,NA,NA,2 weeks,5 hrs per week,NA,courses
https://www.futurelearn.com/courses/start-your-own-business-your-business-idea,The Open University,start your own business your business idea,NA,NA,2 weeks,5 hrs per week,NA,courses
https://www.futurelearn.com/courses/starting-a-business-1,University of Leeds,starting a business 1,4.5,(103 reviews),2 weeks,2 hrs per week,Included in Unlimited,courses
https://www.futurelearn.com/courses/starting-a-business-2,University of Leeds,starting a business 2,4.6,(24 reviews),2 weeks,2 hrs per week,Included in Unlimited,courses
https://www.futurelearn.com/courses/starting-a-business-3,University of Leeds,starting a business 3,4.5,(12 reviews),2 weeks,2 hrs per week,Included in Unlimited,courses
https://www.futurelearn.com/courses/starting-a-business-4,University of Leeds,starting a business 4,4.4,(17 reviews),2 weeks,2 hrs per week,Included in Unlimited,courses
https://www.futurelearn.com/courses/starting-a-business-5,University of Leeds,starting a business 5,4.6,(26 reviews),2 weeks,2 hrs per week,Included in Unlimited,courses
https://www.futurelearn.com/courses/starting-a-business-6,University of Leeds,starting a business 6,4.8,(8 reviews),2 weeks,2 hrs per week,Included in Unlimited,courses
https://www.futurelearn.com/courses/starting-out-in-health-and-social-care-research,"Midlands Partnership University NHS Foundation Trust, Keele University, University of Worcester & The Clinical Research Network West Midlands",starting out in health and social care research,4.8,(5 reviews),8 weeks,2 hrs per week,Included in Unlimited,courses
https://www.futurelearn.com/courses/statistical-analysis-for-health-research,"King's College London, Syria Development Centre & Syrian Board of Medical Specialities",statistical analysis for health research,4.5,(6 reviews),4 weeks,4 hrs per week,Included in Unlimited,courses
https://www.futurelearn.com/courses/data-analysis-and-statistics-using-microsoft-excel-,"CloudSwyft Global Systems, Inc.",data analysis and statistics using microsoft excel ,NA,NA,5 weeks,3 hrs per week,NA,courses
https://www.futurelearn.com/courses/teaching-science-beyond-the-boundaries,University of York,teaching science beyond the boundaries,4.5,(6 reviews),3 weeks,4 hrs per week,Included in Unlimited,courses
https://www.futurelearn.com/courses/the-importance-of-being-prosecco,University of Padova,the importance of being prosecco,4.8,(25 reviews),4 weeks,3 hrs per week,Included in Unlimited,courses
https://www.futurelearn.com/courses/strategic-business-planning,Sentinel|9 & FutureLearn,strategic business planning,NA,NA,4 weeks,3 hrs per week,Premium course,courses
https://www.futurelearn.com/courses/strategic-actions-sc,Coventry University,strategic actions sc,NA,NA,2 weeks,5 hrs per week,Included in Unlimited,courses
https://www.futurelearn.com/courses/strategic-actions-et,Coventry University,strategic actions et,NA,NA,2 weeks,5 hrs per week,NA,courses
https://www.futurelearn.com/courses/3-pillars-of-successful-marketing-segmentation-targeting-and-positioning,The University of Law & University of Law Business School,3 pillars of successful marketing segmentation targeting and positioning,4.6,(12 reviews),3 weeks,3 hrs per week,Included in Unlimited,courses
https://www.futurelearn.com/courses/strategic-choices-sc,Coventry University,strategic choices sc,NA,NA,2 weeks,5 hrs per week,Included in Unlimited,courses
https://www.futurelearn.com/courses/strategic-choices-et,Coventry University,strategic choices et,NA,NA,2 weeks,5 hrs per week,NA,courses
https://www.futurelearn.com/courses/string-music-appreciation,Chung Yuan Christian University (CYCU),string music appreciation,4.7,(35 reviews),4 weeks,3 hrs per week,Included in Unlimited,courses
https://www.futurelearn.com/courses/study-medicine,The University of Glasgow,study medicine,4.9,(31 reviews),3 weeks,2 hrs per week,Included in Unlimited,courses
https://www.futurelearn.com/courses/success-and-failure-in-entrepreneurship-sc,Coventry University,success and failure in entrepreneurship sc,NA,NA,2 weeks,5 hrs per week,Included in Unlimited,courses
https://www.futurelearn.com/courses/applied-data-analysis-for-modern-organizations,"CloudSwyft Global Systems, Inc.",applied data analysis for modern organizations,NA,NA,2 weeks,5 hrs per week,NA,courses
https://www.futurelearn.com/courses/successful-phd-supervision,University of Groningen & University Medical Center Groningen (UMCG),successful phd supervision,5,(5 reviews),3 weeks,2 hrs per week,Included in Unlimited,courses
https://www.futurelearn.com/courses/sukuk-in-practice-structures-and-contracts,INCEIF,sukuk in practice structures and contracts,NA,NA,5 weeks,4 hrs per week,Included in Unlimited,courses
https://www.futurelearn.com/courses/sukuk-simplified-mastering-the-fundamentals,INCEIF,sukuk simplified mastering the fundamentals,NA,NA,4 weeks,2 hrs per week,Included in Unlimited,courses
https://www.futurelearn.com/courses/supercomputing,"Partnership for Advanced Computing in Europe (PRACE), The University of Edinburgh & SURFsara",supercomputing,4.7,(30 reviews),5 weeks,3 hrs per week,Included in Unlimited,courses
https://www.futurelearn.com/courses/superfoods-myths-and-truths,EIT Food & University of Turin,superfoods myths and truths,4.6,(157 reviews),4 weeks,3 hrs per week,Included in Unlimited,courses
https://www.futurelearn.com/courses/supporting-adult-and-adolescent-students-with-dyslexia,Central Queensland University,supporting adult and adolescent students with dyslexia,4.3,(23 reviews),4 weeks,2 hrs per week,Included in Unlimited,courses
https://www.futurelearn.com/courses/supporting-diverse-innovation,UAL Creative Computing Institute & UKBlackTech,supporting diverse innovation,NA,NA,3 weeks,4 hrs per week,Included in Unlimited,courses
https://www.futurelearn.com/courses/early-career-teacher-induction-getting-ready-for-the-early-career-framework-england-,UCL (University College London),early career teacher induction getting ready for the early career framework england ,4.9,(11 reviews),3 weeks,2 hrs per week,Included in Unlimited,courses
https://www.futurelearn.com/courses/supporting-individuals-with-health-conditions-into-work,NHS England & NHS England and NHS Improvement,supporting individuals with health conditions into work,NA,NA,2 weeks,2 hrs per week,Included in Unlimited,courses
https://www.futurelearn.com/courses/supporting-medicine-use-by-older-people-with-sensory-impairment,"University of Strathclyde, Dunhill Medical Trust & University of Edinburgh - School of Health in Social Science",supporting medicine use by older people with sensory impairment,4.5,(10 reviews),4 weeks,3 hrs per week,Included in Unlimited,courses
https://www.futurelearn.com/courses/supporting-people-with-health-conditions-into-work,NHS England & IPS GROW,supporting people with health conditions into work,NA,NA,7 weeks,2 hrs per week,Included in Unlimited,courses
https://www.futurelearn.com/courses/supporting-people-with-tourettes-in-the-workplace,Tourettes Action,supporting people with tourettes in the workplace,NA,NA,1 week,3 hrs per week,Included in Unlimited,courses
https://www.futurelearn.com/courses/supporting-physical-development-early-childhood,"UK Health Security Agency, The Open University, NHS England & activematters",supporting physical development early childhood,4.7,(112 reviews),6 weeks,3 hrs per week,Included in Unlimited,courses
https://www.futurelearn.com/courses/supporting-learning-primary,University of Reading,supporting learning primary,4.8,(651 reviews),4 weeks,3 hrs per week,Included in Unlimited,courses
https://www.futurelearn.com/courses/supporting-learning-secondary,University of Reading,supporting learning secondary,4.7,(156 reviews),4 weeks,3 hrs per week,Included in Unlimited,courses
https://www.futurelearn.com/courses/domestic-violence,The University of Sheffield,domestic violence,4.8,(295 reviews),3 weeks,3 hrs per week,Included in Unlimited,courses
https://www.futurelearn.com/courses/supporting-you-with-your-university-interview,University of York,supporting you with your university interview,NA,NA,3 weeks,3 hrs per week,Included in Unlimited,courses
https://www.futurelearn.com/courses/supporting-young-people-s-mental-wellbeing-post-covid,The University of Glasgow,supporting young people s mental wellbeing post covid,4.3,(10 reviews),2 weeks,4 hrs per week,Included in Unlimited,courses
https://www.futurelearn.com/courses/sustainability-through-film,Into Film,sustainability through film,NA,NA,2 weeks,3 hrs per week,Included in Unlimited,courses
https://www.futurelearn.com/courses/intro-esg,The Association of Corporate Treasurers,intro esg,4.4,(8 reviews),2 weeks,3 hrs per week,Included in Unlimited,courses
https://www.futurelearn.com/courses/sustainability-the-role-of-financial-reporting,The Association of Corporate Treasurers,sustainability the role of financial reporting,NA,NA,2 weeks,3 hrs per week,Included in Unlimited,courses
https://www.futurelearn.com/courses/sustainability-the-role-of-private-sector-finance,The Association of Corporate Treasurers,sustainability the role of private sector finance,NA,NA,2 weeks,3 hrs per week,Included in Unlimited,courses
https://www.futurelearn.com/courses/sustainable-building-and-energy-efficiency-development,Taipei Medical University,sustainable building and energy efficiency development,NA,NA,6 weeks,1 hr per week,Included in Unlimited,courses
https://www.futurelearn.com/courses/governing-urban-adaptation,University of Groningen & Global Center on Adaptation,governing urban adaptation,4.8,(12 reviews),3 weeks,3 hrs per week,Included in Unlimited,courses
https://www.futurelearn.com/courses/sustainable-construction-development,Chartered Institute of Building (CIOB) & London South Bank University,sustainable construction development,4.6,(109 reviews),5 weeks,2 hrs per week,Included in Unlimited,courses
https://www.futurelearn.com/courses/sustainable-development-in-health-and-ecology,Taipei Medical University,sustainable development in health and ecology,NA,NA,6 weeks,2 hrs per week,Included in Unlimited,courses
https://www.futurelearn.com/courses/sustainable-energy-access-for-communities,"UCL (University College London), American University of Beirut (AUB), Centre for Lebanese Studies, Lebanese American University & The RELIEF Centre",sustainable energy access for communities,4.1,(11 reviews),3 weeks,3 hrs per week,Included in Unlimited,courses
https://www.futurelearn.com/courses/sustainable-finance-using-the-power-of-money-to-change-the-world,University of Roehampton,sustainable finance using the power of money to change the world,NA,NA,6 weeks,3 hrs per week,Included in Unlimited,courses
https://www.futurelearn.com/courses/sustainable-luxury,Condé Nast College,sustainable luxury,NA,NA,3 weeks,3 hrs per week,NA,courses
https://www.futurelearn.com/courses/sustainable-seafood,EIT Food & FoodUnfolded,sustainable seafood,4.8,(15 reviews),3 weeks,3 hrs per week,Included in Unlimited,courses
https://www.futurelearn.com/courses/transport-and-sustainability,UCL (University College London),transport and sustainability,3.8,(5 reviews),3 weeks,3 hrs per week,Included in Unlimited,courses
https://www.futurelearn.com/courses/sustaining-your-endurance-training,Federation University,sustaining your endurance training,NA,NA,2 weeks,2 hrs per week,NA,courses
https://www.futurelearn.com/courses/bagloriaethcymru,University of Bath & Aberystwyth University,bagloriaethcymru,NA,NA,2 weeks,3 hrs per week,Included in Unlimited,courses
https://www.futurelearn.com/courses/understanding-sugar-sc,BBC Good Food,understanding sugar sc,4.4,(12 reviews),4 weeks,4 hrs per week,Included in Unlimited,courses
https://www.futurelearn.com/courses/value-of-syndromic-testing-and-its-role-in-ams,BSAC,value of syndromic testing and its role in ams,4.6,(13 reviews),2 weeks,3 hrs per week,Included in Unlimited,courses
https://www.futurelearn.com/courses/system-testing-and-maintenance-sc,Coventry University,system testing and maintenance sc,NA,NA,2 weeks,5 hrs per week,Included in Unlimited,courses
https://www.futurelearn.com/courses/system-testing-and-maintenance-et,Coventry University,system testing and maintenance et,NA,NA,2 weeks,5 hrs per week,NA,courses
https://www.futurelearn.com/courses/systems-go,The King's Fund,systems go,4.7,(14 reviews),3 weeks,3 hrs per week,Included in Unlimited,courses
https://www.futurelearn.com/courses/systems-thinking-for-sustainability-analyzing-and-transitioning-complex-systems,Except Integrated Sustainability,systems thinking for sustainability analyzing and transitioning complex systems,4.7,(6 reviews),3 weeks,4 hrs per week,NA,courses
https://www.futurelearn.com/courses/systems-thinking-for-sustainability-drawing-complexity-on-paper-introduction-to-system-mapping,Except Integrated Sustainability,systems thinking for sustainability drawing complexity on paper introduction to system mapping,NA,NA,3 weeks,4 hrs per week,NA,courses
https://www.futurelearn.com/courses/systems-thinking-for-sustainability-framework-for-integrated-development,Except Integrated Sustainability,systems thinking for sustainability framework for integrated development,NA,NA,6 weeks,4 hrs per week,NA,courses
https://www.futurelearn.com/courses/tackling-antibiotic-resistance-dentists,BSAC & FDI World Dental Federation,tackling antibiotic resistance dentists,4.8,(24 reviews),3 weeks,1 hr per week,Included in Unlimited,courses
https://www.futurelearn.com/courses/social-science-for-tackling-antimicrobial-resistance,BSAC & Imperial College London,social science for tackling antimicrobial resistance,4.7,(14 reviews),3 weeks,2 hrs per week,Included in Unlimited,courses
https://www.futurelearn.com/courses/a-critical-introduction-to-circular-economies-and-business-models,The University of Glasgow,a critical introduction to circular economies and business models,4.7,(6 reviews),4 weeks,3 hrs per week,Included in Unlimited,courses
https://www.futurelearn.com/courses/tackling-environmental-challenges,University of York,tackling environmental challenges,4.7,(142 reviews),4 weeks,4 hrs per week,Included in Unlimited,courses
https://www.futurelearn.com/courses/taking-control-hip-and-knee-osteoarthritis,The University of Melbourne,taking control hip and knee osteoarthritis,4.7,(62 reviews),4 weeks,1 hr per week,Free digital upgrade,courses
https://www.futurelearn.com/courses/target-antibiotics,BSAC & TARGET,target antibiotics,4.6,(14 reviews),5 weeks,1 hr per week,Included in Unlimited,courses
https://www.futurelearn.com/courses/teach-like-an-entrepreneur-bringing-entrepreneurship-into-the-classroom,EIT RawMaterials,teach like an entrepreneur bringing entrepreneurship into the classroom,4.9,(22 reviews),4 weeks,4 hrs per week,Included in Unlimited,courses
https://www.futurelearn.com/courses/teaching-core-skills,British Council,teaching core skills,4.8,(201 reviews),4 weeks,3 hrs per week,Free digital upgrade,courses
https://www.futurelearn.com/courses/teaching-climate-and-sustainability-in-primary-schools,University of Reading,teaching climate and sustainability in primary schools,4.4,(16 reviews),2 weeks,3 hrs per week,Included in Unlimited,courses
https://www.futurelearn.com/courses/teaching-digital-literacies-video-games-in-education,The University of Sheffield,teaching digital literacies video games in education,NA,NA,4 weeks,3 hrs per week,Included in Unlimited,courses
https://www.futurelearn.com/courses/teaching-english-grammar-in-context,UCL (University College London),teaching english grammar in context,5,(5 reviews),5 weeks,3 hrs per week,Premium course,courses
https://www.futurelearn.com/courses/online-tutoring,Cambridge University Press & Assessment,online tutoring,4.9,(1818 reviews),4 weeks,5 hrs per week,Included in Unlimited,courses
https://www.futurelearn.com/courses/teaching-entrepreneurial-thinking,Queensland University of Technology,teaching entrepreneurial thinking,4.6,(29 reviews),2 weeks,1 hr per week,Included in Unlimited,courses
https://www.futurelearn.com/courses/teaching-mathematics-demystifying-statistics-and-probability,University of Southern Queensland,teaching mathematics demystifying statistics and probability,NA,NA,3 weeks,3 hrs per week,Included in Unlimited,courses
https://www.futurelearn.com/courses/teaching-mathematics-overcoming-miscommunication,University of Southern Queensland,teaching mathematics overcoming miscommunication,4.4,(5 reviews),4 weeks,3 hrs per week,Included in Unlimited,courses
https://www.futurelearn.com/courses/teaching-migration-through-data-and-storytelling,"SOAS University of London, MIDEQ & PositiveNegatives",teaching migration through data and storytelling,NA,NA,3 weeks,3 hrs per week,Included in Unlimited,courses
https://www.futurelearn.com/courses/teaching-phonics,Queensland University of Technology,teaching phonics,4.6,(605 reviews),2 weeks,1 hr per week,Included in Unlimited,courses
https://www.futurelearn.com/courses/teaching-students-trauma,Queensland University of Technology,teaching students trauma,4.8,(554 reviews),2 weeks,1 hr per week,Included in Unlimited,courses
https://www.futurelearn.com/courses/holocaust-teaching,UCL (University College London) & Yad Vashem,holocaust teaching,4.9,(123 reviews),3 weeks,3 hrs per week,Included in Unlimited,courses
https://www.futurelearn.com/courses/team-building-in-healthcare,Coventry University,team building in healthcare,NA,NA,2 weeks,5 hrs per week,NA,courses
https://www.futurelearn.com/courses/working-in-a-team-how-to-succeed,The Tavistock Institute of Human Relations,working in a team how to succeed,4.9,(9 reviews),4 weeks,3 hrs per week,Included in Unlimited,courses
https://www.futurelearn.com/courses/technical-report-writing-for-engineers,The University of Sheffield,technical report writing for engineers,4.8,(115 reviews),6 weeks,3 hrs per week,Included in Unlimited,courses
https://www.futurelearn.com/courses/tools-to-support-growth-disorders-through-telemedicine-in-post-covid-era,Taipei Medical University,tools to support growth disorders through telemedicine in post covid era,NA,NA,4 weeks,2 hrs per week,Included in Unlimited,courses
https://www.futurelearn.com/courses/terrorism-and-counterterrorism-comparing-theory-practice,Leiden University,terrorism and counterterrorism comparing theory practice,5,(13 reviews),6 weeks,4 hrs per week,Included in Unlimited,courses
https://www.futurelearn.com/courses/tesol-strategies,The University of Glasgow,tesol strategies,4.7,(150 reviews),3 weeks,4 hrs per week,Included in Unlimited,courses
https://www.futurelearn.com/courses/test-automation-frameworks-with-selenium-webdriver-and-python,Packt & FutureLearn,test automation frameworks with selenium webdriver and python,NA,NA,2 weeks,3 hrs per week,Premium course,courses
https://www.futurelearn.com/courses/the-acnc-how-we-help-you,Australian Charities and Not-for-profits Commission,the acnc how we help you,4.6,(13 reviews),2 weeks,1 hr per week,Free digital upgrade,courses
https://www.futurelearn.com/courses/the-annual-information-statement,Australian Charities and Not-for-profits Commission,the annual information statement,4.5,(11 reviews),2 weeks,1 hr per week,Free digital upgrade,courses
https://www.futurelearn.com/courses/japanese-book-paper,Keio University,japanese book paper,4.8,(108 reviews),3 weeks,3 hrs per week,Included in Unlimited,courses
https://www.futurelearn.com/courses/the-biology-of-bugs-brains-and-beasts,University of York,the biology of bugs brains and beasts,4.5,(38 reviews),3 weeks,4 hrs per week,Included in Unlimited,courses
https://www.futurelearn.com/courses/book-of-kells,Trinity College Dublin,book of kells,4.9,(526 reviews),4 weeks,4 hrs per week,Included in Unlimited,courses
https://www.futurelearn.com/courses/business-of-beauty-introduction-to-the-beauty-industry,Condé Nast College,business of beauty introduction to the beauty industry,NA,NA,3 weeks,3 hrs per week,NA,courses
https://www.futurelearn.com/courses/clean-growth-and-cleaner-cities,Manchester Metropolitan University,clean growth and cleaner cities,4,(7 reviews),2 weeks,4 hrs per week,Included in Unlimited,courses
https://www.futurelearn.com/courses/global-water-security,Cardiff University,global water security,4.6,(38 reviews),4 weeks,3 hrs per week,Included in Unlimited,courses
https://www.futurelearn.com/courses/cyber-security-landscape,Coventry University,cyber security landscape,4.6,(78 reviews),2 weeks,3 hrs per week,Included in Unlimited,courses
https://www.futurelearn.com/courses/the-cyber-security-landscape-sc,Coventry University,the cyber security landscape sc,4.8,(6 reviews),2 weeks,5 hrs per week,Included in Unlimited,courses
https://www.futurelearn.com/courses/the-cyber-security-landscape-et,Coventry University,the cyber security landscape et,4.5,(6 reviews),2 weeks,5 hrs per week,NA,courses
https://www.futurelearn.com/courses/higgs,The University of Edinburgh,higgs,4.5,(15 reviews),7 weeks,5 hrs per week,Included in Unlimited,courses
https://www.futurelearn.com/courses/financial-management-for-screen,Australian Film Television and Radio School (AFTRS),financial management for screen,4.8,(32 reviews),3 weeks,2 hrs per week,Included in Unlimited,courses
https://www.futurelearn.com/courses/the-european-union-crisis-and-recovery,Dublin City University,the european union crisis and recovery,4.6,(50 reviews),4 weeks,4 hrs per week,Included in Unlimited,courses
https://www.futurelearn.com/courses/the-foundation-of-modern-dentistry,Taipei Medical University,the foundation of modern dentistry,NA,NA,7 weeks,2 hrs per week,Included in Unlimited,courses
https://www.futurelearn.com/courses/the-freelance-bible,Mission Accomplished & FutureLearn,the freelance bible,NA,NA,5 weeks,2 hrs per week,Premium course,courses
https://www.futurelearn.com/courses/the-future-of-cyber-security-sc,Coventry University,the future of cyber security sc,NA,NA,2 weeks,5 hrs per week,Included in Unlimited,courses
https://www.futurelearn.com/courses/the-future-of-cyber-security-et,Coventry University,the future of cyber security et,NA,NA,2 weeks,5 hrs per week,NA,courses
https://www.futurelearn.com/courses/the-future-of-fashion,Condé Nast College,the future of fashion,5,(8 reviews),3 weeks,3 hrs per week,NA,courses
https://www.futurelearn.com/courses/future-of-life,FutureLearn,future of life,NA,NA,3 weeks,3 hrs per week,NA,courses
https://www.futurelearn.com/courses/the-future-of-network-defence-management-et,Coventry University,the future of network defence management et,NA,NA,2 weeks,5 hrs per week,NA,courses
https://www.futurelearn.com/courses/the-genomics-era,"St George's, University of London & St George's University Hospitals NHS Foundation Trust",the genomics era,4.8,(157 reviews),5 weeks,2 hrs per week,Included in Unlimited,courses
https://www.futurelearn.com/courses/vector-borne-diseases,"London School of Hygiene & Tropical Medicine, ARCTEC, Liverpool School of Tropical Medicine & IVCC",vector borne diseases,4.9,(153 reviews),6 weeks,3 hrs per week,Included in Unlimited,courses
https://www.futurelearn.com/courses/luxury-industry-customers-experiences,Glion Institute of Higher Education,luxury industry customers experiences,4.8,(14 reviews),3 weeks,3 hrs per week,Included in Unlimited,courses
https://www.futurelearn.com/courses/the-great-sustainability-transition-global-challenges-local-actions,Leiden University,the great sustainability transition global challenges local actions,NA,NA,4 weeks,5 hrs per week,Included in Unlimited,courses
https://www.futurelearn.com/courses/the-history-and-culture-of-chinese-silk,University for the Creative Arts,the history and culture of chinese silk,3.2,(23 reviews),3 weeks,3 hrs per week,Included in Unlimited,courses
https://www.futurelearn.com/courses/mautohe-i-aotearoa-the-history-of-protest-in-new-zealand,Museum of New Zealand Te Papa Tongarewa,mautohe i aotearoa the history of protest in new zealand,4.7,(9 reviews),6 weeks,3 hrs per week,Included in Unlimited,courses
https://www.futurelearn.com/courses/history-of-the-book,Trinity College Dublin,history of the book,4.8,(317 reviews),4 weeks,3 hrs per week,Included in Unlimited,courses
https://www.futurelearn.com/courses/the-human-microbiome,EIT Food & University of Turin,the human microbiome,4.6,(186 reviews),3 weeks,4 hrs per week,Included in Unlimited,courses
https://www.futurelearn.com/courses/governance-beyond-markets-and-states,King's College London,governance beyond markets and states,4.3,(19 reviews),3 weeks,2 hrs per week,Included in Unlimited,courses
https://www.futurelearn.com/courses/the-impacts-of-tourism,Coventry University,the impacts of tourism,4.6,(44 reviews),2 weeks,3 hrs per week,Included in Unlimited,courses
https://www.futurelearn.com/courses/korean-alphabet-hangeul,Sungkyunkwan University (SKKU),korean alphabet hangeul,4.4,(67 reviews),4 weeks,2 hrs per week,Included in Unlimited,courses
https://www.futurelearn.com/courses/the-laws-of-digital-data-content-and-artificial-intelligence,The University of Law,the laws of digital data content and artificial intelligence,4.7,(44 reviews),3 weeks,1 hr per week,Included in Unlimited,courses
https://www.futurelearn.com/courses/victorian-film,The British Film Institute (BFI),victorian film,4.8,(158 reviews),3 weeks,3 hrs per week,Included in Unlimited,courses
https://www.futurelearn.com/courses/faces-of-dementia,UCL (University College London),faces of dementia,4.9,(459 reviews),4 weeks,2 hrs per week,Included in Unlimited,courses
https://www.futurelearn.com/courses/the-mathematics-of-cryptography-from-ancient-rome-to-a-quantum-future,University of York,the mathematics of cryptography from ancient rome to a quantum future,4.7,(9 reviews),3 weeks,4 hrs per week,Included in Unlimited,courses
https://www.futurelearn.com/courses/the-meiji-restoration-and-the-modernisation-of-japan,Keio University,the meiji restoration and the modernisation of japan,NA,NA,3 weeks,4 hrs per week,Included in Unlimited,courses
https://www.futurelearn.com/courses/musculoskeletal,"The University of Sheffield, University of Liverpool, Newcastle University & CIMA (Centre for Research into Muscoskeletal Ageing)",musculoskeletal,4.6,(305 reviews),3 weeks,3 hrs per week,Included in Unlimited,courses
https://www.futurelearn.com/courses/museum-learning,The University of Glasgow,museum learning,4.6,(96 reviews),3 weeks,4 hrs per week,Included in Unlimited,courses
https://www.futurelearn.com/courses/the-neurobiology-of-addiction-sc,American Society of Addiction Medicine,the neurobiology of addiction sc,4.6,(24 reviews),2 weeks,4 hrs per week,Included in Unlimited,courses
https://www.futurelearn.com/courses/new-european-bauhaus-concept-movement-and-opportunities,"EIT Food, New European Bauhaus & EIT Community",new european bauhaus concept movement and opportunities,NA,NA,2 weeks,3 hrs per week,Included in Unlimited,courses
https://www.futurelearn.com/courses/new-european-bauhaus-concept-movement-opportunities,EIT Food & New European Bauhaus,new european bauhaus concept movement opportunities,NA,NA,2 weeks,3 hrs per week,Included in Unlimited,courses
https://www.futurelearn.com/courses/the-nhs-explained,The King's Fund,the nhs explained,4.7,(286 reviews),4 weeks,2 hrs per week,Included in Unlimited,courses
https://www.futurelearn.com/courses/politics-of-economics,The University of Nottingham,politics of economics,4.5,(139 reviews),3 weeks,3 hrs per week,Included in Unlimited,courses
https://www.futurelearn.com/courses/data-for-health-and-care,"University of Strathclyde, The Data Lab, UrbanTide & Digital Health & Care Innovation Centre",data for health and care,3.9,(15 reviews),3 weeks,4 hrs per week,Included in Unlimited,courses
https://www.futurelearn.com/courses/quran-judaism-and-christianity,The University of Nottingham,quran judaism and christianity,4.2,(30 reviews),4 weeks,3 hrs per week,Included in Unlimited,courses
https://www.futurelearn.com/courses/the-regenerative-agriculture-revolution,EIT Food,the regenerative agriculture revolution,4.5,(21 reviews),2 weeks,3 hrs per week,Included in Unlimited,courses
https://www.futurelearn.com/courses/right-to-education,The University of Glasgow,right to education,4.6,(25 reviews),3 weeks,4 hrs per week,Included in Unlimited,courses
https://www.futurelearn.com/courses/the-rise-of-k-culture-discover-the-korean-wave-hallyu,Hanyang University,the rise of k culture discover the korean wave hallyu,NA,NA,6 weeks,1 hr per week,Included in Unlimited,courses
https://www.futurelearn.com/courses/antifungal-stewardship,BSAC,antifungal stewardship,4.8,(36 reviews),3 weeks,3 hrs per week,Included in Unlimited,courses
https://www.futurelearn.com/courses/role-of-diagnostics-in-the-amr-response,London School of Hygiene & Tropical Medicine,role of diagnostics in the amr response,4.8,(57 reviews),6 weeks,4 hrs per week,Included in Unlimited,courses
https://www.futurelearn.com/courses/the-role-of-hydrogen-in-the-clean-energy-transition,Deakin University & Hycel,the role of hydrogen in the clean energy transition,4.5,(17 reviews),3 weeks,3 hrs per week,Included in Unlimited,courses
https://www.futurelearn.com/courses/personal-assistants-disability-support,UEA (University of East Anglia),personal assistants disability support,4.5,(37 reviews),4 weeks,2 hrs per week,Included in Unlimited,courses
https://www.futurelearn.com/courses/the-role-of-vaccines-in-preventing-infectious-diseases-and-amr,BSAC,the role of vaccines in preventing infectious diseases and amr,4.6,(126 reviews),2 weeks,2 hrs per week,Included in Unlimited,courses
https://www.futurelearn.com/courses/the-science-behind-anti-doping,King's College London,the science behind anti doping,NA,NA,4 weeks,3 hrs per week,Included in Unlimited,courses
https://www.futurelearn.com/courses/science-behind-forensic-science,King's College London,science behind forensic science,4.6,(59 reviews),4 weeks,2 hrs per week,Included in Unlimited,courses
https://www.futurelearn.com/courses/scientific-revolution,University of Groningen,scientific revolution,3.9,(73 reviews),3 weeks,3 hrs per week,Included in Unlimited,courses
https://www.futurelearn.com/courses/the-highland-clans,The University of Glasgow,the highland clans,4.8,(550 reviews),3 weeks,4 hrs per week,Included in Unlimited,courses
https://www.futurelearn.com/courses/the-secret-power-of-brands,UEA (University of East Anglia),the secret power of brands,4.8,(54 reviews),6 weeks,3 hrs per week,Included in Unlimited,courses
https://www.futurelearn.com/courses/the-true-story-of-jamaican-jerk-cooking-and-caribbean-culture,The University of the West Indies,the true story of jamaican jerk cooking and caribbean culture,4.6,(11 reviews),3 weeks,2 hrs per week,Included in Unlimited,courses
https://www.futurelearn.com/courses/the-tudors,University of Roehampton,the tudors,4.7,(809 reviews),6 weeks,5 hrs per week,Included in Unlimited,courses
https://www.futurelearn.com/courses/the-world-of-french-cuisine-food-creative-marketing-and-design,Ferrandi Paris,the world of french cuisine food creative marketing and design,NA,NA,4 weeks,3 hrs per week,Premium course,courses
https://www.futurelearn.com/courses/tracing-the-history-of-the-italian-language,University of Padova,tracing the history of the italian language,NA,NA,5 weeks,5 hrs per week,Included in Unlimited,courses
https://www.futurelearn.com/courses/tracking-complex-conflicts,FutureLearn,tracking complex conflicts,NA,NA,3 weeks,5 hrs per week,NA,courses
https://www.futurelearn.com/courses/train-the-healthcare-trainer,NHS England,train the healthcare trainer,4.8,(254 reviews),5 weeks,5 hrs per week,Included in Unlimited,courses
https://www.futurelearn.com/courses/components-sustainable-urban-mobility-sp,"UCL (University College London),  Deutsche Gesellschaft für Internationale Zusammenarbeit (GIZ), Transformative Urban Mobility Initiative (TUMI) & Euroclima+",components sustainable urban mobility sp,NA,NA,5 weeks,3 hrs per week,Included in Unlimited,courses
https://www.futurelearn.com/courses/introducing-sustainable-urban-mobility-sp,"UCL (University College London),  Deutsche Gesellschaft für Internationale Zusammenarbeit (GIZ), Transformative Urban Mobility Initiative (TUMI) & Euroclima+",introducing sustainable urban mobility sp,NA,NA,4 weeks,3 hrs per week,Included in Unlimited,courses
https://www.futurelearn.com/courses/transforming-assessment-design-leading-assessment-and-recognition-of-complex-competencies,The University of Melbourne,transforming assessment design leading assessment and recognition of complex competencies,NA,NA,7 weeks,8 hrs per week,Premium course,courses
https://www.futurelearn.com/courses/transforming-citizen-participation,University of Birmingham,transforming citizen participation,NA,NA,4 weeks,2 hrs per week,Included in Unlimited,courses
https://www.futurelearn.com/courses/transforming-education,UCL (University College London) & LAU-CLS,transforming education,4.7,(23 reviews),4 weeks,4 hrs per week,Included in Unlimited,courses
https://www.futurelearn.com/courses/health-systems-strengthening,"The University of Melbourne, The Nossal Institute for Global Health & UNICEF",health systems strengthening,4.8,(325 reviews),7 weeks,3 hrs per week,Free digital upgrade,courses
https://www.futurelearn.com/courses/components-of-sustainable-urban-mobility,"UCL (University College London),  Deutsche Gesellschaft für Internationale Zusammenarbeit (GIZ) & Transformative Urban Mobility Initiative (TUMI)",components of sustainable urban mobility,4.8,(70 reviews),5 weeks,3 hrs per week,Included in Unlimited,courses
https://www.futurelearn.com/courses/governance-of-transformation,"EIT Urban Mobility, KTH Royal Institute of Technology & KTH Executive School",governance of transformation,4,(6 reviews),5 weeks,4 hrs per week,Included in Unlimited,courses
https://www.futurelearn.com/courses/introducing-sustainable-urban-mobility,"UCL (University College London),  Deutsche Gesellschaft für Internationale Zusammenarbeit (GIZ) & Transformative Urban Mobility Initiative (TUMI)",introducing sustainable urban mobility,4.7,(116 reviews),4 weeks,3 hrs per week,Included in Unlimited,courses
https://www.futurelearn.com/courses/friend-to-leader,University of Southern Queensland,friend to leader,4.8,(133 reviews),4 weeks,1 hr per week,Included in Unlimited,courses
https://www.futurelearn.com/courses/transit-oriented-development-for-climate-mitigation-in-urban-centres,RMIT University & EIT Urban Mobility,transit oriented development for climate mitigation in urban centres,NA,NA,5 weeks,2 hrs per week,Included in Unlimited,courses
https://www.futurelearn.com/courses/transport-policy-for-cleaner-air,RMIT University & EIT Urban Mobility,transport policy for cleaner air,NA,NA,3 weeks,3 hrs per week,Included in Unlimited,courses
https://www.futurelearn.com/courses/transport-systems-global-issues-and-future-innovations,University of Leeds,transport systems global issues and future innovations,4.8,(46 reviews),2 weeks,4 hrs per week,Included in Unlimited,courses
https://www.futurelearn.com/courses/transporting-children-with-disabilities-and-medical-conditions,Mobility and Accessibility for Children in Australia Ltd (MACA),transporting children with disabilities and medical conditions,NA,NA,3 weeks,3 hrs per week,Premium course,courses
https://www.futurelearn.com/courses/trauma-neuro-and-shame-awareness,Deakin University,trauma neuro and shame awareness,4.8,(11 reviews),4 weeks,3 hrs per week,Included in Unlimited,courses
https://www.futurelearn.com/courses/travel-books-history-in-europe-and-japan,Keio University & British Library,travel books history in europe and japan,4.7,(35 reviews),3 weeks,3 hrs per week,Included in Unlimited,courses
https://www.futurelearn.com/courses/treasury-managing-financial-risk,The Association of Corporate Treasurers,treasury managing financial risk,NA,NA,4 weeks,4 hrs per week,Included in Unlimited,courses
https://www.futurelearn.com/courses/understanding-the-importance-of-governance-ethics-compliance-and-audit-within-the-world-of-treasury,The Association of Corporate Treasurers,understanding the importance of governance ethics compliance and audit within the world of treasury,NA,NA,4 weeks,4 hrs per week,Included in Unlimited,courses
https://www.futurelearn.com/courses/food-supply-systems,EIT Food & University of Reading,food supply systems,4.5,(21 reviews),4 weeks,3 hrs per week,Included in Unlimited,courses
https://www.futurelearn.com/courses/una-introduccion-a-la-herramienta-experiencias-de-aprendizaje-a-traves-del-juego,The LEGO Foundation,una introduccion a la herramienta experiencias de aprendizaje a traves del juego,NA,NA,3 weeks,1 hr per week,Free digital upgrade,courses
https://www.futurelearn.com/courses/understanding-addiction,Central Queensland University,understanding addiction,4.6,(64 reviews),4 weeks,2 hrs per week,Included in Unlimited,courses
https://www.futurelearn.com/courses/understanding-adhd,King's College London,understanding adhd,4.7,(2038 reviews),4 weeks,2 hrs per week,Included in Unlimited,courses
https://www.futurelearn.com/courses/understanding-and-measuring-the-earths-energy-imbalance,The University of Glasgow,understanding and measuring the earths energy imbalance,4.5,(6 reviews),4 weeks,3 hrs per week,Included in Unlimited,courses
https://www.futurelearn.com/courses/running-away-drivers-awareness-and-responses,Missing Children Europe,running away drivers awareness and responses,4.8,(8 reviews),4 weeks,3 hrs per week,Included in Unlimited,courses
https://www.futurelearn.com/courses/understanding-and-solving-social-problems,University of York,understanding and solving social problems,4.6,(34 reviews),3 weeks,4 hrs per week,Included in Unlimited,courses
https://www.futurelearn.com/courses/understanding-and-tackling-adolescent-to-parent-violence,Central Queensland University,understanding and tackling adolescent to parent violence,NA,NA,3 weeks,3 hrs per week,Included in Unlimited,courses
https://www.futurelearn.com/courses/understanding-evolution,University of Bath,understanding evolution,4.6,(16 reviews),3 weeks,3 hrs per week,Included in Unlimited,courses
https://www.futurelearn.com/courses/anxiety-depression-and-cbt,University of Reading,anxiety depression and cbt,4.8,(1087 reviews),5 weeks,3 hrs per week,Included in Unlimited,courses
https://www.futurelearn.com/courses/autism,The University of Kent,autism,4.7,(1061 reviews),4 weeks,3 hrs per week,Included in Unlimited,courses
https://www.futurelearn.com/courses/biological-energy,"Royal Holloway, University of London",biological energy,4.7,(30 reviews),4 weeks,3 hrs per week,Included in Unlimited,courses
https://www.futurelearn.com/courses/understanding-dementia-prevention,"The University of Edinburgh, Brain Health Scotland & Alzheimer Scotland",understanding dementia prevention,4.8,(146 reviews),4 weeks,3 hrs per week,Included in Unlimited,courses
https://www.futurelearn.com/courses/understanding-coercive-control,Central Queensland University,understanding coercive control,4.1,(44 reviews),2 weeks,1 hr per week,Included in Unlimited,courses
https://www.futurelearn.com/courses/depression-young-people,University of Reading,depression young people,4.8,(388 reviews),5 weeks,3 hrs per week,Included in Unlimited,courses
https://www.futurelearn.com/courses/understanding-enemies,FutureLearn,understanding enemies,NA,NA,3 weeks,5 hrs per week,NA,courses
https://www.futurelearn.com/courses/epilepsy-and-its-neuropsychology,University of Padova,epilepsy and its neuropsychology,4.7,(61 reviews),4 weeks,3 hrs per week,Included in Unlimited,courses
https://www.futurelearn.com/courses/understanding-food-labels,EIT Food & University of Reading,understanding food labels,4.6,(66 reviews),3 weeks,3 hrs per week,Free digital upgrade,courses
https://www.futurelearn.com/courses/understanding-food-supply-chains,EIT Food & Queen's University Belfast,understanding food supply chains,4.4,(30 reviews),2 weeks,3 hrs per week,Included in Unlimited,courses
https://www.futurelearn.com/courses/understanding-gambling-harm,Deakin University,understanding gambling harm,4.8,(5 reviews),2 weeks,4 hrs per week,Included in Unlimited,courses
https://www.futurelearn.com/courses/genes-and-health-how-dna-influences-disease,The University of Glasgow,genes and health how dna influences disease,4.8,(13 reviews),4 weeks,4 hrs per week,NA,courses
https://www.futurelearn.com/courses/understanding-global-development-management,The Open University,understanding global development management,4.6,(23 reviews),2 weeks,3 hrs per week,Included in Unlimited,courses
https://www.futurelearn.com/courses/shared-resources,"University of Groningen, University of Warsaw, Alexander von Humboldt Institute for Internet and Society & ACTiSS",shared resources,NA,NA,4 weeks,3 hrs per week,Included in Unlimited,courses
https://www.futurelearn.com/courses/understanding-inclusive-education-childrens-individuality,The Open University,understanding inclusive education childrens individuality,NA,NA,5 weeks,3 hrs per week,NA,courses
https://www.futurelearn.com/courses/understanding-inclusive-education-current-approaches,The Open University,understanding inclusive education current approaches,NA,NA,5 weeks,3 hrs per week,NA,courses
https://www.futurelearn.com/courses/understanding-inclusive-education-the-evolving-landscapes,The Open University,understanding inclusive education the evolving landscapes,NA,NA,5 weeks,3 hrs per week,NA,courses
https://www.futurelearn.com/courses/understanding-islamic-banking-for-businesses,INCEIF,understanding islamic banking for businesses,NA,NA,6 weeks,1 hr per week,Included in Unlimited,courses
https://www.futurelearn.com/courses/understanding-islamic-banking-for-consumers,INCEIF,understanding islamic banking for consumers,NA,NA,5 weeks,1 hr per week,Included in Unlimited,courses
https://www.futurelearn.com/courses/understanding-islamic-microfinance,INCEIF,understanding islamic microfinance,NA,NA,4 weeks,1 hr per week,Included in Unlimited,courses
https://www.futurelearn.com/courses/understanding-marketing-basics-sc,The University of Kent,understanding marketing basics sc,NA,NA,2 weeks,4 hrs per week,Included in Unlimited,courses
https://www.futurelearn.com/courses/understanding-marketing-basics,The University of Kent,understanding marketing basics,NA,NA,2 weeks,4 hrs per week,NA,courses
https://www.futurelearn.com/courses/critical-media-literacy,The University of Newcastle Australia,critical media literacy,4.3,(7 reviews),3 weeks,3 hrs per week,Included in Unlimited,courses
https://www.futurelearn.com/courses/okinawa-diet,EIT Food & University of Turin,okinawa diet,4.6,(175 reviews),3 weeks,2 hrs per week,Free digital upgrade,courses
https://www.futurelearn.com/courses/understanding-mental-health-in-muslim-communities,Cardiff University,understanding mental health in muslim communities,4.9,(58 reviews),4 weeks,5 hrs per week,Free digital upgrade,courses
https://www.futurelearn.com/courses/understanding-modern-business-and-organisations,University of Strathclyde,understanding modern business and organisations,4.9,(10 reviews),6 weeks,6 hrs per week,Included in Unlimited,courses
https://www.futurelearn.com/courses/understanding-multilingual-childrens-language-development,University of Reading,understanding multilingual childrens language development,4.8,(23 reviews),3 weeks,3 hrs per week,Included in Unlimited,courses
https://www.futurelearn.com/courses/understanding-penicillin-allergy-assessment-and-delabelling,BSAC,understanding penicillin allergy assessment and delabelling,4.6,(5 reviews),3 weeks,2 hrs per week,Included in Unlimited,courses
https://www.futurelearn.com/courses/understanding-politics-and-international-relations-sc,The University of Kent,understanding politics and international relations sc,4.7,(11 reviews),4 weeks,6 hrs per week,Included in Unlimited,courses
https://www.futurelearn.com/courses/understanding-politics-and-international-relations,The University of Kent,understanding politics and international relations,4.7,(10 reviews),4 weeks,6 hrs per week,NA,courses
https://www.futurelearn.com/courses/public-financial-management,SOAS University of London,public financial management,4.7,(42 reviews),4 weeks,4 hrs per week,Included in Unlimited,courses
https://www.futurelearn.com/courses/intro-to-quantum-computing,Keio University,intro to quantum computing,4.7,(62 reviews),4 weeks,5 hrs per week,Included in Unlimited,courses
https://www.futurelearn.com/courses/research-methods-in-business,Sentinel|9 & FutureLearn,research methods in business,NA,NA,4 weeks,3 hrs per week,Premium course,courses
https://www.futurelearn.com/courses/suicide-prevention,The University of Glasgow,suicide prevention,4.6,(85 reviews),3 weeks,4 hrs per week,Included in Unlimited,courses
https://www.futurelearn.com/courses/understanding-systems-thinking-in-healthcare,Coventry University,understanding systems thinking in healthcare,4.8,(19 reviews),2 weeks,3 hrs per week,Included in Unlimited,courses
https://www.futurelearn.com/courses/general-data-protection-regulation,University of Groningen,general data protection regulation,4.7,(134 reviews),4 weeks,3 hrs per week,Included in Unlimited,courses
https://www.futurelearn.com/courses/understanding-the-impact-of-stigma-sc,American Society of Addiction Medicine,understanding the impact of stigma sc,5,(5 reviews),2 weeks,4 hrs per week,Included in Unlimited,courses
https://www.futurelearn.com/courses/understanding-the-internet,Keio University & APIE (Asia Pacific Internet Engineering Program),understanding the internet,4.8,(14 reviews),4 weeks,3 hrs per week,Included in Unlimited,courses
https://www.futurelearn.com/courses/understanding-the-italian-legal-system,University of Padova,understanding the italian legal system,NA,NA,7 weeks,4 hrs per week,Included in Unlimited,courses
https://www.futurelearn.com/courses/understanding-tourette-syndrome,Tourettes Action,understanding tourette syndrome,NA,NA,1 week,2 hrs per week,Included in Unlimited,courses
https://www.futurelearn.com/courses/united-for-a-sustainable-future-an-introduction,The University of Glasgow,united for a sustainable future an introduction,NA,NA,3 weeks,4 hrs per week,Included in Unlimited,courses
https://www.futurelearn.com/courses/career-planning-and-your-degree,University of Surrey,career planning and your degree,5,(7 reviews),2 weeks,3 hrs per week,Included in Unlimited,courses
https://www.futurelearn.com/courses/get-ready-for-success-at-university,University of Hull,get ready for success at university,4.6,(8 reviews),3 weeks,3 hrs per week,Included in Unlimited,courses
https://www.futurelearn.com/courses/global-citizenship,University of Bristol,global citizenship,4.7,(80 reviews),4 weeks,3 hrs per week,Included in Unlimited,courses
https://www.futurelearn.com/courses/innovation-enterprise,University of Bristol,innovation enterprise,4.8,(77 reviews),4 weeks,3 hrs per week,Included in Unlimited,courses
https://www.futurelearn.com/courses/sustainable-futures,University of Bristol,sustainable futures,4.8,(105 reviews),4 weeks,3 hrs per week,Included in Unlimited,courses
https://www.futurelearn.com/courses/unlocking-profit-potential-foundations-of-f-and-b-revenue-management,Ferrandi Paris,unlocking profit potential foundations of f and b revenue management,NA,NA,2 weeks,1 hr per week,Included in Unlimited,courses
https://www.futurelearn.com/courses/creativity-neuroscience,Central Queensland University,creativity neuroscience,4.7,(33 reviews),2 weeks,4 hrs per week,Included in Unlimited,courses
https://www.futurelearn.com/courses/project-risk-and-control-management-et,Coventry University,project risk and control management et,NA,NA,2 weeks,5 hrs per week,NA,courses
https://www.futurelearn.com/courses/unlocking-the-secrets-of-the-chinese-language,Universiti Malaya,unlocking the secrets of the chinese language,NA,NA,2 weeks,2 hrs per week,Included in Unlimited,courses
https://www.futurelearn.com/courses/upcycling-for-change-from-green-ideas-to-startup-businesses,Minca Ventures & Hands of Honour,upcycling for change from green ideas to startup businesses,4.5,(55 reviews),3 weeks,4 hrs per week,Included in Unlimited,courses
https://www.futurelearn.com/courses/urban-dynamics-spatial-accessibility-and-real-estate,RMIT University & EIT Urban Mobility,urban dynamics spatial accessibility and real estate,NA,NA,5 weeks,2 hrs per week,Included in Unlimited,courses
https://www.futurelearn.com/courses/urban-mobility-for-liveability,RMIT University & EIT Urban Mobility,urban mobility for liveability,NA,NA,5 weeks,2 hrs per week,Included in Unlimited,courses
https://www.futurelearn.com/courses/urban-stormwater-management-in-a-changing-climate,Luleå University of Technology,urban stormwater management in a changing climate,NA,NA,3 weeks,4 hrs per week,Included in Unlimited,courses
https://www.futurelearn.com/courses/drug-use-and-harm-reduction-french,"London School of Hygiene & Tropical Medicine, Médecins du Monde & International Network of People who Use Drugs (INPUD)",drug use and harm reduction french,NA,NA,3 weeks,3 hrs per week,Included in Unlimited,courses
https://www.futurelearn.com/courses/using-film-for-literacy-teaching,Into Film & The British Film Institute (BFI),using film for literacy teaching,4.5,(15 reviews),2 weeks,2 hrs per week,Included in Unlimited,courses
https://www.futurelearn.com/courses/using-systems-thinking-to-tackle-the-climate-and-biodiversity-crisis,University of Reading,using systems thinking to tackle the climate and biodiversity crisis,4.3,(15 reviews),2 weeks,3 hrs per week,Included in Unlimited,courses
https://www.futurelearn.com/courses/virtual-scenario,"St George's, University of London & WAVES",virtual scenario,4.7,(37 reviews),3 weeks,2 hrs per week,Included in Unlimited,courses
https://www.futurelearn.com/courses/antimicrobial-stewardship-in-wound-management-espanolhones,BSAC & European Wound Management Association,antimicrobial stewardship in wound management espanolhones,4.8,(6 reviews),3 weeks,2 hrs per week,Included in Unlimited,courses
https://www.futurelearn.com/courses/behaviour-change,BSAC,behaviour change,4.9,(9 reviews),2 weeks,3 hrs per week,Included in Unlimited,courses
https://www.futurelearn.com/courses/vaccines-covid-19,BSAC,vaccines covid 19,4.7,(146 reviews),3 weeks,2 hrs per week,Included in Unlimited,courses
https://www.futurelearn.com/courses/version-control-essentials-git-and-github,Packt & FutureLearn,version control essentials git and github,NA,NA,3 weeks,2 hrs per week,Premium course,courses
https://www.futurelearn.com/courses/veterinary-administration-admission-triage,Learning Lounge,veterinary administration admission triage,NA,NA,1 week,2 hrs per week,Premium course,courses
https://www.futurelearn.com/courses/veterinary-administration-managing-a-veterinary-practice,Learning Lounge & FutureLearn,veterinary administration managing a veterinary practice,NA,NA,1 week,2 hrs per week,Premium course,courses
https://www.futurelearn.com/courses/video-game-music,Abertay University,video game music,4.3,(20 reviews),2 weeks,2 hrs per week,Included in Unlimited,courses
https://www.futurelearn.com/courses/video-game-design-development,Abertay University,video game design development,4.1,(47 reviews),2 weeks,3 hrs per week,Included in Unlimited,courses
https://www.futurelearn.com/courses/video-game-character-design,Abertay University,video game character design,4.6,(46 reviews),2 weeks,2 hrs per week,Included in Unlimited,courses
https://www.futurelearn.com/courses/vet-school-application-support,The University of Nottingham,vet school application support,4.8,(501 reviews),2 weeks,3 hrs per week,Included in Unlimited,courses
https://www.futurelearn.com/courses/volunteering-with-refugees,Cambridge University Press & Assessment & The Human Hive,volunteering with refugees,4.8,(50 reviews),3 weeks,4 hrs per week,Included in Unlimited,courses
https://www.futurelearn.com/courses/walter-scott,University of Aberdeen & The Abbotsford Trust,walter scott,4.8,(218 reviews),4 weeks,2 hrs per week,Included in Unlimited,courses
https://www.futurelearn.com/courses/wellbeing-and-resilience-at-work-sc,"University of Leeds, Click Start & Institute of Coding",wellbeing and resilience at work sc,5,(17 reviews),2 weeks,3 hrs per week,Free digital upgrade,courses
https://www.futurelearn.com/courses/wellbeing-and-resilience-at-work,University of Leeds & Institute of Coding,wellbeing and resilience at work,4.7,(456 reviews),2 weeks,3 hrs per week,NA,courses
https://www.futurelearn.com/courses/the-history-of-cricket-in-the-west-indies,The University of the West Indies,the history of cricket in the west indies,4.6,(10 reviews),4 weeks,4 hrs per week,Included in Unlimited,courses
https://www.futurelearn.com/courses/humans,The University of Newcastle Australia,humans,4.3,(102 reviews),3 weeks,3 hrs per week,Included in Unlimited,courses
https://www.futurelearn.com/courses/what-is-health-research,University of Leeds & National Institute for Health Research,what is health research,4.7,(54 reviews),3 weeks,3 hrs per week,Included in Unlimited,courses
https://www.futurelearn.com/courses/what-is-international-human-rights-law-sc,The University of Kent,what is international human rights law sc,4.5,(11 reviews),4 weeks,4 hrs per week,Included in Unlimited,courses
https://www.futurelearn.com/courses/what-is-international-human-rights-law-,The University of Kent,what is international human rights law ,5,(8 reviews),4 weeks,4 hrs per week,NA,courses
https://www.futurelearn.com/courses/what-is-leadership,Deakin University,what is leadership,4.7,(445 reviews),2 weeks,3 hrs per week,Included in Unlimited,courses
https://www.futurelearn.com/courses/what-is-poetry,The University of Newcastle Australia,what is poetry,4.6,(82 reviews),3 weeks,3 hrs per week,Included in Unlimited,courses
https://www.futurelearn.com/courses/what-is-sociology,The University of Newcastle Australia,what is sociology,4.7,(39 reviews),3 weeks,3 hrs per week,Included in Unlimited,courses
https://www.futurelearn.com/courses/biology-genome-and-you,Pompeu Fabra University Barcelona,biology genome and you,5,(13 reviews),5 weeks,2 hrs per week,Included in Unlimited,courses
https://www.futurelearn.com/courses/migration-facts,European University Institute (EUI) & Canada Research Excellence Chair in Migration and Integration,migration facts,4.7,(12 reviews),3 weeks,3 hrs per week,Included in Unlimited,courses
https://www.futurelearn.com/courses/migration-theories,European University Institute (EUI),migration theories,4.3,(38 reviews),3 weeks,3 hrs per week,Included in Unlimited,courses
https://www.futurelearn.com/courses/ageing,University of Groningen & University Medical Center Groningen (UMCG),ageing,4.6,(32 reviews),6 weeks,4 hrs per week,Included in Unlimited,courses
https://www.futurelearn.com/courses/media-and-international-development,UEA (University of East Anglia),media and international development,4.8,(23 reviews),4 weeks,2 hrs per week,Included in Unlimited,courses
https://www.futurelearn.com/courses/why-religion-matters,The Open University,why religion matters,4.4,(93 reviews),4 weeks,3 hrs per week,Included in Unlimited,courses
https://www.futurelearn.com/courses/research-matters,Deakin University & Griffith University,research matters,4.4,(14 reviews),2 weeks,3 hrs per week,Included in Unlimited,courses
https://www.futurelearn.com/courses/anthropology-social-media,UCL (University College London),anthropology social media,4.6,(49 reviews),5 weeks,3 hrs per week,Included in Unlimited,courses
https://www.futurelearn.com/courses/william-wordsworth,Lancaster University,william wordsworth,4.8,(265 reviews),4 weeks,4 hrs per week,Included in Unlimited,courses
https://www.futurelearn.com/courses/wisdom-skills-for-the-future-generalist-doctor,University of York & Hull York Medical School,wisdom skills for the future generalist doctor,4.6,(8 reviews),4 weeks,4 hrs per week,Included in Unlimited,courses
https://www.futurelearn.com/courses/womens-health-after-motherhood,Trinity College Dublin & Universitat de Barcelona,womens health after motherhood,4.8,(63 reviews),4 weeks,1 hr per week,Included in Unlimited,courses
https://www.futurelearn.com/courses/work-ready-skills,Central Queensland University,work ready skills,4.4,(38 reviews),2 weeks,2 hrs per week,Included in Unlimited,courses
https://www.futurelearn.com/courses/workforce-planning-research-implementation,Learning Lounge & FutureLearn,workforce planning research implementation,NA,NA,2 weeks,2 hrs per week,Premium course,courses
https://www.futurelearn.com/courses/working-supportively-with-refugees,The University of Glasgow,working supportively with refugees,4.7,(65 reviews),3 weeks,4 hrs per week,Included in Unlimited,courses
https://www.futurelearn.com/courses/working-with-integrated-development-environments,"University of Leeds, Click Start & Institute of Coding",working with integrated development environments,NA,NA,2 weeks,3 hrs per week,Free digital upgrade,courses
https://www.futurelearn.com/courses/working-health-literacy,"University of Groningen, University Medical Center Groningen (UMCG) & NUI Galway",working health literacy,4.6,(26 reviews),3 weeks,3 hrs per week,Included in Unlimited,courses
https://www.futurelearn.com/courses/working-with-people-and-communities-to-improve-primary-care,NHS England,working with people and communities to improve primary care,NA,NA,2 weeks,3 hrs per week,Included in Unlimited,courses
https://www.futurelearn.com/courses/working-with-people-and-communities-to-improve-health-outcomes,NHSEngland,working with people and communities to improve health outcomes,4.7,(29 reviews),2 weeks,3 hrs per week,Included in Unlimited,courses
https://www.futurelearn.com/courses/working-with-translation,Cardiff University,working with translation,4.8,(223 reviews),4 weeks,4 hrs per week,Included in Unlimited,courses
https://www.futurelearn.com/courses/working-with-version-control,University of Leeds & Click Start,working with version control,NA,NA,3 weeks,3 hrs per week,Free digital upgrade,courses
https://www.futurelearn.com/courses/surviving-the-workplace-on-managing-stress-and-building-confidence,Luleå University of Technology,surviving the workplace on managing stress and building confidence,4.6,(98 reviews),2 weeks,2 hrs per week,Included in Unlimited,courses
https://www.futurelearn.com/courses/stress-and-productivity-in-the-workplace,Manchester Metropolitan University,stress and productivity in the workplace,4.6,(37 reviews),3 weeks,4 hrs per week,Included in Unlimited,courses
https://www.futurelearn.com/courses/ww1-trauma,The Open University,ww1 trauma,4.7,(190 reviews),4 weeks,3 hrs per week,Included in Unlimited,courses
https://www.futurelearn.com/courses/introduction-to-humanitarian-aid-pl,Deakin University,introduction to humanitarian aid pl,NA,NA,2 weeks,3 hrs per week,Free digital upgrade,courses
https://www.futurelearn.com/courses/ww1-heroism-art-film,University of Leeds,ww1 heroism art film,4.4,(75 reviews),2 weeks,2 hrs per week,Included in Unlimited,courses
https://www.futurelearn.com/courses/effective-leadership-in-health-services,Coventry University,effective leadership in health services,5,(8 reviews),2 weeks,5 hrs per week,NA,courses
https://www.futurelearn.com/courses/young-people-mental-health,"University of Groningen, University of Cambridge & University Medical Center Groningen (UMCG)",young people mental health,4.7,(688 reviews),5 weeks,2 hrs per week,Included in Unlimited,courses
https://www.futurelearn.com/courses/your-essential-guide-to-university-life,University of Reading,your essential guide to university life,4.7,(33 reviews),3 weeks,2 hrs per week,Free digital upgrade,courses
https://www.futurelearn.com/courses/zakat-fundamentals-exploring-objectives-and-wealth-classification,INCEIF,zakat fundamentals exploring objectives and wealth classification,NA,NA,3 weeks,1 hr per week,Included in Unlimited,courses
https://www.futurelearn.com/courses/netpoulsafepl,"University of Padova, NetPoulSafe & EU (Horizon 2020 Project)",netpoulsafepl,NA,NA,4 weeks,4 hrs per week,Included in Unlimited,courses
https://www.futurelearn.com/courses/zoroastrianism-history-religion-belief,SOAS University of London,zoroastrianism history religion belief,4.6,(115 reviews),4 weeks,3 hrs per week,Included in Unlimited,courses
