Link to course,subject ,Category link,Mode,Name,About,Price,Offered By,Duration,Availability
https://pll.harvard.edu/course/predictionx-lost-without-longitude,Humanities,https://pll.harvard.edu/subject/humanities,Online,PredictionX: Lost Without Longitude,"Explore the history of navigation, from stars to satellites.",Free,Harvard Kennedy School,1 week long,Available now
https://pll.harvard.edu/course/nonprofit-financial-stewardship-webinar-introduction-accounting-and-financial-statements,Social Sciences,https://pll.harvard.edu/subject/social-sciences,Online,Nonprofit Financial Stewardship Webinar: Introduction to Accounting and Financial Statements,The Introduction to Nonprofit Accounting and Financial Statements webinars provide a great opportunity to learn the basic principles of nonprofit accounting.,Free,Harvard Kennedy School,Self-paced,Available now
https://pll.harvard.edu/course/cs50-introduction-computer-science,Programming,https://pll.harvard.edu/subject/programming,Online,CS50: Introduction to Computer Science,An introduction to the intellectual enterprises of computer science and the art of programming.,Free,Harvard Kennedy School,11 weeks long,Available now
https://pll.harvard.edu/course/public-leadership-credential,Social Sciences,https://pll.harvard.edu/subject/social-sciences,Online,Public Leadership Credential,"Developed by Harvard Kennedy School faculty, this professional credential program equips you with the skills necessary to advance the public good.",$995+,Harvard Kennedy School,Self-paced,Available now
https://pll.harvard.edu/course/cognitive-fitness,Health & Medicine,https://pll.harvard.edu/subject/health-medicine,Online,Cognitive Fitness,This online course from Harvard Health Publishing brings you information from Harvard experts on staying mentally sharp as you age.,$30,Harvard Kennedy School,2 weeks long,Available now
https://pll.harvard.edu/course/6-week-plan-healthy-eating,Health & Medicine,https://pll.harvard.edu/subject/health-medicine,Online,6-Week Plan For Healthy Eating,"This online course from Harvard Health Publishing outlines a simple, 6-week plan assembled by Harvard experts to overhaul your diet and nutrition.",$30,Harvard Kennedy School,2 weeks long,Available now
https://pll.harvard.edu/course/back-pain-finding-solutions-your-aching-back,Health & Medicine,https://pll.harvard.edu/subject/health-medicine,Online,Back Pain: Finding Solutions for Your Aching Back,"This Harvard Health Publishing online course provides insight into the sources of back pain, providing strategies on how to successfully overcome and eliminate back pain.",$30,Harvard Kennedy School,Self-paced,Available now
https://pll.harvard.edu/course/controlling-your-blood-pressure,Health & Medicine,https://pll.harvard.edu/subject/health-medicine,Online,Controlling your Blood Pressure,This online course from Harvard Health Publishing gives you the tools to control your blood pressure and cut your risk of heart attack and stroke in half.,$30,Harvard Kennedy School,Self-paced,Available now
https://pll.harvard.edu/course/starting-exercise,Health & Medicine,https://pll.harvard.edu/subject/health-medicine,Online,Starting to Exercise,"This Harvard Health Publishing online course propels you forward on your fitness journey, helping you create a personalized exercise plan for a healthy life.",$30,Harvard Kennedy School,2 weeks long,Available now
https://pll.harvard.edu/course/introduction-tai-chi,Health & Medicine,https://pll.harvard.edu/subject/health-medicine,Online,An Introduction to Tai Chi,This online course from Harvard Health Publishing explains the health benefits of this balance-boosting practice and brings you how-to videos that teach you 20 different moves so you can create your own Tai Chi routine.,$30,Harvard Kennedy School,2 weeks long,Available now
https://pll.harvard.edu/course/predictionx-omens-oracles-prophecies,Humanities,https://pll.harvard.edu/subject/humanities,Online,"PredictionX: Omens, Oracles & Prophecies","An overview of divination systems, ranging from ancient Chinese bone burning to modern astrology.",Free,Harvard Kennedy School,1 week long,Available now
https://pll.harvard.edu/course/systematic-approaches-policy-design,Social Sciences,https://pll.harvard.edu/subject/social-sciences,Online,Systematic Approaches to Policy Design,This free online course from Harvard Kennedy School introduces approaches to analytical decision-making for policy design.,Free,Harvard Kennedy School,Self-paced,Available now
https://pll.harvard.edu/course/exercises-bone-strength,Health & Medicine,https://pll.harvard.edu/subject/health-medicine,Online,Exercises for Bone Strength,Which exercises are best for better bones? This Harvard Medical School course will not just tell you; it will show you!,$40,Harvard Kennedy School,Self-paced,Available now
https://pll.harvard.edu/course/healthy-eating-type-2-diabetes,Health & Medicine,https://pll.harvard.edu/subject/health-medicine,Online,Healthy Eating for Type 2 Diabetes,This easy-to-follow online course to help you better manage diabetes through a healthy diet combined with lifestyle choices like regular exercise.,$30,Harvard Kennedy School,Self-paced,Available now
https://pll.harvard.edu/course/new-ideas-nonprofit-leaders-webinar,Social Sciences,https://pll.harvard.edu/subject/social-sciences,Online,New Ideas for Nonprofit Leaders Webinar,Professor Arthur Brooks discusses cutting-edge concepts that tie tactics of the most effective nonprofit leaders back to the basics of human connection in this free webinar.,Free,Harvard Kennedy School,Self-paced,Available now
https://pll.harvard.edu/course/4p-model-strategic-leadership-podcasts,Social Sciences,https://pll.harvard.edu/subject/social-sciences,Online,4P Model for Strategic Leadership Podcasts,A Free Podcast Series,Free,Harvard Kennedy School,Self-paced,Available now
https://pll.harvard.edu/course/science-corresponding-busy-people-webinar,Social Sciences,https://pll.harvard.edu/subject/social-sciences,Online,The Science of Corresponding with Busy People Webinar,This free webinar from HKS professor Todd Rogers is his take on the five principles for effective communication and how to implement them in your writing.,Free,Harvard Kennedy School,Self-paced,Available now
https://pll.harvard.edu/course/cs50s-introduction-programming-scratch,Computer Science,https://pll.harvard.edu/subject/computer-science,Online,CS50's Introduction to Programming with Scratch,A gentle introduction to programming that prepares you for subsequent courses in coding.,Free,Harvard Kennedy School,3 weeks long,Available now
https://pll.harvard.edu/course/core-exercises,Health & Medicine,https://pll.harvard.edu/subject/health-medicine,Online,Core Exercises,"This new Harvard Health Publishing online course will teach you the simple-to-do core exercises, while improving your mobility, vitality and independence.",$30,Harvard Kennedy School,Self-paced,Available now
https://pll.harvard.edu/course/caregivers-guide,Health & Medicine,https://pll.harvard.edu/subject/health-medicine,Online,The Caregiver's Guide,"This Harvard Medical School online course brings you the confidence and know-how to help you meet the unique physical, emotional and financial needs of your loved one.",$30,Harvard Kennedy School,Self-paced,Available now
https://pll.harvard.edu/course/lose-weight-and-keep-it,Health & Medicine,https://pll.harvard.edu/subject/health-medicine,Online,Lose Weight and Keep It Off,This Harvard Health Publishing online course incorporates the latest evidence-based strategies that allow you to tailor a healthy weight loss plan that works best for you.,$30,Harvard Kennedy School,Self-paced,Available now
https://pll.harvard.edu/course/positive-psychology,Health & Medicine,https://pll.harvard.edu/subject/health-medicine,Online,Positive Psychology,"This step-by-step, powerful Harvard Health Publishing online course reveals a variety of research-proven techniques and exactly how to put them into practice.",$30,Harvard Kennedy School,Self-paced,Available now
https://pll.harvard.edu/course/knees-and-hips,Health & Medicine,https://pll.harvard.edu/subject/health-medicine,Online,Knees and Hips,This Harvard Health Publishing interactive course will show you how to quell and conquer your knee and hip pain safely and successfully.,$30,Harvard Kennedy School,Self-paced,Available now
https://pll.harvard.edu/course/improving-your-sleep-guide-good-nights-rest,Health & Medicine,https://pll.harvard.edu/subject/health-medicine,Online,Improving Your Sleep: Guide to a good night's rest,This online course from Harvard Health Publishing explains why a good night’s sleep is important to your health and well-being and shows you how to achieve it.,$30,Harvard Kennedy School,Self-paced,Available now
https://pll.harvard.edu/course/managing-your-cholesterol,Health & Medicine,https://pll.harvard.edu/subject/health-medicine,Online,Managing Your Cholesterol,In this Harvard Health Publsihing online course you will learn the best ways to successfully manage your cholesterol.,$30,Harvard Kennedy School,Self-paced,Available now
https://pll.harvard.edu/course/sensitive-gut,Health & Medicine,https://pll.harvard.edu/subject/health-medicine,Online,The Sensitive Gut,In this Harvard Health Publishing course  you will learn the best ways to prevent and relieve dozens of digestive problems.,$30,Harvard Kennedy School,Self-paced,Available now
https://pll.harvard.edu/course/global-news-technology-leadership-challenging-times,Social Sciences,https://pll.harvard.edu/subject/social-sciences,Online,Global News & Technology Leadership in Challenging Times,Join HKS Shorenstein Center Director and former TIME Editor in Chief Nancy Gibbs and colleagues for a panel discussion on the challenges facing global news-industry leaders.,Free,Harvard Kennedy School,Self-paced,Available now
https://pll.harvard.edu/course/our-information-emergency-navigating-media-environment-2021,Social Sciences,https://pll.harvard.edu/subject/social-sciences,Online,Our Information Emergency: Navigating the Media Environment in 2021,"Led by Nancy Gibbs, this video explores the underlying forces that are shaping today’s media environment.",Free,Harvard Kennedy School,Self-paced,Available now
https://pll.harvard.edu/course/better-balance-0,Health & Medicine,https://pll.harvard.edu/subject/health-medicine,Online,Better Balance,"A Harvard Health Publishing step-by-step course that pinpoints the specific causes of balance problems and tells and shows you exactly how you can become steadier on your feet, no matter what your age!",$30,Harvard Kennedy School,Self-paced,Available now
https://pll.harvard.edu/course/fighting-inflammation-0,Health & Medicine,https://pll.harvard.edu/subject/health-medicine,Online,Fighting Inflammation,This Harvard Health Publishing interactive course reveals how and why “good” inflammation can go terribly wrong.,$30,Harvard Kennedy School,Self-paced,Available now
https://pll.harvard.edu/course/understanding-depression,Health & Medicine,https://pll.harvard.edu/subject/health-medicine,Online,Understanding Depression,"This Harvard Health Publishing Online Course is the reliable, go-to source for encouragement and practical advice to help you understand your illness and to help you feel like yourself again.",$30,Harvard Kennedy School,Self-paced,Available now
https://pll.harvard.edu/course/stress-management,Health & Medicine,https://pll.harvard.edu/subject/health-medicine,Online,Stress Management,The new online course from Harvard Health Publishing will restore calm and put you in command!,$30,Harvard Kennedy School,Self-paced,Available now
https://pll.harvard.edu/course/stroke-and-other-common-neurological-conditions,Health & Medicine,https://pll.harvard.edu/subject/health-medicine,Online,Stroke and Other Common Neurological Conditions,This course is comprised of video lectures by world-renown neurologists and neuroscience nurses from Massachusetts General Hospital who discuss subjects in Vascular Neurology and General Neurology.,$494,Harvard Kennedy School,Self-paced,NA
https://pll.harvard.edu/course/general-psychiatric-management-bpd,Health & Medicine,https://pll.harvard.edu/subject/health-medicine,Online,General Psychiatric Management for BPD,This 8-hour course offers training in an empirically validated treatment approach to borderline personality disorder (BPD) known as Good or General Psychiatric Management (GPM).,$45,Harvard Kennedy School,Self-paced,Available now
https://pll.harvard.edu/course/big-data-solutions-social-and-economic-disparities,Social Sciences,https://pll.harvard.edu/subject/social-sciences,Online,Big Data Solutions for Social and Economic Disparities,Join Harvard University Professor Raj Chetty in this online course to understand how big data can be used to measure mobility and solve social problems.,Free,Harvard Kennedy School,4 weeks long,Available now
https://pll.harvard.edu/course/yoga-and-you,Health & Medicine,https://pll.harvard.edu/subject/health-medicine,Online,Yoga and You,"Expert yoga trainers will help guide you along, with detailed instructions and safe practice tips.",$30,Harvard Kennedy School,Self-paced,Available now
https://pll.harvard.edu/course/prostate-diseases-and-erectile-dysfunction,Health & Medicine,https://pll.harvard.edu/subject/health-medicine,Online,Prostate Diseases and Erectile Dysfunction,"Harvard doctors assess today’s treatment options for prostate cancer, BPH, and ED to help you select what’s best for your health, your happiness and your peace-of-mind.",$30,Harvard Kennedy School,Self-paced,Available now
https://pll.harvard.edu/course/boosting-your-energy,Health & Medicine,https://pll.harvard.edu/subject/health-medicine,Online,Boosting Your Energy,"Discover how to jump-start your energy and fight fatigue… so you can start living your life again! Learn how — in just four weeks time — you can possess greater stamina, alertness and supercharged drive!",$30,Harvard Kennedy School,Self-paced,Available now
https://pll.harvard.edu/course/skin-care-and-repair,Health & Medicine,https://pll.harvard.edu/subject/health-medicine,Online,Skin Care and Repair,"Discover the best ways to treat 18 common skin conditions, protect against skin cancer, prevent premature skin aging, rejuvenate aging skin and more!",$30,Harvard Kennedy School,Self-paced,Available now
https://pll.harvard.edu/course/joint-pain-relief-workout,Health & Medicine,https://pll.harvard.edu/subject/health-medicine,Online,Joint Pain Relief Workout,"The exercise demonstrations in our online course can help relieve ankle, knee, hip, or shoulder pain, and help you become more active again.",$30,Harvard Kennedy School,Self-paced,Available now
https://pll.harvard.edu/course/cs50s-web-programming-python-and-javascript,Programming,https://pll.harvard.edu/subject/programming,Online,CS50's Web Programming with Python and JavaScript,"This course picks up where CS50 leaves off, diving more deeply into the design and implementation of web apps with Python, JavaScript, and SQL using frameworks like Django, React, and Bootstrap.",Free,Harvard Kennedy School,12 weeks long,Available now
https://pll.harvard.edu/course/cs50s-introduction-artificial-intelligence-python,Computer Science,https://pll.harvard.edu/subject/computer-science,Online,CS50's Introduction to Artificial Intelligence with Python,Learn to use machine learning in Python in this introductory course on artificial intelligence.,Free,Harvard Kennedy School,7 weeks long,Available now
https://pll.harvard.edu/course/cs50-lawyers,Computer Science,https://pll.harvard.edu/subject/computer-science,Online,CS50 for Lawyers,"This course is a variant of Harvard University's introduction to computer science, CS50, designed especially for lawyers (and law students).",Free,Harvard Kennedy School,10 weeks long,Available now
https://pll.harvard.edu/course/negotiating-salary,Business,https://pll.harvard.edu/subject/business,Online,Negotiating Salary,"Learn salary negotiation techniques with this free, 15-minute Harvard Business School (HBS) Online lesson taught by Mike Wheeler of Negotiation Mastery.",Free,Harvard Kennedy School,Self-paced,Available now
https://pll.harvard.edu/course/resilient-leadership,Business,https://pll.harvard.edu/subject/business,Online,Resilient Leadership,"Develop the skills to lead with courage and conviction through challenging times with this free, 35-minute Harvard Business School (HBS) Online lesson.",Free,Harvard Kennedy School,Self-paced,Available now
https://pll.harvard.edu/course/clinical-care-autistic-adults,Health & Medicine,https://pll.harvard.edu/subject/health-medicine,Online,Clinical Care for Autistic Adults,"The Clinical Care for Autistic Adults course, is led by nationally recognized experts, with extensive expertise caring for adults with autism.",Free,Harvard Kennedy School,Self-paced,Available now
https://pll.harvard.edu/course/prescription-drug-regulation-cost-and-access-current-controversies-context,Health & Medicine,https://pll.harvard.edu/subject/health-medicine,Online,"Prescription Drug Regulation, Cost, and Access: Current Controversies in Context","Understand how the FDA regulates pharmaceuticals and explore debates on prescription drug costs, marketing, and testing.",Free,Harvard Kennedy School,Self-paced,Available now
https://pll.harvard.edu/course/using-python-research,Computer Science,https://pll.harvard.edu/subject/computer-science,Online,Using Python for Research,Take your introductory knowledge of Python programming to the next level and learn how to use Python 3 for your research.,Free,Harvard Kennedy School,Self-paced,Available now
https://pll.harvard.edu/course/leadership-creating-public-value,Social Sciences,https://pll.harvard.edu/subject/social-sciences,Online,Leadership: Creating Public Value,Learn how to face and meet today’s challenges and design a public value proposition that is both actionable and value creating.,Free,Harvard Kennedy School,Self-paced,Available now
https://pll.harvard.edu/course/justice-today-money-markets-and-morals-edx,Humanities,https://pll.harvard.edu/subject/humanities,Online,"Justice Today: Money, Markets, and Morals (edX)",Explore the ethical controversies of financial markets.,Free,Harvard Kennedy School,Self-paced,Available now
https://pll.harvard.edu/course/religion-conflict-and-peace,Humanities,https://pll.harvard.edu/subject/humanities,Online,"Religion, Conflict and Peace",Explore the diverse and complex roles that religions play in both promoting and mitigating violence.,Free,Harvard Kennedy School,Self-paced,Available now
https://pll.harvard.edu/course/technology-entrepreneurship-lab-market,Business,https://pll.harvard.edu/subject/business,Online,Technology Entrepreneurship: Lab to Market,Explore how entrepreneurs build successful businesses by moving technology from lab to market.,Free,Harvard Kennedy School,Self-paced,Available now
https://pll.harvard.edu/course/buddhism-through-its-scriptures,Humanities,https://pll.harvard.edu/subject/humanities,Online,Buddhism Through Its Scriptures,"Learn about the rich and diverse beliefs and practices of Buddhists across time and place. Experience Buddhism through its scriptures, both relationally as well as academically.",Free,Harvard Kennedy School,Self-paced,Available now
https://pll.harvard.edu/course/christianity-through-its-scriptures,Humanities,https://pll.harvard.edu/subject/humanities,Online,Christianity Through Its Scriptures,"Learn about Christianity through a study of its sacred scriptures. We will explore how diverse Christians have interpreted these writings and practiced their teachings over a 2000 year, global history.",Free,Harvard Kennedy School,Self-paced,Available now
https://pll.harvard.edu/course/islam-through-its-scriptures,Humanities,https://pll.harvard.edu/subject/humanities,Online,Islam Through Its Scriptures,"Learn about the Quran, the central sacred text of Islam, through an exploration of the rich diversity of roles and interpretations in Muslim societies.",Free,Harvard Kennedy School,Self-paced,Available now
https://pll.harvard.edu/course/judaism-through-its-scriptures,Humanities,https://pll.harvard.edu/subject/humanities,Online,Judaism Through Its Scriptures,Learn about the key beliefs and practices of Judaism through an examination of its sacred texts and their interpretation.,Free,Harvard Kennedy School,Self-paced,Available now
https://pll.harvard.edu/course/hinduism-through-its-scriptures,Humanities,https://pll.harvard.edu/subject/humanities,Online,Hinduism Through Its Scriptures,"Learn about the rich diversity of Hindu sacred texts – hymns, narratives, philosophical thought – and their interpretations.",Free,Harvard Kennedy School,Self-paced,Available now
https://pll.harvard.edu/course/sikhism-through-its-scriptures-0,Humanities,https://pll.harvard.edu/subject/humanities,Online,Sikhism Through Its Scriptures,This course examines the Sikh scripture from a doctrinal and historical perspective by providing an overview of Sikh teachings as well as the historical context within which the scripture evolved and became canonized.,Free,Harvard Kennedy School,Self-paced,Available now
https://pll.harvard.edu/course/religious-literacy-traditions-and-scriptures,Humanities,https://pll.harvard.edu/subject/humanities,Online,Religious Literacy: Traditions and Scriptures,Learn how to better understand the rich and complex ways that religions function in historic and contemporary contexts.,Free,Harvard Kennedy School,Self-paced,Available now
https://pll.harvard.edu/course/darkening-horizon-nuclear-dangers-around-world-matthew-bunn,Social Sciences,https://pll.harvard.edu/subject/social-sciences,Online,A Darkening Horizon: Nuclear Dangers Around the World with Matthew Bunn,This free webinar from HKS Professor Matthew Bunn tours the horizon of nuclear dangers.,Free,Harvard Kennedy School,Self-paced,Available now
https://pll.harvard.edu/course/ciencia-de-datos-fundamentos-de-r,Data Science,https://pll.harvard.edu/subject/data-science,Online,Ciencia de Datos: Fundamentos de R,"Sentar las bases de conocimiento en R y aprender a discutir, analizar y visualizar datos.",$119,Harvard Kennedy School,Self-paced,Available now
https://pll.harvard.edu/course/introduction-data-science-python,Computer Science,https://pll.harvard.edu/subject/computer-science,Online,Introduction to Data Science with Python,Join Harvard University instructor Pavlos Protopapas in this online course to learn how to use Python to harness and analyze data.,Free,Harvard Kennedy School,Self-paced,Available now
https://pll.harvard.edu/course/2024-harvard-kennedy-school-executive-education-program-guide,Social Sciences,https://pll.harvard.edu/subject/social-sciences,In-Person,2024 Harvard Kennedy School Executive Education Program Guide,Explore the world’s top executive programs and make a difference in your career today.,Free,Harvard Kennedy School,Self-paced,Available now
https://pll.harvard.edu/course/opioid-crisis-america,Health & Medicine,https://pll.harvard.edu/subject/health-medicine,Online,The Opioid Crisis in America,"Learn about the opioid epidemic in the United States, including information about treatment and recovery from opioid addiction.",Free,Harvard Kennedy School,Self-paced,Available now
https://pll.harvard.edu/course/data-analysis-life-sciences-7-case-studies-functional-genomics,Data Science,https://pll.harvard.edu/subject/data-science,Online,Case Studies in Functional Genomics,"Perform RNA-Seq, ChIP-Seq, and DNA methylation data analyses, using open source software, including R and Bioconductor.",Free,Harvard Kennedy School,5 weeks long,Available now
https://pll.harvard.edu/course/data-analysis-life-sciences-5-introduction-bioconductor-annotation-and-analysis-genomes-and,Data Science,https://pll.harvard.edu/subject/data-science,Online,Introduction to Bioconductor,"The structure, annotation, normalization, and interpretation of genome scale assays.",Free,Harvard Kennedy School,4 weeks long,Available now
https://pll.harvard.edu/course/data-analysis-life-sciences-6-high-performance-computing-reproducible-genomics,Data Science,https://pll.harvard.edu/subject/data-science,Online,Advanced Bioconductor,"Learn advanced approaches to genomic visualization, reproducible analysis, data architecture, and exploration of cloud-scale consortium-generated genomic data.",Free,Harvard Kennedy School,5 weeks long,Available now
https://pll.harvard.edu/course/data-analysis-life-sciences-4-high-dimensional-data-analysis,Data Science,https://pll.harvard.edu/subject/data-science,Online,High-Dimensional Data Analysis,A focus on several techniques that are widely used in the analysis of high-dimensional data.,Free,Harvard Kennedy School,4 weeks long,Available now
https://pll.harvard.edu/course/data-analysis-life-sciences-4-high-dimensional-data-analysis/2023-11-0,Data Science,https://pll.harvard.edu/subject/data-science,Online,High-Dimensional Data Analysis,A focus on several techniques that are widely used in the analysis of high-dimensional data.,Free,Harvard Kennedy School,4 weeks long,Available now
https://pll.harvard.edu/course/data-analysis-life-sciences-3-statistical-inference-and-modeling-high-throughput-experiments,Data Science,https://pll.harvard.edu/subject/data-science,Online,Statistical Inference and Modeling for High-throughput Experiments,A focus on the techniques commonly used to perform statistical inference on high throughput data.,Free,Harvard Kennedy School,4 weeks long,Available now
https://pll.harvard.edu/course/data-analysis-life-sciences-2-introduction-linear-models-and-matrix-algebra,Data Science,https://pll.harvard.edu/subject/data-science,Online,Introduction to Linear Models and Matrix Algebra,Learn to use R programming to apply linear models to analyze data in life sciences.,Free,Harvard Kennedy School,4 weeks long,Available now
https://pll.harvard.edu/course/statistics-and-r,Data Science,https://pll.harvard.edu/subject/data-science,Online,Statistics and R,An introduction to basic statistical concepts and R programming skills necessary for analyzing data in the life sciences.,Free,Harvard Kennedy School,4 weeks long,Available now
https://pll.harvard.edu/course/first-nights-beethoven%E2%80%99s-9th-symphony-and-19th-century-orchestra,Art & Design,https://pll.harvard.edu/subject/art-design,Online,Beethoven's 9th Symphony and the 19th Century Orchestra,Learn about Beethoven’s monumental 9th Symphony and forms of orchestral music.,Free,Harvard Kennedy School,3 weeks long,Available now
https://pll.harvard.edu/course/first-nights-berlioz%E2%80%99s-symphonie-fantastique-and-program-music-19th-century,Art & Design,https://pll.harvard.edu/subject/art-design,Online,First Nights: Berlioz’s Symphonie Fantastique and Program Music in the 19th Century,"Learn about Hector Berlioz’s Symphonie Fantastique, an iconic Romantic symphony that ushered in an era of narrative “program music.”",Free,Harvard Kennedy School,3 weeks long,Available now
https://pll.harvard.edu/course/first-nights-igor-stravinsky%E2%80%99s-rite-spring-modernism-ballet-and-riots,Art & Design,https://pll.harvard.edu/subject/art-design,Online,"Stravinsky’s Rite of Spring: Modernism, Ballet, and Riots","Learn the fascinating history of Igor Stravinsky’s The Rite of Spring, one of the most challenging and rewarding ballets ever written.",Free,Harvard Kennedy School,3 weeks long,Available now
https://pll.harvard.edu/course/first-nights-handel%E2%80%99s-messiah-and-baroque-oratorio,Art & Design,https://pll.harvard.edu/subject/art-design,Online,Handel's Messiah and Baroque Oratorio,"Discover Handel’s Messiah in this installment of First Nights, which will explore five masterpieces of western music.",Free,Harvard Kennedy School,3 weeks long,Available now
https://pll.harvard.edu/course/first-nights-monteverdi%E2%80%99s-l%E2%80%99orfeo-and-birth-opera,Art & Design,https://pll.harvard.edu/subject/art-design,Online,Monteverdi’s L’Orfeo and the Birth of Opera,"Learn about Claudio Monteverdi’s L’Orfeo, one of the first operas ever written.",Free,Harvard Kennedy School,3 weeks long,Available now
https://pll.harvard.edu/course/quantitative-methods-biology,Computer Science,https://pll.harvard.edu/subject/computer-science,Online,Quantitative Methods for Biology,"Learn introductory programming and data analysis in MATLAB, with applications to biology and medicine.",Free,Harvard Kennedy School,10 weeks long,Available now
https://pll.harvard.edu/course/jewish-bible-its-history-physical-artifact,Humanities,https://pll.harvard.edu/subject/humanities,Online,The Jewish Bible: Its History As A Physical Artifact,Join Harvard faculty in this online course to discover the physical history of the Jewish bible.,Free,Harvard Kennedy School,6 weeks long,Available now
https://pll.harvard.edu/course/entrepreneurship-in-emerging-economies,Business,https://pll.harvard.edu/subject/business,Online,Entrepreneurship in Emerging Economies,Explore how entrepreneurship and innovation tackle complex social problems in emerging economies.,Free,Harvard Kennedy School,6 weeks long,Available now
https://pll.harvard.edu/course/introduction-family-engagement-education,Education & Teaching,https://pll.harvard.edu/subject/education-teaching,Online,Introduction to Family Engagement in Education,Learn about successful collaborations between families and educators and why they lead to improved outcomes for students and schools.,Free,Harvard Kennedy School,6 weeks long,Available now
https://pll.harvard.edu/course/citiesx-past-present-and-future-urban-life,Social Sciences,https://pll.harvard.edu/subject/social-sciences,Online,"CitiesX: The Past, Present and Future of Urban Life","Explore what makes cities energizing, amazing, challenging, and perhaps humanity’s greatest invention.",Free,Harvard Kennedy School,11 weeks long,Available now
https://pll.harvard.edu/course/architectural-imagination,Art & Design,https://pll.harvard.edu/subject/art-design,Online,The Architectural Imagination,Learn fundamental principles of architecture — as an academic subject or a professional career — by studying some of history’s most important buildings.,Free,Harvard Kennedy School,10 weeks long,Available now
https://pll.harvard.edu/course/principles-statistical-and-computational-tools-reproducible-data-science,Data Science,https://pll.harvard.edu/subject/data-science,Online,"Principles, Statistical and Computational Tools for Reproducible Data Science","Learn skills and tools that support data science and reproducible research, to ensure you can trust your own research results, reproduce them yourself, and communicate them to others.",Free,Harvard Kennedy School,8 weeks long,Available now
https://pll.harvard.edu/course/improving-your-business-through-culture-health,Business,https://pll.harvard.edu/subject/business,Online,Improving Your Business Through a Culture of Health,"Learn how a Culture of Health can transform your business to improve the well-being of your employees and company, while increasing revenue.",Free,Harvard Kennedy School,9 weeks long,Available now
https://pll.harvard.edu/course/energy-and-thermodynamics,Science,https://pll.harvard.edu/subject/science,Online,Energy and Thermodynamics,"Learn the fundamentals of chemistry and energy, from the types of energy to atomic mass and matter to enthalpy and thermodynamics.",Free,Harvard Kennedy School,Self-paced,Available now
https://pll.harvard.edu/course/entropy-and-equilibria,Science,https://pll.harvard.edu/subject/science,Online,Entropy and Equilibria,"Expand your learning of chemistry and thermodynamics by exploring entropy, free energy, and equilibrium.",Free,Harvard Kennedy School,Self-paced,Available now
https://pll.harvard.edu/course/electrochemistry,Science,https://pll.harvard.edu/subject/science,Online,Electrochemistry,"Learn the significance of electrochemistry, understanding how electrical, chemical, and mechanical energy are linked.",Free,Harvard Kennedy School,Self-paced,Available now
https://pll.harvard.edu/course/chinax-book-club-five-authors-five-books-five-views-china,Humanities,https://pll.harvard.edu/subject/humanities,Online,"ChinaX Book Club: Five Authors, Five Books, Five Views of China","An exploration of the dynamics of contemporary China using the tools of close reading, discussion, and analysis.",Free,Harvard Kennedy School,5 weeks long,Available now
https://pll.harvard.edu/course/building-personal-resilience-managing-anxiety-and-mental-health,Health & Medicine,https://pll.harvard.edu/subject/health-medicine,Online,Building Personal Resilience: Managing Anxiety and Mental Health,Join Harvard Medical School faculty Dr. Luana Marques to use applied psychology to build personal resilience with five science-driven skills.,Free,Harvard Kennedy School,6 weeks long,Available now
https://pll.harvard.edu/course/fat-chance-probability-ground,Mathematics,https://pll.harvard.edu/subject/mathematics,Online,Fat Chance: Probability from the Ground Up,Increase your quantitative reasoning skills through a deeper understanding of probability and statistics.,Free,Harvard Kennedy School,7 weeks long,Available now
https://pll.harvard.edu/course/early-childhood-development-global-strategies-interventions,Education & Teaching,https://pll.harvard.edu/subject/education-teaching,Online,Early Childhood Development: Global Strategies for Interventions,"Examine best practices in child and family policies, advocacy, financing, and pathways to scale.",Free,Harvard Kennedy School,Self-paced,Available now
https://pll.harvard.edu/course/super-earths-and-life,Science,https://pll.harvard.edu/subject/science,Online,Super-Earths and Life,"Learn about the Earth, life, and how we can search for life elsewhere in the universe.",Free,Harvard Kennedy School,7 weeks long,Available now
https://pll.harvard.edu/course/women-making-history-ten-objects-many-stories,Humanities,https://pll.harvard.edu/subject/humanities,Online,"Women Making History: Ten Objects, Many Stories","Learn how American women created, confronted, and embraced change in the 20th century while exploring ten objects from Radcliffe’s Schlesinger Library.",Free,Harvard Kennedy School,Self-paced,Available now
https://pll.harvard.edu/course/we-people-civic-engagement-constitutional-democracy,Social Sciences,https://pll.harvard.edu/subject/social-sciences,Online,We the People: Civic Engagement in a Constitutional Democracy,Gain a foundational knowledge of American constitutional democracy while crafting your own civic voice and identity.,Free,Harvard Kennedy School,7 weeks long,Available now
https://pll.harvard.edu/course/remote-work-revolution-everyone,Business,https://pll.harvard.edu/subject/business,Online,Remote Work Revolution for Everyone,"In Remote Work Revolution for Everyone, you will learn to excel in the virtual-work landscape. You will learn how to build trust, increase productivity, use digital tools intelligently, and remain fully aligned with your remote team.",Free,Harvard Kennedy School,Self-paced,Available now
https://pll.harvard.edu/course/ancient-masterpieces-world-literature,Humanities,https://pll.harvard.edu/subject/humanities,Online,Ancient Masterpieces of World Literature,"Examine how cultures of the ancient world defined themselves through literature and how their vision of literature contributes to our understanding of civilization, culture, and literature today.",Free,Harvard Kennedy School,Self-paced,Available now
https://pll.harvard.edu/course/masterpieces-of-world-literature,Humanities,https://pll.harvard.edu/subject/humanities,Online,Masterpieces of World Literature,"Embark on a global journey to explore the past, present, and future of world literature.",Free,Harvard Kennedy School,Self-paced,Available now
https://pll.harvard.edu/course/modern-masterpieces-world-literature,Humanities,https://pll.harvard.edu/subject/humanities,Online,Modern Masterpieces of World Literature,Examine how great modern writers capture the intricacies of our globalized world and how their works circulate within that world to find their own audiences.,Free,Harvard Kennedy School,Self-paced,Available now
https://pll.harvard.edu/course/rhetoric-art-persuasive-writing-and-public-speaking,Humanities,https://pll.harvard.edu/subject/humanities,Online,Rhetoric: The Art of Persuasive Writing and Public Speaking,Gain critical communication skills in writing and public speaking with this introduction to American political rhetoric.,Free,Harvard Kennedy School,Self-paced,Available now
https://pll.harvard.edu/course/china-humanities-individual-chinese-culture,Humanities,https://pll.harvard.edu/subject/humanities,Online,China Humanities: The Individual in Chinese Culture,"Explore Chinese history and culture from the perspective of the individual through philosophical texts, literary works, and art.",Free,Harvard Kennedy School,Self-paced,Available now
https://pll.harvard.edu/course/science-and-cooking,Science,https://pll.harvard.edu/subject/science,Online,Science & Cooking: From Haute Cuisine to Soft Matter Science (chemistry),"Top chefs and Harvard researchers explore how everyday cooking and haute cuisine can illuminate basic principles in chemistry, physics, and engineering. Learn about food molecules and how chemical reactions can affect food texture and flavor.",Free,Harvard Kennedy School,16 weeks long,Available now
https://pll.harvard.edu/course/food-fermentation-science-cooking-microbes,Science,https://pll.harvard.edu/subject/science,Online,Food Fermentation: The Science of Cooking with Microbes,"Explore the roles that microbes play in the production, preservation, and enhancement of diverse foods in a variety of culinary traditions, and learn about the history of food fermentations.",Free,Harvard Kennedy School,14 weeks long,Available now
https://pll.harvard.edu/course/managing-happiness,Business,https://pll.harvard.edu/subject/business,Online,Managing Happiness,Happiness is within your control. Write your own ending.,Free,Harvard Kennedy School,6 weeks long,Available now
https://pll.harvard.edu/course/machine-learning-and-ai-python,Computer Science,https://pll.harvard.edu/subject/computer-science,Online,Machine Learning and AI with Python,"Learn how to use decision trees, the foundational algorithm for your understanding of machine learning and artificial intelligence.",Free,Harvard Kennedy School,6 weeks long,Available now
https://pll.harvard.edu/course/shakespeares-life-and-work,Humanities,https://pll.harvard.edu/subject/humanities,Online,Shakespeare's Life and Work,"Learn how to read William Shakespeare's plays through his biography, Elizabethan and Jacobean history, and modern performance.",Free,Harvard Kennedy School,Self-paced,Available now
https://pll.harvard.edu/course/shakespeares-merchant-venice-shylock,Art & Design,https://pll.harvard.edu/subject/art-design,Online,Shakespeare’s Merchant of Venice: Shylock,An exploration of the magnetic and ambivalent character of Shylock in William Shakespeare’s .,Free,Harvard Kennedy School,Self-paced,Available now
https://pll.harvard.edu/course/shakespeares-hamlet-ghost,Humanities,https://pll.harvard.edu/subject/humanities,Online,Shakespeare’s Hamlet: The Ghost,An exploration of the haunting figure at the heart of one of William Shakespeare’s most famous plays.,Free,Harvard Kennedy School,4 weeks long,Available now
https://pll.harvard.edu/course/shakespeares-othello-moor,Humanities,https://pll.harvard.edu/subject/humanities,Online,Shakespeare’s Othello: The Moor,Explore acts of storytelling in Shakespeare’s Othello alongside world-class artists who interpret Othello’s story in new forms and contexts today.,Free,Harvard Kennedy School,4 weeks long,Available now
https://pll.harvard.edu/course/science-cooking-haute-cuisine-soft-matter-science-physics,Science,https://pll.harvard.edu/subject/science,Online,Science & Cooking: From Haute Cuisine to Soft Matter Science (physics),"Top chefs and Harvard researchers explore how traditional and modernist cooking techniques can illuminate basic principles in chemistry, physics, and engineering. Learn about elasticity, viscosity, mayonnaise, baking, and more!",Free,Harvard Kennedy School,16 weeks long,Available now
https://pll.harvard.edu/course/japanese-books-manuscript-print,Humanities,https://pll.harvard.edu/subject/humanities,Online,Japanese Books: From Manuscript to Print,"Study Japanese scroll art as text and as ""little movies"" that immerse the viewer through visual narration.",Free,Harvard Kennedy School,Self-paced,Available now
https://pll.harvard.edu/course/ph556x-practical-improvement-science-health-care-roadmap-getting-results,Business,https://pll.harvard.edu/subject/business,Online,Practical Improvement Science in Health Care: A Roadmap for Getting Results,"Learn the skills and tools of improvement science to make positive changes in health, healthcare, and your daily life.",Free,Harvard Kennedy School,7 weeks long,Available now
https://pll.harvard.edu/course/tangible-things,Humanities,https://pll.harvard.edu/subject/humanities,Online,Tangible Things,"Gain an understanding of history, museum studies, and curation by looking at, organizing, and interpreting art, artifacts, scientific curiosities, and the stuff of everyday life.",Free,Harvard Kennedy School,10 weeks long,Available now
https://pll.harvard.edu/course/data-science-r-basics,Data Science,https://pll.harvard.edu/subject/data-science,Online,Data Science: R Basics,"Build a foundation in R and learn how to wrangle, analyze, and visualize data.",Free,Harvard Kennedy School,8 weeks long,Available now
https://pll.harvard.edu/course/data-science-visualization,Data Science,https://pll.harvard.edu/subject/data-science,Online,Data Science: Visualization,Learn basic data visualization principles and how to apply them using ggplot2.,Free,Harvard Kennedy School,8 weeks long,Available now
https://pll.harvard.edu/course/data-science-probability,Data Science,https://pll.harvard.edu/subject/data-science,Online,Data Science: Probability,Learn probability theory — essential for a data scientist — using a case study on the financial crisis of 2007–2008.,Free,Harvard Kennedy School,8 weeks long,Available now
https://pll.harvard.edu/course/data-science-inference-and-modeling,Data Science,https://pll.harvard.edu/subject/data-science,Online,Data Science: Inference and Modeling,Learn inference and modeling: two of the most widely used statistical tools in data analysis.,Free,Harvard Kennedy School,8 weeks long,Available now
https://pll.harvard.edu/course/data-science-productivity-tools,Data Science,https://pll.harvard.edu/subject/data-science,Online,Data Science: Productivity Tools,"Keep your projects organized and produce reproducible reports using GitHub, git, Unix/Linux, and RStudio.",Free,Harvard Kennedy School,8 weeks long,Available now
https://pll.harvard.edu/course/data-science-wrangling,Data Science,https://pll.harvard.edu/subject/data-science,Online,Data Science: Wrangling,Learn to process and convert raw data into formats needed for analysis.,Free,Harvard Kennedy School,8 weeks long,Available now
https://pll.harvard.edu/course/data-science-machine-learning,Computer Science,https://pll.harvard.edu/subject/computer-science,Online,Data Science: Machine Learning,Build a movie recommendation system and learn the science behind one of the most popular and successful data science techniques.,Free,Harvard Kennedy School,8 weeks long,Available now
https://pll.harvard.edu/course/data-science-linear-regression,Data Science,https://pll.harvard.edu/subject/data-science,Online,Data Science: Linear Regression,"Learn how to use R to implement linear regression, one of the most common statistical modeling approaches in data science.",Free,Harvard Kennedy School,8 weeks long,Available now
https://pll.harvard.edu/course/data-science-capstone,Data Science,https://pll.harvard.edu/subject/data-science,Online,Data Science: Capstone,Show what you’ve learned from the Professional Certificate Program in Data Science.,Free,Harvard Kennedy School,2 weeks long,Available now
https://pll.harvard.edu/course/fundamentals-tinyml,Computer Science,https://pll.harvard.edu/subject/computer-science,Online,Fundamentals of TinyML,"Focusing on the basics of machine learning and embedded systems, such as smartphones, this course will introduce you to the “language” of TinyML.",Free,Harvard Kennedy School,5 weeks long,Available now
https://pll.harvard.edu/course/applications-tinyml,Computer Science,https://pll.harvard.edu/subject/computer-science,Online,Applications of TinyML,"Get the opportunity to see TinyML in practice. You will see examples of TinyML applications, and learn first-hand how to train these models for tiny applications such as keyword spotting, visual wake words, and gesture recognition.",Free,Harvard Kennedy School,6 weeks long,Available now
https://pll.harvard.edu/course/deploying-tinyml,Computer Science,https://pll.harvard.edu/subject/computer-science,Online,Deploying TinyML,"Learn to program in TensorFlow Lite for microcontrollers so that you can write the code, and deploy your model to your very own tiny microcontroller. Before you know it, you’ll be implementing an entire TinyML application.",Free,Harvard Kennedy School,6 weeks long,Available now
https://pll.harvard.edu/course/mlops-scaling-tinyml,Programming,https://pll.harvard.edu/subject/programming,Online,MLOps for Scaling TinyML,"This course introduces learners to Machine Learning Operations (MLOps) through the lens of TinyML (Tiny Machine Learning). Learners explore best practices to deploy, monitor, and maintain (tiny) Machine Learning models in production at scale.",Free,Harvard Kennedy School,7 weeks long,Available now
https://pll.harvard.edu/course/introduction-data-wise-collaborative-process-improve-learning-teaching,Education & Teaching,https://pll.harvard.edu/subject/education-teaching,Online,Introduction to Data Wise: A Collaborative Process to Improve Learning & Teaching,Learn what is involved in using data wisely to build a culture of collaborative inquiry.,Free,Harvard Kennedy School,8 weeks long,Available now
https://pll.harvard.edu/course/18th-century-opera-handel-mozart,Art & Design,https://pll.harvard.edu/subject/art-design,Online,18th-Century Opera: Handel & Mozart,Study Baroque and Classical opera through Handel’s Giulio Cesare and Mozart’s Don Giovanni,Free,Harvard Kennedy School,3 weeks long,Available now
https://pll.harvard.edu/course/19th-century-opera-meyerbeer-wagner-verdi,Art & Design,https://pll.harvard.edu/subject/art-design,Online,"19th-Century Opera: Meyerbeer, Wagner, & Verdi","Learn the music and cultural impact of three canonical operas from the 1800s: Les Huguenots, Das Rheingold, and Otello.",Free,Harvard Kennedy School,6 weeks long,Available now
https://pll.harvard.edu/course/cell-biology-mitochondria,Science,https://pll.harvard.edu/subject/science,Online,Cell Biology: Mitochondria,A human-centered approach to the fundamentals of cell biology with a focus on the power plants of the cell - mitochondria.,Free,Harvard Kennedy School,4 weeks long,Available now
https://pll.harvard.edu/course/bioethics-law-medicine-and-ethics-reproductive-technologies-and-genetics,Humanities,https://pll.harvard.edu/subject/humanities,Online,"Bioethics: The Law, Medicine, and Ethics of Reproductive Technologies and Genetics",An introduction to the study of bioethics and the application of legal and ethical reasoning.,Free,Harvard Kennedy School,10 weeks long,Available now
https://pll.harvard.edu/course/united-states-health-policy,Social Sciences,https://pll.harvard.edu/subject/social-sciences,Online,United States Health Policy,Learn the essentials of U.S. health care policy from some of the nation's top experts.,Free,Harvard Kennedy School,10 weeks long,Available now
https://pll.harvard.edu/course/principles-biochemistry-1,Science,https://pll.harvard.edu/subject/science,Online,Principles of Biochemistry,"This introduction to biochemistry explores the molecules of life, starting at simple building blocks and culminating in complex metabolism.",Free,Harvard Kennedy School,15 weeks long,Available now
https://pll.harvard.edu/course/chinas-political-and-intellectual-foundations,Humanities,https://pll.harvard.edu/subject/humanities,Online,China’s Political and Intellectual Foundations: From Sage Kings to Confucius,"Learn about China’s origins, its integral early thinkers, and competing states and schools of thought.",Free,Harvard Kennedy School,15 weeks long,Available now
https://pll.harvard.edu/course/chinas-first-empires-and-the-rise-of-buddhism,Humanities,https://pll.harvard.edu/subject/humanities,Online,China’s First Empires and the Rise of Buddhism,"Learn about the Qin and Han dynasties, and how Buddhism and ideas of self-realization influenced the medieval period.",Free,Harvard Kennedy School,15 weeks long,Available now
https://pll.harvard.edu/course/cosmopolitan-tang-aristocratic-culture-in-china,Humanities,https://pll.harvard.edu/subject/humanities,Online,Cosmopolitan Tang: Aristocratic Culture in China,Explore the reunification of China under the Tang with a focus on aristocratic culture — from poetry to calligraphy to literature.,Free,Harvard Kennedy School,15 weeks long,Available now
https://pll.harvard.edu/course/china-part-4-new-national-culture,Humanities,https://pll.harvard.edu/subject/humanities,Online,"Literati China: Examinations, Neo-Confucianism, and Later Imperial China","Explore China’s imperial period, with a focus on the Song dynasty and the role of the exam system in government.",Free,Harvard Kennedy School,15 weeks long,Available now
https://pll.harvard.edu/course/china-part-5-global-empire-global-economy,Humanities,https://pll.harvard.edu/subject/humanities,Online,Global China: From the Mongols to the Ming,Explore the impact of the conquest dynasties and the world of the Ming.,Free,Harvard Kennedy School,15 weeks long,Available now
https://pll.harvard.edu/course/china-part-6-manchus-and-qing,Humanities,https://pll.harvard.edu/subject/humanities,Online,Modern China’s Foundations: The Manchus and the Qing,Learn how the Manchus conquered the Qing and established the last of the imperial dynasties.,Free,Harvard Kennedy School,15 weeks long,Available now
https://pll.harvard.edu/course/china-part-7-invasions-rebellions-and-end-imperial-china,Humanities,https://pll.harvard.edu/subject/humanities,Online,"Invasions, Rebellions, and the Fall of Imperial China","An overview of modern Chinese history, including the fall of the Qing and the end of imperial China.",Free,Harvard Kennedy School,15 weeks long,Available now
https://pll.harvard.edu/course/china-part-8-creating-modern-china-birth-nation,Humanities,https://pll.harvard.edu/subject/humanities,Online,Creating Modern China: The Republican Period to the Present,Explore the birth of modern China with a focus on the time between the fall of the Qing and the end of World War II.,Free,Harvard Kennedy School,15 weeks long,Available now
https://pll.harvard.edu/course/china-part-9-communist-liberations,Humanities,https://pll.harvard.edu/subject/humanities,Online,China and Communism,"Explore the Maoist period of China, from the Communist Party to the death of Mao and the reopening of China.",Free,Harvard Kennedy School,15 weeks long,Available now
https://pll.harvard.edu/course/china-part-10-greater-china-today-peoples-republic-taiwan-and-hong-kong,Humanities,https://pll.harvard.edu/subject/humanities,Online,"Contemporary China: The People's Republic, Taiwan, and Hong Kong",Use the case study method to study China from the rise of Deng Xiaoping to the present.,Free,Harvard Kennedy School,15 weeks long,Available now
https://pll.harvard.edu/course/exercising-leadership-foundational-principles,Business,https://pll.harvard.edu/subject/business,Online,Exercising Leadership: Foundational Principles,Mobilize people to tackle tough problems and build the capacity to thrive through the dangers of change,Free,Harvard Kennedy School,4 weeks long,Available now
https://pll.harvard.edu/course/backyard-meteorology-science-weather,Science,https://pll.harvard.edu/subject/science,Online,Backyard Meteorology: The Science of Weather,Learn to forecast the weather just by looking out your window.,Free,Harvard Kennedy School,6 weeks long,Available now
https://pll.harvard.edu/course/executive-program-senior-life-sciences-leaders-0,Business,https://pll.harvard.edu/subject/business,In-Person,Executive Program for Senior Life Sciences Leaders,The Executive Program for Senior Life Sciences Leaders will equip you with the tools to lead effectively and address the gap between traditional leadership roles and the modern demands of the life sciences industry.,"$17,000",Harvard Kennedy School,Self-paced,Available now
https://pll.harvard.edu/course/computer-science-lawyers,Social Sciences,https://pll.harvard.edu/subject/social-sciences,Online,Computer Science for Lawyers,Gain a deep understanding of the legal ramifications of clients’ technological decisions and policies.,"$2,100",Harvard Kennedy School,Self-paced,Available now
https://pll.harvard.edu/course/international-finance-policy-regulation-and-transactions-0,Social Sciences,https://pll.harvard.edu/subject/social-sciences,Online,"International Finance: Policy, Regulation, and Transactions","International Finance: Policy, Regulation, and Transactions provides an overview of fundamentals and emerging policy issues for the global financial system.","$2,450",Harvard Kennedy School,Self-paced,Available now
https://pll.harvard.edu/course/energy-electrochemistry-final-exam,Science,https://pll.harvard.edu/subject/science,Online,Energy to Electrochemistry Final Exam,Demonstrate your chemistry knowledge in the final exam.,Free,Harvard Kennedy School,Self-paced,Available now
https://pll.harvard.edu/course/contractsx-trust-promise-contract/2024-07,Social Sciences,https://pll.harvard.edu/subject/social-sciences,Online,Contract Law: From Trust to Promise to Contract,"Contracts are a part of our everyday life, arising in collaboration, trust, promise and credit. How are contracts formed? What makes a contract enforceable? What happens when one party breaks a promise?",Free,Harvard Kennedy School,8 weeks long,Available now
https://pll.harvard.edu/course/stretching-and-flexibility-exercises,Health & Medicine,https://pll.harvard.edu/subject/health-medicine,Online,Stretching and Flexibility Exercises,"Doing simple stretching exercises just two or three times a week can dramatically help you increase flexibility, improve balance, and relieve pain caused by muscle and joint stiffness.",$30,Harvard Kennedy School,Self-paced,Available now
https://pll.harvard.edu/course/anxiety-and-stress-disorders,Health & Medicine,https://pll.harvard.edu/subject/health-medicine,Online,Anxiety and Stress Disorders,This interactive online course addresses the sometimes overwhelming types of anxiety that challenge us today.,$30,Harvard Kennedy School,Self-paced,Available now
https://pll.harvard.edu/course/cataracts-and-other-conditions-aging-eye-0,Health & Medicine,https://pll.harvard.edu/subject/health-medicine,Online,Cataracts and Other Conditions of the Aging Eye,"Experts from Harvard Medical School explain how to recognize the risk factors and symptoms of glaucoma, AMD (age-related macular degeneration), and diabetic retinopathy.",$30,Harvard Kennedy School,Self-paced,Available now
https://pll.harvard.edu/course/healthy-feet,Health & Medicine,https://pll.harvard.edu/subject/health-medicine,Online,Healthy Feet,"Learn about them in our in-depth online course, where videos, photo features, expandable boxes, charts, and quizzes make the discovery fun.",$30,Harvard Kennedy School,Self-paced,Available now
https://pll.harvard.edu/course/bladder-and-bowel-control,Health & Medicine,https://pll.harvard.edu/subject/health-medicine,Online,Bladder and Bowel Control,"In this information-packed course, anyone dealing with urinary and/or fecal incontinence will learn about the causes and symptoms.",$30,Harvard Kennedy School,Self-paced,Available now
https://pll.harvard.edu/course/managing-yourself-and-leading-others-0,Business,https://pll.harvard.edu/subject/business,In-Person,Managing Yourself and Leading Others,Evolve your leadership style to lead better and motivate others to accomplish your company's goals.,"$2,990",Harvard Kennedy School,Self-paced,Starts Sep 4
https://pll.harvard.edu/course/strategic-sales-management,Business,https://pll.harvard.edu/subject/business,Online Live,Strategic Sales Management,"Learn proven sales management strategies and techniques to lead yourself, your direct reports, and your organization.","$2,750",Harvard Kennedy School,Self-paced,Starts Sep 4
https://pll.harvard.edu/course/beyond-strategic-planning-implementation-sustainment,Business,https://pll.harvard.edu/subject/business,In-Person,Beyond Strategic Planning: From Implementation to Sustainment,"Successfully navigate the challenges inherent in making your organizational, departmental, and project-specific plans come to life.","$2,990",Harvard Kennedy School,Self-paced,Starts Sep 4
https://pll.harvard.edu/course/leading-digital-transformation-health-care,Business,https://pll.harvard.edu/subject/business,Online,Leading Digital Transformation in Health Care,"This is a Harvard Medical School online executive education program designed to provide business leaders with the knowledge, tools and strategies to design and implement technology-enabled change initiatives in health care.","$2,900",Harvard Kennedy School,Self-paced,NA
https://pll.harvard.edu/course/clinical-development-strategies-beyond-clinical-trials,Business,https://pll.harvard.edu/subject/business,Online,Clinical Development Strategies: Beyond Clinical Trials,Clinical Development Strategies: Beyond Clinical Trials will equip you to use the right tools and technologies to unlock increased value in clinical development projects and help facilitate the success of products throughout their development life cycles.,"$5,950",Harvard Kennedy School,Self-paced,Opens Sep 5
https://pll.harvard.edu/course/strategic-project-management,Business,https://pll.harvard.edu/subject/business,In-Person,Strategic Project Management,"Plan, manage, and execute projects that are essential to the success of your business.","$2,990",Harvard Kennedy School,Self-paced,Starts Sep 9
https://pll.harvard.edu/course/artificial-intelligence-business-creating-value-machine-learning,Business,https://pll.harvard.edu/subject/business,In-Person,Artificial Intelligence in Business: Creating Value with Machine Learning,Leverage new technologies to build value for your organization.,"$2,990",Harvard Kennedy School,Self-paced,Starts Sep 9
https://pll.harvard.edu/course/questions-core-extending-question-formulation-technique-sustain-inquiry-based-culture,Education & Teaching,https://pll.harvard.edu/subject/education-teaching,Online,Questions at the Core: Extending the Question Formulation Technique to Sustain an Inquiry-based Culture in Schools,Strengthen and refine your inquiry aptitude.,$375,Harvard Kennedy School,3 weeks long,NA
https://pll.harvard.edu/course/strategy-execution,Business,https://pll.harvard.edu/subject/business,Online,Strategy Execution,"This course from Harvard Business School (HBS) Online will equip you with the tools, skills, and frameworks to allocate resources, measure performance, and manage risk so you can successfully implement strategy within your organization.","$1,850",Harvard Kennedy School,8 weeks long,NA
https://pll.harvard.edu/course/management-essentials,Business,https://pll.harvard.edu/subject/business,Online,Management Essentials,"Master the tools and tactics you need to excel in decision-making, implementation, organizational learning, and change management to move your organization forward with this course from Harvard Business School (HBS) Online.","$1,850",Harvard Kennedy School,8 weeks long,NA
https://pll.harvard.edu/course/leading-finance,Business,https://pll.harvard.edu/subject/business,Online,Leading with Finance,"Build an intuitive understanding of financial principles to better understand the market in which your organization operates, create and access value, and communicate with key stakeholders in this course from Harvard Business School (HBS) Online.","$1,850",Harvard Kennedy School,6 weeks long,Opens Sep 11
https://pll.harvard.edu/course/digital-marketing-strategy-2,Business,https://pll.harvard.edu/subject/business,Online,Digital Marketing Strategy,Develop marketing strategies that reach and retain customers in this course from Harvard Business School (HBS) Online.,"$1,850",Harvard Kennedy School,6 weeks long,Opens Sep 11
https://pll.harvard.edu/course/behavioral-decision-making,Business,https://pll.harvard.edu/subject/business,In-Person,Behavioral Decision Making,Gain the critical knowledge and tools you need to make smarter decisions for your organization—and yourself.,"$2,990",Harvard Kennedy School,Self-paced,Starts Sep 11
https://pll.harvard.edu/course/harvard-vpal-crispr-gene-editing-applications,Science,https://pll.harvard.edu/subject/science,Online,Harvard VPAL CRISPR: Gene-editing Applications,Explore the ways in which CRISPR is disrupting sectors across the economy with Harvard VPAL.,"$1,680 - $1,680",Harvard Kennedy School,9 weeks long,NA
https://pll.harvard.edu/course/cybersecurity-managing-risk-information-age,Business,https://pll.harvard.edu/subject/business,Online,Cybersecurity: Managing Risk in the Information Age,Lead the strategic response to cyber risk.,"$3,045 - $3,045",Harvard Kennedy School,9 weeks long,NA
https://pll.harvard.edu/course/ai-health-care-strategies-implementation-0,Health & Medicine,https://pll.harvard.edu/subject/health-medicine,Online,AI in Health Care: From Strategies to Implementation,"The program’s curriculum prepares leaders to make informed decisions and envision strategic AI implementation in the unique cultural, economic and regulatory context of health care.","$2,900",Harvard Kennedy School,Self-paced,Opens Sep 12
https://pll.harvard.edu/course/finance-senior-executives,Business,https://pll.harvard.edu/subject/business,Blended,Finance for Senior Executives,"Strengthen your contribution with a deeper understanding of financial analysis, profit planning, capital markets, compensation, and more.","$14,000",Harvard Kennedy School,16 days long,Starts Sep 13
https://pll.harvard.edu/course/thoracic-pathology,Health & Medicine,https://pll.harvard.edu/subject/health-medicine,Online Live,Thoracic Pathology,A broad over-view of thoracic pathology with clinical correlation.,"$300 - $1,000",Harvard Kennedy School,Self-paced,Starts Sep 13
https://pll.harvard.edu/course/applied-risk-communication-21st-century-1,Health & Medicine,https://pll.harvard.edu/subject/health-medicine,Online,Applied Risk Communication for the 21st Century,"Design effective risk communication messages to improve communication, increase trust in your organization, reduce public anxiety, and help stakeholders make better decisions.","$2,400",Harvard Kennedy School,Self-paced,NA
https://pll.harvard.edu/course/benefit-cost-analysis-valuing-life-and-health-0,Health & Medicine,https://pll.harvard.edu/subject/health-medicine,Online,Benefit-Cost Analysis: Valuing Life and Health,"Learn directly from one of Harvard’s experts on benefit-cost analysis, the advantages and limitations of this method, improving your ability to evaluate, interpret, and use the results.",$600,Harvard Kennedy School,Self-paced,NA
https://pll.harvard.edu/course/women-leaders-advancing-together,Business,https://pll.harvard.edu/subject/business,Blended,Women Leaders: Advancing Together,"An executive leadership program for rising women leaders and senior managers to collaborate, mentor, and advance.","$6,450",Harvard Kennedy School,Self-paced,Starts Sep 16
https://pll.harvard.edu/course/international-real-estate-strategies-and-deal-negotiation-0,Business,https://pll.harvard.edu/subject/business,In-Person,International Real Estate Strategies and Deal Negotiation,"Learn the ins and outs of the real estate cycle – and to how to take advantage of expansions, recessions, and inflationary periods.","$3,700 - $4,100",Harvard Kennedy School,4 days long,NA
https://pll.harvard.edu/course/principles-critical-care-medicine-non-intensive-care-specialists-0,Health & Medicine,https://pll.harvard.edu/subject/health-medicine,Online Live,Principles of Critical Care Medicine for Non-Intensive Care Specialists,MASTER THE SKILLS YOU NEED TO PRACTICE MODERN CRITICAL CARE MEDICINE,$200 - $995,Harvard Kennedy School,Self-paced,Starts Sep 17
https://pll.harvard.edu/course/economics-managers,Business,https://pll.harvard.edu/subject/business,Online,Economics for Managers,"This course from Harvard Business School (HBS) Online will teach you how to approach pricing strategy, evaluate market demand, and differentiate offerings, so you can drive critical business decisions and successfully compete in the marketplace.","$1,850",Harvard Kennedy School,8 weeks long,NA
https://pll.harvard.edu/course/negotiation-mastery,Business,https://pll.harvard.edu/subject/business,Online,Negotiation Mastery,"Hone your negotiation skills to close deals, maximize value in the agreements you reach, and resolve differences before they escalate into costly conflicts in this online course from Harvard Business School (HBS) Online.","$1,850",Harvard Kennedy School,8 weeks long,NA
https://pll.harvard.edu/course/health-care-strategy,Business,https://pll.harvard.edu/subject/business,Online,Health Care Strategy,Combine the best business strategies with the fundamentals of the health care sector.,"$1,600",Harvard Kennedy School,5 weeks long,NA
https://pll.harvard.edu/course/financial-analysis-and-valuation-lawyers,Social Sciences,https://pll.harvard.edu/subject/social-sciences,Online,Financial Analysis and Valuation for Lawyers,"Taught by Harvard Law School faculty, Financial Analysis and Valuation for Lawyers is a Harvard Online course designed to help you navigate your organization or client’s financial goals while increasing profitability and minimizing risks.","$1,600",Harvard Kennedy School,6 weeks long,NA
https://pll.harvard.edu/course/universal-design-learning-explore,Education & Teaching,https://pll.harvard.edu/subject/education-teaching,Online,Universal Design for Learning: Explore,"Develop a deeper understanding of Universal Design for Learning (UDL) to design learning environments for engaging, meaningful experiences for all students.",$295,Harvard Kennedy School,3 weeks long,NA
https://pll.harvard.edu/course/harvard-bok-higher-education-teaching-certificate,Education & Teaching,https://pll.harvard.edu/subject/education-teaching,Online,Harvard Bok Higher Education Teaching Certificate,"Explore Higher Education Teaching and its practices offered by Harvard’s Derek Bok Center for Teaching and Learning. Learn to create a collaborative, engaging learning environment.","$2,640",Harvard Kennedy School,9 weeks long,NA
https://pll.harvard.edu/course/stronger-together-dissociative-identity-disorder-past-present-and-future-1,Health & Medicine,https://pll.harvard.edu/subject/health-medicine,Online Live,"Stronger Together: Dissociative Identity Disorder Past, Present, and Future","Join us for this comprehensive two-day conference on September 20 and 21, 2024 that delves into the multifaceted world of Dissociative Identity Disorder (DID), a complex and often misunderstood psychiatric condition.",$325 - $425,Harvard Kennedy School,Self-paced,Starts Sep 18
https://pll.harvard.edu/course/sex-sexuality-and-gender-adulthood-case-studies,Health & Medicine,https://pll.harvard.edu/subject/health-medicine,Online Live,"Sex, Sexuality, and Gender in Adulthood: Case Studies","Clinicians and therapists commonly face questions from their mid-older adult patients about sex, sexuality and gender issues, and may feel under-prepared or not completely comfortable to satisfactorily address them.",$150 - $225,Harvard Kennedy School,Self-paced,Starts Sep 20
https://pll.harvard.edu/course/management-pancreatic-disorders-practicing-clinician-0,Health & Medicine,https://pll.harvard.edu/subject/health-medicine,Online Live,Management of Pancreatic Disorders for the Practicing Clinician,This program aims to provide current state of the art education on the diagnosis and management for pancreatic disorders for clinical providers.,$75 - $250,Harvard Kennedy School,Self-paced,Starts Sep 20
https://pll.harvard.edu/course/collaborative-co-teaching-engaging-learners-across-health-care-professions,Health & Medicine,https://pll.harvard.edu/subject/health-medicine,Online Live,Collaborative Co-Teaching: Engaging Learners across Health Care Professions,Learners will come away from this course with practical methods to start a Collaborative Co-Teaching initiative at their own institution.,$75 - $275,Harvard Kennedy School,Self-paced,Starts Sep 20
https://pll.harvard.edu/course/training-our-eyes-minds-and-hearts-visual-thinking-strategies-health-care-professionals,Health & Medicine,https://pll.harvard.edu/subject/health-medicine,Online Live,"Training our Eyes, Minds and Hearts: Visual Thinking Strategies for Health Care Professionals","This course, the first of its kind for CME, trains healthcare professionals at all levels to facilitate and apply Visual Thinking Strategies (VTS) techniques and mindsets in classrooms, meetings, clinics, and hospitals.","$3,555 - $3,850",Harvard Kennedy School,Self-paced,Starts Sep 21
https://pll.harvard.edu/course/strategic-marketing-driving-growth,Business,https://pll.harvard.edu/subject/business,In-Person,Strategic Marketing for Driving Growth,Boost customer value and business growth with integrated marketing strategies that blend proven paradigms and the latest innovations.,"$14,500",Harvard Kennedy School,6 days long,Starts Sep 22
https://pll.harvard.edu/course/leadership-law-firms,Business,https://pll.harvard.edu/subject/business,In-Person,Leadership in Law Firms,Develop the perspectives and skills necessary to be an effective law firm leader.,"$18,000 - $0",Harvard Kennedy School,6 days long,Starts Sep 22
https://pll.harvard.edu/course/measurement-design-and-analysis-methods-health-outcomes-research-1,Health & Medicine,https://pll.harvard.edu/subject/health-medicine,Online,"Measurement, Design, and Analysis Methods for Health Outcomes Research","You will learn to design, implement, and analyze health outcomes studies and understand the statistical methods used in this research.","$2,500",Harvard Kennedy School,Self-paced,NA
https://pll.harvard.edu/course/negotiation-and-leadership-10,Business,https://pll.harvard.edu/subject/business,In-Person,Negotiation and Leadership,Six esteemed PON faculty members have come together to lead our in-person 3-day program. The program curriculum is packed with negotiation strategies and best practices designed to help you get results.,"$4,997",Harvard Kennedy School,Self-paced,Starts Sep 23
https://pll.harvard.edu/course/management-and-leadership-skills-ehs-professionals-1,Health & Medicine,https://pll.harvard.edu/subject/health-medicine,Online,Management and Leadership Skills for EHS Professionals,Develop the management and leadership skills needed to meet environmental health and safety goals and organizational objectives. Integrate a culture of safety and sustainability into your organization.,"$2,800",Harvard Kennedy School,Self-paced,NA
https://pll.harvard.edu/course/consultants-toolkit,Business,https://pll.harvard.edu/subject/business,In-Person,The Consultant's Toolkit,Refine your consulting abilities through proven techniques to improve organizational effectiveness.,"$2,990",Harvard Kennedy School,Self-paced,Starts Sep 23
https://pll.harvard.edu/course/advanced-trauma-management,Health & Medicine,https://pll.harvard.edu/subject/health-medicine,Online Live,Advanced Trauma Management,"The course will focus on advanced, state-of-the-art clinical knowledge and skills, with an emphasis on teamwork, non-technical skills, and best practices in ED management.",$405 - $620,Harvard Kennedy School,Self-paced,Starts Sep 23
https://pll.harvard.edu/course/disruptive-strategy,Business,https://pll.harvard.edu/subject/business,Online,Disruptive Strategy,"Strengthen your capacity to make innovation a reality, and unlock your potential to create executive-level strategies, organize for innovation, and discover customer jobs to be done in this course from Harvard Business School (HBS) Online.","$1,850",Harvard Kennedy School,6 weeks long,NA
https://pll.harvard.edu/course/sustainable-investing,Business,https://pll.harvard.edu/subject/business,Online,Sustainable Investing,"Sustainable Investing, a course from Harvard Business School (HBS) Online, equips people with the insights, frameworks, and skills to evaluate environmental, social, and governance (ESG) factors and measure and manage impact investments.","$1,850",Harvard Kennedy School,6 weeks long,Opens Sep 25
https://pll.harvard.edu/course/building-organizational-cultures-framework-leaders,Business,https://pll.harvard.edu/subject/business,In-Person,Building Organizational Cultures: A Framework for Leaders,Critically assess how culture affects organizations and learn how to create an environment that promotes advancement of people.,"$2,990",Harvard Kennedy School,Self-paced,Starts Sep 25
https://pll.harvard.edu/course/innovation-and-strategy,Business,https://pll.harvard.edu/subject/business,In-Person,Innovation and Strategy,Strengthen your organization’s capacity to drive innovation and achieve greater results.,"$2,990",Harvard Kennedy School,Self-paced,Starts Sep 25
https://pll.harvard.edu/course/big-data-social-good,Social Sciences,https://pll.harvard.edu/subject/social-sciences,Online,Big Data for Social Good,"Think critically about social questions such as education policy, upward income mobility, and racial disparities, and understand how big data can answer these questions as well as impact policies that lead to improved outcomes around the world.",$950,Harvard Kennedy School,4 weeks long,NA
https://pll.harvard.edu/course/innovations-teamwork-health-care,Business,https://pll.harvard.edu/subject/business,Online,Innovations in Teamwork for Health Care,Don’t leave teaming up to chance. Create better teamwork through science.,"$1,600",Harvard Kennedy School,4 weeks long,NA
https://pll.harvard.edu/course/affordable-housing-essentials-how-design-develop-finance-properties-growing-cities-need,Social Sciences,https://pll.harvard.edu/subject/social-sciences,In-Person,"Affordable Housing Essentials: How to Design, Develop, & Finance Properties Growing Cities Need","This immersion into what is needed to create affordable housing will equip you with the tools to create properties, programs, and policies that address this growing challenge.","$1,800 - $1,950",Harvard Kennedy School,2 days long,NA
https://pll.harvard.edu/course/leading-change-and-organizational-renewal-0,Business,https://pll.harvard.edu/subject/business,Online,Leading Change and Organizational Renewal,This course from Harvard Business School (HBS) Online will help you drive transformation in your organization by learning how to execute for today and innovate for tomorrow.,"$1,850",Harvard Kennedy School,6 weeks long,NA
https://pll.harvard.edu/course/competing-age-ai-virtual,Business,https://pll.harvard.edu/subject/business,Online Live,Competing in the Age of AI—Virtual,"Move your organization toward an AI-based model, unleash the potential of AI, and create opportunities for building competitive advantage.","$7,000",Harvard Kennedy School,57 days long,Starts Sep 26
https://pll.harvard.edu/course/dermatopathology-update-0,Health & Medicine,https://pll.harvard.edu/subject/health-medicine,Online Live,Dermatopathology Update,"This course presents a broad over-view of many areas of dermatopathology, including topics of special sites.",$260 - $550,Harvard Kennedy School,Self-paced,Starts Sep 26
https://pll.harvard.edu/course/introductory-and-advanced-musculoskeletal-ultrasound-hands-diagnostics-and-cadaver-lab-based,Health & Medicine,https://pll.harvard.edu/subject/health-medicine,In-Person,Introductory and Advanced Musculoskeletal Ultrasound: Hands-On Diagnostics and Cadaver Lab Based Guided Interventional Skills,Musculoskeletal Ultrasound (MSK US) is a cutting-edge procedure being utilized to diagnose and treat a multitude of musculoskeletal disorders at the point of care.,"$3,200",Harvard Kennedy School,Self-paced,Starts Sep 26
https://pll.harvard.edu/course/executive-program-senior-life-sciences-leaders-0/2024-09,Business,https://pll.harvard.edu/subject/business,In-Person,Executive Program for Senior Life Sciences Leaders,The Executive Program for Senior Life Sciences Leaders will equip you with the tools to lead effectively and address the gap between traditional leadership roles and the modern demands of the life sciences industry.,"$17,000",Harvard Kennedy School,Self-paced,Opens Sep 26
https://pll.harvard.edu/course/foundations-clinical-research,Health & Medicine,https://pll.harvard.edu/subject/health-medicine,Online Live,Foundations of Clinical Research,"This Harvard Medical School six-month, application-based certificate program provides the essential skill sets and fundamental knowledge required to begin or expand your clinical research career.","$6,900 - $7,900",Harvard Kennedy School,Self-paced,Starts Sep 28
https://pll.harvard.edu/course/leading-economic-growth,Social Sciences,https://pll.harvard.edu/subject/social-sciences,Online,Leading Economic Growth,Leading Economic Growth is an online executive program that brings together leading experts in economic development with practitioners from around the globe to focus on practical approaches to shared growth and development.,"$6,100",Harvard Kennedy School,Self-paced,NA
https://pll.harvard.edu/course/leadership-coaching-strategies,Business,https://pll.harvard.edu/subject/business,In-Person,Leadership Coaching Strategies,Learn leadership coaching strategies to help your team navigate business challenges and maximize performance.,"$2,990",Harvard Kennedy School,Self-paced,Starts Sep 30
https://pll.harvard.edu/course/essential-management-skills-emerging-leaders,Business,https://pll.harvard.edu/subject/business,In-Person,Essential Management Skills for Emerging Leaders,Acquire the core skills you need to succeed as a leader.,"$6,150",Harvard Kennedy School,Self-paced,Starts Sep 30
https://pll.harvard.edu/course/entrepreneurship-essentials,Business,https://pll.harvard.edu/subject/business,Online,Entrepreneurship Essentials,"Make your Entrepreneurial dreams a reality by mastering a proven framework that entrepreneurs use to build and finance new ventures, validate concepts, and refine their strategy in this course from Harvard Business School (HBS) Online.","$1,850",Harvard Kennedy School,4 weeks long,Opens Oct 2
https://pll.harvard.edu/course/preparing-be-corporate-director,Business,https://pll.harvard.edu/subject/business,In-Person,Preparing to Be a Corporate Director,Prepare to make a strong and lasting contribution on your first corporate board as you delve into directors' roles and responsibilities.,"$11,750",Harvard Kennedy School,4 days long,Starts Oct 2
https://pll.harvard.edu/course/design-thinking-and-innovation,Business,https://pll.harvard.edu/subject/business,Online,Design Thinking and Innovation,Design Thinking and Innovation from Harvard Business School (HBS) Online will teach you how to leverage fundamental design thinking principles and innovative problem-solving tools to address business challenges.,"$1,850",Harvard Kennedy School,7 weeks long,Opens Oct 2
https://pll.harvard.edu/course/managing-yourself-and-leading-others-0/2024-10,Business,https://pll.harvard.edu/subject/business,In-Person,Managing Yourself and Leading Others,Evolve your leadership style to lead better and motivate others to accomplish your company's goals.,"$2,990",Harvard Kennedy School,Self-paced,Starts Oct 2
https://pll.harvard.edu/course/cybersecurity-managing-risk-information-age/2024-10,Business,https://pll.harvard.edu/subject/business,Online,Cybersecurity: Managing Risk in the Information Age,Lead the strategic response to cyber risk.,"$3,045 - $3,045",Harvard Kennedy School,9 weeks long,NA
https://pll.harvard.edu/course/leading-teacher-teams-promoting-growth-through-effective-collaboration,Education & Teaching,https://pll.harvard.edu/subject/education-teaching,Online,Leading Teacher Teams: Promoting Growth Through Effective Collaboration,Examine strategies for facilitating and empowering groups of educators by developing a deeper understanding of the needs of adult learners and learning to use collaboration to foster educator growth and enhance student learning.,$399,Harvard Kennedy School,6 weeks long,NA
https://pll.harvard.edu/course/teachers-mentoring-teachers-practices-powerful-professional-communities,Education & Teaching,https://pll.harvard.edu/subject/education-teaching,Online,Teachers Mentoring Teachers: Practices for Powerful Professional Communities,"Explore mentoring relationships at different stages of a career in teaching, aiming to uncover practices that are specific to the teaching profession and to name what makes them so effective",$399,Harvard Kennedy School,6 weeks long,NA
https://pll.harvard.edu/course/articulating-intangibles-teaching-aligning-your-purpose-and-practice-instructional,Education & Teaching,https://pll.harvard.edu/subject/education-teaching,Online,Articulating the Intangibles of Teaching: Aligning Your Purpose and Practice for Instructional Leadership,"Join a community of peers to excavate the intangibles of teaching, aligning mission, vision, methods, decisions, and student work in a comprehensive, personal language of practice.",$399,Harvard Kennedy School,6 weeks long,NA
https://pll.harvard.edu/course/frontiers-gastrointestinal-and-hepatobiliary-pathology,Health & Medicine,https://pll.harvard.edu/subject/health-medicine,In-Person,Frontiers in Gastrointestinal and Hepatobiliary Pathology,"The Gastrointestinal Pathology course, presented by Harvard Medical School faculty and renowned guest faculty, aims to foster active learning among academic and community practice pathologists.",$400 - $900,Harvard Kennedy School,Self-paced,Starts Oct 3
https://pll.harvard.edu/course/succeeding-strategic-cfo,Business,https://pll.harvard.edu/subject/business,In-Person,Succeeding as a Strategic CFO,"Become a strategic chief financial officer by developing advanced skills in finance, strategy, leadership, and communication.","$11,750",Harvard Kennedy School,4 days long,Starts Oct 6
https://pll.harvard.edu/course/negotiation-skills-strategies-increased-effectiveness,Business,https://pll.harvard.edu/subject/business,In-Person,Negotiation Skills: Strategies for Increased Effectiveness,Enhance your ability to negotiate through effective techniques and skills.,"$2,990",Harvard Kennedy School,Self-paced,Starts Oct 7
https://pll.harvard.edu/course/executive-leadership-skills-experienced-leaders-need-succeed,Business,https://pll.harvard.edu/subject/business,In-Person,Executive Leadership: Skills Experienced Leaders Need to Succeed,Strengthen your executive vision and presence to enhance your influence and lead your organization to success.,"$5,100",Harvard Kennedy School,Self-paced,Starts Oct 7
https://pll.harvard.edu/course/effective-classroom-management-ceel-module,Education & Teaching,https://pll.harvard.edu/subject/education-teaching,Online,Effective Classroom Management: A CEEL Module,"Effective Classroom Management is a module within the Certificate in Early Education Leadership: Series 3, Learn C",$245,Harvard Kennedy School,3 weeks long,NA
https://pll.harvard.edu/course/leveraging-diversity-improvement-ceel-module,Education & Teaching,https://pll.harvard.edu/subject/education-teaching,Online,Leveraging Diversity for Improvement: A CEEL Module,"Leveraging Diversity for Improvement is a module within the Certificate in Early Education Leadership: Series 2, Learn C",$245,Harvard Kennedy School,3 weeks long,NA
https://pll.harvard.edu/course/stress-adversity-and-trauma-ceel-module,Education & Teaching,https://pll.harvard.edu/subject/education-teaching,Online,"Stress, Adversity, and Trauma: A CEEL Module","Stress, Adversity, and Trauma is a module within the Certificate in Early Education Leadership: Series 1, Learn C",$245,Harvard Kennedy School,3 weeks long,NA
https://pll.harvard.edu/course/update-hospital-medicine-2024,Health & Medicine,https://pll.harvard.edu/subject/health-medicine,Online Live,Update in Hospital Medicine 2024,This 4-day intensive program updates busy practitioners on current best practices in hospital medicine.,"$487 - $1,075",Harvard Kennedy School,Self-paced,Starts Oct 7
https://pll.harvard.edu/course/core,Business,https://pll.harvard.edu/subject/business,Online,CORe,This three-course program from Harvard Business School (HBS) Online will teach you the fundamental skills to confidently contribute to business decisions and decision-making.,"$2,650",Harvard Kennedy School,17 weeks long,Opens Oct 8
https://pll.harvard.edu/course/business-strategy-evaluating-and-executing-strategic-plan,Business,https://pll.harvard.edu/subject/business,Online Live,Business Strategy: Evaluating and Executing the Strategic Plan,Explore the concepts and tools of strategic business management. Learn more about the organizational strategy within which managers make decisions and how it relates to competitive advantage.,"$2,750",Harvard Kennedy School,Self-paced,Starts Oct 8
https://pll.harvard.edu/course/global-health-care-leaders-program,Health & Medicine,https://pll.harvard.edu/subject/health-medicine,In-Person,Global Health Care Leaders Program,The Global Health Care Leaders Program (GHLP) is a multi-modular global program that aims to bring together the most important topics defining the future of health care industry for the leaders who will lead the charge.,"$33,000",Harvard Kennedy School,Self-paced,Starts Oct 8
https://pll.harvard.edu/course/managing-turbulence,Business,https://pll.harvard.edu/subject/business,Blended,Managing Turbulence,"Become a strategic thinker who can lead organizational change, navigate uncertainty, and secure a competitive advantage in any economy.","$19,000",Harvard Kennedy School,10 weeks long,Starts Oct 9
https://pll.harvard.edu/course/advanced-negotiation-skills,Business,https://pll.harvard.edu/subject/business,In-Person,Advanced Negotiation Skills,Develop sophisticated negotiation skills to create value for all parties at the bargaining table.,"$2,990",Harvard Kennedy School,Self-paced,Starts Oct 9
https://pll.harvard.edu/course/harvard-bok-higher-education-teaching-certificate/2024-10,Education & Teaching,https://pll.harvard.edu/subject/education-teaching,Online,Harvard Bok Higher Education Teaching Certificate,"Explore Higher Education Teaching and its practices offered by Harvard’s Derek Bok Center for Teaching and Learning. Learn to create a collaborative, engaging learning environment.","$2,640",Harvard Kennedy School,9 weeks long,NA
https://pll.harvard.edu/course/winning-digital-platforms,Business,https://pll.harvard.edu/subject/business,Online,Winning with Digital Platforms,Thrive in the age of digital platforms in this course from Harvard Business School (HBS) Online.,"$1,850",Harvard Kennedy School,5 weeks long,Opens Oct 9
https://pll.harvard.edu/course/bravely-confronting-racism-higher-education,Education & Teaching,https://pll.harvard.edu/subject/education-teaching,Online Live,Bravely Confronting Racism in Higher Education,"Build a more equitable environment for the community of  students, faculty, and staff within your higher education institution by developing a sustainable practice to confront racism","$2,195",Harvard Kennedy School,4 weeks long,NA
https://pll.harvard.edu/course/leadership-development-physicians-academic-health-centers-3,Health & Medicine,https://pll.harvard.edu/subject/health-medicine,In-Person,Leadership Development for Physicians in Academic Health Centers,"This program brings together physicians in administrative positions in academic health centers, report directly to the chair of their department, to study the critical leadership and management issues facing academic health centers.","$11,200",Harvard Kennedy School,Self-paced,NA
https://pll.harvard.edu/course/behavioral-economics-virtual,Business,https://pll.harvard.edu/subject/business,Online,Behavioral Economics—Virtual,This virtual program offers tools to help you influence customer and employee decision-making in powerful and often surprising ways.,"$10,000",Harvard Kennedy School,12 days long,Starts Oct 14
https://pll.harvard.edu/course/leadership-and-character-uncertain-times,Social Sciences,https://pll.harvard.edu/subject/social-sciences,Online,Leadership and Character in Uncertain Times,"In today’s world, it is crucial that leaders act with integrity and authenticity. Leadership and Character in Uncertain Times is a five-week online program that offers an opportunity to learn how to lead in times of conflict and disagreement.","$4,200",Harvard Kennedy School,5 weeks long,NA
https://pll.harvard.edu/course/global-clinical-scholars-research-training,Health & Medicine,https://pll.harvard.edu/subject/health-medicine,In-Person,Global Clinical Scholars Research Training,"This Harvard Medical School one-year, application-based certificate program provides advanced training in health care research and methods.","$14,900 - $15,900",Harvard Kennedy School,Self-paced,NA
https://pll.harvard.edu/course/teaching-students-ask-their-own-questions-best-practices-question-formulation-technique,Education & Teaching,https://pll.harvard.edu/subject/education-teaching,Online,Teaching Students to Ask Their Own Questions: Best Practices in the Question Formulation Technique,This workshop will provide an in-depth exploration of key components to successfully apply the Question Formulation Technique (QFT).,$245,Harvard Kennedy School,3 weeks long,NA
https://pll.harvard.edu/course/business-analytics,Business,https://pll.harvard.edu/subject/business,Online,Business Analytics,Develop a data mindset and the analytical skills to interpret and communicate data while applying concepts to real business problems in this course from Harvard Business School (HBS) Online.,"$1,850",Harvard Kennedy School,8 weeks long,Opens Oct 16
https://pll.harvard.edu/course/financial-accounting,Business,https://pll.harvard.edu/subject/business,Online,Financial Accounting,Discover what’s behind the numbers in financial statements and unlock critical insights into business performance and potential to drive strategic decision making in this course from Harvard Business School (HBS) Online.,"$1,850",Harvard Kennedy School,8 weeks long,Opens Oct 16
https://pll.harvard.edu/course/power-and-influence-positive-impact/2024-10,Business,https://pll.harvard.edu/subject/business,Online,Power and Influence for Positive Impact,"Power and Influence for Positive Impact, a Harvard Business School (HBS) Online course, helps individuals develop their own power to gain influence and make an impact.","$1,850",Harvard Kennedy School,6 weeks long,Opens Oct 16
https://pll.harvard.edu/course/managing-yourself-and-leading-others-0/2024-10-0,Business,https://pll.harvard.edu/subject/business,In-Person,Managing Yourself and Leading Others,Evolve your leadership style to lead better and motivate others to accomplish your company's goals.,"$2,990",Harvard Kennedy School,Self-paced,Starts Oct 16
https://pll.harvard.edu/course/creative-thinking-innovative-solutions-complex-challenges,Business,https://pll.harvard.edu/subject/business,In-Person,Creative Thinking: Innovative Solutions to Complex Challenges,Learn how to grow a culture of creativity to innovate competitive solutions.,"$2,990",Harvard Kennedy School,Self-paced,Starts Oct 16
https://pll.harvard.edu/course/inclusive-leadership-diverse-workplace,Business,https://pll.harvard.edu/subject/business,Online Live,Inclusive Leadership for a Diverse Workplace,Learn how to convert inclusive behaviors and practices into sustainable actions to drive organizational success.,"$1,570",Harvard Kennedy School,Self-paced,Starts Oct 16
https://pll.harvard.edu/course/real-estate-development-101-focusing-basics,Business,https://pll.harvard.edu/subject/business,Online,Real Estate Development 101: Focusing on the Basics,"Learn the primary steps in the real estate development process, using examples across asset types and applicable all over the world.","$1,850",Harvard Kennedy School,4 days long,NA
https://pll.harvard.edu/course/ai-essentials-business,Business,https://pll.harvard.edu/subject/business,Online,AI Essentials for Business,This course from Harvard Business School (HBS) Online will teach you how to compete in the age of AI.,"$1,850",Harvard Kennedy School,4 weeks long,Opens Oct 16
https://pll.harvard.edu/course/update-clinical-cardiology-0,Health & Medicine,https://pll.harvard.edu/subject/health-medicine,In-Person,Update in Clinical Cardiology,This course provides a comprehensive review of state-of-the-art practices to diagnose and treat patients with cardiovascular conditions.,$600 - $895,Harvard Kennedy School,Self-paced,Starts Oct 16
https://pll.harvard.edu/course/movement-disorders-current-concepts-and-practice,Health & Medicine,https://pll.harvard.edu/subject/health-medicine,Online Live,Movement Disorders: Current Concepts and Practice,"Improving the ability of clinicians in primary care, neurology, and psychiatry to recognize clinical features of common and uncommon movement disorders, use testing to aid diagnosis, and manage complications of both disease and treatment.",$375 - $575,Harvard Kennedy School,Self-paced,Starts Oct 17
https://pll.harvard.edu/course/advancing-womens-health-2024-update,Health & Medicine,https://pll.harvard.edu/subject/health-medicine,Online Live,Advancing Women’s Health: A 2024 Update,Both sex and gender influence health and disease across the life course and across all organ systems.,$300 - $150,Harvard Kennedy School,Self-paced,Starts Oct 18
https://pll.harvard.edu/course/high-potentials-leadership-program,Business,https://pll.harvard.edu/subject/business,In-Person,High Potentials Leadership Program,Eliminate obstacles to growth by recognizing and overcoming challenges that arise as you take on broader leadership roles.,"$17,500",Harvard Kennedy School,6 days long,Starts Oct 20
https://pll.harvard.edu/course/nonprofit-financial-stewardship-concepts-and-techniques-strategic-management,Social Sciences,https://pll.harvard.edu/subject/social-sciences,Online,Nonprofit Financial Stewardship: Concepts and Techniques for Strategic Management,"This 4-week Harvard Kennedy School Executive Education online program is designed to help managers in nonprofit organizations understand the tools, techniques and concepts of good financial management.","$3,900",Harvard Kennedy School,4 weeks long,NA
https://pll.harvard.edu/course/negotiation-and-leadership-10/2024-10,Business,https://pll.harvard.edu/subject/business,In-Person,Negotiation and Leadership,Six esteemed PON faculty members have come together to lead our in-person 3-day program. The program curriculum is packed with negotiation strategies and best practices designed to help you get results.,"$4,997",Harvard Kennedy School,Self-paced,Starts Oct 21
https://pll.harvard.edu/course/digital-marketing-strategy,Business,https://pll.harvard.edu/subject/business,In-Person,Digital Marketing Strategy: Data-Driven Strategies for a Modern Marketing Era,"Develop a clear digital marketing strategy with actionable, data-driven frameworks your organization can use, while leveraging the power of emerging technologies to create business value.","$6,150",Harvard Kennedy School,Self-paced,Starts Oct 21
https://pll.harvard.edu/course/art-workplace-engagement-creating-positive-environment-engage-employees,Business,https://pll.harvard.edu/subject/business,In-Person,The Art of Workplace Engagement: Creating a Positive Environment to Engage Employees,Learn strategies to increase workplace productivity by improving employee satisfaction and reducing friction in times of stress.,"$2,990",Harvard Kennedy School,Self-paced,Starts Oct 21
https://pll.harvard.edu/course/primary-care-internal-medicine-0,Health & Medicine,https://pll.harvard.edu/subject/health-medicine,Online,Primary Care Internal Medicine,This program provides a comprehensive and action-focused update of the most important changes and advances impacting front-line clinicians in primary care practice.,"$1,495 - $1,295",Harvard Kennedy School,Self-paced,Starts Oct 21
https://pll.harvard.edu/course/family-office-wealth-management-virtual,Business,https://pll.harvard.edu/subject/business,Online,Family Office Wealth Management—Virtual,Discover new approaches for managing and preserving family wealth and explore unique investment opportunities for high-net-worth families.,"$7,250",Harvard Kennedy School,3 weeks long,Starts Oct 22
https://pll.harvard.edu/course/global-business,Business,https://pll.harvard.edu/subject/business,Online,Global Business,"Turn the uncertainty of today's global economy into an opportunity to manage risk, and create and capture value for your organization, in this course from Harvard Business School (HBS) Online.","$1,850",Harvard Kennedy School,4 weeks long,Opens Oct 23
https://pll.harvard.edu/course/strategy-execution/2024-10,Business,https://pll.harvard.edu/subject/business,Online,Strategy Execution,"This course from Harvard Business School (HBS) Online will equip you with the tools, skills, and frameworks to allocate resources, measure performance, and manage risk so you can successfully implement strategy within your organization.","$1,850",Harvard Kennedy School,8 weeks long,Opens Oct 23
https://pll.harvard.edu/course/leading-finance/2024-10,Business,https://pll.harvard.edu/subject/business,Online,Leading with Finance,"Build an intuitive understanding of financial principles to better understand the market in which your organization operates, create and access value, and communicate with key stakeholders in this course from Harvard Business School (HBS) Online.","$1,850",Harvard Kennedy School,6 weeks long,Opens Oct 23
https://pll.harvard.edu/course/organizational-leadership-0/2024-10,Business,https://pll.harvard.edu/subject/business,Online,Organizational Leadership,Elevate your leadership skills to take your organization to the next level in this course from Harvard Business School (HBS) Online.,"$1,850",Harvard Kennedy School,7 weeks long,Opens Oct 23
https://pll.harvard.edu/course/investment-decisions-and-behavioral-finance-campus-0,Business,https://pll.harvard.edu/subject/business,In-Person,Investment Decisions and Behavioral Finance (On-Campus),"In two intensive days, you'll learn the central principles surrounding the psychology of decision making under conditions of risk and uncertainty.","$5,600",Harvard Kennedy School,Self-paced,NA
https://pll.harvard.edu/course/advanced-business-strategy-gaining-competitive-edge,Business,https://pll.harvard.edu/subject/business,In-Person,Advanced Business Strategy: Gaining a Competitive Edge,Learn a new framework for developing a business strategy that maximizes your competitive advantage and disrupts the competition.,"$4,100",Harvard Kennedy School,Self-paced,Starts Oct 23
https://pll.harvard.edu/course/fintech,Business,https://pll.harvard.edu/subject/business,Online,FinTech,Step beyond the disruption and gain the knowledge and skills to tackle financial services innovation,"$2,940 - $2,940",Harvard Kennedy School,7 weeks long,NA
https://pll.harvard.edu/course/creating-brand-value-1,Business,https://pll.harvard.edu/subject/business,Online,Creating Brand Value,Learn how to build brands that deliver maximum value to your consumers and company in this course from Harvard Business School (HBS) Online.,"$1,850",Harvard Kennedy School,6 weeks long,Opens Oct 23
https://pll.harvard.edu/course/infectious-diseases-primary-care-0,Health & Medicine,https://pll.harvard.edu/subject/health-medicine,Online,Infectious Diseases in Primary Care,Participants learn the practice implications of important new innovations and ensure that their ability to address ID challenges is fully current.,$875 - $975,Harvard Kennedy School,Self-paced,Starts Oct 23
https://pll.harvard.edu/course/neurological-emergencies-0,Health & Medicine,https://pll.harvard.edu/subject/health-medicine,Online,Neurological Emergencies,"Education to Improve Diagnosis, Rapidly Identify Emergencies, and Optimize Outcomes",$875 - $975,Harvard Kennedy School,Self-paced,Starts Oct 23
https://pll.harvard.edu/course/principles-medical-education-maximizing-your-teaching-skills-2,Health & Medicine,https://pll.harvard.edu/subject/health-medicine,Online,Principles of Medical Education Maximizing Your Teaching Skills,"A uniquely comprehensive exploration of best practices for teaching medicine at the bedside, in ambulatory settings and in the classroom.","$1,695",Harvard Kennedy School,Self-paced,Starts Oct 23
https://pll.harvard.edu/course/women-leadership-online-program-emerging-leaders,Business,https://pll.harvard.edu/subject/business,Online Live,Women in Leadership: Online Program for Emerging Leaders,Become a strategic leader by developing your key strengths and attributes. This online program invites emerging women leaders to attend interactive online sessions designed to foster leadership.,"$2,850",Harvard Kennedy School,Self-paced,Starts Oct 24
https://pll.harvard.edu/course/treating-couples-surmounting-challenges-0,Health & Medicine,https://pll.harvard.edu/subject/health-medicine,Online Live,Treating Couples: Surmounting Challenges,"Couples therapy presents complexity unlike any other form of therapy, and today's therapists treating couples need to address increasingly difficult situations.",$190 - $275,Harvard Kennedy School,Self-paced,Starts Oct 24
https://pll.harvard.edu/course/neuropsychiatry-comprehensive-update,Health & Medicine,https://pll.harvard.edu/subject/health-medicine,In-Person,Neuropsychiatry: A Comprehensive Update,This course is designed to enhance participants’ knowledge of brain-behavior relationships and their skills for the diagnostic work-up and treatment of patients with neuropsychiatric disorders.,$575 - $825,Harvard Kennedy School,Self-paced,Starts Oct 24
https://pll.harvard.edu/course/22nd-biennial-course-urologic-oncology,Health & Medicine,https://pll.harvard.edu/subject/health-medicine,Online Live,22nd Biennial Course in Urologic Oncology,The multidisciplinary Urologic Cancer Course was designed as a biennial course bringing together expertise from all the Harvard teaching hospitals.,$250 - $500,Harvard Kennedy School,Self-paced,Starts Oct 24
https://pll.harvard.edu/course/advancing-excellence-transgender-health-course-whole-care-team,Health & Medicine,https://pll.harvard.edu/subject/health-medicine,In-Person,Advancing Excellence in Transgender Health: A Course for the Whole Care Team,"This conference is designed to train the whole health care team in providing responsive and confident gender-affirmative health care, grounded in research evidence and best clinical practices.",$970 - $630,Harvard Kennedy School,Self-paced,Starts Oct 25
https://pll.harvard.edu/course/managing-health-care-delivery,Business,https://pll.harvard.edu/subject/business,Blended,Managing Health Care Delivery,"Build and lead a competitive, high-performing health care organization that constantly innovates to improve medical and economic outcomes.","$27,750",Harvard Kennedy School,28 weeks long,Starts Oct 27
https://pll.harvard.edu/course/changing-game-negotiation-and-competitive-decision-making,Business,https://pll.harvard.edu/subject/business,In-Person,Changing the Game: Negotiation and Competitive Decision-Making,"Become a skilled representative your organization can trust in critical negotiations with partners, vendors, clients, investors, and others.","$14,500",Harvard Kennedy School,6 days long,Starts Oct 27
https://pll.harvard.edu/course/executive-leadership-coaching-mastery-session,Business,https://pll.harvard.edu/subject/business,In-Person,Executive Leadership Coaching: Mastery Session,"Deepen your executive coaching expertise. Apply the theories and principles of neuroscience, human development, and somatic coaching to transform your executive and leadership coaching skills.","$2,990",Harvard Kennedy School,Self-paced,Starts Oct 28
https://pll.harvard.edu/course/influence-and-persuasion-leadership,Business,https://pll.harvard.edu/subject/business,In-Person,Influence and Persuasion in Leadership,Improve your ability to influence and motivate your audience to accomplish your goals.,"$2,990",Harvard Kennedy School,Self-paced,Starts Oct 28
https://pll.harvard.edu/course/business-management-management-leadership-0,Business,https://pll.harvard.edu/subject/business,In-Person,Business Management: From Management to Leadership,Expand your business acumen to reach your full potential as a manager and leader within your organization.,"$6,150",Harvard Kennedy School,Self-paced,NA
https://pll.harvard.edu/course/critical-issues-tumor-microenvironment-angiogenesis-metastasis-and-immunology,Health & Medicine,https://pll.harvard.edu/subject/health-medicine,Online Live,"Critical Issues in Tumor Microenvironment: Angiogenesis, Metastasis and Immunology","The 35th Annual Tumor Course reviews what is currently known about the tumor microenvironment, angiogenesis, metastasis, immunology, targeted therapies, metabolism, microbiome, and toxicity of immunotherapies.",$290 - $490,Harvard Kennedy School,Self-paced,Starts Oct 28
https://pll.harvard.edu/course/future-legal,Social Sciences,https://pll.harvard.edu/subject/social-sciences,In-Person,The Future of Legal,"The Future of Legal provides the tools, knowledge, and practical strategies to navigate how to move forward in changing legal landscape.","$14,750",Harvard Kennedy School,4 days long,Starts Oct 29
https://pll.harvard.edu/course/leadership-principles,Business,https://pll.harvard.edu/subject/business,Online,Leadership Principles,"Developed for new and aspiring leaders, this course from Harvard Business School (HBS) Online will help you unleash your potential to advance your career, team, and organization.","$1,850",Harvard Kennedy School,6 weeks long,Opens Oct 30
https://pll.harvard.edu/course/alternative-investments,Business,https://pll.harvard.edu/subject/business,Online,Alternative Investments,"Alternative Investments, a Harvard Business School (HBS) Online course, will help you develop your ability to evaluate potential investment opportunities and maximize the value of portfolios.","$1,850",Harvard Kennedy School,5 weeks long,Opens Oct 30
https://pll.harvard.edu/course/business-strategy,Business,https://pll.harvard.edu/subject/business,Online,Business Strategy,Start thinking like the top strategists with this course from Harvard Business School (HBS) Online.,"$1,850",Harvard Kennedy School,6 weeks long,Opens Oct 30
https://pll.harvard.edu/course/introverts-leaders-quiet-power-leadership-strength,Business,https://pll.harvard.edu/subject/business,Blended,Introverts as Leaders: Quiet Power as a Leadership Strength,Challenge the conventional definition of leadership. Explore the significant value of introverted personality types within an organization.,"$2,990",Harvard Kennedy School,Self-paced,Starts Oct 30
https://pll.harvard.edu/course/digital-marketing-strategy-2/2024-10,Business,https://pll.harvard.edu/subject/business,Online,Digital Marketing Strategy,Develop marketing strategies that reach and retain customers in this course from Harvard Business School (HBS) Online.,"$1,850",Harvard Kennedy School,Self-paced,Opens Oct 30
https://pll.harvard.edu/course/reducing-racial-disparities-health-care,Health & Medicine,https://pll.harvard.edu/subject/health-medicine,Online,Reducing Racial Disparities in Health Care,"In partnership with the Disparities Solutions Center at Massachusetts General Hospital, this course will help you deliver high-quality health care to all through organizational change.",$950,Harvard Kennedy School,5 weeks long,NA
https://pll.harvard.edu/course/health-care-economics,Health & Medicine,https://pll.harvard.edu/subject/health-medicine,Online,Health Care Economics,"Taught by Harvard Medical School faculty, Health Care Economics, a Harvard Online course, provides insights into the economic forces are shaping US health care.","$1,600",Harvard Kennedy School,6 weeks long,NA
https://pll.harvard.edu/course/data-science-principles,Business,https://pll.harvard.edu/subject/business,Online,Data Science Principles,"Data Science Principles is a Harvard Online course in collaboration with Harvard Business School Online that provides an overview of data science with a code- and math-free introduction to prediction, causality, data wrangling, privacy, and ethics.",$950,Harvard Kennedy School,4 weeks long,NA
https://pll.harvard.edu/course/herbert-benson-md-course-mind-body-medicine-2,Health & Medicine,https://pll.harvard.edu/subject/health-medicine,In-Person,"The Herbert Benson, MD Course in Mind Body Medicine",A comprehensive education program where you learn how to incorporate mind-body approaches into your practice.,$175 - $975,Harvard Kennedy School,Self-paced,Starts Oct 31
https://pll.harvard.edu/course/managing-yourself-and-leading-others-0/2024-11,Business,https://pll.harvard.edu/subject/business,Online Live,Managing Yourself and Leading Others,Evolve your leadership style to lead better and motivate others to accomplish your company's goals.,"$2,750",Harvard Kennedy School,Self-paced,Starts Nov 1
https://pll.harvard.edu/course/executive-leadership-health-care-certificate-specialization,Health & Medicine,https://pll.harvard.edu/subject/health-medicine,Blended,Executive Leadership in Health Care | Certificate of Specialization,Advance your career in health care with the Executive Leadership in Health Care Certificate of Specialization from Harvard T.H. Chan School of Public Health Executive and Continuing Professional Education.,"$2,100 - $11,500",Harvard Kennedy School,Self-paced,Starts Nov 1
https://pll.harvard.edu/course/real-estate-management-program,Business,https://pll.harvard.edu/subject/business,In-Person,Real Estate Management Program,Position your real estate firm to seize new growth opportunities and maximize asset values in today's market.,"$14,500",Harvard Kennedy School,6 days long,Starts Nov 3
https://pll.harvard.edu/course/leadership-development-physicians-academic-health-centers-3/2024-11,Health & Medicine,https://pll.harvard.edu/subject/health-medicine,In-Person,Leadership Development for Physicians in Academic Health Centers,"This program brings together physicians in administrative positions in academic health centers, report directly to the chair of their department, to study the critical leadership and management issues facing academic health centers.","$11,200",Harvard Kennedy School,Self-paced,NA
https://pll.harvard.edu/course/strategy-health-care-delivery-virtual,Business,https://pll.harvard.edu/subject/business,Online Live,Strategy for Health Care Delivery—Virtual,"Administrative and medical leaders from across the globe come together in a virtual format to examine new approaches for achieving high-value, integrated care and restructuring overall care delivery organizations.","$5,500",Harvard Kennedy School,Self-paced,Starts Nov 4
https://pll.harvard.edu/course/leading-your-organizations-digital-transformation,Business,https://pll.harvard.edu/subject/business,In-Person,Leading Your Organization's Digital Transformation,Create actionable transformation strategies to make your leadership and your organization more innovative and more competitive.,"$5,100",Harvard Kennedy School,Self-paced,Starts Nov 4
https://pll.harvard.edu/course/effective-organizational-communication,Business,https://pll.harvard.edu/subject/business,In-Person,Effective Organizational Communication,"Through small group activities and real-time feedback, you will test out new approaches and learn to communicate to inspire action.","$2,990",Harvard Kennedy School,Self-paced,Starts Nov 4
https://pll.harvard.edu/course/effective-teams-ceel-module,Education & Teaching,https://pll.harvard.edu/subject/education-teaching,Online,Effective Teams: A CEEL Module,"Effective Teams is a module within the Certificate in Early Education Leadership: Series 2, Learn D",$245,Harvard Kennedy School,3 weeks long,NA
https://pll.harvard.edu/course/strong-relationships-and-interactions-ceel-module,Education & Teaching,https://pll.harvard.edu/subject/education-teaching,Online,Strong Relationships and Interactions: A CEEL Module,"Strong Relationships and Interactions is a module within the Certificate in Early Education Leadership: Series 1, Learn D",$245,Harvard Kennedy School,3 weeks long,NA
https://pll.harvard.edu/course/universal-design-learning-ceel-module,Education & Teaching,https://pll.harvard.edu/subject/education-teaching,Online,Universal Design for Learning: A CEEL Module,"Universal Design for Learning is a module within the Certificate in Early Education Leadership: Series 3, Learn D",$245,Harvard Kennedy School,3 weeks long,NA
https://pll.harvard.edu/course/leadership-development-advance-equity-health-care-2,Health & Medicine,https://pll.harvard.edu/subject/health-medicine,Online,Leadership Development to Advance Equity in Health Care,This program will teach you how to confront and remediate unfair practices and advance health equity in your community or practice.,"$3,100",Harvard Kennedy School,Self-paced,NA
https://pll.harvard.edu/course/evidence-decisions-description-decisions,Social Sciences,https://pll.harvard.edu/subject/social-sciences,Online,Evidence for Decisions: From Description to Decisions,"Created by Harvard faculty Teddy Svoronos, utilize the power of analytical evidence to problem solve, measure effectiveness, and develop impactful policy.",$995,Harvard Kennedy School,6 weeks long,NA
https://pll.harvard.edu/course/leadership-and-ethics-moral-leadership-personal-practice,Social Sciences,https://pll.harvard.edu/subject/social-sciences,Online,Leadership and Ethics: Moral Leadership in Personal Practice,"Created by Senior Lecturer Chris Robichaud, develop fundamental skills for moral leadership and learn to instill lasting change in communities.",$995,Harvard Kennedy School,6 weeks long,NA
https://pll.harvard.edu/course/policy-design-and-delivery-systematic-approach,Social Sciences,https://pll.harvard.edu/subject/social-sciences,Online,Policy Design and Delivery: A Systematic Approach,"Created by Senior Lecturer Michael Walton, examine real-world policy challenges and learn how to analyze, design, and recommend effective policy solutions.",$995,Harvard Kennedy School,6 weeks long,NA
https://pll.harvard.edu/course/disruptive-strategy/2024-11,Business,https://pll.harvard.edu/subject/business,Online,Disruptive Strategy,"Strengthen your capacity to make innovation a reality, and unlock your potential to create executive-level strategies, organize for innovation, and discover customer jobs to be done in this course from Harvard Business School (HBS) Online.","$1,850",Harvard Kennedy School,6 weeks long,Opens Nov 6
https://pll.harvard.edu/course/sustainable-business-strategy,Business,https://pll.harvard.edu/subject/business,Online,Sustainable Business Strategy,Learn how businesses thrive and grow while simultaneously solving some of the world's biggest challenges in this course from Harvard Business School (HBS) Online.,"$1,850",Harvard Kennedy School,3 weeks long,Opens Nov 6
https://pll.harvard.edu/course/leadership-ethics-and-corporate-accountability,Business,https://pll.harvard.edu/subject/business,Online,"Leadership, Ethics, and Corporate Accountability",Develop a toolkit for making tough leadership decisions in this course from Harvard Business School (HBS) Online.,"$1,850",Harvard Kennedy School,5 weeks long,Opens Nov 6
https://pll.harvard.edu/course/leading-more-effective-teams,Business,https://pll.harvard.edu/subject/business,In-Person,Leading More Effective Teams,Enhance your team’s productivity to boost your organization’s capabilities.,"$2,990",Harvard Kennedy School,Self-paced,Starts Nov 6
https://pll.harvard.edu/course/leveraging-multi-sided-platforms-ai-business-leaders,Business,https://pll.harvard.edu/subject/business,Online Live,Leveraging Multi-sided Platforms with AI for Business Leaders,"Develop the strategies and skills you need to design, launch, and scale a successful and sustainable multi-sided digital platform.","$1,570",Harvard Kennedy School,Self-paced,Starts Nov 6
https://pll.harvard.edu/course/launching-tech-ventures,Business,https://pll.harvard.edu/subject/business,Online,Launching Tech Ventures,"Build a viable, valuable tech venture that can profitably scale in this course from Harvard Business School (HBS) Online.","$1,850",Harvard Kennedy School,5 weeks long,Opens Nov 6
https://pll.harvard.edu/course/harvard-bok-higher-education-teaching-certificate/2024-11,Education & Teaching,https://pll.harvard.edu/subject/education-teaching,Online,Harvard Bok Higher Education Teaching Certificate,"Explore Higher Education Teaching and its practices offered by Harvard’s Derek Bok Center for Teaching and Learning. Learn to create a collaborative, engaging learning environment.","$2,640",Harvard Kennedy School,9 weeks long,NA
https://pll.harvard.edu/course/business-and-climate-change,Business,https://pll.harvard.edu/subject/business,Online,Business and Climate Change,Prepare yourself and your organization for the business risks and opportunities created by climate change in this online course from Harvard Business School (HBS) Online.,"$1,850",Harvard Kennedy School,5 weeks long,Opens Nov 6
https://pll.harvard.edu/course/open-innovation,Business,https://pll.harvard.edu/subject/business,Online,Open Innovation,Solve your organization’s problems by looking outside your organization.,$950,Harvard Kennedy School,6 weeks long,NA
https://pll.harvard.edu/course/data-privacy-and-technology,Data Science,https://pll.harvard.edu/subject/data-science,Online,Data Privacy and Technology,Explore the risks and rewards of data privacy and collection.,$950,Harvard Kennedy School,5 weeks long,NA
https://pll.harvard.edu/course/training-teach-medicine,Education & Teaching,https://pll.harvard.edu/subject/education-teaching,Online Live,Training to Teach in Medicine,"This Harvard Medical School six-month, application-based certificate program aims to provide high-impact, evidence-based education for medical faculty and health care professionals.","$7,900 - $8,900",Harvard Kennedy School,Self-paced,Starts Nov 7
https://pll.harvard.edu/course/ai-clinical-medicine,Health & Medicine,https://pll.harvard.edu/subject/health-medicine,Online Live,AI in Clinical Medicine,"Over the last two decades, the digitization of medical records created opportunities for automation and data-driven clinical support for a range of routine clinical applications.","$1,710 - $1,900",Harvard Kennedy School,Self-paced,Starts Nov 7
https://pll.harvard.edu/course/families-business,Business,https://pll.harvard.edu/subject/business,In-Person,Families in Business,Promote long-term business success and healthy relationships through prudent management of business and family.,"$17,500",Harvard Kennedy School,6 days long,Starts Nov 10
https://pll.harvard.edu/course/strategies-leading-successful-change-initiatives-mastery-session,Business,https://pll.harvard.edu/subject/business,In-Person,Strategies for Leading Successful Change Initiatives: Mastery Session,Drive organizational change with innovative change management strategies and roadmaps for action.,"$4,100",Harvard Kennedy School,Self-paced,Starts Nov 12
https://pll.harvard.edu/course/design-thinking-creating-better-customer-experiences,Business,https://pll.harvard.edu/subject/business,In-Person,Design Thinking: Creating Better Customer Experiences,Learn how the principles of design thinking can help fuel the success of your organization.,"$4,100",Harvard Kennedy School,Self-paced,Starts Nov 12
https://pll.harvard.edu/course/negotiation-mastery/2024-11,Business,https://pll.harvard.edu/subject/business,Online,Negotiation Mastery,"Hone your negotiation skills to close deals, maximize value in the agreements you reach, and resolve differences before they escalate into costly conflicts in this online course from Harvard Business School (HBS) Online.","$1,850",Harvard Kennedy School,8 weeks long,Opens Nov 13
https://pll.harvard.edu/course/making-corporate-boards-more-effective,Business,https://pll.harvard.edu/subject/business,In-Person,Making Corporate Boards More Effective,"Strengthen your board’s ability to fulfill multifaceted responsibilities, work effectively as a team, and foster company success.","$12,500",Harvard Kennedy School,4 days long,Starts Nov 13
https://pll.harvard.edu/course/management-essentials/2024-11,Business,https://pll.harvard.edu/subject/business,Online,Management Essentials,"Master the tools and tactics you need to excel in decision-making, implementation, organizational learning, and change management to move your organization forward with this course from Harvard Business School (HBS) Online.","$1,850",Harvard Kennedy School,8 weeks long,Opens Nov 13
https://pll.harvard.edu/course/cybersecurity-managing-risk-information-age/2024-11,Business,https://pll.harvard.edu/subject/business,Online,Cybersecurity: Managing Risk in the Information Age,Lead the strategic response to cyber risk.,"$3,045",Harvard Kennedy School,9 weeks long,NA
https://pll.harvard.edu/course/cybersecurity-managing-risk-information-age/2024-11-0,Business,https://pll.harvard.edu/subject/business,Online,Cybersecurity: Managing Risk in the Information Age,Lead the strategic response to cyber risk.,"$3,045 - $3,045",Harvard Kennedy School,9 weeks long,NA
https://pll.harvard.edu/course/real-estate-finance-101-focusing-basics,Business,https://pll.harvard.edu/subject/business,Online,Real Estate Finance 101: Focusing on the Basics,"This short program will present critical ""nuts-and-bolts"" real estate finance principles and practices in a simple, understandable, and interactive manner that will demystify the real estate financing process.","$1,850",Harvard Kennedy School,4 days long,NA
https://pll.harvard.edu/course/digital-health,Health & Medicine,https://pll.harvard.edu/subject/health-medicine,Online,Digital Health,Explore the opportunities and difficulties facing widespread adoption of digital technologies in health care.,"$1,600",Harvard Kennedy School,4 weeks long,NA
https://pll.harvard.edu/course/data-science-business,Business,https://pll.harvard.edu/subject/business,Online,Data Science for Business,"Learn how to effectively use data to tackle your business decisions. Designed for managers, this course provides a hands-on approach for demystifying the data science ecosystem and making you a more conscientious consumer of information.",$950,Harvard Kennedy School,4 weeks long,NA
https://pll.harvard.edu/course/innovations-teamwork-health-care/2024-11,Business,https://pll.harvard.edu/subject/business,Online,Innovations in Teamwork for Health Care,Don’t leave teaming up to chance. Create better teamwork through science.,"$1,600",Harvard Kennedy School,4 weeks long,NA
https://pll.harvard.edu/course/compensation-committees-new-challenges-new-solutions,Business,https://pll.harvard.edu/subject/business,In-Person,"Compensation Committees: New Challenges, New Solutions","Structure more effective compensation plans to drive long-term performance, profitability, and employee satisfaction.","$7,500",Harvard Kennedy School,3 days long,Starts Nov 17
https://pll.harvard.edu/course/harvard-mediation-intensive,Business,https://pll.harvard.edu/subject/business,In-Person,Harvard Mediation Intensive,"Led by mediation experts Audrey Lee and Alain Lempereur, the Harvard Mediation Intensive delves into mediation principles and processes through interactive presentations and hands-on exercises.","$6,497",Harvard Kennedy School,Self-paced,NA
https://pll.harvard.edu/course/becoming-leader-developing-your-style-and-making-sound-decisions,Business,https://pll.harvard.edu/subject/business,In-Person,Becoming a Leader: Developing Your Style and Making Sound Decisions,Explore the symbiotic relationship between decision making and leadership to maximize organizational performance.,"$2,990",Harvard Kennedy School,Self-paced,Starts Nov 18
https://pll.harvard.edu/course/building-organizational-cultures-framework-leaders/2024-11,Business,https://pll.harvard.edu/subject/business,In-Person,Building Organizational Cultures: A Framework for Leaders,Critically assess how culture affects organizations and learn how to create an environment that promotes advancement of people.,"$2,990",Harvard Kennedy School,Self-paced,Starts Nov 18
https://pll.harvard.edu/course/harvard-negotiation-master-class,Business,https://pll.harvard.edu/subject/business,In-Person,Harvard Negotiation Master Class,"Master-level course for experienced negotiators taught by five negotiation experts. You'll emerge a highly skilled and confident negotiator who can drive negotiations, salvage relationships and achieve better outcomes at the bargaining table.","$5,997",Harvard Kennedy School,Self-paced,Starts Nov 18
https://pll.harvard.edu/course/audit-committees-new-era-governance,Business,https://pll.harvard.edu/subject/business,In-Person,Audit Committees in a New Era of Governance,"Meet evolving regulatory requirements while ensuring that financial reporting, compliance, and risk management efforts align with strategy.","$7,500",Harvard Kennedy School,3 days long,Starts Nov 20
https://pll.harvard.edu/course/strategic-project-management/2024-11,Business,https://pll.harvard.edu/subject/business,In-Person,Strategic Project Management,"Plan, manage, and execute projects that are essential to the success of your business.","$2,990",Harvard Kennedy School,Self-paced,Starts Nov 20
https://pll.harvard.edu/course/strategic-sales-management/2024-11,Business,https://pll.harvard.edu/subject/business,In-Person,Strategic Sales Management,"Learn proven sales management strategies and techniques to lead yourself, your direct reports, and your organization.","$2,990",Harvard Kennedy School,Self-paced,Starts Nov 20
https://pll.harvard.edu/course/strategy-execution-public-leadership,Business,https://pll.harvard.edu/subject/business,Online,Strategy Execution for Public Leadership,Join Harvard Kennedy School faculty and former Pentagon Chief of Staff Eric Rosenbach to learn how to develop strategies for public leadership success.,"$1,600",Harvard Kennedy School,4 weeks long,NA
https://pll.harvard.edu/course/outsmarting-implicit-bias,Social Sciences,https://pll.harvard.edu/subject/social-sciences,Online,Outsmarting Implicit Bias,"Designed for individuals and teams, this Harvard Online course taught by preeminent Harvard Professor Mahzarin Banaji teaches the science of implicit bias and strategies to counter the impact of bias in the workplace.",$550,Harvard Kennedy School,3 weeks long,NA
https://pll.harvard.edu/course/core/2024-11,Business,https://pll.harvard.edu/subject/business,Online,CORe,This three-course program from Harvard Business School (HBS) Online will teach you the fundamental skills to confidently contribute to business decisions and decision-making.,"$2,650",Harvard Kennedy School,12 weeks long,Opens Nov 26
https://pll.harvard.edu/course/designing-and-executing-corporate-revitalization,Business,https://pll.harvard.edu/subject/business,In-Person,Designing and Executing Corporate Revitalization,Confront major corporate challenges with confidence. Set a strategic direction and lead a transformation that will revitalize your company.,"$14,500",Harvard Kennedy School,6 days long,Starts Dec 1
https://pll.harvard.edu/course/senior-executives-national-and-international-security,Social Sciences,https://pll.harvard.edu/subject/social-sciences,In-Person,Senior Executives in National and International Security,Senior Executives in National and International Security is an online executive program convening senior security officials from around the world focused on the future of security.,"$10,900",Harvard Kennedy School,1 week long,NA
https://pll.harvard.edu/course/risk-management-corporate-leaders-virtual,Business,https://pll.harvard.edu/subject/business,Online Live,Risk Management for Corporate Leaders—Virtual,This live online program provides frameworks and tools for senior leadership and corporate boards to strengthen your company's approach to managing both internal and external risks.,"$8,500",Harvard Kennedy School,11 days long,Starts Dec 2
https://pll.harvard.edu/course/women-boards-succeeding-corporate-director,Business,https://pll.harvard.edu/subject/business,In-Person,Women on Boards: Succeeding as a Corporate Director,Become an outstanding corporate board candidate who approaches the board selection process strategically and contributes effectively.,"$14,000",Harvard Kennedy School,5 days long,Starts Dec 2
https://pll.harvard.edu/course/negotiation-and-leadership-10/2024-12,Business,https://pll.harvard.edu/subject/business,In-Person,Negotiation and Leadership,Six esteemed PON faculty members have come together to lead our in-person 3-day program. The program curriculum is packed with negotiation strategies and best practices designed to help you get results.,"$4,997",Harvard Kennedy School,Self-paced,Starts Dec 2
https://pll.harvard.edu/course/communication-strategies-presenting-impact,Business,https://pll.harvard.edu/subject/business,In-Person,Communication Strategies: Presenting with Impact,"Gain the skills needed to engage, inform and inspire others — and improve your ability to communicate as a leader.","$2,990",Harvard Kennedy School,Self-paced,Starts Dec 2
https://pll.harvard.edu/course/consultants-toolkit/2024-12,Business,https://pll.harvard.edu/subject/business,In-Person,The Consultant's Toolkit,Refine your consulting abilities through proven techniques to improve organizational effectiveness.,"$2,990",Harvard Kennedy School,Self-paced,Starts Dec 2
https://pll.harvard.edu/course/innovation-and-strategy/2024-12,Business,https://pll.harvard.edu/subject/business,Online Live,Innovation and Strategy,Strengthen your organization’s capacity to drive innovation and achieve greater results.,"$2,750",Harvard Kennedy School,Self-paced,Starts Dec 3
https://pll.harvard.edu/course/managing-yourself-and-leading-others-0/2024-12,Business,https://pll.harvard.edu/subject/business,In-Person,Managing Yourself and Leading Others,Evolve your leadership style to lead better and motivate others to accomplish your company's goals.,"$2,990",Harvard Kennedy School,Self-paced,Starts Dec 4
https://pll.harvard.edu/course/authentic-leadership,Business,https://pll.harvard.edu/subject/business,Online Live,Authentic Leadership,"Develop mindfulness and authenticity to build trust, create engagement, and promote productivity.","$1,570",Harvard Kennedy School,Self-paced,Starts Dec 4
https://pll.harvard.edu/course/beyond-strategic-planning-implementation-sustainment/2024-12,Business,https://pll.harvard.edu/subject/business,In-Person,Beyond Strategic Planning: From Implementation to Sustainment,"Successfully navigate the challenges inherent in making your organizational, departmental, and project-specific plans come to life.","$2,990",Harvard Kennedy School,Self-paced,Starts Dec 4
https://pll.harvard.edu/course/story-building-secrets-narrative-placemaking-and-design-entertainment-architecture-0,Business,https://pll.harvard.edu/subject/business,Online,Story Building: Secrets of Narrative Placemaking and Design from Entertainment Architecture,"Ignite your productivity, leadership skills, and creativity by adopting a storytelling approach to placemaking design that will elevate your projects and make them appealing to users and investors.","$1,200 - $1,400",Harvard Kennedy School,Self-paced,NA
https://pll.harvard.edu/course/hotel-design-and-development-secrets-globally-renowned-properties,Art & Design,https://pll.harvard.edu/subject/art-design,Online Live,Hotel Design and Development: Secrets from Globally Renowned Properties,Learn a time-tested approach to developing hotels worldwide in just two hours.,$149 - $199,Harvard Kennedy School,Self-paced,NA
https://pll.harvard.edu/course/ethical-leadership,Business,https://pll.harvard.edu/subject/business,Online Live,Ethical Leadership,Develop the ability to lead through challenging dilemmas and competing values to promote ethical decision-making.,"$1,570",Harvard Kennedy School,Self-paced,Starts Dec 6
https://pll.harvard.edu/course/authentic-leader-development,Business,https://pll.harvard.edu/subject/business,In-Person,Authentic Leader Development,Increase your effectiveness as a leader and earn the trust of colleagues by leading from your own core vision and most deeply held values.,"$16,000",Harvard Kennedy School,6 days long,Starts Dec 8
https://pll.harvard.edu/course/leading-and-building-culture-innovation,Business,https://pll.harvard.edu/subject/business,In-Person,Leading and Building a Culture of Innovation,"Unleash your organization’s collective genius and set the stage for continuous, transformative innovation that fuels business growth.","$16,000",Harvard Kennedy School,6 days long,Starts Dec 8
https://pll.harvard.edu/course/emerging-leaders,Social Sciences,https://pll.harvard.edu/subject/social-sciences,In-Person,Emerging Leaders,This 5-day Harvard Kennedy School executive program will develop and expand your capacity to be one of tomorrow’s leaders.,"$10,900",Harvard Kennedy School,Self-paced,NA
https://pll.harvard.edu/course/negotiation-skills-strategies-increased-effectiveness/2024-12,Business,https://pll.harvard.edu/subject/business,In-Person,Negotiation Skills: Strategies for Increased Effectiveness,Enhance your ability to negotiate through effective techniques and skills.,"$2,990",Harvard Kennedy School,Self-paced,Starts Dec 9
https://pll.harvard.edu/course/strategic-leadership,Business,https://pll.harvard.edu/subject/business,In-Person,Strategic Leadership,Enhance your ability to creatively problem-solve for the demands of working in ‘the new normal'.,"$4,100",Harvard Kennedy School,Self-paced,Starts Dec 9
https://pll.harvard.edu/course/leadership-coaching-strategies/2024-12,Business,https://pll.harvard.edu/subject/business,In-Person,Leadership Coaching Strategies,Learn leadership coaching strategies to help your team navigate business challenges and maximize performance.,"$2,990",Harvard Kennedy School,Self-paced,Starts Dec 11
https://pll.harvard.edu/course/presenting-confidence-online,Business,https://pll.harvard.edu/subject/business,Online,Presenting with Confidence (Online),"How Great Leaders Craft and Deliver Persuasive Presentations That Sell Ideas, Inspire Teams, and Build Brands","$1,950 - $1,950",Harvard Kennedy School,1 week long,NA
https://pll.harvard.edu/course/strategy-building-and-sustaining-competitive-advantage,Business,https://pll.harvard.edu/subject/business,In-Person,Strategy: Building and Sustaining Competitive Advantage,"Look ahead, analyze strategic tradeoffs, and craft groundbreaking strategies for staying ahead of the competition—today and in the future.","$17,500",Harvard Kennedy School,6 days long,Starts Dec 15
https://pll.harvard.edu/course/aligning-strategy-and-sales,Business,https://pll.harvard.edu/subject/business,In-Person,Aligning Strategy and Sales,Maximize revenue and growth by ensuring that sales execution is closely aligned with strategic priorities.,"$16,000",Harvard Kennedy School,6 days long,Starts Dec 15
https://pll.harvard.edu/course/negotiation-essentials-online,Business,https://pll.harvard.edu/subject/business,Online,Negotiation Essentials Online,"Designed for maximum impact, this two-day online-only program is packed with negotation strategies, case studies based on real-world experience, and best practices designed to get you results.","$2,497",Harvard Kennedy School,Self-paced,Starts Dec 17
https://pll.harvard.edu/course/leadership-decision-making,Social Sciences,https://pll.harvard.edu/subject/social-sciences,Online,Leadership Decision Making,features hands-on learning experiences that help leaders like you improve decision analysis and leadership effectiveness.,"$6,400",Harvard Kennedy School,2 weeks long,NA
https://pll.harvard.edu/course/developing-yourself-leader-virtual,Business,https://pll.harvard.edu/subject/business,Online Live,Developing Yourself as a Leader—Virtual,"To be a high-potential, emerging leader one must have the skillsets to gain influence and increase impact across an organization. Explore how to put theory into action, improve colleagues' perceptions and collaborate more effectively.","$5,750",Harvard Kennedy School,14 weeks long,Starts Jan 7
https://pll.harvard.edu/course/core/2025-01,Business,https://pll.harvard.edu/subject/business,Online,CORe,This three-course program from Harvard Business School (HBS) Online will teach you the fundamental skills to confidently contribute to business decisions and decision-making.,"$2,650",Harvard Kennedy School,17 weeks long,Opens Jan 7
https://pll.harvard.edu/course/strategy-execution/2025-01,Business,https://pll.harvard.edu/subject/business,Online,Strategy Execution,"This course from Harvard Business School (HBS) Online will equip you with the tools, skills, and frameworks to allocate resources, measure performance, and manage risk so you can successfully implement strategy within your organization.","$1,750",Harvard Kennedy School,8 weeks long,Opens Jan 8
https://pll.harvard.edu/course/design-thinking-and-innovation/2025-01,Business,https://pll.harvard.edu/subject/business,Online,Design Thinking and Innovation,Design Thinking and Innovation from Harvard Business School (HBS) Online will teach you how to leverage fundamental design thinking principles and innovative problem-solving tools to address business challenges.,"$1,850",Harvard Kennedy School,7 weeks long,Opens Jan 8
https://pll.harvard.edu/course/sustainable-investing/2025-01,Business,https://pll.harvard.edu/subject/business,Online,Sustainable Investing,"Sustainable Investing, a course from Harvard Business School (HBS) Online, equips people with the insights, frameworks, and skills to evaluate environmental, social, and governance (ESG) factors and measure and manage impact investments.","$1,850",Harvard Kennedy School,6 weeks long,Opens Jan 8
https://pll.harvard.edu/course/financial-accounting/2025-01,Business,https://pll.harvard.edu/subject/business,Online,Financial Accounting,Discover what’s behind the numbers in financial statements and unlock critical insights into business performance and potential to drive strategic decision making in this course from Harvard Business School (HBS) Online.,"$1,850",Harvard Kennedy School,8 weeks long,Opens Jan 8
https://pll.harvard.edu/course/ai-machine-learning-and-built-environment,Art & Design,https://pll.harvard.edu/subject/art-design,Online,"A.I., Machine Learning, and the Built Environment","This program will constitute a non-technical introduction to Artificial Intelligence (AI) and Machine Learning (ML), with particular emphasis on their current applications in the fields of Architecture, Landscape, Urbanism, and Real Estate.","$1,400 - $1,600",Harvard Kennedy School,3 days long,NA
https://pll.harvard.edu/course/agribusiness-seminar,Business,https://pll.harvard.edu/subject/business,In-Person,Agribusiness Seminar,Determine the best trajectory for your business in the context of today's constantly changing global food system and agribusiness industry.,"$11,750",Harvard Kennedy School,Self-paced,Starts Jan 12
https://pll.harvard.edu/course/managing-innovation,Business,https://pll.harvard.edu/subject/business,In-Person,Managing Innovation,Explore product development models and systems used by today’s most innovative companies to produce breakthrough offerings.,"$12,500",Harvard Kennedy School,5 days long,Starts Jan 12
https://pll.harvard.edu/course/evidence-equity,Social Sciences,https://pll.harvard.edu/subject/social-sciences,Online,Evidence for Equity,"Evidence for Equity is a one-week live online executive program designed to enable you to engage in data-driven, evidence-based policymaking through an equity lens.","$4,800",Harvard Kennedy School,2 weeks long,NA
https://pll.harvard.edu/course/cybersecurity-intersection-policy-and-technology,Social Sciences,https://pll.harvard.edu/subject/social-sciences,Online,Cybersecurity: The Intersection of Policy and Technology,"An online executive program to explore how policy and technology, together, can address critical threats of the cyber world.","$4,800",Harvard Kennedy School,1 week long,NA
https://pll.harvard.edu/course/transforming-service-delivery-21st-century-strategies-public-good,Social Sciences,https://pll.harvard.edu/subject/social-sciences,Online,Transforming Service Delivery for the 21st Century: Strategies for the Public Good,An online executive program to examine delivering quality public services in an efficient and equitable manner.,"$4,800",Harvard Kennedy School,2 weeks long,NA
https://pll.harvard.edu/course/hmx-pharmacology,Health & Medicine,https://pll.harvard.edu/subject/health-medicine,Online,HMX Pharmacology,Learn how drugs and other therapeutics are used in the treatment and prevention of diseases and disorders.,$800 - $995,Harvard Kennedy School,Self-paced,Opens Jan 14
https://pll.harvard.edu/course/hmx-immunology,Health & Medicine,https://pll.harvard.edu/subject/health-medicine,Online,HMX Immunology,Learn foundational concepts in immunology and gain a basis for understanding a broad range of medical conditions.,$800 - $995,Harvard Kennedy School,Self-paced,NA
https://pll.harvard.edu/course/hmx-physiology,Health & Medicine,https://pll.harvard.edu/subject/health-medicine,Online,HMX Physiology,Learn foundational concepts in physiology and see how the material is used in taking care of patients.,$800 - $995,Harvard Kennedy School,Self-paced,NA
https://pll.harvard.edu/course/hmx-genetics,Health & Medicine,https://pll.harvard.edu/subject/health-medicine,Online,HMX Genetics,Learn foundational concepts in genetics and gain new insight into the rapidly evolving field of genomics.,$800 - $995,Harvard Kennedy School,Self-paced,NA
https://pll.harvard.edu/course/genetic-testing-and-sequencing-technologies,Health & Medicine,https://pll.harvard.edu/subject/health-medicine,Online,Genetic Testing and Sequencing Technologies,Explore genetic testing and its clinical applications.,"$995 - $1,490",Harvard Kennedy School,Self-paced,NA
https://pll.harvard.edu/course/immuno-oncology,Health & Medicine,https://pll.harvard.edu/subject/health-medicine,Online,Immuno-oncology,See how the immune system is being used to improve cancer treatment.,"$995 - $1,490",Harvard Kennedy School,Self-paced,NA
https://pll.harvard.edu/course/novel-therapies-chronic-inflammation-autoimmunity-and-allergy,Health & Medicine,https://pll.harvard.edu/subject/health-medicine,Online,"Novel Therapies for Chronic Inflammation, Autoimmunity, and Allergy",Learn how the immune system is harnessed to treat inflammation.,"$995 - $1,490",Harvard Kennedy School,Self-paced,NA
https://pll.harvard.edu/course/drug-delivery,Health & Medicine,https://pll.harvard.edu/subject/health-medicine,Online,Drug Delivery,Understand advances in drug delivery systems and approaches.,"$995 - $1,490",Harvard Kennedy School,Self-paced,NA
https://pll.harvard.edu/course/cancer-genomics-and-precision-oncology,Health & Medicine,https://pll.harvard.edu/subject/health-medicine,Online,Cancer Genomics and Precision Oncology,Learn how cancer treatment is evolving due to advances in genetics.,"$995 - $1,490",Harvard Kennedy School,Self-paced,NA
https://pll.harvard.edu/course/vaccines-and-viral-immunology,Health & Medicine,https://pll.harvard.edu/subject/health-medicine,Online,Vaccines and Viral Immunology,Learn about developments in the creation of vaccines.,"$995 - $1,490",Harvard Kennedy School,Self-paced,NA
https://pll.harvard.edu/course/gene-therapy,Health & Medicine,https://pll.harvard.edu/subject/health-medicine,Online,Gene Therapy,Explore recent advances in gene therapy and learn about the implications for patient care.,"$995 - $1,490",Harvard Kennedy School,Self-paced,NA
https://pll.harvard.edu/course/genetics-essentials,Health & Medicine,https://pll.harvard.edu/subject/health-medicine,Online,Genetics – Essentials,"Learn key concepts in genetics, with an emphasis on genetic variation and inheritance of disease.","$995 - $1,490",Harvard Kennedy School,Self-paced,NA
https://pll.harvard.edu/course/drug-discovery-and-development,Health & Medicine,https://pll.harvard.edu/subject/health-medicine,Online,Drug Discovery and Development,Understand advances in drug discovery and development and how new therapeutics are developed.,"$995 - $1,490",Harvard Kennedy School,Self-paced,NA
https://pll.harvard.edu/course/pharmacology-essentials,Health & Medicine,https://pll.harvard.edu/subject/health-medicine,Online,Pharmacology – Essentials,"Understand the principles governing how drugs impact the body, and see how these concepts apply to the treatment and prevention of disease.","$995 - $1,490",Harvard Kennedy School,Self-paced,NA
https://pll.harvard.edu/course/clinical-drug-development,Health & Medicine,https://pll.harvard.edu/subject/health-medicine,Online,Clinical Drug Development,Learning about the process of clinical drug development has important implications for anyone working in health care and related sectors.,"$995 - $1,490",Harvard Kennedy School,Self-paced,NA
https://pll.harvard.edu/course/nucleic-acid-therapeutics,Health & Medicine,https://pll.harvard.edu/subject/health-medicine,Online,Nucleic Acid Therapeutics,This advanced course offers a unique way for professionals to learn from leading Harvard Medical School faculty and industry leaders about nucleic acid therapeutics.,"$995 - $1,490",Harvard Kennedy School,Self-paced,NA
https://pll.harvard.edu/course/management-essentials/2025-01,Business,https://pll.harvard.edu/subject/business,Online,Management Essentials,"Master the tools and tactics you need to excel in decision-making, implementation, organizational learning, and change management to move your organization forward with this course from Harvard Business School (HBS) Online.","$1,850",Harvard Kennedy School,8 weeks long,Opens Jan 15
https://pll.harvard.edu/course/organizational-leadership-0/2025-01,Business,https://pll.harvard.edu/subject/business,Online,Organizational Leadership,Elevate your leadership skills to take your organization to the next level in this course from Harvard Business School (HBS) Online.,"$1,850",Harvard Kennedy School,7 weeks long,Opens Jan 15
https://pll.harvard.edu/course/power-and-influence-positive-impact/2025-01,Business,https://pll.harvard.edu/subject/business,Online,Power and Influence for Positive Impact,"Power and Influence for Positive Impact, a Harvard Business School (HBS) Online course, helps individuals develop their own power to gain influence and make an impact.","$1,850",Harvard Kennedy School,6 weeks long,Opens Jan 15
https://pll.harvard.edu/course/business-strategy/2025-01,Business,https://pll.harvard.edu/subject/business,Online,Business Strategy,Start thinking like the top strategists with this course from Harvard Business School (HBS) Online.,"$1,850",Harvard Kennedy School,6 weeks long,Opens Jan 15
https://pll.harvard.edu/course/digital-marketing-strategy-2/2025-01,Business,https://pll.harvard.edu/subject/business,Online,Digital Marketing Strategy,Develop marketing strategies that reach and retain customers in this course from Harvard Business School (HBS) Online.,"$1,850",Harvard Kennedy School,6 weeks long,Opens Jan 15
https://pll.harvard.edu/course/business-and-climate-change/2025-01,Business,https://pll.harvard.edu/subject/business,Online,Business and Climate Change,Prepare yourself and your organization for the business risks and opportunities created by climate change in this online course from Harvard Business School (HBS) Online.,"$1,850",Harvard Kennedy School,5 weeks long,Opens Jan 15
https://pll.harvard.edu/course/winning-digital-platforms/2025-01,Business,https://pll.harvard.edu/subject/business,Online,Winning with Digital Platforms,Thrive in the age of digital platforms in this course from Harvard Business School (HBS) Online.,"$1,850",Harvard Kennedy School,5 weeks long,Opens Jan 15
https://pll.harvard.edu/course/big-data-social-good/2025-01,Social Sciences,https://pll.harvard.edu/subject/social-sciences,Online,Big Data for Social Good,"Think critically about social questions such as education policy, upward income mobility, and racial disparities, and understand how big data can answer these questions as well as impact policies that lead to improved outcomes around the world.",$950,Harvard Kennedy School,4 weeks long,NA
https://pll.harvard.edu/course/crypto-metaverse-blockchain-applications-real-estate,Computer Science,https://pll.harvard.edu/subject/computer-science,Online,From Crypto to the Metaverse: Blockchain Applications in Real Estate,"This short program will help you understand Blockchain technology, how it powers systems like Cryptocurrencies, NFTs and Metaverses, and what potential impact it may have in the Real Estate industry.",$450 - $500,Harvard Kennedy School,Self-paced,NA
https://pll.harvard.edu/course/real-estate-investment-strategy-data-analytics-us-multifamily-rental-housing-niches-january,Business,https://pll.harvard.edu/subject/business,Online,Real Estate Investment Strategy & Data Analytics: US Multifamily & Rental Housing Niches in January 2025,Learn the state of US rental housing and gain the tools to form an integrated real estate investment perspective.,"$1,450 - $1,650",Harvard Kennedy School,3 days long,NA
https://pll.harvard.edu/course/mergers-and-acquisitions-strategy-execution-and-post-merger-management,Business,https://pll.harvard.edu/subject/business,In-Person,"Mergers and Acquisitions: Strategy, Execution, and Post-Merger Management","Lead and optimize the overall MandA process for your business, from identifying the right transactions to executing post-deal integration.","$17,500",Harvard Kennedy School,6 days long,Starts Jan 19
https://pll.harvard.edu/course/program-chairs-clinical-services-2,Health & Medicine,https://pll.harvard.edu/subject/health-medicine,In-Person,Program for Chairs of Clinical Services,"This program brings together chairs of major clinical departments in teaching hospitals for intensive and systematic study of the leadership and management issues facing chairs, their departments, and teaching hospitals.","$11,500",Harvard Kennedy School,Self-paced,NA
https://pll.harvard.edu/course/harvard-business-analytics-program,Data Science,https://pll.harvard.edu/subject/data-science,In-Person,Harvard Business Analytics Program,"Designed for aspiring and established leaders in any industry, HBAP equips participants with the machine learning and data analysis tools they need to incorporate innovative tech into their business strategy, at the top levels of their organization.","$51,500",Harvard Kennedy School,Self-paced,Starts Jan 20
https://pll.harvard.edu/course/economics-managers/2025-01,Business,https://pll.harvard.edu/subject/business,Online,Economics for Managers,"This course from Harvard Business School (HBS) Online will teach you how to approach pricing strategy, evaluate market demand, and differentiate offerings, so you can drive critical business decisions and successfully compete in the marketplace.","$1,850",Harvard Kennedy School,8 weeks long,Opens Jan 22
https://pll.harvard.edu/course/disruptive-strategy/2025-01,Business,https://pll.harvard.edu/subject/business,Online,Disruptive Strategy,"Strengthen your capacity to make innovation a reality, and unlock your potential to create executive-level strategies, organize for innovation, and discover customer jobs to be done in this course from Harvard Business School (HBS) Online.","$1,850",Harvard Kennedy School,6 weeks long,Opens Jan 22
https://pll.harvard.edu/course/leading-finance/2025-01,Business,https://pll.harvard.edu/subject/business,Online,Leading with Finance,"Build an intuitive understanding of financial principles to better understand the market in which your organization operates, create and access value, and communicate with key stakeholders in this course from Harvard Business School (HBS) Online.","$1,850",Harvard Kennedy School,6 weeks long,Opens Jan 22
https://pll.harvard.edu/course/health-care-strategy/2025-01,Business,https://pll.harvard.edu/subject/business,Online,Health Care Strategy,Combine the best business strategies with the fundamentals of the health care sector.,"$1,600",Harvard Kennedy School,5 weeks long,NA
https://pll.harvard.edu/course/leading-professional-service-firms,Business,https://pll.harvard.edu/subject/business,In-Person,Leading Professional Service Firms,"Develop strategies and management approaches that balance client demands, employee satisfaction, and growth—and sustain a sound bottom line.","$17,500",Harvard Kennedy School,6 days long,Starts Jan 26
https://pll.harvard.edu/course/leadership-21st-century-campus,Social Sciences,https://pll.harvard.edu/subject/social-sciences,In-Person,Leadership for the 21st Century (On Campus),"This on campus executive program offers a stimulating and challenging curriculum that invites you to learn how to exercise leadership with more courage, skill and effectiveness.","$11,500",Harvard Kennedy School,1 week long,NA
https://pll.harvard.edu/course/womens-leadership-initiative,Business,https://pll.harvard.edu/subject/business,In-Person,Women's Leadership Initiative,Fulfill your leadership potential and attain and flourish in leadership roles.,"$14,500",Harvard Kennedy School,1 week long,NA
https://pll.harvard.edu/course/launching-tech-ventures/2025-01,Business,https://pll.harvard.edu/subject/business,Online,Launching Tech Ventures,"Build a viable, valuable tech venture that can profitably scale in this course from Harvard Business School (HBS) Online.","$1,850",Harvard Kennedy School,5 weeks long,Opens Jan 29
https://pll.harvard.edu/course/business-analytics/2025-01,Business,https://pll.harvard.edu/subject/business,Online,Business Analytics,Develop a data mindset and the analytical skills to interpret and communicate data while applying concepts to real business problems in this course from Harvard Business School (HBS) Online.,"$1,850",Harvard Kennedy School,8 weeks long,Opens Jan 29
https://pll.harvard.edu/course/leading-change-and-organizational-renewal-0/2025-01,Business,https://pll.harvard.edu/subject/business,Online,Leading Change and Organizational Renewal,This course from Harvard Business School (HBS) Online will help you drive transformation in your organization by learning how to execute for today and innovate for tomorrow.,"$1,850",Harvard Kennedy School,6 weeks long,Opens Jan 29
https://pll.harvard.edu/course/leadership-organizing-and-action-leading-change,Social Sciences,https://pll.harvard.edu/subject/social-sciences,Online,"Leadership, Organizing and Action: Leading Change","This program is designed to help leaders of civic associations, advocacy groups, and social movements learn how to organize communities that can mobilize power to make change.","$2,900",Harvard Kennedy School,14 weeks long,Starts Feb 3
https://pll.harvard.edu/course/senior-executive-fellows,Social Sciences,https://pll.harvard.edu/subject/social-sciences,In-Person,Senior Executive Fellows,Senior Executive Fellows is the unparalleled professional development program for public sector executives who want to sharpen their leadership and managerial skills.,"$25,800",Harvard Kennedy School,4 weeks long,NA
https://pll.harvard.edu/course/leading-through-changing-media-landscape-online,Social Sciences,https://pll.harvard.edu/subject/social-sciences,Online,Leading through the Changing Media Landscape (Online),Leading through the Changing Media Landscape (Online) is a new executive program designed to equip leaders in the public and private sector to be more successful in today’s media environment.,"$4,800",Harvard Kennedy School,2 weeks long,NA
https://pll.harvard.edu/course/core/2025-02,Business,https://pll.harvard.edu/subject/business,Online,CORe,This three-course program from Harvard Business School (HBS) Online will teach you the fundamental skills to confidently contribute to business decisions and decision-making.,"$2,650",Harvard Kennedy School,17 weeks long,NA
https://pll.harvard.edu/course/affordable-housing-essentials-how-design-develop-finance-properties-growing-cities-need/2025,Social Sciences,https://pll.harvard.edu/subject/social-sciences,Online,"Affordable Housing Essentials: How to Design, Develop, & Finance Properties Growing Cities Need","This immersion into what is needed to create affordable housing will equip you with the tools to create properties, programs, and policies that address this growing challenge.","$1,700 - $1,900",Harvard Kennedy School,4 days long,NA
https://pll.harvard.edu/course/health-care-economics/2025-02,Health & Medicine,https://pll.harvard.edu/subject/health-medicine,Online,Health Care Economics,"Taught by Harvard Medical School faculty, Health Care Economics, a Harvard Online course, provides insights into the economic forces are shaping US health care.","$1,600",Harvard Kennedy School,6 weeks long,NA
https://pll.harvard.edu/course/reducing-racial-disparities-health-care-0,Health & Medicine,https://pll.harvard.edu/subject/health-medicine,Online,Reducing Racial Disparities in Health Care,"In partnership with the Disparities Solutions Center at Massachusetts General Hospital, this course will help you deliver high-quality health care to all through organizational change.",$950,Harvard Kennedy School,5 weeks long,NA
https://pll.harvard.edu/course/leading-global-businesses-0,Business,https://pll.harvard.edu/subject/business,In-Person,Leading Global Businesses,Build and lead your global organization while boosting its ability to create and sustain advantage and adapt nimbly to changing conditions.,"$17,500",Harvard Kennedy School,6 days long,Starts Feb 16
https://pll.harvard.edu/course/crisis-leadership-higher-education,Social Sciences,https://pll.harvard.edu/subject/social-sciences,In-Person,Crisis Leadership in Higher Education,"This on-campus program will help you prepare for and respond to crises, develop protocols that minimize the potential for future occurrences, and inspire confidence in the long-term success and resilience of your institution.","$5,900",Harvard Kennedy School,Self-paced,NA
https://pll.harvard.edu/course/conflict-feedback-and-negotiation-health-care,Business,https://pll.harvard.edu/subject/business,Online,"Conflict, Feedback, and Negotiation in Health Care","Increase your competence in the critical management areas of navigating conflict, providing feedback, and skillfully approaching negotiations.","$2,600",Harvard Kennedy School,Self-paced,NA
https://pll.harvard.edu/course/launching-new-ventures-jump-starting-innovation-entrepreneurs-and-business-owners,Business,https://pll.harvard.edu/subject/business,In-Person,Launching New Ventures: Jump-Starting Innovation for Entrepreneurs and Business Owners,Delve into the entrepreneurial process and learn how to exploit disruptive opportunities to build successful businesses and product lines.,"$19,000",Harvard Kennedy School,7 days long,Starts Feb 23
https://pll.harvard.edu/course/strategic-management-regulatory-and-enforcement-agencies-0,Social Sciences,https://pll.harvard.edu/subject/social-sciences,Online,Strategic Management of Regulatory and Enforcement Agencies,"This is an intensive, 5 day executive program that examines the managerial and operational challenges faced by government officials and professionals who have regulatory, enforcement, security, compliance, or other risk-control responsibilities.","$4,800",Harvard Kennedy School,Self-paced,NA
https://pll.harvard.edu/course/foundations-private-equity-and-venture-capital,Business,https://pll.harvard.edu/subject/business,In-Person,Foundations of Private Equity and Venture Capital,Raise capital successfully for a new venture or first-time fund by being more effective across the structuring and fundraising process.,"$11,750",Harvard Kennedy School,4 days long,Starts Mar 2
https://pll.harvard.edu/course/womens-leadership-forum,Business,https://pll.harvard.edu/subject/business,In-Person,The Women's Leadership Forum,"Build a plan to lead with lasting impact and make the most of your talents in driving innovation, change, and growth.","$13,500",Harvard Kennedy School,5 days long,Starts Mar 3
https://pll.harvard.edu/course/private-equity-and-venture-capital,Business,https://pll.harvard.edu/subject/business,In-Person,Private Equity and Venture Capital,"Improve your firm's effectiveness at every stage of a deal by becoming a more strategic, disciplined, and successful investor.","$12,500",Harvard Kennedy School,4 days long,Starts Mar 5
https://pll.harvard.edu/course/leadership-senior-executives,Business,https://pll.harvard.edu/subject/business,In-Person,Leadership for Senior Executives,Become a motivational leader who can overcome today’s tough challenges and maximize the value of your company’s biggest asset: its people.,"$17,500",Harvard Kennedy School,6 days long,Starts Mar 9
https://pll.harvard.edu/course/strategic-negotiations-dealmaking-long-term,Business,https://pll.harvard.edu/subject/business,In-Person,Strategic Negotiations: Dealmaking for the Long Term,Orchestrate optimal deal-making processes that maximize value and sustain profitable relationships.,"$14,500",Harvard Kennedy School,6 days long,Starts Mar 9
https://pll.harvard.edu/course/building-legacy-family-office-wealth-management,Business,https://pll.harvard.edu/subject/business,In-Person,Building a Legacy: Family Office Wealth Management,Discover new approaches for managing and preserving family wealth and explore unique investment opportunities for high-net-worth families.,"$12,500",Harvard Kennedy School,4 days long,Starts Mar 9
https://pll.harvard.edu/course/management-and-leadership-skills-ehs-professionals-1/2025-03,Health & Medicine,https://pll.harvard.edu/subject/health-medicine,In-Person,Management and Leadership Skills for EHS Professionals,Develop the management and leadership skills needed to meet environmental health and safety goals and organizational objectives. Integrate a culture of safety and sustainability into your organization.,"$3,200",Harvard Kennedy School,Self-paced,NA
https://pll.harvard.edu/course/leading-change-and-organizational-renewal,Business,https://pll.harvard.edu/subject/business,In-Person,Leading Change and Organizational Renewal,"Evolve and lead an organization that blends best practices, innovation, and evolutionary change to respond nimbly to shifting conditions.","$17,500",Harvard Kennedy School,6 days long,Starts Mar 16
https://pll.harvard.edu/course/climate-change-and-energy-policymaking-long-term,Science,https://pll.harvard.edu/subject/science,In-Person,Climate Change and Energy: Policymaking for the Long Term,This week-long executive program considers the facts about climate change and its impacts.,"$10,500",Harvard Kennedy School,1 week long,NA
https://pll.harvard.edu/course/financial-management-health-care-non-financial-managers,Business,https://pll.harvard.edu/subject/business,Online,Financial Management in Health Care for Non-Financial Managers,"Learn financial management and control, and how to interact more effectively with finance personnel.","$2,200",Harvard Kennedy School,Self-paced,NA
https://pll.harvard.edu/course/driving-nonprofit-performance-and-innovation-virtual,Business,https://pll.harvard.edu/subject/business,Online Live,Driving Nonprofit Performance and Innovation—Virtual,Systematically measure and manage performance in ways that enhance your nonprofit organization's ability to deliver on its mission.,"$4,200",Harvard Kennedy School,9 days long,Starts Mar 20
https://pll.harvard.edu/course/driving-nonprofit-performance-and-innovation,Social Sciences,https://pll.harvard.edu/subject/social-sciences,Online,Driving Nonprofit Performance and Innovation,"In Harvard Kennedy School’s Driving Nonprofit Performance and Innovation online executive program, you will explore how to align mission and strategy through performance measurement.","$4,200",Harvard Kennedy School,1 week long,NA
https://pll.harvard.edu/course/negotiation-strategies-building-agreements-across-boundaries,Social Sciences,https://pll.harvard.edu/subject/social-sciences,Online,Negotiation Strategies: Building Agreements Across Boundaries,"Negotiation Strategies: Building Agreement Across Boundaries is an online executive program that goes beyond other negotiation workshops to address the challenges of negotiating across cultures, organizations, and sectors.","$4,800",Harvard Kennedy School,Self-paced,NA
https://pll.harvard.edu/course/accelerated-leadership-program-0,Social Sciences,https://pll.harvard.edu/subject/social-sciences,In-Person,Accelerated Leadership Program,The Accelerated Leadership Program (ALP) is designed to provide participants with the knowledge and skills they need to successfully advance to the next level of leadership.,"$14,500",Harvard Kennedy School,4 days long,Starts Mar 24
https://pll.harvard.edu/course/leadership-crises,Social Sciences,https://pll.harvard.edu/subject/social-sciences,In-Person,Leadership in Crises,Leadership in Crises is an on campus executive program that will help you learn how to build the expertise needed to ensure a more successful crisis management process.,"$10,500",Harvard Kennedy School,Self-paced,NA
https://pll.harvard.edu/course/driving-digital-strategy,Business,https://pll.harvard.edu/subject/business,In-Person,Driving Digital Strategy,"Analyze how digital technologies are transforming industries, business models and marketing—and prepare to build your own digital strategy.","$14,500",Harvard Kennedy School,5 days long,Starts Mar 30
https://pll.harvard.edu/course/senior-executive-fellows/2025-03,Social Sciences,https://pll.harvard.edu/subject/social-sciences,In-Person,Senior Executive Fellows,Senior Executive Fellows is the unparalleled professional development program for public sector executives who want to sharpen their leadership and managerial skills.,"$25,800",Harvard Kennedy School,4 weeks long,NA
https://pll.harvard.edu/course/ascending-peak-finding-leader-within-virtual,Business,https://pll.harvard.edu/subject/business,Online Live,Ascending the Peak: Finding the Leader Within—Virtual,"Lead with courage and conviction through challenging times and toward worthy, positive change.","$5,750",Harvard Kennedy School,8 weeks long,Starts Apr 1
https://pll.harvard.edu/course/global-financial-system-structure-and-regulation,Business,https://pll.harvard.edu/subject/business,In-Person,The Global Financial System: Structure and Regulation,Gain important insight into the worldwide financial system and its implications for the legal sector.,"$10,000",Harvard Kennedy School,Self-paced,Starts Apr 2
https://pll.harvard.edu/course/leading-digital-era,Business,https://pll.harvard.edu/subject/business,In-Person,Leading in the Digital Era,"Drive growth by harnessing digital technologies and data analytics to build organizations that are agile, resilient, and sustainable.","$14,500",Harvard Kennedy School,1 week long,Starts Apr 6
https://pll.harvard.edu/course/women-and-power,Social Sciences,https://pll.harvard.edu/subject/social-sciences,In-Person,Women and Power,Women and Power is an intensive one-week on campus program designed to accelerate women's leadership advancement.,"$10,500",Harvard Kennedy School,1 week long,NA
https://pll.harvard.edu/course/surgical-leadership,Health & Medicine,https://pll.harvard.edu/subject/health-medicine,Blended,Surgical Leadership,"This Harvard Medical School one-year, application-based certificate program equips surgeons with the skills, strategies and confidence to take on greater leadership roles.","$17,900 - $18,900",Harvard Kennedy School,Self-paced,Starts Apr 8
https://pll.harvard.edu/course/succeeding-strategic-cfo/2025-04,Business,https://pll.harvard.edu/subject/business,In-Person,Succeeding as a Strategic CFO,"Become a strategic chief financial officer by developing advanced skills in finance, strategy, leadership, and communication.","$11,750",Harvard Kennedy School,4 days long,Starts Apr 23
https://pll.harvard.edu/course/preparing-be-corporate-director/2025-04,Business,https://pll.harvard.edu/subject/business,In-Person,Preparing to Be a Corporate Director,Prepare to make a strong and lasting contribution on your first corporate board as you delve into directors' roles and responsibilities.,"$11,750",Harvard Kennedy School,4 days long,Starts Apr 23
https://pll.harvard.edu/course/impactful-leadership-enhancing-your-strategic-influence,Social Sciences,https://pll.harvard.edu/subject/social-sciences,In-Person,Impactful Leadership: Enhancing your Strategic Influence,Enhance your ability to be an effective and influential leader who can drive results.,"$5,250",Harvard Kennedy School,Self-paced,Starts Apr 23
https://pll.harvard.edu/course/transforming-customer-experiences,Business,https://pll.harvard.edu/subject/business,In-Person,Transforming Customer Experiences,"Create service models that deliver strategic advantage while building satisfaction, commitment, and loyalty among clients and employees.","$14,500",Harvard Kennedy School,6 days long,Starts Apr 27
https://pll.harvard.edu/course/advancing-women-color-leadership,Business,https://pll.harvard.edu/subject/business,In-Person,Advancing Women of Color in Leadership,"Discover new ways to thrive at work, fulfill your goals, and contribute more to your organization as a woman of color.","$5,750",Harvard Kennedy School,4 days long,Starts Apr 27
https://pll.harvard.edu/course/strategies-inclusive-growth,Social Sciences,https://pll.harvard.edu/subject/social-sciences,In-Person,Strategies for Inclusive Growth,"Strategies for Inclusive Growth is a one-week, on-campus program from Harvard Kennedy School Executive Education.","$10,200",Harvard Kennedy School,1 week long,NA
https://pll.harvard.edu/course/negotiation-strategies-building-agreements-across-boundaries/2025-04,Social Sciences,https://pll.harvard.edu/subject/social-sciences,In-Person,Negotiation Strategies: Building Agreements Across Boundaries,"Negotiation Strategies: Building Agreement Across Boundaries is an online executive program that goes beyond other negotiation workshops to address the challenges of negotiating across cultures, organizations, and sectors.","$10,500",Harvard Kennedy School,1 week long,NA
https://pll.harvard.edu/course/women-boards-getting-and-adding-value-3,Health & Medicine,https://pll.harvard.edu/subject/health-medicine,In-Person,Women on Boards: Getting On and Adding Value,"This program will put you on the path towards attaining a board position in health care and related industries. Gain direction, tools, and approaches for attaining a seat on a board of directors and being a successful board member","$3,800",Harvard Kennedy School,Self-paced,NA
https://pll.harvard.edu/course/infrastructure-market-economy-public-private-partnerships-climate-constrained-world,Social Sciences,https://pll.harvard.edu/subject/social-sciences,In-Person,Infrastructure in a Market Economy: Public-Private Partnerships in a Climate-Constrained World,This on-campus executive program from Harvard Kennedy School helps senior decision-makers address critical questions about public-private partnerships in infrastructure.,"$14,500",Harvard Kennedy School,Self-paced,NA
https://pll.harvard.edu/course/leadership-emerging-technology-security-strategy-risk,Social Sciences,https://pll.harvard.edu/subject/social-sciences,In-Person,"Leadership in Emerging Technology: Security, Strategy & Risk","This on-campus executive program is designed to equip leaders with the technical, strategic, and policy foundations necessary to navigate these critical emerging technologies.","$10,500",Harvard Kennedy School,1 week long,NA
https://pll.harvard.edu/course/strategic-leadership-enhancing-your-personal-effectiveness,Social Sciences,https://pll.harvard.edu/subject/social-sciences,Online,Strategic Leadership: Enhancing Your Personal Effectiveness,"This program is designed to help experienced leaders gain the tools needed to effectively resolve the difficult challenges you face, often on a daily basis. The program will introduce you to a new approach to leadership called “The 4P Framework”.","$5,300",Harvard Kennedy School,Self-paced,NA
https://pll.harvard.edu/course/leadership-strategies-evolving-health-care-executives-2,Health & Medicine,https://pll.harvard.edu/subject/health-medicine,In-Person,Leadership Strategies for Evolving Health Care Executives,"Develop the health care leadership skills to achieve individual and organizational objectives. Gain the skills to lead more effectively, including conflict resolution, operational analysis, employee management, and quality management.","$4,850",Harvard Kennedy School,Self-paced,NA
https://pll.harvard.edu/course/persuasive-communication-narrative-evidence-and-impact,Social Sciences,https://pll.harvard.edu/subject/social-sciences,Online,"Persuasive Communication: Narrative, Evidence, and Impact","Persuasive Communication is designed to help you build a critical set of skills in writing, speaking, and presentation by providing a dynamic forum to learn, practice, and receive feedback on these essential skills.","$4,800",Harvard Kennedy School,3 weeks long,NA
https://pll.harvard.edu/course/leading-health-systems-activating-transformational-change-0,Health & Medicine,https://pll.harvard.edu/subject/health-medicine,In-Person,Leading in Health Systems: Activating Transformational Change,Initiate and implement change in health care by leveraging meta-leadership.,"$3,100",Harvard Kennedy School,Self-paced,NA
https://pll.harvard.edu/course/high-potentials-leadership-program/2025-05,Business,https://pll.harvard.edu/subject/business,In-Person,High Potentials Leadership Program,Eliminate obstacles to growth by recognizing and overcoming challenges that arise as you take on broader leadership roles.,"$17,500",Harvard Kennedy School,6 days long,Starts May 18
https://pll.harvard.edu/course/leading-green-growth-economic-strategies-low-carbon-world,Social Sciences,https://pll.harvard.edu/subject/social-sciences,In-Person,Leading Green Growth: Economic Strategies for a Low-Carbon World,This one-week on-campus executive education program developed by Harvard Kennedy School provides a foundational understanding of decarbonization and its economic impact.,"$10,200",Harvard Kennedy School,1 week long,NA
https://pll.harvard.edu/course/growing-purposeful-leader,Business,https://pll.harvard.edu/subject/business,In-Person,Growing as a Purposeful Leader,"Orient your business around a greater noble purpose, develop strategies to bring that purpose to life, and drive exceptional outcomes.","$17,500",Harvard Kennedy School,6 days long,Starts May 18
https://pll.harvard.edu/course/creating-brand-value,Business,https://pll.harvard.edu/subject/business,In-Person,Creating Brand Value,"Create, nurture, and evolve consumer brands and brand strategies that deliver value for and drive sustainable competitive advantage.","$11,750",Harvard Kennedy School,4 days long,Starts May 28
https://pll.harvard.edu/course/strategy-building-and-sustaining-competitive-advantage/2025-06,Business,https://pll.harvard.edu/subject/business,In-Person,Strategy: Building and Sustaining Competitive Advantage,"Look ahead, analyze strategic tradeoffs, and craft groundbreaking strategies for staying ahead of the competition—today and in the future.","$17,500",Harvard Kennedy School,6 days long,Starts Jun 1
https://pll.harvard.edu/course/authentic-leader-development/2025-06,Business,https://pll.harvard.edu/subject/business,In-Person,Authentic Leader Development,Increase your effectiveness as a leader and earn the trust of colleagues by leading from your own core vision and most deeply held values.,"$16,000",Harvard Kennedy School,6 days long,Starts Jun 1
https://pll.harvard.edu/course/art-and-practice-leadership-development,Social Sciences,https://pll.harvard.edu/subject/social-sciences,In-Person,Art and Practice of Leadership Development,"This highly interactive and experiential executive program is designed to train executive leadership development professionals from around the world, including consultants, teachers and trainers.","$10,900",Harvard Kennedy School,Self-paced,NA
https://pll.harvard.edu/course/senior-executives-state-and-local-government,Social Sciences,https://pll.harvard.edu/subject/social-sciences,In-Person,Senior Executives in State and Local Government,This three week on campus executive provides a balance of traditional and hands-on learning experiences to help seasoned public officials better address the concerns of their constituents and communities.,"$17,900",Harvard Kennedy School,3 weeks long,NA
https://pll.harvard.edu/course/leadership-corporate-counsel-0,Business,https://pll.harvard.edu/subject/business,In-Person,Leadership in Corporate Counsel,"The Leadership in Corporate Counsel program offers in-house leaders insights into the challenges they face and the frameworks, concepts, and tools they need to succeed in their increasingly complicated roles.","$14,500",Harvard Kennedy School,1 week long,Starts Jun 2
https://pll.harvard.edu/course/senior-executive-fellows/2025-06,Social Sciences,https://pll.harvard.edu/subject/social-sciences,Online,Senior Executive Fellows,Senior Executive Fellows is the unparalleled professional development program for public sector executives who want to sharpen their leadership and managerial skills.,"$18,600",Harvard Kennedy School,4 weeks long,NA
https://pll.harvard.edu/course/negotiation-essentials-online/2025-06,Business,https://pll.harvard.edu/subject/business,Online,Negotiation Essentials Online,"Designed for maximum impact, this two-day online-only program is packed with negotation strategies, case studies based on real-world experience, and best practices designed to get you results.","$2,497",Harvard Kennedy School,Self-paced,Starts Jun 3
https://pll.harvard.edu/course/emerging-women-executives-health-care-0,Health & Medicine,https://pll.harvard.edu/subject/health-medicine,In-Person,Emerging Women Executives in Health Care,This leadership development program focused on women provides you with the skills to lead complex health care organizations.,"$4,900",Harvard Kennedy School,Self-paced,NA
https://pll.harvard.edu/course/business-entertainment-media-and-sports,Business,https://pll.harvard.edu/subject/business,In-Person,"The Business of Entertainment, Media, and Sports",Develop effective strategies and compelling offerings that take full advantage of opportunities in an evolving industry.,"$12,500",Harvard Kennedy School,4 days long,Starts Jun 4
https://pll.harvard.edu/course/guidelines-laboratory-design-health-and-safety-considerations-3,Health & Medicine,https://pll.harvard.edu/subject/health-medicine,In-Person,Guidelines for Laboratory Design: Health and Safety Considerations,"This applied program explores the needs of diverse stakeholders to ensure laboratories are safe, free of hazards, ergonomically sound, and environmentally friendly.","$3,200",Harvard Kennedy School,Self-paced,NA
https://pll.harvard.edu/course/disruptive-innovation,Business,https://pll.harvard.edu/subject/business,In-Person,Disruptive Innovation,"Drive innovation to lead breakthrough change, capture and defend market opportunities, and sustain competitive advantage.","$16,000",Harvard Kennedy School,6 days long,Starts Jun 16
https://pll.harvard.edu/course/leading-professional-service-firms/2025-06,Business,https://pll.harvard.edu/subject/business,In-Person,Leading Professional Service Firms,"Develop strategies and management approaches that balance client demands, employee satisfaction, and growth—and sustain a sound bottom line.","$17,500",Harvard Kennedy School,6 days long,Starts Jun 22
https://pll.harvard.edu/course/leadership-decision-making/2025-06,Social Sciences,https://pll.harvard.edu/subject/social-sciences,In-Person,Leadership Decision Making,features hands-on learning experiences that help leaders like you improve decision analysis and leadership effectiveness.,"$10,900",Harvard Kennedy School,1 week long,NA
https://pll.harvard.edu/course/driving-corporate-performance-aligning-scorecards-and-structure-strategy-execution,Business,https://pll.harvard.edu/subject/business,In-Person,Driving Corporate Performance: Aligning Scorecards and Structure for Strategy Execution,Align performance measurement systems with your strategy and organizational design to optimize execution and build competitive advantage.,"$15,500",Harvard Kennedy School,6 days long,Starts Jul 7
https://pll.harvard.edu/course/leading-artificial-intelligence-exploring-technology-and-policy,Social Sciences,https://pll.harvard.edu/subject/social-sciences,In-Person,Leading in Artificial Intelligence: Exploring Technology and Policy,An on campus executive program created jointly by Harvard’s Kennedy School and the Harvard John A. Paulson School of Engineering and Applied Sciences.,"$11,200",Harvard Kennedy School,Self-paced,NA
https://pll.harvard.edu/course/aligning-strategy-and-sales/2025-07,Business,https://pll.harvard.edu/subject/business,In-Person,Aligning Strategy and Sales,Maximize revenue and growth by ensuring that sales execution is closely aligned with strategic priorities.,"$16,000",Harvard Kennedy School,6 days long,Starts Jul 13
https://pll.harvard.edu/course/making-corporate-boards-more-effective/2025-07,Business,https://pll.harvard.edu/subject/business,In-Person,Making Corporate Boards More Effective,"Strengthen your board’s ability to fulfill multifaceted responsibilities, work effectively as a team, and foster company success.","$13,000",Harvard Kennedy School,4 days long,Starts Jul 16
https://pll.harvard.edu/course/changing-game-negotiation-and-competitive-decision-making/2025-07,Business,https://pll.harvard.edu/subject/business,In-Person,Changing the Game: Negotiation and Competitive Decision-Making,"Become a skilled representative your organization can trust in critical negotiations with partners, vendors, clients, investors, and others.","$15,500",Harvard Kennedy School,6 days long,Starts Jul 20
https://pll.harvard.edu/course/compensation-committees-new-challenges-new-solutions/2025-07,Business,https://pll.harvard.edu/subject/business,In-Person,"Compensation Committees: New Challenges, New Solutions","Structure more effective compensation plans to drive long-term performance, profitability, and employee satisfaction.","$8,000",Harvard Kennedy School,3 days long,Starts Jul 20
https://pll.harvard.edu/course/audit-committees-new-era-governance/2025-07,Business,https://pll.harvard.edu/subject/business,In-Person,Audit Committees in a New Era of Governance,"Meet evolving regulatory requirements while ensuring that financial reporting, compliance, and risk management efforts align with strategy.","$8,000",Harvard Kennedy School,3 days long,Starts Jul 23
https://pll.harvard.edu/course/strategic-perspectives-nonprofit-management,Business,https://pll.harvard.edu/subject/business,In-Person,Strategic Perspectives in Nonprofit Management,"Become a stronger leader, strategist, and change agent who can build a more sustainable and successful nonprofit organization.","$7,500",Harvard Kennedy School,7 days long,Starts Jul 27
https://pll.harvard.edu/course/cybersecurity-intersection-policy-and-technology/2025-07,Social Sciences,https://pll.harvard.edu/subject/social-sciences,In-Person,Cybersecurity: The Intersection of Policy and Technology,"An online executive program to explore how policy and technology, together, can address critical threats of the cyber world.","$10,200",Harvard Kennedy School,1 week long,NA
https://pll.harvard.edu/course/comparative-tax-policy-and-administration,Social Sciences,https://pll.harvard.edu/subject/social-sciences,In-Person,Comparative Tax Policy and Administration,"This on-campus executive program, Comparative Tax Policy and Administration, can provide you with insights and tools to adapt tax theory to everyday challenges.","$13,700",Harvard Kennedy School,2 weeks long,NA
https://pll.harvard.edu/course/real-estate-management-program/2025-11,Business,https://pll.harvard.edu/subject/business,In-Person,Real Estate Management Program,Position your real estate firm to seize new growth opportunities and maximize asset values in today's market.,"$15,500",Harvard Kennedy School,6 days long,Starts Nov 2
https://pll.harvard.edu/course/leading-and-building-culture-innovation/2025-12,Business,https://pll.harvard.edu/subject/business,In-Person,Leading and Building a Culture of Innovation,"Unleash your organization’s collective genius and set the stage for continuous, transformative innovation that fuels business growth.","$16,000",Harvard Kennedy School,6 days long,Starts Dec 7
https://pll.harvard.edu/course/behavioral-insights-and-public-policy,Social Sciences,https://pll.harvard.edu/subject/social-sciences,Online,Behavioral Insights and Public Policy,This online executive program will introduce you to cutting-edge research from various social science disciplines and how these can be used to build more effective policies.,"$4,800",Harvard Kennedy School,3 weeks long,NA
