Course link,Course Code,Category,Sub Category,Name ,Instructure,Topic,Resource Type
https://ocw.mit.edu/courses/14-44-energy-economics-spring-2007/,14.44, Undergraduate,courses,Energy Economics,"Prof. Paul Joskow, ","Science, Economics, Social Science","Lecture Notes, Instructor Insights , assignment, Multiple Assignment Types"
https://ocw.mit.edu/courses/21a-218j-identity-and-difference-spring-2010/,21A.101J (formerly 21A.218J) , Undergraduate,courses,Identity and Difference,"Prof. Jean Jackson, ","Social Science, Society, Anthropology","Lecture Notes, Instructor Insights , assignment, Multiple Assignment Types"
https://ocw.mit.edu/courses/18-01-single-variable-calculus-fall-2006/,18.01, Undergraduate,courses,Single Variable Calculus,"Prof. David Jerison, ","Mathematics, Differential Equations, Calculus","Lecture Notes, Instructor Insights , assignment, Multiple Assignment Types"
https://ocw.mit.edu/courses/21h-181-libertarianism-in-history-spring-2014/,21H.181 , Undergraduate,courses,Libertarianism in History,"Prof. Malick Ghachem, ","Humanities, History, Social Science","Lecture Notes, Instructor Insights , assignment, Multiple Assignment Types"
https://ocw.mit.edu/courses/7-016-introductory-biology-fall-2018/,7.016, Undergraduate,courses,Introductory Biology,"Prof. Barbara Imperiali, Prof. Adam Martin","Science, Health and Medicine, Biology","Lecture Notes, Instructor Insights , assignment, Multiple Assignment Types"
https://ocw.mit.edu/courses/4-175-case-studies-in-city-form-fall-2005/,4.175, Graduate,courses,Case Studies in City Form,"Prof. Michael Dennis, Mr. Anubhav Gupta","Architecture, Social Science, Fine Arts","Lecture Notes, Instructor Insights , assignment, Multiple Assignment Types"
https://ocw.mit.edu/courses/16-852j-integrating-the-lean-enterprise-fall-2005/,16.852J , Graduate,courses,Integrating the Lean Enterprise,"Prof. Deborah Nightingale, ","Engineering, Systems Engineering, Business","Lecture Notes, Instructor Insights , assignment, Multiple Assignment Types"
https://ocw.mit.edu/courses/10-490-integrated-chemical-engineering-i-fall-2006/,10.49, Undergraduate,courses,Integrated Chemical Engineering I,"Dr. Barry S. Johnston, ","Engineering, Science, Chemistry","Lecture Notes, Instructor Insights , assignment, Multiple Assignment Types"
https://ocw.mit.edu/courses/15-965-technology-strategy-for-system-design-and-management-spring-2009/,15.965, Graduate,courses,Technology Strategy for System Design and Management,"Michael A. M. Davies, ","Management, Leadership, Business","Lecture Notes, Instructor Insights , assignment, Multiple Assignment Types"
https://ocw.mit.edu/courses/14-126-game-theory-spring-2016/,14.126, Graduate,courses,Game Theory,"Prof. Mihai Manea, ","Economics, Social Science, Game Theory","Lecture Notes, Instructor Insights , assignment, Multiple Assignment Types"
https://ocw.mit.edu/courses/12-003-atmosphere-ocean-and-climate-dynamics-fall-2008/,12.003, Undergraduate,courses,"Atmosphere, Ocean and Climate Dynamics","Prof. Raffaele Ferrari, ","Engineering, Science, Earth Science","Lecture Notes, Instructor Insights , assignment, Multiple Assignment Types"
https://ocw.mit.edu/courses/12-425-extrasolar-planets-physics-and-detection-techniques-fall-2007/,12.425, Undergraduate,courses,Extrasolar Planets: Physics and Detection Techniques,"Prof. Sara Seager, ","Science, Physics, Earth Science","Lecture Notes, Instructor Insights , assignment, Multiple Assignment Types"
https://ocw.mit.edu/courses/6-092-introduction-to-programming-in-java-january-iap-2010/,6.092, Undergraduate,courses,Introduction to Programming in Java,"Evan Jones, Adam Marcus","Engineering, Computer Science, Software Design and Engineering","Lecture Notes, Instructor Insights , assignment, Multiple Assignment Types"
https://ocw.mit.edu/courses/18-700-linear-algebra-fall-2013/,18.7, Undergraduate,courses,Linear Algebra,"David Vogan, ","Mathematics, Linear Algebra, ","Lecture Notes, Instructor Insights , assignment, Multiple Assignment Types"
https://ocw.mit.edu/courses/18-303-linear-partial-differential-equations-analysis-and-numerics-fall-2014/,18.303, Undergraduate,courses,Linear Partial Differential Equations: Analysis and Numerics,"Prof. Steven G. Johnson, ","Mathematics, Applied Mathematics, Linear Algebra","Lecture Notes, Instructor Insights , assignment, Multiple Assignment Types"
https://ocw.mit.edu/courses/12-335-experimental-atmospheric-chemistry-fall-2014/,12.335," Undergraduate, Graduate",courses,Experimental Atmospheric Chemistry,"Dr. Karin Ardon Dryer, Prof. Shuhei Ono","Science, Chemistry, Earth Science","Lecture Notes, Instructor Insights , assignment, Multiple Assignment Types"
https://ocw.mit.edu/courses/21a-112-seminar-in-ethnography-and-fieldwork-spring-2008/,21A.112 , Undergraduate,courses,Seminar in Ethnography and Fieldwork,"Prof. Stefan Helmreich, ","Humanities, Ethics, Social Science","Lecture Notes, Instructor Insights , assignment, Multiple Assignment Types"
https://ocw.mit.edu/courses/15-792j-proseminar-in-manufacturing-fall-2005/,15.792J , Graduate,courses,Proseminar in Manufacturing,"Prof. Donald Rosenfield, ","Innovation, Leadership, Business","Lecture Notes, Instructor Insights , assignment, Multiple Assignment Types"
https://ocw.mit.edu/courses/16-886-air-transportation-systems-architecting-spring-2004/,16.886, Graduate,courses,Air Transportation Systems Architecting,"Prof. John-Paul Clarke, Prof. John Hansman","Engineering, Systems Engineering, Social Science","Lecture Notes, Instructor Insights , assignment, Multiple Assignment Types"
https://ocw.mit.edu/courses/21l-704-studies-in-poetry-20th-century-irish-poetry-the-shadow-of-w-b-yeats-spring-2008/,21L.704 , Undergraduate,courses,Studies in Poetry: 20th Century Irish Poetry: The Shadow of W. B. Yeats,"Prof. John Hildebidle, ","Humanities, Literature, Criticism","Lecture Notes, Instructor Insights , assignment, Multiple Assignment Types"
https://ocw.mit.edu/courses/17-100j-political-economy-i-spring-2016/,17.100J , Graduate,courses,Political Economy I,"Prof. Suzanne Berger, Prof. Michael Piore","Economics, Social Science, Political Science","Lecture Notes, Instructor Insights , assignment, Multiple Assignment Types"
https://ocw.mit.edu/courses/21g-880-accelerated-introductory-portuguese-for-spanish-speakers-fall-2013/,21G.880 , Undergraduate,courses,Accelerated Introductory Portuguese for Spanish Speakers,"Dr. Nilma Dominique, ","Humanities, Language, Society","Lecture Notes, Instructor Insights , assignment, Multiple Assignment Types"
https://ocw.mit.edu/courses/21l-006-american-literature-spring-2013/,21L.006 , Undergraduate,courses,American Literature,"Dr. Wyn Kelley, ","Humanities, Literature, Classics","Lecture Notes, Instructor Insights , assignment, Multiple Assignment Types"
https://ocw.mit.edu/courses/2-61-internal-combustion-engines-spring-2017/,2.61, Graduate,courses,Internal Combustion Engines,"Prof. Wai Cheng, ","Engineering, Science, Physics","Lecture Notes, Instructor Insights , assignment, Multiple Assignment Types"
https://ocw.mit.edu/courses/2-96-management-in-engineering-fall-2012/,2.96, Undergraduate,courses,Management in Engineering,"Prof. Jung-Hoon Chun, Prof. Henry S. Marcus","Entrepreneurship, Business, Project Management","Lecture Notes, Instructor Insights , assignment, Multiple Assignment Types"
https://ocw.mit.edu/courses/3-051j-materials-for-biomedical-applications-spring-2006/,3.051J , Undergraduate,courses,Materials for Biomedical Applications,"Prof. Anne Mayes, ","Engineering, Biological Engineering, Materials Science and Engineering","Lecture Notes, Instructor Insights , assignment, Multiple Assignment Types"
https://ocw.mit.edu/courses/3-35-fracture-and-fatigue-fall-2003/,3.35, Graduate,courses,Fracture and Fatigue,"Prof. Subra Suresh, ","Engineering, Mechanical Engineering, Materials Science and Engineering","Lecture Notes, Instructor Insights , assignment, Multiple Assignment Types"
https://ocw.mit.edu/courses/6-033-computer-system-engineering-spring-2018/,6.033, Undergraduate,courses,Computer System Engineering,"Dr. Katrina LaCurts, ","Engineering, Computer Science, Software Design and Engineering","Lecture Notes, Instructor Insights , assignment, Multiple Assignment Types"
https://ocw.mit.edu/courses/mas-160-signals-systems-and-information-for-media-technology-fall-2007/,MAS.160 , Undergraduate,courses,"Signals, Systems and Information for Media Technology","Dr. V. Michael Bove, Prof. Rosalind W. Picard","Engineering, Systems Engineering, Electrical Engineering","Lecture Notes, Instructor Insights , assignment, Multiple Assignment Types"
https://ocw.mit.edu/courses/6-012-microelectronic-devices-and-circuits-fall-2009/,6.012, Undergraduate,courses,Microelectronic Devices and Circuits,"Prof. Clifton Fonstad, ","Engineering, Computer Science, Electronics","Lecture Notes, Instructor Insights , assignment, Multiple Assignment Types"
https://ocw.mit.edu/courses/ec-716-d-lab-waste-fall-2015/,EC.716 , Undergraduate,courses,D-Lab: Waste,"Kate Mytty, Pedro Reynolds-Cuellar","Science, Social Science, Public Administration","Lecture Notes, Instructor Insights , assignment, Multiple Assignment Types"
https://ocw.mit.edu/courses/7-391-concept-centered-teaching-spring-2006/,7.391, Undergraduate,courses,Concept-Centered Teaching,"Dr. Melissa Kosinski-Collins, ","Science, Teaching and Education, Curriculum and Teaching","Lecture Notes, Instructor Insights , assignment, Multiple Assignment Types"
https://ocw.mit.edu/courses/mas-836-sensor-technologies-for-interactive-environments-spring-2011/,MAS.836 , Graduate,courses,Sensor Technologies for Interactive Environments,"Prof. Joseph Paradiso, ","Engineering, Electronics, Electrical Engineering","Lecture Notes, Instructor Insights , assignment, Multiple Assignment Types"
https://ocw.mit.edu/courses/12-950-parallel-programming-for-multicore-machines-using-openmp-and-mpi-january-iap-2010/,12.95, Graduate,courses,Parallel Programming for Multicore Machines Using OpenMP and MPI,"Dr. Constantinos Evangelinos, ","Engineering, Computer Science, Software Design and Engineering","Lecture Notes, Instructor Insights , assignment, Multiple Assignment Types"
https://ocw.mit.edu/courses/14-472-public-economics-ii-spring-2004/,14.472, Graduate,courses,Public Economics II,"Prof. Peter Diamond, Prof. Jonathan Gruber","Economics, Social Science, Public Administration","Lecture Notes, Instructor Insights , assignment, Multiple Assignment Types"
https://ocw.mit.edu/courses/1-018j-ecology-i-the-earth-system-fall-2009/,1.018J , Undergraduate,courses,Ecology I: The Earth System,"Prof. Penny Chisholm, Prof. Edward DeLong","Science, Earth Science, Biology","Lecture Notes, Instructor Insights , assignment, Multiple Assignment Types"
https://ocw.mit.edu/courses/es-260-womens-novels-a-weekly-book-club-spring-2006/,ES.260 , Undergraduate,courses,Women's Novels: A Weekly Book Club,"Faye Kasemset, Jocelyn Rodal","Humanities, Literature, Society","Lecture Notes, Instructor Insights , assignment, Multiple Assignment Types"
https://ocw.mit.edu/courses/sts-089-technology-and-innovation-in-africa-fall-2014/,STS.089 , Undergraduate,courses,Technology and Innovation in Africa,"Prof. Clapperton Chakanetsa Mavhunga, ","Humanities, History, Innovation","Lecture Notes, Instructor Insights , assignment, Multiple Assignment Types"
https://ocw.mit.edu/courses/17-445-international-relations-theory-in-the-cyber-age-fall-2015/,17.445," Undergraduate, Graduate",courses,International Relations Theory in the Cyber Age,"Prof. Nazli Choucri, ","Social Science, Political Science, International Relations","Lecture Notes, Instructor Insights , assignment, Multiple Assignment Types"
https://ocw.mit.edu/courses/17-486-japan-and-east-asian-security-fall-2016/,17.486, Graduate,courses,Japan and East Asian Security,"Prof. Richard J. Samuels, ","Economics, Social Science, Public Administration","Lecture Notes, Instructor Insights , assignment, Multiple Assignment Types"
https://ocw.mit.edu/courses/18-155-differential-analysis-fall-2004/,18.155, Graduate,courses,Differential Analysis,"Prof. Richard Melrose, ","Mathematics, Differential Equations, Mathematical Analysis","Lecture Notes, Instructor Insights , assignment, Multiple Assignment Types"
https://ocw.mit.edu/courses/20-110j-thermodynamics-of-biomolecular-systems-fall-2005/,20.110J , Undergraduate,courses,Thermodynamics of Biomolecular Systems,"Prof. Moungi Bawendi, Prof. Robert Field","Engineering, Science, Physics","Lecture Notes, Instructor Insights , assignment, Multiple Assignment Types"
https://ocw.mit.edu/courses/21g-056-visual-histories-german-cinema-1945-to-present-fall-2003/,21G.056 , Undergraduate,courses,Visual  Histories: German Cinema 1945 to Present,"Prof. Bernd Widdig, ","Humanities, History, Visual Arts","Lecture Notes, Instructor Insights , assignment, Multiple Assignment Types"
https://ocw.mit.edu/courses/21g-110-chinese-iv-streamlined-spring-2004/,21G.110 , Undergraduate,courses,Chinese IV (Streamlined),"Tong Chen, ","Humanities, Language, Chinese","Lecture Notes, Instructor Insights , assignment, Multiple Assignment Types"
https://ocw.mit.edu/courses/21g-312-basic-themes-in-french-literature-and-culture-spring-2011/,21G.312 , Undergraduate,courses,Basic Themes in French Literature and Culture,"Prof. Bruno Perreau, ","Humanities, Literature, Language","Lecture Notes, Instructor Insights , assignment, Multiple Assignment Types"
https://ocw.mit.edu/courses/2-717j-optical-engineering-spring-2002/,2.717J , Graduate,courses,Optical Engineering,"Prof. George Barbastathis, ","Engineering, Science, Physics","Lecture Notes, Instructor Insights , assignment, Multiple Assignment Types"
https://ocw.mit.edu/courses/4-401-environmental-technologies-in-buildings-fall-2018/,4.401, Undergraduate,courses,Environmental Technologies in Buildings,"Prof. Christoph Reinhart, ","Architecture, Fine Arts, Energy","Lecture Notes, Instructor Insights , assignment, Multiple Assignment Types"
https://ocw.mit.edu/courses/4-638-drawings-numbers-five-centuries-of-digital-design-fall-2002/,4.638, Graduate,courses,Drawings & Numbers: Five Centuries of Digital Design,"Leonardo Diaz Borioli, Prof. Mario Carpo","Architecture, Mathematics, Fine Arts","Lecture Notes, Instructor Insights , assignment, Multiple Assignment Types"
https://ocw.mit.edu/courses/4-661-theory-and-method-in-the-study-of-architecture-and-art-fall-2015/,4.661, Graduate,courses,Theory and Method in the Study of Architecture and Art,"Prof. Caroline Jones, ","Humanities, History, Architecture","Lecture Notes, Instructor Insights , assignment, Multiple Assignment Types"
https://ocw.mit.edu/courses/6-453-quantum-optical-communication-fall-2016/,6.453, Graduate,courses,Quantum Optical Communication,"Prof. Jeffrey Shapiro, ","Engineering, Science, Physics","Lecture Notes, Instructor Insights , assignment, Multiple Assignment Types"
https://ocw.mit.edu/courses/2-993j-introduction-to-numerical-analysis-for-engineering-13-002j-spring-2005/,2.993J , Undergraduate,courses,Introduction to Numerical Analysis for Engineering (13.002J),"Prof. Henrik Schmidt, ","Engineering, Computer Science, Mathematics","Lecture Notes, Instructor Insights , assignment, Multiple Assignment Types"
https://ocw.mit.edu/courses/14-30-introduction-to-statistical-methods-in-economics-spring-2009/,14.3, Undergraduate,courses,Introduction to Statistical Methods in Economics,"Konrad Menzel, ","Mathematics, Probability and Statistics, Economics","Lecture Notes, Instructor Insights , assignment, Multiple Assignment Types"
https://ocw.mit.edu/courses/14-461-advanced-macroeconomics-i-fall-2012/,14.461, Graduate,courses,Advanced Macroeconomics I,"Prof. George-Marios Angeletos, Prof. Iván Werning","Economics, Social Science, Macroeconomics","Lecture Notes, Instructor Insights , assignment, Multiple Assignment Types"
https://ocw.mit.edu/courses/15-317-organizational-leadership-and-change-summer-2009/,15.317, Graduate,courses,Organizational Leadership and Change,"Janice Klein, ","Leadership, Business, Operations Management","Lecture Notes, Instructor Insights , assignment, Multiple Assignment Types"
https://ocw.mit.edu/courses/12-472-building-earth-like-planets-from-nebular-gas-to-ocean-worlds-fall-2008/,12.472, Graduate,courses,Building Earth-like Planets: From Nebular Gas to Ocean Worlds,"Prof. Lindy Elkins-Tanton, ","Science, Physics, Earth Science","Lecture Notes, Instructor Insights , assignment, Multiple Assignment Types"
https://ocw.mit.edu/courses/11-914-planning-communication-spring-2007/,11.914, Graduate,courses,Planning Communication,"Prof. Xavier de Souza Briggs, Prof. Langley Keyes","Communication, Social Science, Sociology","Lecture Notes, Instructor Insights , assignment, Multiple Assignment Types"
https://ocw.mit.edu/courses/9-12-experimental-molecular-neurobiology-fall-2006/,9.12, Undergraduate,courses,Experimental Molecular Neurobiology,"Prof. Yasunori Hayashi, Prof. Carlos Lois","Science, Biology, Cognitive Science","Lecture Notes, Instructor Insights , assignment, Multiple Assignment Types"
https://ocw.mit.edu/courses/24-901-language-and-its-structure-i-phonology-fall-2010/,24.901," Undergraduate, Graduate",courses,Language and Its Structure I: Phonology,"Prof. Michael Kenstowicz, ","Humanities, Linguistics, Phonology","Lecture Notes, Instructor Insights , assignment, Multiple Assignment Types"
https://ocw.mit.edu/courses/14-01sc-principles-of-microeconomics-fall-2011/,14.01SC , Undergraduate,courses,Principles of Microeconomics,"Prof. Jonathan Gruber, ","Economics, Social Science, Microeconomics","Lecture Notes, Instructor Insights , assignment, Multiple Assignment Types"
https://ocw.mit.edu/courses/15-433-investments-spring-2003/,15.433, Graduate,courses,Investments,"Prof. Reto Gallati, ","Economics, Social Science, Business","Lecture Notes, Instructor Insights , assignment, Multiple Assignment Types"
https://ocw.mit.edu/courses/8-03sc-physics-iii-vibrations-and-waves-fall-2016/,8.03SC , Undergraduate,courses,Physics III: Vibrations and Waves,"Prof. Yen-Jie Lee, ","Science, Physics, Atomic, Molecular, Optical Physics","Lecture Notes, Instructor Insights , assignment, Multiple Assignment Types"
https://ocw.mit.edu/courses/12-114-field-geology-i-fall-2005/,12.114, Undergraduate,courses,Field Geology I,"Prof. B. Clark Burchfiel, Ben Crosby","Science, Social Science, Earth Science","Lecture Notes, Instructor Insights , assignment, Multiple Assignment Types"
https://ocw.mit.edu/courses/6-189-a-gentle-introduction-to-programming-using-python-january-iap-2011/,6.189, Undergraduate,courses,A Gentle Introduction to Programming Using Python,"Sarina Canelake, ","Engineering, Computer Science, Software Design and Engineering","Lecture Notes, Instructor Insights , assignment, Multiple Assignment Types"
https://ocw.mit.edu/courses/pe-210-scuba-spring-2007/,PE.210 , Undergraduate,courses,SCUBA,"Prof. Halston Taylor, ","Health and Medicine, Physical Education and Recreation, ","Lecture Notes, Instructor Insights , assignment, Multiple Assignment Types"
https://ocw.mit.edu/courses/mas-965-nextlab-i-designing-mobile-technologies-for-the-next-billion-users-fall-2008/,MAS.965 , Undergraduate,courses,NextLab I: Designing Mobile Technologies for the Next Billion Users,"Dr. Gari Clifford, Dr. Richard Fletcher","Engineering, Entrepreneurship, Social Science","Lecture Notes, Instructor Insights , assignment, Multiple Assignment Types"
https://ocw.mit.edu/courses/12-820-turbulence-in-the-ocean-and-atmosphere-spring-2007/,12.82, Graduate,courses,Turbulence in the Ocean and Atmosphere,"Prof. Raffaele Ferrari, Prof. Glenn Flierl","Engineering, Science, Mechanical Engineering","Lecture Notes, Instructor Insights , assignment, Multiple Assignment Types"
https://ocw.mit.edu/courses/cms-631-data-storytelling-studio-climate-change-spring-2017/,CMS.631 , Undergraduate,courses,Data Storytelling Studio: Climate Change,"Rahul Bhargava, ","Communication, Social Science, Visual Arts","Lecture Notes, Instructor Insights , assignment, Multiple Assignment Types"
https://ocw.mit.edu/courses/15-s21-nuts-and-bolts-of-business-plans-january-iap-2014/,15.S21 , Graduate,courses,Nuts and Bolts of Business Plans,"Joseph Hadzima, ","Entrepreneurship, Innovation, Management","Lecture Notes, Instructor Insights , assignment, Multiple Assignment Types"
https://ocw.mit.edu/courses/16-121-analytical-subsonic-aerodynamics-fall-2017/,16.121, Graduate,courses,Analytical Subsonic Aerodynamics,"Prof. Wesley Harris, ","Engineering, Aerospace Engineering, Aerodynamics","Lecture Notes, Instructor Insights , assignment, Multiple Assignment Types"
https://ocw.mit.edu/courses/24-118-paradox-and-infinity-spring-2019/,24.118, Undergraduate,courses,Paradox and Infinity,"Prof. Agustín Rayo, ","Humanities, Mathematics, Social Science","Lecture Notes, Instructor Insights , assignment, Multiple Assignment Types"
https://ocw.mit.edu/courses/5-512-synthetic-organic-chemistry-ii-spring-2005/,5.512, Graduate,courses,Synthetic Organic Chemistry II,"Prof. Rick Danheiser, ","Engineering, Science, Chemistry","Lecture Notes, Instructor Insights , assignment, Multiple Assignment Types"
https://ocw.mit.edu/courses/6-827-multithreaded-parallelism-languages-and-compilers-fall-2002/,6.827, Graduate,courses,Multithreaded Parallelism: Languages and Compilers,"Prof. Arvind, ","Engineering, Computer Science, Software Design and Engineering","Lecture Notes, Instructor Insights , assignment, Multiple Assignment Types"
https://ocw.mit.edu/courses/6-976-high-speed-communication-circuits-and-systems-spring-2003/,6.976, Graduate,courses,High Speed Communication Circuits and Systems,"Prof. Michael Perrott, ","Engineering, Computer Science, Electrical Engineering","Lecture Notes, Instructor Insights , assignment, Multiple Assignment Types"
https://ocw.mit.edu/courses/9-52-b-topics-in-brain-and-cognitive-sciences-human-ethology-spring-2001/,9.52-B , Undergraduate,courses,Topics in Brain and Cognitive Sciences Human Ethology,"Prof. Gerald E. Schneider, ","Science, Social Science, Cognitive Science","Lecture Notes, Instructor Insights , assignment, Multiple Assignment Types"
https://ocw.mit.edu/courses/9-110j-neurology-neuropsychology-and-neurobiology-of-aging-spring-2005/,9.110J , Graduate,courses,"Neurology, Neuropsychology, and Neurobiology of Aging","Prof. Suzanne Corkin, Prof. Vernon M. Ingram","Science, Health and Medicine, Biology","Lecture Notes, Instructor Insights , assignment, Multiple Assignment Types"
https://ocw.mit.edu/courses/es-253-aids-and-poverty-in-africa-spring-2005/,ES.253 , Undergraduate,courses,AIDS and Poverty in Africa,"Raja Bobbili, Dr. Lee Perlman","Health and Medicine, The Developing World, Society","Lecture Notes, Instructor Insights , assignment, Multiple Assignment Types"
https://ocw.mit.edu/courses/12-141-electron-microprobe-analysis-january-iap-2012/,12.141, Undergraduate,courses,Electron Microprobe Analysis,"Dr. Nilanjan Chatterjee, ","Science, Chemistry, Analytical Chemistry","Lecture Notes, Instructor Insights , assignment, Multiple Assignment Types"
https://ocw.mit.edu/courses/15-872-system-dynamics-ii-fall-2013/,15.872, Graduate,courses,System Dynamics II,"Prof. Hazhir Rahmandad, Prof. John Sterman","Engineering, Management, Systems Engineering","Lecture Notes, Instructor Insights , assignment, Multiple Assignment Types"
https://ocw.mit.edu/courses/8-333-statistical-mechanics-i-statistical-mechanics-of-particles-fall-2013/,8.333, Graduate,courses,Statistical Mechanics I:  Statistical Mechanics of Particles,"Prof. Mehran Kardar, ","Science, Physics, Mathematics","Lecture Notes, Instructor Insights , assignment, Multiple Assignment Types"
https://ocw.mit.edu/courses/15-431-entrepreneurial-finance-spring-2011/,15.431, Graduate,courses,Entrepreneurial Finance,"Prof. Antoinette Schoar, ","Entrepreneurship, Economics, Social Science","Lecture Notes, Instructor Insights , assignment, Multiple Assignment Types"
https://ocw.mit.edu/courses/12-740-paleoceanography-spring-2008/,12.74, Graduate,courses,Paleoceanography,"Prof. Edward Boyle, ","Science, Earth Science, Geochemistry","Lecture Notes, Instructor Insights , assignment, Multiple Assignment Types"
https://ocw.mit.edu/courses/2-993j-introduction-to-numerical-analysis-for-engineering-13-002j-spring-2005/,2.993J , Undergraduate,courses,Introduction to Numerical Analysis for Engineering (13.002J),"Prof. Henrik Schmidt, ","Engineering, Computer Science, Mathematics","Lecture Notes, Instructor Insights , assignment, Multiple Assignment Types"
https://ocw.mit.edu/courses/14-30-introduction-to-statistical-methods-in-economics-spring-2009/,14.3, Undergraduate,courses,Introduction to Statistical Methods in Economics,"Konrad Menzel, ","Mathematics, Probability and Statistics, Economics","Lecture Notes, Instructor Insights , assignment, Multiple Assignment Types"
https://ocw.mit.edu/courses/14-461-advanced-macroeconomics-i-fall-2012/,14.461, Graduate,courses,Advanced Macroeconomics I,"Prof. George-Marios Angeletos, Prof. Iván Werning","Economics, Social Science, Macroeconomics","Lecture Notes, Instructor Insights , assignment, Multiple Assignment Types"
https://ocw.mit.edu/courses/15-317-organizational-leadership-and-change-summer-2009/,15.317, Graduate,courses,Organizational Leadership and Change,"Janice Klein, ","Leadership, Business, Operations Management","Lecture Notes, Instructor Insights , assignment, Multiple Assignment Types"
https://ocw.mit.edu/courses/12-472-building-earth-like-planets-from-nebular-gas-to-ocean-worlds-fall-2008/,12.472, Graduate,courses,Building Earth-like Planets: From Nebular Gas to Ocean Worlds,"Prof. Lindy Elkins-Tanton, ","Science, Physics, Earth Science","Lecture Notes, Instructor Insights , assignment, Multiple Assignment Types"
https://ocw.mit.edu/courses/11-914-planning-communication-spring-2007/,11.914, Graduate,courses,Planning Communication,"Prof. Xavier de Souza Briggs, Prof. Langley Keyes","Communication, Social Science, Sociology","Lecture Notes, Instructor Insights , assignment, Multiple Assignment Types"
https://ocw.mit.edu/courses/9-12-experimental-molecular-neurobiology-fall-2006/,9.12, Undergraduate,courses,Experimental Molecular Neurobiology,"Prof. Yasunori Hayashi, Prof. Carlos Lois","Science, Biology, Cognitive Science","Lecture Notes, Instructor Insights , assignment, Multiple Assignment Types"
https://ocw.mit.edu/courses/24-901-language-and-its-structure-i-phonology-fall-2010/,24.901," Undergraduate, Graduate",courses,Language and Its Structure I: Phonology,"Prof. Michael Kenstowicz, ","Humanities, Linguistics, Phonology","Lecture Notes, Instructor Insights , assignment, Multiple Assignment Types"
https://ocw.mit.edu/courses/14-01sc-principles-of-microeconomics-fall-2011/,14.01SC , Undergraduate,courses,Principles of Microeconomics,"Prof. Jonathan Gruber, ","Economics, Social Science, Microeconomics","Lecture Notes, Instructor Insights , assignment, Multiple Assignment Types"
https://ocw.mit.edu/courses/24-900-introduction-to-linguistics-fall-2012/,24.9, Undergraduate,courses,Introduction to Linguistics,"Prof. David Pesetsky, ","Humanities, Language, Linguistics","Lecture Notes, Instructor Insights , assignment, Multiple Assignment Types"
https://ocw.mit.edu/courses/24-946-linguistic-theory-and-the-japanese-language-fall-2004/,24.946, Undergraduate,courses,Linguistic Theory and the Japanese Language,"Prof. Shigeru Miyagawa, ","Humanities, Language, Linguistics","Lecture Notes, Instructor Insights , assignment, Multiple Assignment Types"
https://ocw.mit.edu/courses/6-837-computer-graphics-fall-2012/,6.837, Undergraduate,courses,Computer Graphics,"Prof. Frédo Durand, Prof. Wojciech Matusik","Engineering, Computer Science, Programming Languages","Lecture Notes, Instructor Insights , assignment, Multiple Assignment Types"
https://ocw.mit.edu/courses/9-081-human-memory-and-learning-fall-2002/,9.081, Graduate,courses,Human Memory and Learning,"Prof. Anthony Wagner, ","Science, Biology, Cognitive Science","Lecture Notes, Instructor Insights , assignment, Multiple Assignment Types"
https://ocw.mit.edu/courses/9-52-c-computational-cognitive-science-spring-2003/,9.52-C , Undergraduate,courses,Computational Cognitive Science,"Prof. Joshua Tenenbaum, ","Engineering, Science, Systems Engineering","Lecture Notes, Instructor Insights , assignment, Multiple Assignment Types"
https://ocw.mit.edu/courses/20-450-molecular-and-cellular-pathophysiology-be-450-spring-2005/,20.45, Graduate,courses,Molecular and Cellular Pathophysiology (BE.450),"Prof. David Schauer, ","Science, Health and Medicine, Biology","Lecture Notes, Instructor Insights , assignment, Multiple Assignment Types"
https://ocw.mit.edu/courses/16-851-satellite-engineering-fall-2003/,16.851, Graduate,courses,Satellite Engineering,"Col. John Keesee, Prof. David Miller","Engineering, Aerospace Engineering, Astrodynamics","Lecture Notes, Instructor Insights , assignment, Multiple Assignment Types"
https://ocw.mit.edu/courses/15-665-power-and-negotiation-spring-2014/,15.665, Graduate,courses,Power and Negotiation,"Ofer Sharone, ","Management, Leadership, Business","Lecture Notes, Instructor Insights , assignment, Multiple Assignment Types"
https://ocw.mit.edu/courses/3-21-kinetic-processes-in-materials-spring-2006/,3.21, Graduate,courses,Kinetic Processes in Materials,"Prof. Samuel Allen, Prof. Kenneth Russell","Engineering, Science, Physics","Lecture Notes, Instructor Insights , assignment, Multiple Assignment Types"
https://ocw.mit.edu/courses/6-041-probabilistic-systems-analysis-and-applied-probability-fall-2010/,6.041, Undergraduate,courses,Probabilistic Systems Analysis and Applied Probability,"Prof. John Tsitsiklis, ","Engineering, Mathematics, Systems Engineering","Lecture Notes, Instructor Insights , assignment, Multiple Assignment Types"
https://ocw.mit.edu/courses/4-313-advanced-studio-on-the-production-of-space-fall-2016/,4.313," Undergraduate, Graduate",courses,Advanced Studio on the Production of Space,"Nikola Bojic, Prof. Gediminas Urbonas","Engineering, Architecture, Fine Arts","Lecture Notes, Instructor Insights , assignment, Multiple Assignment Types"
https://ocw.mit.edu/courses/21w-735-writing-and-reading-the-essay-fall-2005/,21W.735 , Undergraduate,courses,Writing and Reading the Essay,"Dr. Rebecca Blevins Faery, ","Humanities, Literature, Nonfiction Prose","Lecture Notes, Instructor Insights , assignment, Multiple Assignment Types"
https://ocw.mit.edu/courses/17-251-congress-and-the-american-political-system-i-fall-2016/,17.251," Undergraduate, Graduate",courses,Congress and the American Political System I,"Prof. Charles Stewart, ","Social Science, Political Science, American Politics","Lecture Notes, Instructor Insights , assignment, Multiple Assignment Types"
https://ocw.mit.edu/courses/21a-445j-slavery-and-human-trafficking-in-the-21st-century-spring-2015/,21A.445J , Undergraduate,courses,Slavery and Human Trafficking in the 21st Century,"Mitali Thakor, ","Economics, Social Science, Political Science","Lecture Notes, Instructor Insights , assignment, Multiple Assignment Types"
https://ocw.mit.edu/courses/11-364-international-environmental-negotiation-fall-2010/,11.364, Graduate,courses,International Environmental Negotiation,"Prof. William Moomaw, Prof. Lawrence Susskind","Engineering, Science, Social Science","Lecture Notes, Instructor Insights , assignment, Multiple Assignment Types"
https://ocw.mit.edu/courses/16-920j-numerical-methods-for-partial-differential-equations-sma-5212-spring-2003/,16.920J , Graduate,courses,Numerical Methods for Partial Differential Equations (SMA 5212),"Prof. Boo Cheong Khoo, Prof. Anthony T. Patera","Mathematics, Applied Mathematics, Differential Equations","Lecture Notes, Instructor Insights , assignment, Multiple Assignment Types"
https://ocw.mit.edu/courses/1-010-uncertainty-in-engineering-fall-2008/,1.01, Undergraduate,courses,Uncertainty in Engineering,"Prof. Daniele Veneziano, ","Engineering, Mathematics, Probability and Statistics","Lecture Notes, Instructor Insights , assignment, Multiple Assignment Types"
https://ocw.mit.edu/courses/10-34-numerical-methods-applied-to-chemical-engineering-fall-2015/,10.34, Graduate,courses,Numerical Methods Applied to Chemical Engineering,"Prof. William Green, Prof. James W. Swan","Engineering, Computer Science, Mathematics","Lecture Notes, Instructor Insights , assignment, Multiple Assignment Types"
https://ocw.mit.edu/courses/17-42-causes-and-prevention-of-war-spring-2018/,17.42, Undergraduate,courses,Causes and Prevention of War,"Prof. Stephen Van Evera, ","Humanities, History, Social Science","Lecture Notes, Instructor Insights , assignment, Multiple Assignment Types"
https://ocw.mit.edu/courses/11-127j-computer-games-and-simulations-for-education-and-exploration-spring-2015/,11.127J , Graduate,courses,Computer Games and Simulations for Education and Exploration,"Prof. Eric Klopfer, ","Engineering, Computer Science, Teaching and Education","Lecture Notes, Instructor Insights , assignment, Multiple Assignment Types"
https://ocw.mit.edu/courses/21g-223-listening-speaking-and-pronunciation-fall-2004/,21G.223 ," Undergraduate, Graduate",courses,"Listening, Speaking, and Pronunciation","Isaiah WonHo Yoo, ","Humanities, Language, English as a Second Language","Lecture Notes, Instructor Insights , assignment, Multiple Assignment Types"
https://ocw.mit.edu/courses/21a-342-environmental-struggles-fall-2004/,21A.342 , Undergraduate,courses,Environmental Struggles,"Prof. Christine Walley, ","Humanities, Social Science, Public Administration","Lecture Notes, Instructor Insights , assignment, Multiple Assignment Types"
https://ocw.mit.edu/courses/21l-707-reading-cookbooks-from-the-forme-of-cury-to-the-smitten-kitchen-spring-2017/,21L.707 , Undergraduate,courses,Reading Cookbooks: from The Forme of Cury to The Smitten Kitchen,"Ina Lipkowitz, ","Humanities, Literature, History","Lecture Notes, Instructor Insights , assignment, Multiple Assignment Types"
https://ocw.mit.edu/courses/24-03-good-food-ethics-and-politics-of-food-spring-2017/,24.03, Undergraduate,courses,Good Food: Ethics and Politics of Food,"Prof. Sally Haslanger, ","Humanities, Ethics, The Developing World","Lecture Notes, Instructor Insights , assignment, Multiple Assignment Types"
https://ocw.mit.edu/courses/6-00-introduction-to-computer-science-and-programming-fall-2008/,6, Undergraduate,courses,Introduction to Computer Science and Programming,"Prof. Eric Grimson, Prof. John Guttag","Engineering, Computer Science, Programming Languages","Lecture Notes, Instructor Insights , assignment, Multiple Assignment Types"
https://ocw.mit.edu/courses/6-830-database-systems-fall-2010/,6.83," Graduate, Undergraduate",courses,Database Systems,"Dr. Carlo Curino, Prof. Samuel Madden","Engineering, Computer Science, Business","Lecture Notes, Instructor Insights , assignment, Multiple Assignment Types"
https://ocw.mit.edu/courses/8-325-relativistic-quantum-field-theory-iii-spring-2007/,8.325, Graduate,courses,Relativistic Quantum Field Theory III,"Prof. Iain Stewart, ","Science, Physics, Theoretical Physics","Lecture Notes, Instructor Insights , assignment, Multiple Assignment Types"
https://ocw.mit.edu/courses/9-036-the-visual-system-spring-2005/,9.036, Graduate,courses,The Visual System,"Prof. Peter H. Schiller, ","Science, Health and Medicine, Anatomy and Physiology","Lecture Notes, Instructor Insights , assignment, Multiple Assignment Types"
https://ocw.mit.edu/courses/hst-583-functional-magnetic-resonance-imaging-data-acquisition-and-analysis-fall-2008/,HST.583 , Graduate,courses,Functional Magnetic Resonance Imaging: Data Acquisition and Analysis,"Dr. Randy Gollub, ","Engineering, Electrical Engineering, Health and Medicine","Lecture Notes, Instructor Insights , assignment, Multiple Assignment Types"
https://ocw.mit.edu/courses/12-524-mechanical-properties-of-rocks-fall-2005/,12.524, Graduate,courses,Mechanical Properties of Rocks,"Prof. J. Evans, ","Science, Earth Science, Geophysics","Lecture Notes, Instructor Insights , assignment, Multiple Assignment Types"
https://ocw.mit.edu/courses/21h-802-modern-latin-america-1808-present-revolution-dictatorship-democracy-spring-2005/,21H.802 , Undergraduate,courses,"Modern Latin America, 1808-Present: Revolution, Dictatorship, Democracy","Prof. Jeffrey S. Ravel, ","Humanities, History, Social Science","Lecture Notes, Instructor Insights , assignment, Multiple Assignment Types"
https://ocw.mit.edu/courses/wgs-615-feminist-inquiry-strategies-for-effective-scholarship-fall-2012/,WGS.615 , Graduate,courses,Feminist Inquiry: Strategies for Effective Scholarship,"Prof. Renee Bergland, Prof. Frinde Maher","Society, Gender Studies, ","Lecture Notes, Instructor Insights , assignment, Multiple Assignment Types"
https://ocw.mit.edu/courses/15-617-the-law-of-corporate-finance-and-financial-markets-spring-2004/,15.617, Graduate,courses,The Law of Corporate Finance and Financial Markets,"Dr. John Akula, ","Economics, Social Science, Business","Lecture Notes, Instructor Insights , assignment, Multiple Assignment Types"
https://ocw.mit.edu/courses/6-003-signals-and-systems-fall-2011/,6.003, Undergraduate,courses,Signals and Systems,"Prof. Dennis Freeman, ","Engineering, Electrical Engineering, Signal Processing","Lecture Notes, Instructor Insights , assignment, Multiple Assignment Types"
https://ocw.mit.edu/courses/16-75j-airline-management-spring-2006/,16.75J , Graduate,courses,Airline Management,"Dr. Peter Belobaba, ","Management, Economics, Social Science","Lecture Notes, Instructor Insights , assignment, Multiple Assignment Types"
https://ocw.mit.edu/courses/16-410-principles-of-autonomy-and-decision-making-fall-2010/,16.41, Undergraduate,courses,Principles of Autonomy and Decision Making,"Prof. Emilio Frazzoli, Prof. Brian Charles Williams","Engineering, Science, Computer Science","Lecture Notes, Instructor Insights , assignment, Multiple Assignment Types"
https://ocw.mit.edu/courses/2-993-special-topics-in-mechanical-engineering-the-art-and-science-of-boat-design-january-iap-2007/,2.993, Undergraduate,courses,Special Topics in Mechanical Engineering: The Art and Science of Boat Design,"Christopher Dewart, Antonio Dias","Engineering, Mechanical Engineering, Ocean Engineering","Lecture Notes, Instructor Insights , assignment, Multiple Assignment Types"
https://ocw.mit.edu/courses/14-452-economic-growth-fall-2016/,14.452, Graduate,courses,Economic Growth,"Prof. Daron Acemoglu, ","Economics, Social Science, Developmental Economics","Lecture Notes, Instructor Insights , assignment, Multiple Assignment Types"
https://ocw.mit.edu/courses/12-109-petrology-fall-2005/,12.109, Undergraduate,courses,Petrology,"Prof. Timothy Grove, ","Science, Earth Science, Geochemistry","Lecture Notes, Instructor Insights , assignment, Multiple Assignment Types"
https://ocw.mit.edu/courses/16-423j-aerospace-biomedical-and-life-support-engineering-spring-2006/,16.423J , Graduate,courses,Aerospace Biomedical and Life Support Engineering,"Dava Newman, ","Engineering, Biological Engineering, Health and Medicine","Lecture Notes, Instructor Insights , assignment, Multiple Assignment Types"
https://ocw.mit.edu/courses/6-041-probabilistic-systems-analysis-and-applied-probability-fall-2010/,6.041, Undergraduate,courses,Probabilistic Systems Analysis and Applied Probability,"Prof. John Tsitsiklis, ","Engineering, Mathematics, Systems Engineering","Lecture Notes, Instructor Insights , assignment, Multiple Assignment Types"
https://ocw.mit.edu/courses/4-313-advanced-studio-on-the-production-of-space-fall-2016/,4.313," Undergraduate, Graduate",courses,Advanced Studio on the Production of Space,"Nikola Bojic, Prof. Gediminas Urbonas","Engineering, Architecture, Fine Arts","Lecture Notes, Instructor Insights , assignment, Multiple Assignment Types"
https://ocw.mit.edu/courses/21w-735-writing-and-reading-the-essay-fall-2005/,21W.735 , Undergraduate,courses,Writing and Reading the Essay,"Dr. Rebecca Blevins Faery, ","Humanities, Literature, Nonfiction Prose","Lecture Notes, Instructor Insights , assignment, Multiple Assignment Types"
https://ocw.mit.edu/courses/17-251-congress-and-the-american-political-system-i-fall-2016/,17.251," Undergraduate, Graduate",courses,Congress and the American Political System I,"Prof. Charles Stewart, ","Social Science, Political Science, American Politics","Lecture Notes, Instructor Insights , assignment, Multiple Assignment Types"
https://ocw.mit.edu/courses/21a-445j-slavery-and-human-trafficking-in-the-21st-century-spring-2015/,21A.445J , Undergraduate,courses,Slavery and Human Trafficking in the 21st Century,"Mitali Thakor, ","Economics, Social Science, Political Science","Lecture Notes, Instructor Insights , assignment, Multiple Assignment Types"
https://ocw.mit.edu/courses/11-364-international-environmental-negotiation-fall-2010/,11.364, Graduate,courses,International Environmental Negotiation,"Prof. William Moomaw, Prof. Lawrence Susskind","Engineering, Science, Social Science","Lecture Notes, Instructor Insights , assignment, Multiple Assignment Types"
https://ocw.mit.edu/courses/16-920j-numerical-methods-for-partial-differential-equations-sma-5212-spring-2003/,16.920J , Graduate,courses,Numerical Methods for Partial Differential Equations (SMA 5212),"Prof. Boo Cheong Khoo, Prof. Anthony T. Patera","Mathematics, Applied Mathematics, Differential Equations","Lecture Notes, Instructor Insights , assignment, Multiple Assignment Types"
https://ocw.mit.edu/courses/1-010-uncertainty-in-engineering-fall-2008/,1.01, Undergraduate,courses,Uncertainty in Engineering,"Prof. Daniele Veneziano, ","Engineering, Mathematics, Probability and Statistics","Lecture Notes, Instructor Insights , assignment, Multiple Assignment Types"
https://ocw.mit.edu/courses/10-34-numerical-methods-applied-to-chemical-engineering-fall-2015/,10.34, Graduate,courses,Numerical Methods Applied to Chemical Engineering,"Prof. William Green, Prof. James W. Swan","Engineering, Computer Science, Mathematics","Lecture Notes, Instructor Insights , assignment, Multiple Assignment Types"
https://ocw.mit.edu/courses/17-42-causes-and-prevention-of-war-spring-2018/,17.42, Undergraduate,courses,Causes and Prevention of War,"Prof. Stephen Van Evera, ","Humanities, History, Social Science","Lecture Notes, Instructor Insights , assignment, Multiple Assignment Types"
https://ocw.mit.edu/courses/21h-418-from-print-to-digital-technologies-of-the-word-1450-present-fall-2005/,21H.418 , Undergraduate,courses,"From Print to Digital: Technologies of the Word, 1450-Present","Prof. Jeffrey S. Ravel, ","Humanities, History, Media Studies","Lecture Notes, Instructor Insights , assignment, Multiple Assignment Types"
https://ocw.mit.edu/courses/10-675j-computational-quantum-mechanics-of-molecular-and-extended-systems-fall-2004/,10.675J , Graduate,courses,Computational Quantum Mechanics of Molecular and Extended Systems,"Prof. Bernhardt Trout, ","Engineering, Science, Physics","Lecture Notes, Instructor Insights , assignment, Multiple Assignment Types"
https://ocw.mit.edu/courses/6-973-communication-system-design-spring-2006/,6.973, Graduate,courses,Communication System Design,"Prof. Vladimir Stojanovic, ","Engineering, Computer Science, Systems Engineering","Lecture Notes, Instructor Insights , assignment, Multiple Assignment Types"
https://ocw.mit.edu/courses/15-821-listening-to-the-customer-fall-2002/,15.821, Graduate,courses,Listening to the Customer,"Prof. Drazen Prelec, ","Communication, Social Science, Business","Lecture Notes, Instructor Insights , assignment, Multiple Assignment Types"
https://ocw.mit.edu/courses/24-242-logic-ii-spring-2004/,24.242, Undergraduate,courses,Logic II,"Prof. Vann McGee, ","Engineering, Computer Science, Humanities","Lecture Notes, Instructor Insights , assignment, Multiple Assignment Types"
https://ocw.mit.edu/courses/1-259j-transit-management-fall-2006/,1.259J , Graduate,courses,Transit Management,"Prof. Nigel Wilson, ","Social Science, Business, Urban Studies","Lecture Notes, Instructor Insights , assignment, Multiple Assignment Types"
https://ocw.mit.edu/courses/5-13-organic-chemistry-ii-fall-2006/,5.13, Undergraduate,courses,Organic Chemistry II,"Dr. Kimberly Berkowski, Prof. Timothy F. Jamison","Science, Chemistry, Organic Chemistry","Lecture Notes, Instructor Insights , assignment, Multiple Assignment Types"
https://ocw.mit.edu/courses/1-77-water-quality-control-spring-2006/,1.77, Graduate,courses,Water Quality Control,"Dr. Eric Adams, ","Engineering, Environmental Engineering, Hydrology and Water Resource Systems","Lecture Notes, Instructor Insights , assignment, Multiple Assignment Types"
https://ocw.mit.edu/courses/1-731-water-resource-systems-fall-2006/,1.731, Graduate,courses,Water Resource Systems,"Prof. Dennis McLaughlin, ","Engineering, Environmental Engineering, Hydrology and Water Resource Systems","Lecture Notes, Instructor Insights , assignment, Multiple Assignment Types"
https://ocw.mit.edu/courses/21g-109-chinese-iii-streamlined-fall-2005/,21G.109 , Undergraduate,courses,Chinese III (Streamlined),"Jin Zhang, ","Humanities, Language, Chinese","Lecture Notes, Instructor Insights , assignment, Multiple Assignment Types"
https://ocw.mit.edu/courses/12-524-mechanical-properties-of-rocks-fall-2005/,12.524, Graduate,courses,Mechanical Properties of Rocks,"Prof. J. Evans, ","Science, Earth Science, Geophysics","Lecture Notes, Instructor Insights , assignment, Multiple Assignment Types"
https://ocw.mit.edu/courses/21h-802-modern-latin-america-1808-present-revolution-dictatorship-democracy-spring-2005/,21H.802 , Undergraduate,courses,"Modern Latin America, 1808-Present: Revolution, Dictatorship, Democracy","Prof. Jeffrey S. Ravel, ","Humanities, History, Social Science","Lecture Notes, Instructor Insights , assignment, Multiple Assignment Types"
https://ocw.mit.edu/courses/wgs-615-feminist-inquiry-strategies-for-effective-scholarship-fall-2012/,WGS.615 , Graduate,courses,Feminist Inquiry: Strategies for Effective Scholarship,"Prof. Renee Bergland, Prof. Frinde Maher","Society, Gender Studies, ","Lecture Notes, Instructor Insights , assignment, Multiple Assignment Types"
https://ocw.mit.edu/courses/15-617-the-law-of-corporate-finance-and-financial-markets-spring-2004/,15.617, Graduate,courses,The Law of Corporate Finance and Financial Markets,"Dr. John Akula, ","Economics, Social Science, Business","Lecture Notes, Instructor Insights , assignment, Multiple Assignment Types"
https://ocw.mit.edu/courses/6-003-signals-and-systems-fall-2011/,6.003, Undergraduate,courses,Signals and Systems,"Prof. Dennis Freeman, ","Engineering, Electrical Engineering, Signal Processing","Lecture Notes, Instructor Insights , assignment, Multiple Assignment Types"
https://ocw.mit.edu/courses/16-75j-airline-management-spring-2006/,16.75J , Graduate,courses,Airline Management,"Dr. Peter Belobaba, ","Management, Economics, Social Science","Lecture Notes, Instructor Insights , assignment, Multiple Assignment Types"
https://ocw.mit.edu/courses/16-410-principles-of-autonomy-and-decision-making-fall-2010/,16.41, Undergraduate,courses,Principles of Autonomy and Decision Making,"Prof. Emilio Frazzoli, Prof. Brian Charles Williams","Engineering, Science, Computer Science","Lecture Notes, Instructor Insights , assignment, Multiple Assignment Types"
https://ocw.mit.edu/courses/2-993-special-topics-in-mechanical-engineering-the-art-and-science-of-boat-design-january-iap-2007/,2.993, Undergraduate,courses,Special Topics in Mechanical Engineering: The Art and Science of Boat Design,"Christopher Dewart, Antonio Dias","Engineering, Mechanical Engineering, Ocean Engineering","Lecture Notes, Instructor Insights , assignment, Multiple Assignment Types"
https://ocw.mit.edu/courses/14-452-economic-growth-fall-2016/,14.452, Graduate,courses,Economic Growth,"Prof. Daron Acemoglu, ","Economics, Social Science, Developmental Economics","Lecture Notes, Instructor Insights , assignment, Multiple Assignment Types"
https://ocw.mit.edu/courses/12-109-petrology-fall-2005/,12.109, Undergraduate,courses,Petrology,"Prof. Timothy Grove, ","Science, Earth Science, Geochemistry","Lecture Notes, Instructor Insights , assignment, Multiple Assignment Types"
https://ocw.mit.edu/courses/wgs-111-gender-media-collaborations-in-feminism-and-technology-spring-2016/,WGS.111 , Undergraduate,courses,Gender & Media: Collaborations in Feminism and Technology,"Dr. K.J. Surkan, ","Communication, Social Science, Society","Lecture Notes, Instructor Insights , assignment, Multiple Assignment Types"
https://ocw.mit.edu/courses/15-818-pricing-spring-2010/,15.818, Graduate,courses,Pricing,"Prof. Catherine Tucker, ","Economics, Social Science, Business","Lecture Notes, Instructor Insights , assignment, Multiple Assignment Types"
https://ocw.mit.edu/courses/2-25-advanced-fluid-mechanics-fall-2013/,2.25, Graduate,courses,Advanced Fluid Mechanics,"Prof. Gareth McKinley, ","Engineering, Mechanical Engineering, Fluid Mechanics","Lecture Notes, Instructor Insights , assignment, Multiple Assignment Types"
https://ocw.mit.edu/courses/18-314-combinatorial-analysis-fall-2014/,18.314, Undergraduate,courses,Combinatorial Analysis,"Prof. Richard Stanley, ","Mathematics, Applied Mathematics, Discrete Mathematics","Lecture Notes, Instructor Insights , assignment, Multiple Assignment Types"
https://ocw.mit.edu/courses/24-04j-justice-spring-2012/,24.04J , Undergraduate,courses,Justice,"Prof. Lucas Stanczyk, ","Humanities, Ethics, Social Science","Lecture Notes, Instructor Insights , assignment, Multiple Assignment Types"
https://ocw.mit.edu/courses/10-467-polymer-science-laboratory-fall-2005/,10.467, Undergraduate,courses,Polymer Science Laboratory,"Mr. Harlan Breindel, Prof. Paula Hammond","Engineering, Science, Chemistry","Lecture Notes, Instructor Insights , assignment, Multiple Assignment Types"
https://ocw.mit.edu/courses/15-228-mba-study-tour-innovation-islands-how-new-zealand-became-a-global-player-in-the-race-to-innovate-spring-2016/,15.228, Graduate,courses,MBA Study Tour: Innovation Islands - How New Zealand Became A Global Player in the Race to Innovate,"Prof. Neal Hartman, ","Entrepreneurship, Innovation, Management","Lecture Notes, Instructor Insights , assignment, Multiple Assignment Types"
https://ocw.mit.edu/courses/4-112-architecture-design-fundamentals-i-nano-machines-fall-2012/,4.112, Undergraduate,courses,Architecture Design Fundamentals I: Nano-Machines,"Skylar Tibbits, ","Architecture, Fine Arts, Architectural Design","Lecture Notes, Instructor Insights , assignment, Multiple Assignment Types"
https://ocw.mit.edu/courses/12-491-non-conventional-light-stable-isotope-geochemistry-spring-2012/,12.491, Graduate,courses,Non-conventional Light Stable Isotope Geochemistry,"Prof. Shuhei Ono, ","Science, Earth Science, Geochemistry","Lecture Notes, Instructor Insights , assignment, Multiple Assignment Types"
https://ocw.mit.edu/courses/3-986-the-human-past-introduction-to-archaeology-fall-2006/,3.986, Undergraduate,courses,The Human Past: Introduction to Archaeology,"Dr. Harry Merrick, ","Social Science, Archaeology, ","Lecture Notes, Instructor Insights , assignment, Multiple Assignment Types"
https://ocw.mit.edu/courses/15-358-the-software-business-fall-2005/,15.358, Graduate,courses,The Software Business,"Prof. Michael Cusumano, ","Engineering, Computer Science, Entrepreneurship","Lecture Notes, Instructor Insights , assignment, Multiple Assignment Types"
https://ocw.mit.edu/courses/21h-418-from-print-to-digital-technologies-of-the-word-1450-present-fall-2005/,21H.418 , Undergraduate,courses,"From Print to Digital: Technologies of the Word, 1450-Present","Prof. Jeffrey S. Ravel, ","Humanities, History, Media Studies","Lecture Notes, Instructor Insights , assignment, Multiple Assignment Types"
https://ocw.mit.edu/courses/10-675j-computational-quantum-mechanics-of-molecular-and-extended-systems-fall-2004/,10.675J , Graduate,courses,Computational Quantum Mechanics of Molecular and Extended Systems,"Prof. Bernhardt Trout, ","Engineering, Science, Physics","Lecture Notes, Instructor Insights , assignment, Multiple Assignment Types"
https://ocw.mit.edu/courses/6-973-communication-system-design-spring-2006/,6.973, Graduate,courses,Communication System Design,"Prof. Vladimir Stojanovic, ","Engineering, Computer Science, Systems Engineering","Lecture Notes, Instructor Insights , assignment, Multiple Assignment Types"
https://ocw.mit.edu/courses/15-821-listening-to-the-customer-fall-2002/,15.821, Graduate,courses,Listening to the Customer,"Prof. Drazen Prelec, ","Communication, Social Science, Business","Lecture Notes, Instructor Insights , assignment, Multiple Assignment Types"
https://ocw.mit.edu/courses/24-242-logic-ii-spring-2004/,24.242, Undergraduate,courses,Logic II,"Prof. Vann McGee, ","Engineering, Computer Science, Humanities","Lecture Notes, Instructor Insights , assignment, Multiple Assignment Types"
https://ocw.mit.edu/courses/1-259j-transit-management-fall-2006/,1.259J , Graduate,courses,Transit Management,"Prof. Nigel Wilson, ","Social Science, Business, Urban Studies","Lecture Notes, Instructor Insights , assignment, Multiple Assignment Types"
https://ocw.mit.edu/courses/5-13-organic-chemistry-ii-fall-2006/,5.13, Undergraduate,courses,Organic Chemistry II,"Dr. Kimberly Berkowski, Prof. Timothy F. Jamison","Science, Chemistry, Organic Chemistry","Lecture Notes, Instructor Insights , assignment, Multiple Assignment Types"
https://ocw.mit.edu/courses/1-77-water-quality-control-spring-2006/,1.77, Graduate,courses,Water Quality Control,"Dr. Eric Adams, ","Engineering, Environmental Engineering, Hydrology and Water Resource Systems","Lecture Notes, Instructor Insights , assignment, Multiple Assignment Types"
https://ocw.mit.edu/courses/1-731-water-resource-systems-fall-2006/,1.731, Graduate,courses,Water Resource Systems,"Prof. Dennis McLaughlin, ","Engineering, Environmental Engineering, Hydrology and Water Resource Systems","Lecture Notes, Instructor Insights , assignment, Multiple Assignment Types"
https://ocw.mit.edu/courses/6-331-advanced-circuit-techniques-spring-2002/,6.331, Graduate,courses,Advanced Circuit Techniques,"Dr. Kent Lundberg, James Roberge","Engineering, Electronics, Electrical Engineering","Lecture Notes, Instructor Insights , assignment, Multiple Assignment Types"
https://ocw.mit.edu/courses/7-344-cellular-metabolism-and-cancer-nature-or-nurture-fall-2018/,7.344, Undergraduate,courses,Cellular Metabolism and Cancer: Nature or Nurture?,"Dr. Allison Lau, Dr. Evan Lien","Science, Health and Medicine, Biology","Lecture Notes, Instructor Insights , assignment, Multiple Assignment Types"
https://ocw.mit.edu/courses/cms-796-major-media-texts-fall-2006/,CMS.796 , Graduate,courses,Major Media Texts,"Prof. Diana Henderson, ","Humanities, Literature, Media Studies","Lecture Notes, Instructor Insights , assignment, Multiple Assignment Types"
https://ocw.mit.edu/courses/hst-510-genomics-computing-economics-and-society-fall-2005/,HST.510 , Graduate,courses,"Genomics, Computing, Economics, and Society","Dr. George Church, Shawn Douglas","Science, Economics, Social Science","Lecture Notes, Instructor Insights , assignment, Multiple Assignment Types"
https://ocw.mit.edu/courses/sts-428-technology-and-change-in-rural-america-fall-2004/,STS.428 , Graduate,courses,Technology and Change in Rural America,"Prof. Deborah Fitzgerald, ","Humanities, History, Social Science","Lecture Notes, Instructor Insights , assignment, Multiple Assignment Types"
https://ocw.mit.edu/courses/wgs-645-gendering-u-s-immigration-policy-sociopolitical-theological-and-feminist-perspectives-spring-2019/,WGS.645 , Graduate,courses,"Gendering U.S. Immigration Policy: Sociopolitical, Theological and Feminist Perspectives","Dr. Choi Hee An, Dr. Philip Kretsedemas","Social Science, Public Administration, Political Science","Lecture Notes, Instructor Insights , assignment, Multiple Assignment Types"
https://ocw.mit.edu/courses/12-517-dynamics-of-complex-systems-biological-and-environmental-coevolution-preceding-the-cambrian-explosion-spring-2005/,12.517, Graduate,courses,Dynamics of Complex Systems: Biological and Environmental Coevolution Preceding the Cambrian Explosion,"Prof. Daniel Rothman, ","Science, Earth Science, Biology","Lecture Notes, Instructor Insights , assignment, Multiple Assignment Types"
https://ocw.mit.edu/courses/4-184-architectural-design-workshop-collage-method-and-form-spring-2004/,4.184, Graduate,courses,Architectural Design Workshop: Collage - Method and Form,"Prof. Mark Jarzombek, ","Architecture, Fine Arts, Art History","Lecture Notes, Instructor Insights , assignment, Multiple Assignment Types"
https://ocw.mit.edu/courses/1-011-project-evaluation-spring-2011/,1.011, Undergraduate,courses,Project Evaluation,"Carl D. Martland, Prof. Joseph Sussman","Engineering, Economics, Social Science","Lecture Notes, Instructor Insights , assignment, Multiple Assignment Types"
https://ocw.mit.edu/courses/2-158j-computational-geometry-spring-2003/,2.158J , Graduate,courses,Computational Geometry,"Prof. Takashi Maekawa, Prof. Nicholas Patrikalakis","Engineering, Computer Science, Mathematics","Lecture Notes, Instructor Insights , assignment, Multiple Assignment Types"
https://ocw.mit.edu/courses/16-810-engineering-design-and-rapid-prototyping-january-iap-2007/,16.81, Undergraduate,courses,Engineering Design and Rapid Prototyping,"Prof. Olivier de Weck, ","Engineering, Mechanical Engineering, Systems Engineering","Lecture Notes, Instructor Insights , assignment, Multiple Assignment Types"
https://ocw.mit.edu/courses/11-225-argumentation-and-communication-fall-2006/,11.225, Graduate,courses,Argumentation and Communication,"Cherie Miot Abbanat, ","Communication, Humanities, Literature","Lecture Notes, Instructor Insights , assignment, Multiple Assignment Types"
https://ocw.mit.edu/courses/15-980j-organizing-for-innovative-product-development-spring-2007/,15.980J , Graduate,courses,Organizing for Innovative Product Development,"Prof. Tom Allen, Heng Xu","Engineering, Innovation, Systems Engineering","Lecture Notes, Instructor Insights , assignment, Multiple Assignment Types"
https://ocw.mit.edu/courses/1-206j-airline-schedule-planning-spring-2003/,1.206J , Graduate,courses,Airline Schedule Planning,"Prof. Cynthia Barnhart, ","Engineering, Systems Engineering, Social Science","Lecture Notes, Instructor Insights , assignment, Multiple Assignment Types"
https://ocw.mit.edu/courses/18-305-advanced-analytic-methods-in-science-and-engineering-fall-2004/,18.305, Graduate,courses,Advanced Analytic Methods in Science and Engineering,"Prof. Hung Cheng, ","Mathematics, Applied Mathematics, Differential Equations","Lecture Notes, Instructor Insights , assignment, Multiple Assignment Types"
https://ocw.mit.edu/courses/21a-470j-gender-and-representation-of-asian-women-spring-2010/,21A.470J , Undergraduate,courses,Gender and Representation of Asian Women,"Prof. Manduhai Buyandelger, ","Social Science, Society, Anthropology","Lecture Notes, Instructor Insights , assignment, Multiple Assignment Types"
https://ocw.mit.edu/courses/21g-801-portuguese-i-fall-2011/,21G.801 , Undergraduate,courses,Portuguese I,"Dr. Nilma Dominique, ","Humanities, Language, Social Science","Lecture Notes, Instructor Insights , assignment, Multiple Assignment Types"
https://ocw.mit.edu/courses/21g-010-introduction-to-european-and-latin-american-fiction-fall-2006/,21G.010 , Undergraduate,courses,Introduction to European and Latin American Fiction,"Prof. Margery Resnick, ","Humanities, Literature, Fiction","Lecture Notes, Instructor Insights , assignment, Multiple Assignment Types"
https://ocw.mit.edu/courses/21g-104-chinese-iv-regular-spring-2018/,21G.104 , Undergraduate,courses,Chinese IV (Regular),"Dr. Haohsiang Liao, ","Humanities, Language, Chinese","Lecture Notes, Instructor Insights , assignment, Multiple Assignment Types"
https://ocw.mit.edu/courses/21h-443-european-imperialism-in-the-19th-and-20th-centuries-spring-2006/,21H.443 , Undergraduate,courses,European Imperialism in the 19th and 20th Centuries,"Prof. David Ciarlo, ","Humanities, History, Business","Lecture Notes, Instructor Insights , assignment, Multiple Assignment Types"
https://ocw.mit.edu/courses/3-986-the-human-past-introduction-to-archaeology-fall-2006/,3.986, Undergraduate,courses,The Human Past: Introduction to Archaeology,"Dr. Harry Merrick, ","Social Science, Archaeology, ","Lecture Notes, Instructor Insights , assignment, Multiple Assignment Types"
https://ocw.mit.edu/courses/18-904-seminar-in-topology-spring-2011/,18.904, Undergraduate,courses,Seminar in Topology,"Dr. Andrew Snowden, ","Mathematics, Topology and Geometry, ","Lecture Notes, Instructor Insights , assignment, Multiple Assignment Types"
https://ocw.mit.edu/courses/9-19j-cognitive-behavioral-genetics-spring-2001/,9.19J , Undergraduate,courses,Cognitive & Behavioral Genetics,"Prof. Elly Nedivi, Prof. Steven Pinker","Science, Social Science, Biology","Lecture Notes, Instructor Insights , assignment, Multiple Assignment Types"
https://ocw.mit.edu/courses/11-433j-real-estate-economics-fall-2008/,11.433J , Graduate,courses,Real Estate Economics,"Prof. William Wheaton, ","Economics, Social Science, Public Administration","Lecture Notes, Instructor Insights , assignment, Multiple Assignment Types"
https://ocw.mit.edu/courses/14-32-econometrics-spring-2007/,14.32, Undergraduate,courses,Econometrics,"Prof. Joshua Angrist, ","Mathematics, Probability and Statistics, Economics","Lecture Notes, Instructor Insights , assignment, Multiple Assignment Types"
https://ocw.mit.edu/courses/14-581-international-economics-i-spring-2013/,14.581, Graduate,courses,International Economics I,"Prof. Arnaud Costinot, Prof. Dave Donaldson","Economics, Social Science, International Economics","Lecture Notes, Instructor Insights , assignment, Multiple Assignment Types"
https://ocw.mit.edu/courses/15-097-prediction-machine-learning-and-statistics-spring-2012/,15.097, Graduate,courses,Prediction: Machine Learning and Statistics,"Prof. Cynthia Rudin, ","Engineering, Computer Science, Artificial Intelligence","Lecture Notes, Instructor Insights , assignment, Multiple Assignment Types"
https://ocw.mit.edu/courses/esd-68j-communications-and-information-policy-spring-2006/,ESD.68J , Graduate,courses,Communications and Information Policy,"Dr. David D. Clark, Dr. Frank Field","Communication, Engineering, Social Science","Lecture Notes, Instructor Insights , assignment, Multiple Assignment Types"
https://ocw.mit.edu/courses/17-40-american-foreign-policy-past-present-and-future-fall-2017/,17.4, Undergraduate,courses,"American Foreign Policy: Past, Present, and Future","Prof. Stephen Van Evera, ","Social Science, Public Administration, Political Science","Lecture Notes, Instructor Insights , assignment, Multiple Assignment Types"
https://ocw.mit.edu/courses/18-357-interfacial-phenomena-fall-2010/,18.357, Graduate,courses,Interfacial Phenomena,"Prof. John W. M. Bush, ","Engineering, Mathematics, Mechanical Engineering","Lecture Notes, Instructor Insights , assignment, Multiple Assignment Types"
https://ocw.mit.edu/courses/4-104-architecture-studio-intentions-spring-2005/,4.104, Undergraduate,courses,Architecture Studio: Intentions,"Prof. Joel Turkel, ","Architecture, Fine Arts, Architectural Design","Lecture Notes, Instructor Insights , assignment, Multiple Assignment Types"
https://ocw.mit.edu/courses/6-331-advanced-circuit-techniques-spring-2002/,6.331, Graduate,courses,Advanced Circuit Techniques,"Dr. Kent Lundberg, James Roberge","Engineering, Electronics, Electrical Engineering","Lecture Notes, Instructor Insights , assignment, Multiple Assignment Types"
https://ocw.mit.edu/courses/7-344-cellular-metabolism-and-cancer-nature-or-nurture-fall-2018/,7.344, Undergraduate,courses,Cellular Metabolism and Cancer: Nature or Nurture?,"Dr. Allison Lau, Dr. Evan Lien","Science, Health and Medicine, Biology","Lecture Notes, Instructor Insights , assignment, Multiple Assignment Types"
https://ocw.mit.edu/courses/cms-796-major-media-texts-fall-2006/,CMS.796 , Graduate,courses,Major Media Texts,"Prof. Diana Henderson, ","Humanities, Literature, Media Studies","Lecture Notes, Instructor Insights , assignment, Multiple Assignment Types"
https://ocw.mit.edu/courses/hst-510-genomics-computing-economics-and-society-fall-2005/,HST.510 , Graduate,courses,"Genomics, Computing, Economics, and Society","Dr. George Church, Shawn Douglas","Science, Economics, Social Science","Lecture Notes, Instructor Insights , assignment, Multiple Assignment Types"
https://ocw.mit.edu/courses/sts-428-technology-and-change-in-rural-america-fall-2004/,STS.428 , Graduate,courses,Technology and Change in Rural America,"Prof. Deborah Fitzgerald, ","Humanities, History, Social Science","Lecture Notes, Instructor Insights , assignment, Multiple Assignment Types"
https://ocw.mit.edu/courses/wgs-645-gendering-u-s-immigration-policy-sociopolitical-theological-and-feminist-perspectives-spring-2019/,WGS.645 , Graduate,courses,"Gendering U.S. Immigration Policy: Sociopolitical, Theological and Feminist Perspectives","Dr. Choi Hee An, Dr. Philip Kretsedemas","Social Science, Public Administration, Political Science","Lecture Notes, Instructor Insights , assignment, Multiple Assignment Types"
https://ocw.mit.edu/courses/12-517-dynamics-of-complex-systems-biological-and-environmental-coevolution-preceding-the-cambrian-explosion-spring-2005/,12.517, Graduate,courses,Dynamics of Complex Systems: Biological and Environmental Coevolution Preceding the Cambrian Explosion,"Prof. Daniel Rothman, ","Science, Earth Science, Biology","Lecture Notes, Instructor Insights , assignment, Multiple Assignment Types"
https://ocw.mit.edu/courses/4-184-architectural-design-workshop-collage-method-and-form-spring-2004/,4.184, Graduate,courses,Architectural Design Workshop: Collage - Method and Form,"Prof. Mark Jarzombek, ","Architecture, Fine Arts, Art History","Lecture Notes, Instructor Insights , assignment, Multiple Assignment Types"
https://ocw.mit.edu/courses/1-011-project-evaluation-spring-2011/,1.011, Undergraduate,courses,Project Evaluation,"Carl D. Martland, Prof. Joseph Sussman","Engineering, Economics, Social Science","Lecture Notes, Instructor Insights , assignment, Multiple Assignment Types"
https://ocw.mit.edu/courses/21m-350-musical-analysis-spring-2008/,21M.350 , Undergraduate,courses,Musical Analysis,"Prof. Peter Child, ","Music, Fine Arts, Music Theory","Lecture Notes, Instructor Insights , assignment, Multiple Assignment Types"
https://ocw.mit.edu/courses/24-941j-the-lexicon-and-its-features-spring-2007/,24.941J , Graduate,courses,The Lexicon and Its Features,"Prof. Edward Flemming, Dr. David Gow","Science, Humanities, Linguistics","Lecture Notes, Instructor Insights , assignment, Multiple Assignment Types"
https://ocw.mit.edu/courses/4-125-architecture-studio-building-in-landscapes-fall-2002/,4.125, Undergraduate,courses,Architecture Studio: Building in Landscapes,"Prof. Jan Wampler, ","Architecture, Fine Arts, Architectural Design","Lecture Notes, Instructor Insights , assignment, Multiple Assignment Types"
https://ocw.mit.edu/courses/9-95-a-research-topics-in-neuroscience-january-iap-2003/,9.95-A , Graduate,courses,Research Topics in Neuroscience,"Prof. Peter H. Schiller, ","Science, Social Science, Biology","Lecture Notes, Instructor Insights , assignment, Multiple Assignment Types"
https://ocw.mit.edu/courses/cms-611j-creating-video-games-fall-2014/,CMS.611J , Undergraduate,courses,Creating Video Games,"Richard Eberhardt, Andrew Grant","Engineering, Computer Science, Media Studies","Lecture Notes, Instructor Insights , assignment, Multiple Assignment Types"
https://ocw.mit.edu/courses/9-914-special-topics-genetics-neurobiology-and-pathophysiology-of-psychiatric-disorders-fall-2008/,9.914, Graduate,courses,"Special Topics: Genetics, Neurobiology, and Pathophysiology of Psychiatric Disorders","Prof. Edward Scolnick, Prof. Li-Huei Tsai","Science, Social Science, Health and Medicine","Lecture Notes, Instructor Insights , assignment, Multiple Assignment Types"
https://ocw.mit.edu/courses/15-s12-blockchain-and-money-fall-2018/,15.S12 , Graduate,courses,Blockchain and Money,"Prof. Gary Gensler, ","Engineering, Computer Science, Business","Lecture Notes, Instructor Insights , assignment, Multiple Assignment Types"
https://ocw.mit.edu/courses/6-892-computational-models-of-discourse-spring-2004/,6.892, Graduate,courses,Computational Models of Discourse,"Prof. Regina Barzilay, ","Engineering, Computer Science, Humanities","Lecture Notes, Instructor Insights , assignment, Multiple Assignment Types"
https://ocw.mit.edu/courses/14-661-labor-economics-i-fall-2017/,14.661, Graduate,courses,Labor Economics I,"Prof. Daron Acemoglu, Prof. Joshua Angrist","Economics, Social Science, Labor Economics","Lecture Notes, Instructor Insights , assignment, Multiple Assignment Types"
https://ocw.mit.edu/courses/12-409-hands-on-astronomy-observing-stars-and-planets-spring-2002/,12.409, Undergraduate,courses,Hands-On Astronomy: Observing Stars and Planets,"James Elliot, ","Engineering, Science, Computer Science","Lecture Notes, Instructor Insights , assignment, Multiple Assignment Types"
https://ocw.mit.edu/courses/11-375-role-of-science-and-scientists-in-collaborative-approaches-to-environmental-policymaking-spring-2006/,11.375, Graduate,courses,Role of Science and Scientists in Collaborative Approaches to Environmental Policymaking,"Dr. Herman Karl, ","Engineering, Social Science, Public Administration","Lecture Notes, Instructor Insights , assignment, Multiple Assignment Types"
https://ocw.mit.edu/courses/15-224-global-markets-national-politics-and-the-competitive-advantage-of-firms-spring-2003/,15.224, Graduate,courses,"Global Markets, National Politics and the Competitive Advantage of Firms","Prof. Richard Locke, ","Economics, Social Science, Public Administration","Lecture Notes, Instructor Insights , assignment, Multiple Assignment Types"
https://ocw.mit.edu/courses/11-329-social-theory-and-the-city-fall-2005/,11.329, Graduate,courses,Social Theory and the City,"Prof. Richard Sennett, ","Social Science, Sociology, Urban Studies","Lecture Notes, Instructor Insights , assignment, Multiple Assignment Types"
https://ocw.mit.edu/courses/6-186-mobile-autonomous-systems-laboratory-january-iap-2005/,6.186, Undergraduate,courses,Mobile Autonomous Systems Laboratory,"No Faculty, Prof. Leslie Kaelbling","Engineering, Computer Science, Artificial Intelligence","Lecture Notes, Instructor Insights , assignment, Multiple Assignment Types"
https://ocw.mit.edu/courses/3-15-electrical-optical-magnetic-materials-and-devices-fall-2006/,3.15, Undergraduate,courses,"Electrical, Optical & Magnetic Materials and Devices","Prof. Caroline Ross, ","Engineering, Science, Physics","Lecture Notes, Instructor Insights , assignment, Multiple Assignment Types"
https://ocw.mit.edu/courses/12-810-dynamics-of-the-atmosphere-spring-2008/,12.81, Graduate,courses,Dynamics of the Atmosphere,"Prof. Richard Lindzen, ","Engineering, Science, Earth Science","Lecture Notes, Instructor Insights , assignment, Multiple Assignment Types"
https://ocw.mit.edu/courses/11-946-planning-in-transition-economies-for-growth-and-equity-spring-2004/,11.946, Graduate,courses,Planning in Transition Economies for Growth and Equity,"Prof. Annette M. Kim, ","Humanities, Economics, Social Science","Lecture Notes, Instructor Insights , assignment, Multiple Assignment Types"
https://ocw.mit.edu/courses/21g-065-japanese-literature-and-cinema-fall-2013/,21G.065 , Undergraduate,courses,Japanese Literature and Cinema,"Prof. Ian Condry, ","Humanities, Literature, Social Science","Lecture Notes, Instructor Insights , assignment, Multiple Assignment Types"
https://ocw.mit.edu/courses/21g-222-expository-writing-for-bilingual-students-fall-2002/,21G.222 , Undergraduate,courses,Expository Writing for Bilingual Students,"Patricia Brennecke, ","Humanities, Literature, Language","Lecture Notes, Instructor Insights , assignment, Multiple Assignment Types"
https://ocw.mit.edu/courses/21h-221-the-places-of-migration-in-united-states-history-fall-2006/,21H.221 , Undergraduate,courses,The Places of Migration in United States History,"Prof. Christopher Capozzola, ","Humanities, History, Social Science","Lecture Notes, Instructor Insights , assignment, Multiple Assignment Types"
https://ocw.mit.edu/courses/22-39-integration-of-reactor-design-operations-and-safety-fall-2006/,22.39, Graduate,courses,"Integration of Reactor Design, Operations, and Safety","Prof. George Apostolakis, Prof. Ronald Ballinger","Engineering, Science, Physics","Lecture Notes, Instructor Insights , assignment, Multiple Assignment Types"
https://ocw.mit.edu/courses/22-51-quantum-theory-of-radiation-interactions-fall-2012/,22.51, Graduate,courses,Quantum Theory of Radiation Interactions,"Prof. Paola Cappellaro, ","Engineering, Science, Physics","Lecture Notes, Instructor Insights , assignment, Multiple Assignment Types"
https://ocw.mit.edu/courses/3-042-materials-project-laboratory-spring-2008/,3.042, Undergraduate,courses,Materials Project Laboratory,"Prof. Yet-Ming Chiang, Prof. David Roylance","Engineering, Business, Materials Science and Engineering","Lecture Notes, Instructor Insights , assignment, Multiple Assignment Types"
https://ocw.mit.edu/courses/3-11-mechanics-of-materials-fall-1999/,3.11, Graduate,courses,Mechanics of Materials,"Prof. David Roylance, ","Engineering, Science, Physics","Lecture Notes, Instructor Insights , assignment, Multiple Assignment Types"
https://ocw.mit.edu/courses/6-02-introduction-to-eecs-ii-digital-communication-systems-fall-2012/,6.02, Undergraduate,courses,Introduction to EECS II: Digital Communication Systems,"Prof. Hari Balakrishnan, Prof. George Verghese","Engineering, Computer Science, Electrical Engineering","Lecture Notes, Instructor Insights , assignment, Multiple Assignment Types"
https://ocw.mit.edu/courses/cc-112-philosophy-of-love-spring-2013/,CC.112 , Undergraduate,courses,Philosophy of Love,"Dr. Lee Perlman, ","Humanities, Ethics, Literature","Lecture Notes, Instructor Insights , assignment, Multiple Assignment Types"
https://ocw.mit.edu/courses/cms-801-media-in-transition-fall-2012/,CMS.801 , Graduate,courses,Media in Transition,"Prof. Jeffrey S. Ravel, ","Humanities, History, Media Studies","Lecture Notes, Instructor Insights , assignment, Multiple Assignment Types"
https://ocw.mit.edu/courses/9-s915-developmental-cognitive-neuroscience-spring-2012/,9.S915 , Graduate,courses,Developmental Cognitive Neuroscience,"Prof. Susan Carey, Prof. Rebecca Saxe","Science, Biology, Cognitive Science","Lecture Notes, Instructor Insights , assignment, Multiple Assignment Types"
https://ocw.mit.edu/courses/sts-310-history-of-science-fall-2015/,STS.310 , Graduate,courses,History of Science,"Prof. Robin Scheffler, ","Humanities, History, History of Science and Technology","Lecture Notes, Instructor Insights , assignment, Multiple Assignment Types"
https://ocw.mit.edu/courses/17-523-ethnicity-and-race-in-world-politics-fall-2005/,17.523, Undergraduate,courses,Ethnicity and Race in World Politics,"Prof. Melissa Nobles, ","Humanities, Social Science, Political Science","Lecture Notes, Instructor Insights , assignment, Multiple Assignment Types"
https://ocw.mit.edu/courses/12-808-introduction-to-observational-physical-oceanography-fall-2004/,12.808, Graduate,courses,Introduction to Observational Physical Oceanography,"Prof. Raffaele Ferrari, Dr. Terrence Joyce","Engineering, Science, Earth Science","Lecture Notes, Instructor Insights , assignment, Multiple Assignment Types"
https://ocw.mit.edu/courses/3-a08-attraction-and-repulsion-the-magic-of-magnets-fall-2005/,3.A08 , Undergraduate,courses,Attraction and Repulsion: The Magic of Magnets,"Dr. James Livingston, ","Science, Physics, Humanities","Lecture Notes, Instructor Insights , assignment, Multiple Assignment Types"
https://ocw.mit.edu/courses/21g-s01-modern-mexico-representations-of-mexico-citys-urban-life-spring-2015/,21G.S01 , Undergraduate,courses,Modern Mexico: Representations of Mexico City's Urban Life,"Maria Luisa Martinez, ","Humanities, Literature, History","Lecture Notes, Instructor Insights , assignment, Multiple Assignment Types"
https://ocw.mit.edu/courses/hst-950j-biomedical-computing-fall-2010/,HST.950J , Graduate,courses,Biomedical Computing,"Prof. Gil Alterovitz, Prof. Peter Szolovits","Engineering, Biological Engineering, Health and Medicine","Lecture Notes, Instructor Insights , assignment, Multiple Assignment Types"
https://ocw.mit.edu/courses/14-772-development-economics-macroeconomics-spring-2013/,14.772, Graduate,courses,Development Economics: Macroeconomics,"Prof. Robert M. Townsend, ","Economics, Social Science, Microeconomics","Lecture Notes, Instructor Insights , assignment, Multiple Assignment Types"
https://ocw.mit.edu/courses/12-757-science-and-communication-spring-2005/,12.757, Graduate,courses,Science and Communication,"Dr. James F. Price, ","Communication, Science, Humanities","Lecture Notes, Instructor Insights , assignment, Multiple Assignment Types"
https://ocw.mit.edu/courses/21l-007-world-literatures-travel-writing-fall-2008/,21L.007 , Undergraduate,courses,World Literatures: Travel Writing,"Prof. Mary Fuller, ","Humanities, Literature, International Literature","Lecture Notes, Instructor Insights , assignment, Multiple Assignment Types"
https://ocw.mit.edu/courses/4-615-the-architecture-of-cairo-spring-2002/,4.615, Undergraduate,courses,The Architecture of Cairo,"Prof. Nasser Rabbat, ","Humanities, History, Architecture","Lecture Notes, Instructor Insights , assignment, Multiple Assignment Types"
https://ocw.mit.edu/courses/24-906j-linguistic-studies-of-bilingualism-fall-2012/,24.906J , Undergraduate,courses,Linguistic Studies of Bilingualism,"Prof. Suzanne Flynn, ","Humanities, Language, Linguistics","Lecture Notes, Instructor Insights , assignment, Multiple Assignment Types"
https://ocw.mit.edu/courses/11-164-human-rights-at-home-and-abroad-fall-2015/,11.164," Undergraduate, Graduate",courses,Human Rights: At Home and Abroad,"Prof. Balakrishnan Rajagopal, ","Humanities, Social Science, Public Administration","Lecture Notes, Instructor Insights , assignment, Multiple Assignment Types"
https://ocw.mit.edu/courses/18-905-algebraic-topology-i-fall-2016/,18.905, Graduate,courses,Algebraic Topology I,"Prof. Haynes Miller, ","Mathematics, Topology and Geometry, ","Lecture Notes, Instructor Insights , assignment, Multiple Assignment Types"
https://ocw.mit.edu/courses/14-122-microeconomic-theory-ii-fall-2002/,14.122, Graduate,courses,Microeconomic Theory II,"Prof. Glenn Ellison, ","Economics, Social Science, Game Theory","Lecture Notes, Instructor Insights , assignment, Multiple Assignment Types"
https://ocw.mit.edu/courses/17-871-political-science-laboratory-spring-2012/,17.871, Undergraduate,courses,Political Science Laboratory,"Prof. Charles Stewart, ","Mathematics, Probability and Statistics, Social Science","Lecture Notes, Instructor Insights , assignment, Multiple Assignment Types"
https://ocw.mit.edu/courses/17-905-forms-of-political-participation-old-and-new-spring-2005/,17.905, Undergraduate,courses,Forms of Political Participation: Old and New,"Prof. Lily L. Tsai, ","Social Science, Political Science, Sociology","Lecture Notes, Instructor Insights , assignment, Multiple Assignment Types"
https://ocw.mit.edu/courses/18-657-mathematics-of-machine-learning-fall-2015/,18.657, Graduate,courses,Mathematics of Machine Learning,"Prof. Philippe Rigollet, ","Engineering, Computer Science, Artificial Intelligence","Lecture Notes, Instructor Insights , assignment, Multiple Assignment Types"
https://ocw.mit.edu/courses/24-261-philosophy-of-love-in-the-western-world-fall-2004/,24.261, Undergraduate,courses,Philosophy of Love in the Western World,"Prof. Irving Singer, ","Humanities, Literature, Philosophy","Lecture Notes, Instructor Insights , assignment, Multiple Assignment Types"
https://ocw.mit.edu/courses/4-143-immaterial-limits-process-and-duration-fall-2002/,4.143, Graduate,courses,Immaterial Limits: Process and Duration,"Prof. Meejin Yoon, ","Architecture, Fine Arts, Architectural Engineering","Lecture Notes, Instructor Insights , assignment, Multiple Assignment Types"
https://ocw.mit.edu/courses/6-013-electromagnetics-and-applications-spring-2009/,6.013, Undergraduate,courses,Electromagnetics and Applications,"Prof. David Staelin, ","Engineering, Science, Physics","Lecture Notes, Instructor Insights , assignment, Multiple Assignment Types"
https://ocw.mit.edu/courses/8-322-quantum-theory-ii-spring-2003/,8.322, Graduate,courses,Quantum Theory II,"Prof. Washington Taylor, ","Science, Physics, Theoretical Physics","Lecture Notes, Instructor Insights , assignment, Multiple Assignment Types"
https://ocw.mit.edu/courses/es-255-physics-of-rock-climbing-spring-2006/,ES.255 , Undergraduate,courses,Physics of Rock Climbing,"David Custer, ","Engineering, Science, Physics","Lecture Notes, Instructor Insights , assignment, Multiple Assignment Types"
https://ocw.mit.edu/courses/mas-630-affective-computing-fall-2015/,MAS.630 , Graduate,courses,Affective Computing,"Prof. Rosalind W. Picard, ","Engineering, Science, Computer Science","Lecture Notes, Instructor Insights , assignment, Multiple Assignment Types"
https://ocw.mit.edu/courses/mas-845-special-topics-in-cinematic-storytelling-spring-2004/,MAS.845 , Graduate,courses,Special Topics in Cinematic Storytelling,"Barbara Barry, Prof. Glorianna Davenport","Humanities, Literature, Visual Arts","Lecture Notes, Instructor Insights , assignment, Multiple Assignment Types"
https://ocw.mit.edu/courses/1-00-introduction-to-computers-and-engineering-problem-solving-spring-2012/,1," Undergraduate, Graduate",courses,Introduction to Computers and Engineering Problem Solving,"Dr. Christopher Cassa, Prof. Marta C. Gonzalez","Engineering, Computer Science, Systems Engineering","Lecture Notes, Instructor Insights , assignment, Multiple Assignment Types"
https://ocw.mit.edu/courses/15-783j-product-design-and-development-spring-2006/,15.783J , Graduate,courses,Product Design and Development,"Prof. Steven Eppinger, Prof. Matthew Kressy","Engineering, Innovation, Systems Engineering","Lecture Notes, Instructor Insights , assignment, Multiple Assignment Types"
https://ocw.mit.edu/courses/20-020-introduction-to-biological-engineering-design-spring-2009/,20.02, Undergraduate,courses,Introduction to Biological Engineering Design,"Prof. Andrew Endy, Dr. Natalie Kuldell","Engineering, Biological Engineering, Synthetic Biology","Lecture Notes, Instructor Insights , assignment, Multiple Assignment Types"
https://ocw.mit.edu/courses/14-147-topics-in-game-theory-fall-2009/,14.147, Graduate,courses,Topics in Game Theory,"Prof. Parag Pathak, ","Economics, Social Science, Game Theory","Lecture Notes, Instructor Insights , assignment, Multiple Assignment Types"
https://ocw.mit.edu/courses/9-530-cellular-and-molecular-computation-spring-2000/,9.53, Graduate,courses,Cellular and Molecular Computation,"Prof. Sebastian Seung, ","Engineering, Science, Biological Engineering","Lecture Notes, Instructor Insights , assignment, Multiple Assignment Types"
https://ocw.mit.edu/courses/12-007-geobiology-spring-2013/,12.007, Undergraduate,courses,Geobiology,"Prof. Tanja Bosak, Prof. Roger Summons","Science, Earth Science, Geobiology","Lecture Notes, Instructor Insights , assignment, Multiple Assignment Types"
https://ocw.mit.edu/courses/2-627-fundamentals-of-photovoltaics-fall-2013/,2.627, Undergraduate,courses,Fundamentals of Photovoltaics,"Prof. Tonio Buonassisi, ","Engineering, Science, Physics","Lecture Notes, Instructor Insights , assignment, Multiple Assignment Types"
https://ocw.mit.edu/courses/11-125-introduction-to-education-understanding-and-evaluating-education-spring-2009/,11.125, Undergraduate,courses,Introduction to Education: Understanding and Evaluating Education,"Prof. Eric Klopfer, ","Teaching and Education, Curriculum and Teaching, Education Policy","Lecture Notes, Instructor Insights , assignment, Multiple Assignment Types"
https://ocw.mit.edu/courses/9-98-neuropharmacology-january-iap-2009/,9.98, Undergraduate,courses,Neuropharmacology,"Dr. Daniela Tropea, ","Science, Health and Medicine, Biology","Lecture Notes, Instructor Insights , assignment, Multiple Assignment Types"
https://ocw.mit.edu/courses/6-0001-introduction-to-computer-science-and-programming-in-python-fall-2016/,6.0001, Undergraduate,courses,Introduction to Computer Science and Programming in Python,"Dr. Ana Bell, Prof. Eric Grimson","Engineering, Computer Science, Programming Languages","Lecture Notes, Instructor Insights , assignment, Multiple Assignment Types"
https://ocw.mit.edu/courses/hst-721-the-peripheral-auditory-system-fall-2005/,HST.721 , Graduate,courses,The Peripheral Auditory System,"Prof. Joe C. Adams, Prof. Charlie Liberman","Science, Health and Medicine, Anatomy and Physiology","Lecture Notes, Instructor Insights , assignment, Multiple Assignment Types"
https://ocw.mit.edu/courses/sts-035-the-history-of-computing-spring-2004/,STS.035 , Undergraduate,courses,The History of Computing,"Dr. Slava Gerovitch, ","Engineering, Computer Science, Humanities","Lecture Notes, Instructor Insights , assignment, Multiple Assignment Types"
https://ocw.mit.edu/courses/4-461-building-technology-i-materials-and-construction-fall-2004/,4.461, Graduate,courses,Building Technology I: Materials and Construction,"Prof. John Fernandez, ","Engineering, Architecture, Fine Arts","Lecture Notes, Instructor Insights , assignment, Multiple Assignment Types"
https://ocw.mit.edu/courses/6-452-principles-of-wireless-communications-spring-2006/,6.452, Graduate,courses,Principles of Wireless Communications,"Prof. Lizhong Zheng, ","Engineering, Electrical Engineering, Telecommunications","Lecture Notes, Instructor Insights , assignment, Multiple Assignment Types"
https://ocw.mit.edu/courses/18-337j-parallel-computing-fall-2011/,18.337J , Graduate,courses,Parallel Computing,"Prof. Alan Edelman, ","Engineering, Computer Science, Mathematics","Lecture Notes, Instructor Insights , assignment, Multiple Assignment Types"
https://ocw.mit.edu/courses/2-017j-design-of-electromechanical-robotic-systems-fall-2009/,2.017J , Undergraduate,courses,Design of Electromechanical Robotic Systems,"Harrison (Hsinyung) Chin, Prof. Franz Hover","Engineering, Electronics, Mathematics","Lecture Notes, Instructor Insights , assignment, Multiple Assignment Types"
https://ocw.mit.edu/courses/21a-453-anthropology-of-the-middle-east-spring-2004/,21A.453 , Undergraduate,courses,Anthropology of the Middle East,"Prof. Susan Slyomovics, ","Humanities, Literature, History","Lecture Notes, Instructor Insights , assignment, Multiple Assignment Types"
https://ocw.mit.edu/courses/2-161-signal-processing-continuous-and-discrete-fall-2008/,2.161, Graduate,courses,Signal Processing: Continuous and Discrete,"Prof. Derek Rowell, ","Engineering, Mathematics, Mechanical Engineering","Lecture Notes, Instructor Insights , assignment, Multiple Assignment Types"
https://ocw.mit.edu/courses/21l-310-bestsellers-out-for-the-count-fall-2018/,21L.310 , Undergraduate,courses,Bestsellers: Out for the Count,"Dr. William Donaldson, ","Humanities, Literature, Fiction","Lecture Notes, Instructor Insights , assignment, Multiple Assignment Types"
https://ocw.mit.edu/courses/21m-013j-the-supernatural-in-music-literature-and-culture-fall-2013/,21M.013J , Undergraduate,courses,"The Supernatural in Music, Literature and Culture","Prof. Mary Fuller, Prof. Charles Shadle","Humanities, Literature, Music","Lecture Notes, Instructor Insights , assignment, Multiple Assignment Types"
https://ocw.mit.edu/courses/22-012-seminar-fusion-and-plasma-physics-spring-2006/,22.012, Undergraduate,courses,Seminar: Fusion and Plasma Physics,"Prof. Kim Molvig, ","Science, Physics, Nuclear Physics","Lecture Notes, Instructor Insights , assignment, Multiple Assignment Types"
https://ocw.mit.edu/courses/24-00-problems-of-philosophy-fall-2019/,24, Undergraduate,courses,Problems of Philosophy,"Prof. Miriam Schoenfield, ","Humanities, Ethics, Philosophy","Lecture Notes, Instructor Insights , assignment, Multiple Assignment Types"
https://ocw.mit.edu/courses/6-079-introduction-to-convex-optimization-fall-2009/,6.079, Undergraduate,courses,Introduction to Convex Optimization,"Prof. Stephen Boyd, Prof. Pablo Parrilo","Engineering, Mathematics, Systems Engineering","Lecture Notes, Instructor Insights , assignment, Multiple Assignment Types"
https://ocw.mit.edu/courses/7-88j-protein-folding-and-human-disease-spring-2015/,7.88J , Graduate,courses,Protein Folding and Human Disease,"Prof. Jonathan King, ","Science, Biology, Biochemistry","Lecture Notes, Instructor Insights , assignment, Multiple Assignment Types"
https://ocw.mit.edu/courses/hst-750-modeling-issues-in-speech-and-hearing-spring-2006/,HST.750 , Graduate,courses,Modeling Issues in Speech and Hearing,"Prof. Jennifer R. Melcher, Prof. Christopher Shera","Engineering, Science, Systems Engineering","Lecture Notes, Instructor Insights , assignment, Multiple Assignment Types"
https://ocw.mit.edu/courses/15-960-new-executive-thinking-social-impact-technology-projects-fall-2017-spring-2018/,15.96, Graduate,courses,New Executive Thinking Social-Impact Technology Projects,"Dr. Anjali Sastry, ","Entrepreneurship, Management, Business","Lecture Notes, Instructor Insights , assignment, Multiple Assignment Types"
https://ocw.mit.edu/courses/sts-036-technology-and-nature-in-american-history-spring-2008/,STS.036 , Undergraduate,courses,Technology and Nature in American History,"Jamie Pietruska, ","Engineering, Humanities, History","Lecture Notes, Instructor Insights , assignment, Multiple Assignment Types"
https://ocw.mit.edu/courses/10-492-1-integrated-chemical-engineering-topics-i-process-control-by-design-fall-2004/,10.492-1 , Undergraduate,courses,Integrated Chemical Engineering Topics I: Process Control by Design,"Dr. Barry S. Johnston, ","Engineering, Science, Chemistry","Lecture Notes, Instructor Insights , assignment, Multiple Assignment Types"
https://ocw.mit.edu/courses/es-255-physics-of-rock-climbing-spring-2006/,ES.255 , Undergraduate,courses,Physics of Rock Climbing,"David Custer, ","Engineering, Science, Physics","Lecture Notes, Instructor Insights , assignment, Multiple Assignment Types"
https://ocw.mit.edu/courses/mas-630-affective-computing-fall-2015/,MAS.630 , Graduate,courses,Affective Computing,"Prof. Rosalind W. Picard, ","Engineering, Science, Computer Science","Lecture Notes, Instructor Insights , assignment, Multiple Assignment Types"
https://ocw.mit.edu/courses/mas-845-special-topics-in-cinematic-storytelling-spring-2004/,MAS.845 , Graduate,courses,Special Topics in Cinematic Storytelling,"Barbara Barry, Prof. Glorianna Davenport","Humanities, Literature, Visual Arts","Lecture Notes, Instructor Insights , assignment, Multiple Assignment Types"
https://ocw.mit.edu/courses/1-00-introduction-to-computers-and-engineering-problem-solving-spring-2012/,1," Undergraduate, Graduate",courses,Introduction to Computers and Engineering Problem Solving,"Dr. Christopher Cassa, Prof. Marta C. Gonzalez","Engineering, Computer Science, Systems Engineering","Lecture Notes, Instructor Insights , assignment, Multiple Assignment Types"
https://ocw.mit.edu/courses/15-783j-product-design-and-development-spring-2006/,15.783J , Graduate,courses,Product Design and Development,"Prof. Steven Eppinger, Prof. Matthew Kressy","Engineering, Innovation, Systems Engineering","Lecture Notes, Instructor Insights , assignment, Multiple Assignment Types"
https://ocw.mit.edu/courses/20-020-introduction-to-biological-engineering-design-spring-2009/,20.02, Undergraduate,courses,Introduction to Biological Engineering Design,"Prof. Andrew Endy, Dr. Natalie Kuldell","Engineering, Biological Engineering, Synthetic Biology","Lecture Notes, Instructor Insights , assignment, Multiple Assignment Types"
https://ocw.mit.edu/courses/14-147-topics-in-game-theory-fall-2009/,14.147, Graduate,courses,Topics in Game Theory,"Prof. Parag Pathak, ","Economics, Social Science, Game Theory","Lecture Notes, Instructor Insights , assignment, Multiple Assignment Types"
https://ocw.mit.edu/courses/9-530-cellular-and-molecular-computation-spring-2000/,9.53, Graduate,courses,Cellular and Molecular Computation,"Prof. Sebastian Seung, ","Engineering, Science, Biological Engineering","Lecture Notes, Instructor Insights , assignment, Multiple Assignment Types"
https://ocw.mit.edu/courses/12-007-geobiology-spring-2013/,12.007, Undergraduate,courses,Geobiology,"Prof. Tanja Bosak, Prof. Roger Summons","Science, Earth Science, Geobiology","Lecture Notes, Instructor Insights , assignment, Multiple Assignment Types"
https://ocw.mit.edu/courses/2-627-fundamentals-of-photovoltaics-fall-2013/,2.627, Undergraduate,courses,Fundamentals of Photovoltaics,"Prof. Tonio Buonassisi, ","Engineering, Science, Physics","Lecture Notes, Instructor Insights , assignment, Multiple Assignment Types"
https://ocw.mit.edu/courses/18-338j-infinite-random-matrix-theory-fall-2004/,18.338J , Graduate,courses,Infinite Random Matrix Theory,"Prof. Alan Edelman, Prof. Moe Win","Science, Physics, Mathematics","Lecture Notes, Instructor Insights , assignment, Multiple Assignment Types"
https://ocw.mit.edu/courses/11-954-community-owned-enterprise-and-civic-participation-spring-2005/,11.954, Graduate,courses,Community-Owned Enterprise and Civic Participation,"Prof. J. Phillip Thompson, ","Economics, Social Science, Public Administration","Lecture Notes, Instructor Insights , assignment, Multiple Assignment Types"
https://ocw.mit.edu/courses/18-445-introduction-to-stochastic-processes-spring-2015/,18.445, Graduate,courses,Introduction to Stochastic Processes,"Dr. Hao Wu, ","Mathematics, Probability and Statistics, ","Lecture Notes, Instructor Insights , assignment, Multiple Assignment Types"
https://ocw.mit.edu/courses/21a-240-race-and-science-spring-2004/,21A.240 , Undergraduate,courses,Race and Science,"Prof. Stefan Helmreich, ","Social Science, Sociology, Anthropology","Lecture Notes, Instructor Insights , assignment, Multiple Assignment Types"
https://ocw.mit.edu/courses/21m-263-music-since-1960-spring-2006/,21M.263 , Undergraduate,courses,Music Since 1960,"Prof. Brian Robison, ","Music, Media Studies, Fine Arts","Lecture Notes, Instructor Insights , assignment, Multiple Assignment Types"
https://ocw.mit.edu/courses/21w-011-writing-and-rhetoric-rhetoric-and-contemporary-issues-fall-2015/,21W.011 , Undergraduate,courses,Writing and Rhetoric: Rhetoric and Contemporary Issues,"Dr. Andrea Walsh, ","Communication, Humanities, Literature","Lecture Notes, Instructor Insights , assignment, Multiple Assignment Types"
https://ocw.mit.edu/courses/24-917-conlangs-how-to-construct-a-language-fall-2018/,24.917, Undergraduate,courses,ConLangs: How to Construct a Language,"Prof. Norvin W. Richards, ","Humanities, Linguistics, Phonology","Lecture Notes, Instructor Insights , assignment, Multiple Assignment Types"
https://ocw.mit.edu/courses/4-105-geometric-disciplines-and-architecture-skills-reciprocal-methodologies-fall-2012/,4.105, Graduate,courses,Geometric Disciplines and Architecture Skills: Reciprocal Methodologies,"Brandon Clifford, ","Architecture, Fine Arts, Architectural Design","Lecture Notes, Instructor Insights , assignment, Multiple Assignment Types"
https://ocw.mit.edu/courses/4-301-introduction-to-the-visual-arts-spring-2007/,4.301, Undergraduate,courses,Introduction to the Visual Arts,"Prof. Joe Zane, ","Visual Arts, Fine Arts, ","Lecture Notes, Instructor Insights , assignment, Multiple Assignment Types"
https://ocw.mit.edu/courses/6-047-computational-biology-fall-2015/,6.047, Undergraduate,courses,Computational Biology,"Prof. Manolis Kellis, ","Engineering, Biological Engineering, Computational Biology","Lecture Notes, Instructor Insights , assignment, Multiple Assignment Types"
https://ocw.mit.edu/courses/esd-69-seminar-on-health-care-systems-innovation-fall-2010/,ESD.69 , Graduate,courses,Seminar on Health Care Systems Innovation,"Prof. Joseph Coughlin, Stan Finkelstein, MD","Engineering, Innovation, Systems Engineering","Lecture Notes, Instructor Insights , assignment, Multiple Assignment Types"
https://ocw.mit.edu/courses/18-996-random-matrix-theory-and-its-applications-spring-2004/,18.996, Graduate,courses,Random Matrix Theory and Its Applications,"Prof. Alan Edelman, Prof. Moe Win","Mathematics, Probability and Statistics, Applied Mathematics","Lecture Notes, Instructor Insights , assignment, Multiple Assignment Types"
https://ocw.mit.edu/courses/3-987-human-origins-and-evolution-spring-2006/,3.987, Undergraduate,courses,Human Origins and Evolution,"Dr. Harry Merrick, ","Social Science, Anthropology, Archaeology","Lecture Notes, Instructor Insights , assignment, Multiple Assignment Types"
https://ocw.mit.edu/courses/24-961-introduction-to-phonology-fall-2014/,24.961, Graduate,courses,Introduction to Phonology,"Prof. Michael Kenstowicz, ","Humanities, Linguistics, Phonology","Lecture Notes, Instructor Insights , assignment, Multiple Assignment Types"
https://ocw.mit.edu/courses/21a-348-photography-and-truth-spring-2008/,21A.348 , Undergraduate,courses,Photography and Truth,"Prof. James Howe, ","Social Science, Visual Arts, Fine Arts","Lecture Notes, Instructor Insights , assignment, Multiple Assignment Types"
https://ocw.mit.edu/courses/17-148-political-economy-of-globalization-spring-2006/,17.148, Graduate,courses,Political Economy of Globalization,"Prof. Suzanne Berger, ","Economics, Social Science, Political Science","Lecture Notes, Instructor Insights , assignment, Multiple Assignment Types"
https://ocw.mit.edu/courses/24-111-philosophy-of-quantum-mechanics-spring-2005/,24.111, Undergraduate,courses,Philosophy of Quantum Mechanics,"Prof. Edward Hall, ","Science, Physics, Humanities","Lecture Notes, Instructor Insights , assignment, Multiple Assignment Types"
https://ocw.mit.edu/courses/15-761-introduction-to-operations-management-spring-2013/,15.761, Graduate,courses,Introduction to Operations Management,"Prof. Charles H. Fine, Prof. Tauhid Zaman","Mathematics, Social Science, Business","Lecture Notes, Instructor Insights , assignment, Multiple Assignment Types"
https://ocw.mit.edu/courses/4-645-selected-topics-in-architecture-architecture-from-1750-to-the-present-fall-2004/,4.645, Graduate,courses,Selected Topics in Architecture: Architecture from 1750 to the Present,"Prof. Arindam Dutta, ","Architecture, Fine Arts, Architectural History and Criticism","Lecture Notes, Instructor Insights , assignment, Multiple Assignment Types"
https://ocw.mit.edu/courses/15-060-data-models-and-decisions-fall-2014/,15.06, Graduate,courses,"Data, Models, and Decisions","Prof. Robert Freund, Prof. Cynthia Rudin","Engineering, Computer Science, Mathematics","Lecture Notes, Instructor Insights , assignment, Multiple Assignment Types"
https://ocw.mit.edu/courses/24-951-introduction-to-syntax-fall-2003/,24.951, Graduate,courses,Introduction to Syntax,"Prof. Michel DeGraff, Prof. Idan Landau","Humanities, Linguistics, Syntax","Lecture Notes, Instructor Insights , assignment, Multiple Assignment Types"
https://ocw.mit.edu/courses/18-712-introduction-to-representation-theory-fall-2010/,18.712, Undergraduate,courses,Introduction to Representation Theory,"Prof. Pavel Etingof, ","Mathematics, Algebra and Number Theory, Linear Algebra","Lecture Notes, Instructor Insights , assignment, Multiple Assignment Types"
https://ocw.mit.edu/courses/18-06-linear-algebra-spring-2010/,18.06, Undergraduate,courses,Linear Algebra,"Prof. Gilbert Strang, ","Mathematics, Linear Algebra, ","Lecture Notes, Instructor Insights , assignment, Multiple Assignment Types"
https://ocw.mit.edu/courses/12-480-thermodynamics-for-geoscientists-fall-2006/,12.48, Graduate,courses,Thermodynamics for Geoscientists,"Prof. Timothy Grove, ","Science, Physics, Earth Science","Lecture Notes, Instructor Insights , assignment, Multiple Assignment Types"
https://ocw.mit.edu/courses/21h-383-technology-and-the-global-economy-1000-2000-fall-2016/,21H.383 ," Undergraduate, Graduate",courses,"Technology and the Global Economy, 1000-2000","Prof. Anne McCants, ","Humanities, History, American History","Lecture Notes, Instructor Insights , assignment, Multiple Assignment Types"
https://ocw.mit.edu/courses/21a-110-anthropological-theory-spring-2003/,21A.110 , Undergraduate,courses,Anthropological Theory,"Prof. Susan S. Silbey, ","Social Science, Anthropology, Cultural Anthropology","Lecture Notes, Instructor Insights , assignment, Multiple Assignment Types"
https://ocw.mit.edu/courses/18-325-topics-in-applied-mathematics-waves-and-imaging-fall-2015/,18.325, Graduate,courses,Topics in Applied Mathematics: Waves and Imaging,"Prof. Laurent Demanet, ","Mathematics, Applied Mathematics, Computation","Lecture Notes, Instructor Insights , assignment, Multiple Assignment Types"
https://ocw.mit.edu/courses/18-996a-simplicity-theory-spring-2004/,18.996A , Graduate,courses,Simplicity Theory,"Dr. Itay Ben-Yaacov, ","Mathematics, Algebra and Number Theory, Mathematical Logic","Lecture Notes, Instructor Insights , assignment, Multiple Assignment Types"
https://ocw.mit.edu/courses/2-18-biomolecular-feedback-systems-spring-2015/,2.18, Undergraduate,courses,Biomolecular Feedback Systems,"Domitilla Del Vecchio, ","Engineering, Science, Mechanical Engineering","Lecture Notes, Instructor Insights , assignment, Multiple Assignment Types"
https://ocw.mit.edu/courses/21m-295-american-popular-music-fall-2014/,21M.295 , Undergraduate,courses,American Popular Music,"Teresa M Neff, ","Music, Fine Arts, Music History","Lecture Notes, Instructor Insights , assignment, Multiple Assignment Types"
https://ocw.mit.edu/courses/21l-481-victorian-literature-and-culture-spring-2003/,21L.481 , Undergraduate,courses,Victorian Literature and Culture,"Prof. James Buzard, ","Humanities, Literature, History","Lecture Notes, Instructor Insights , assignment, Multiple Assignment Types"
https://ocw.mit.edu/courses/21m-410-vocal-repertoire-and-performance-women-composers-spring-2007/,21M.410 , Undergraduate,courses,Vocal Repertoire and Performance: Women Composers,"Ms. Pamela Wood, ","Music, Fine Arts, Society","Lecture Notes, Instructor Insights , assignment, Multiple Assignment Types"
https://ocw.mit.edu/courses/4-171-the-space-between-workshop-fall-2004/,4.171, Graduate,courses,The Space Between Workshop,"Prof. Jan Wampler, ","Architecture, Fine Arts, Architectural Design","Lecture Notes, Instructor Insights , assignment, Multiple Assignment Types"
https://ocw.mit.edu/courses/4-220-urban-housing-paris-london-new-york-fall-2004/,4.22, Graduate,courses,"Urban Housing: Paris, London, New York","Prof. Michael Dennis, ","Social Science, Urban Studies, Urban Planning","Lecture Notes, Instructor Insights , assignment, Multiple Assignment Types"
https://ocw.mit.edu/courses/6-858-computer-systems-security-fall-2014/,6.858, Graduate,courses,Computer Systems Security,"Prof. Nickolai Zeldovich, ","Engineering, Computer Science, Software Design and Engineering","Lecture Notes, Instructor Insights , assignment, Multiple Assignment Types"
https://ocw.mit.edu/courses/hst-952-computing-for-biomedical-scientists-fall-2002/,HST.952 , Graduate,courses,Computing for Biomedical Scientists,"Dr. Aziz Boxwala, Dr. Omolola Ogunyemi","Engineering, Computer Science, Biological Engineering","Lecture Notes, Instructor Insights , assignment, Multiple Assignment Types"
https://ocw.mit.edu/courses/mas-s66-indistinguishable-from-magic-as-interface-technology-and-tradition-spring-2015/,MAS.S66 , Graduate,courses,"Indistinguishable From... Magic as Interface, Technology, and Tradition","Greg Borenstein, Dan Novy","Science, Humanities, History","Lecture Notes, Instructor Insights , assignment, Multiple Assignment Types"
https://ocw.mit.edu/courses/sts-s28-godzilla-and-the-bullet-train-technology-and-culture-in-modern-japan-fall-2005/,STS.S28 , Undergraduate,courses,Godzilla and the Bullet Train: Technology and Culture in Modern Japan,"Dr. Takashi Nishiyama, ","Media Studies, Fine Arts, Society","Lecture Notes, Instructor Insights , assignment, Multiple Assignment Types"
https://ocw.mit.edu/courses/20-453j-biomedical-information-technology-fall-2008/,20.453J , Graduate,courses,Biomedical Information Technology,"Prof. Sourav Saha Bhowmick, Prof. C. Forbes Dewey","Engineering, Computer Science, Biological Engineering","Lecture Notes, Instructor Insights , assignment, Multiple Assignment Types"
https://ocw.mit.edu/courses/2-002-mechanics-and-materials-ii-spring-2004/,2.002, Undergraduate,courses,Mechanics and Materials II,"Prof. Lallit Anand, Prof. David Parks","Engineering, Mechanical Engineering, Materials Science and Engineering","Lecture Notes, Instructor Insights , assignment, Multiple Assignment Types"
https://ocw.mit.edu/courses/6-047-computational-biology-fall-2015/,6.047, Undergraduate,courses,Computational Biology,"Prof. Manolis Kellis, ","Engineering, Biological Engineering, Computational Biology","Lecture Notes, Instructor Insights , assignment, Multiple Assignment Types"
https://ocw.mit.edu/courses/esd-69-seminar-on-health-care-systems-innovation-fall-2010/,ESD.69 , Graduate,courses,Seminar on Health Care Systems Innovation,"Prof. Joseph Coughlin, Stan Finkelstein, MD","Engineering, Innovation, Systems Engineering","Lecture Notes, Instructor Insights , assignment, Multiple Assignment Types"
https://ocw.mit.edu/courses/18-996-random-matrix-theory-and-its-applications-spring-2004/,18.996, Graduate,courses,Random Matrix Theory and Its Applications,"Prof. Alan Edelman, Prof. Moe Win","Mathematics, Probability and Statistics, Applied Mathematics","Lecture Notes, Instructor Insights , assignment, Multiple Assignment Types"
https://ocw.mit.edu/courses/3-987-human-origins-and-evolution-spring-2006/,3.987, Undergraduate,courses,Human Origins and Evolution,"Dr. Harry Merrick, ","Social Science, Anthropology, Archaeology","Lecture Notes, Instructor Insights , assignment, Multiple Assignment Types"
https://ocw.mit.edu/courses/24-961-introduction-to-phonology-fall-2014/,24.961, Graduate,courses,Introduction to Phonology,"Prof. Michael Kenstowicz, ","Humanities, Linguistics, Phonology","Lecture Notes, Instructor Insights , assignment, Multiple Assignment Types"
https://ocw.mit.edu/courses/21a-348-photography-and-truth-spring-2008/,21A.348 , Undergraduate,courses,Photography and Truth,"Prof. James Howe, ","Social Science, Visual Arts, Fine Arts","Lecture Notes, Instructor Insights , assignment, Multiple Assignment Types"
https://ocw.mit.edu/courses/17-148-political-economy-of-globalization-spring-2006/,17.148, Graduate,courses,Political Economy of Globalization,"Prof. Suzanne Berger, ","Economics, Social Science, Political Science","Lecture Notes, Instructor Insights , assignment, Multiple Assignment Types"
https://ocw.mit.edu/courses/24-111-philosophy-of-quantum-mechanics-spring-2005/,24.111, Undergraduate,courses,Philosophy of Quantum Mechanics,"Prof. Edward Hall, ","Science, Physics, Humanities","Lecture Notes, Instructor Insights , assignment, Multiple Assignment Types"
https://ocw.mit.edu/courses/15-761-introduction-to-operations-management-spring-2013/,15.761, Graduate,courses,Introduction to Operations Management,"Prof. Charles H. Fine, Prof. Tauhid Zaman","Mathematics, Social Science, Business","Lecture Notes, Instructor Insights , assignment, Multiple Assignment Types"
https://ocw.mit.edu/courses/4-645-selected-topics-in-architecture-architecture-from-1750-to-the-present-fall-2004/,4.645, Graduate,courses,Selected Topics in Architecture: Architecture from 1750 to the Present,"Prof. Arindam Dutta, ","Architecture, Fine Arts, Architectural History and Criticism","Lecture Notes, Instructor Insights , assignment, Multiple Assignment Types"
https://ocw.mit.edu/courses/14-453-macroeconomic-theory-iii-fall-2006/,14.453, Graduate,courses,Macroeconomic Theory III,"Prof. Iván Werning, ","Economics, Social Science, Macroeconomics","Lecture Notes, Instructor Insights , assignment, Multiple Assignment Types"
https://ocw.mit.edu/courses/11-337j-urban-design-policy-and-action-spring-2009/,11.337J , Graduate,courses,Urban Design Policy and Action,"Dr. Aseem Inam, ","Architecture, Social Science, Public Administration","Lecture Notes, Instructor Insights , assignment, Multiple Assignment Types"
https://ocw.mit.edu/courses/16-06-principles-of-automatic-control-fall-2012/,16.06, Undergraduate,courses,Principles of Automatic Control,"Prof. Steven Hall, ","Engineering, Aerospace Engineering, Guidance and Control Systems","Lecture Notes, Instructor Insights , assignment, Multiple Assignment Types"
https://ocw.mit.edu/courses/17-196-globalization-fall-2005/,17.196," Graduate, Undergraduate",courses,Globalization,"Prof. Suzanne Berger, ","Economics, Social Science, Business","Lecture Notes, Instructor Insights , assignment, Multiple Assignment Types"
https://ocw.mit.edu/courses/15-347-doctoral-seminar-in-research-methods-i-fall-2004/,15.347, Graduate,courses,Doctoral Seminar in Research Methods I,"Prof. Lotte Bailyn, Prof. Jesper B. Sorensen","Social Science, , ","Lecture Notes, Instructor Insights , assignment, Multiple Assignment Types"
https://ocw.mit.edu/courses/2-003-modeling-dynamics-and-control-i-spring-2005/,2.003, Undergraduate,courses,Modeling Dynamics and Control I,"Prof. Steven Dubowsky, Prof. David Trumper","Engineering, Mathematics, Mechanical Engineering","Lecture Notes, Instructor Insights , assignment, Multiple Assignment Types"
https://ocw.mit.edu/courses/2-081j-plates-and-shells-spring-2007/,2.081J , Graduate,courses,Plates and Shells,"Prof. Tomasz Wierzbicki, ","Engineering, Mechanical Engineering, Solid Mechanics","Lecture Notes, Instructor Insights , assignment, Multiple Assignment Types"
https://ocw.mit.edu/courses/21g-044-classics-of-chinese-literature-fall-2011/,21G.044 , Undergraduate,courses,Classics of Chinese Literature,"Prof. Emma Teng, ","Humanities, Literature, Classics","Lecture Notes, Instructor Insights , assignment, Multiple Assignment Types"
https://ocw.mit.edu/courses/21g-401-german-i-fall-2008/,21G.401 , Undergraduate,courses,German I,"Peter Weise, ","Humanities, Language, Society","Lecture Notes, Instructor Insights , assignment, Multiple Assignment Types"
https://ocw.mit.edu/courses/21m-302-harmony-and-counterpoint-ii-spring-2005/,21M.302 , Undergraduate,courses,Harmony and Counterpoint II,"Prof. Brian Robison, ","Music, Fine Arts, Music History","Lecture Notes, Instructor Insights , assignment, Multiple Assignment Types"
https://ocw.mit.edu/courses/21m-734-design-for-the-theater-scenery-spring-2005/,21M.734 , Undergraduate,courses,Design for the Theater: Scenery,"William Fregosi, ","Fine Arts, Performance Arts, Theatrical Design","Lecture Notes, Instructor Insights , assignment, Multiple Assignment Types"
https://ocw.mit.edu/courses/21w-742j-writing-about-race-narratives-of-multiraciality-fall-2008/,21W.742J , Undergraduate,courses,Writing About Race: Narratives of Multiraciality,"Dr. Kym L. Ragusa, ","Humanities, Literature, Social Science","Lecture Notes, Instructor Insights , assignment, Multiple Assignment Types"
https://ocw.mit.edu/courses/4-303-the-production-of-space-art-architecture-and-urbanism-in-dialogue-fall-2006/,4.303, Graduate,courses,"The Production of Space: Art, Architecture and Urbanism in Dialogue","Prof. Ute Meta Bauer, ","Architecture, Social Science, Visual Arts","Lecture Notes, Instructor Insights , assignment, Multiple Assignment Types"
https://ocw.mit.edu/courses/6-087-practical-programming-in-c-january-iap-2010/,6.087, Undergraduate,courses,Practical Programming in C,"Sharat Chikkerur, Daniel Weller","Engineering, Computer Science, Software Design and Engineering","Lecture Notes, Instructor Insights , assignment, Multiple Assignment Types"
https://ocw.mit.edu/courses/8-952-particle-physics-of-the-early-universe-fall-2004/,8.952, Graduate,courses,Particle Physics of the Early Universe,"Prof. Frank Wilczek, ","Science, Physics, Theoretical Physics","Lecture Notes, Instructor Insights , assignment, Multiple Assignment Types"
https://ocw.mit.edu/courses/9-675-the-development-of-object-and-face-recognition-spring-2006/,9.675, Graduate,courses,The Development of Object and Face Recognition,"Prof. Pawan Sinha, ","Engineering, Science, Systems Engineering","Lecture Notes, Instructor Insights , assignment, Multiple Assignment Types"
https://ocw.mit.edu/courses/sts-330-history-and-anthropology-of-medicine-and-biology-spring-2013/,STS.330 , Graduate,courses,History and Anthropology of Medicine and Biology,"Prof. Stefan Helmreich, Prof. David Jones","Humanities, History, History of Science and Technology","Lecture Notes, Instructor Insights , assignment, Multiple Assignment Types"
https://ocw.mit.edu/courses/sts-350-social-study-of-science-and-technology-spring-2004/,STS.350 , Graduate,courses,Social Study of Science and Technology,"Prof. Stefan Helmreich, ","Humanities, History, Social Science","Lecture Notes, Instructor Insights , assignment, Multiple Assignment Types"
https://ocw.mit.edu/courses/1-252j-urban-transportation-planning-fall-2016/,1.252J , Graduate,courses,Urban Transportation Planning,"Frederick Salvucci, ","Engineering, Social Science, Public Administration","Lecture Notes, Instructor Insights , assignment, Multiple Assignment Types"
https://ocw.mit.edu/courses/21g-084j-introduction-to-latin-american-studies-fall-2005/,21G.084J , Undergraduate,courses,Introduction to Latin American Studies,"Prof. Chappell Lawson, ","Humanities, Social Science, Political Science","Lecture Notes, Instructor Insights , assignment, Multiple Assignment Types"
https://ocw.mit.edu/courses/esd-10-introduction-to-technology-and-policy-fall-2006/,ESD.10 , Graduate,courses,Introduction to Technology and Policy,"Prof. Dan Ross, Prof. Annalisa Weigel","Leadership, Social Science, Public Administration","Lecture Notes, Instructor Insights , assignment, Multiple Assignment Types"
https://ocw.mit.edu/courses/16-812-the-aerospace-industry-spring-2004/,16.812, Undergraduate,courses,The Aerospace Industry,"Prof. Jennifer L. Craig, Barbara Lechner","Humanities, History, Economics","Lecture Notes, Instructor Insights , assignment, Multiple Assignment Types"
https://ocw.mit.edu/courses/2-067-advanced-structural-dynamics-and-acoustics-13-811-spring-2004/,2.067, Graduate,courses,Advanced Structural Dynamics and Acoustics (13.811),"Dr. David Battle, Prof. Henrik Schmidt","Engineering, Science, Physics","Lecture Notes, Instructor Insights , assignment, Multiple Assignment Types"
https://ocw.mit.edu/courses/14-71-economic-history-of-financial-crises-fall-2009/,14.71, Undergraduate,courses,Economic History of Financial Crises,"Prof. Peter Temin, ","Humanities, History, Economics","Lecture Notes, Instructor Insights , assignment, Multiple Assignment Types"
https://ocw.mit.edu/courses/2-019-design-of-ocean-systems-spring-2011/,2.019, Undergraduate,courses,Design of Ocean Systems,"Prof. Chryssostomos Chryssostomidis, Dr. Yuming Liu","Engineering, Mechanical Engineering, Systems Engineering","Lecture Notes, Instructor Insights , assignment, Multiple Assignment Types"
https://ocw.mit.edu/courses/15-997-practice-of-finance-advanced-corporate-risk-management-spring-2009/,15.997, Graduate,courses,Practice of Finance: Advanced Corporate Risk Management,"Prof. John Parsons, ","Economics, Social Science, Business","Lecture Notes, Instructor Insights , assignment, Multiple Assignment Types"
https://ocw.mit.edu/courses/7-16-experimental-molecular-biology-biotechnology-ii-spring-2005/,7.16, Undergraduate,courses,Experimental Molecular Biology: Biotechnology II,"Prof. Christopher Burge, Dr. Marilee Ogren-Balkema","Engineering, Science, Biological Engineering","Lecture Notes, Instructor Insights , assignment, Multiple Assignment Types"
https://ocw.mit.edu/courses/11-368-environmental-justice-fall-2004/,11.368, Graduate,courses,Environmental Justice,"Prof. JoAnn Carmin, ","Humanities, Social Science, Public Administration","Lecture Notes, Instructor Insights , assignment, Multiple Assignment Types"
https://ocw.mit.edu/courses/21a-302j-dilemmas-in-bio-medical-ethics-playing-god-or-doing-good-fall-2013/,21A.302J , Undergraduate,courses,Dilemmas in Bio-Medical Ethics: Playing God or Doing Good?,"Prof. Erica James, ","Humanities, Ethics, Social Science","Lecture Notes, Instructor Insights , assignment, Multiple Assignment Types"
https://ocw.mit.edu/courses/6-302-feedback-systems-spring-2007/,6.302, Graduate,courses,Feedback Systems,"Prof. Joel Dawson, Dr. Kent Lundberg","Engineering, Electronics, Electrical Engineering","Lecture Notes, Instructor Insights , assignment, Multiple Assignment Types"
https://ocw.mit.edu/courses/15-394-designing-and-leading-the-entrepreneurial-organization-spring-2003/,15.394, Graduate,courses,Designing and Leading the Entrepreneurial Organization,"Prof. Diane Burton, ","Entrepreneurship, Leadership, Business","Lecture Notes, Instructor Insights , assignment, Multiple Assignment Types"
https://ocw.mit.edu/courses/17-484-comparative-grand-strategy-and-military-doctrine-fall-2004/,17.484, Graduate,courses,Comparative Grand Strategy and Military Doctrine,"Prof. Barry Posen, ","Humanities, History, Social Science","Lecture Notes, Instructor Insights , assignment, Multiple Assignment Types"
https://ocw.mit.edu/courses/15-057-systems-optimization-spring-2003/,15.057, Graduate,courses,Systems Optimization,"Prof. John Vande Vate, ","Engineering, Mathematics, Systems Engineering","Lecture Notes, Instructor Insights , assignment, Multiple Assignment Types"
https://ocw.mit.edu/courses/21m-303-writing-in-tonal-forms-i-spring-2009/,21M.303 , Undergraduate,courses,Writing in Tonal Forms I,"Prof. Peter Child, ","Music, Fine Arts, Music History","Lecture Notes, Instructor Insights , assignment, Multiple Assignment Types"
https://ocw.mit.edu/courses/1-103-civil-engineering-materials-laboratory-spring-2004/,1.103, Undergraduate,courses,Civil Engineering Materials Laboratory,"Dr. John Germaine, ","Engineering, Materials Science and Engineering, Civil Engineering","Lecture Notes, Instructor Insights , assignment, Multiple Assignment Types"
https://ocw.mit.edu/courses/15-996-cross-cultural-leadership-fall-2004/,15.996, Graduate,courses,Cross-Cultural Leadership,"Pat Bentley, ","Leadership, Social Science, Business","Lecture Notes, Instructor Insights , assignment, Multiple Assignment Types"
https://ocw.mit.edu/courses/17-tht-thesis-research-design-seminar-fall-2004/,17.THT , Undergraduate,courses,Thesis Research Design Seminar,"Prof. Roger Petersen, ","Social Science, Political Science, ","Lecture Notes, Instructor Insights , assignment, Multiple Assignment Types"
https://ocw.mit.edu/courses/18-s996-category-theory-for-scientists-spring-2013/,18.S996 , Graduate,courses,Category Theory for Scientists,"Dr. David I. Spivak, ","Science, Mathematics, Discrete Mathematics","Lecture Notes, Instructor Insights , assignment, Multiple Assignment Types"
https://ocw.mit.edu/courses/21l-015-introduction-to-media-studies-fall-2005/,21L.015 , Undergraduate,courses,Introduction to Media Studies,"Prof. Beth Coleman, ","Humanities, Literature, Social Science","Lecture Notes, Instructor Insights , assignment, Multiple Assignment Types"
https://ocw.mit.edu/courses/21m-051-fundamentals-of-music-spring-2007/,21M.051 , Undergraduate,courses,Fundamentals of Music,"Ms. Pamela Wood, ","Music, Fine Arts, Music Performance","Lecture Notes, Instructor Insights , assignment, Multiple Assignment Types"
https://ocw.mit.edu/courses/21m-361-composing-with-computers-i-electronic-music-composition-spring-2008/,21M.361 , Undergraduate,courses,Composing with Computers I (Electronic Music Composition),"Peter Whincop, ","Music, Media Studies, Fine Arts","Lecture Notes, Instructor Insights , assignment, Multiple Assignment Types"
https://ocw.mit.edu/courses/21m-s53-chinese-popular-musics-in-dialogue-spring-2014/,21M.S53 , Undergraduate,courses,Chinese Popular Musics in Dialogue,"Dr. Meredith Schweig, ","Music, Social Science, Fine Arts","Lecture Notes, Instructor Insights , assignment, Multiple Assignment Types"
https://ocw.mit.edu/courses/24-244-modal-logic-spring-2015/,24.244, Undergraduate,courses,Modal Logic,"Prof. Stephen Yablo, ","Humanities, Linguistics, Philosophy","Lecture Notes, Instructor Insights , assignment, Multiple Assignment Types"
https://ocw.mit.edu/courses/3-044-materials-processing-spring-2013/,3.044, Undergraduate,courses,Materials Processing,"Prof. Chris Schuh, ","Engineering, Materials Science and Engineering, Transport Processes","Lecture Notes, Instructor Insights , assignment, Multiple Assignment Types"
https://ocw.mit.edu/courses/6-345-automatic-speech-recognition-spring-2003/,6.345, Graduate,courses,Automatic Speech Recognition,"Dr. James Glass, Prof. Victor Zue","Engineering, Humanities, Electrical Engineering","Lecture Notes, Instructor Insights , assignment, Multiple Assignment Types"
https://ocw.mit.edu/courses/6-912-introduction-to-copyright-law-january-iap-2006/,6.912, Undergraduate,courses,Introduction to Copyright Law,"Keith Winstein, ","Social Science, Legal Studies, ","Lecture Notes, Instructor Insights , assignment, Multiple Assignment Types"
https://ocw.mit.edu/courses/9-00-introduction-to-psychology-fall-2004/,9, Undergraduate,courses,Introduction to Psychology,"Prof. Jeremy Wolfe, ","Science, Social Science, Cognitive Science","Lecture Notes, Instructor Insights , assignment, Multiple Assignment Types"
https://ocw.mit.edu/courses/esd-172j-x-prize-workshop-grand-challenges-in-energy-fall-2009/,ESD.172J , Graduate,courses,X PRIZE Workshop: Grand Challenges in Energy,"Dr. Erika Wagner, ","Entrepreneurship, Innovation, Economics","Lecture Notes, Instructor Insights , assignment, Multiple Assignment Types"
https://ocw.mit.edu/courses/es-s41-speak-italian-with-your-mouth-full-spring-2012/,ES.S41 , Undergraduate,courses,Speak Italian With Your Mouth Full,"Graham Gordon Ramsay, Dr. Paola Rebusco","Humanities, Language, Society","Lecture Notes, Instructor Insights , assignment, Multiple Assignment Types"
https://ocw.mit.edu/courses/9-69-foundations-of-cognition-spring-2003/,9.69, Undergraduate,courses,Foundations of Cognition,"Prof. Lera Boroditsky, Prof. Josh Tenenbaum","Science, Humanities, Social Science","Lecture Notes, Instructor Insights , assignment, Multiple Assignment Types"
https://ocw.mit.edu/courses/21g-084j-introduction-to-latin-american-studies-fall-2005/,21G.084J , Undergraduate,courses,Introduction to Latin American Studies,"Prof. Chappell Lawson, ","Humanities, Social Science, Political Science","Lecture Notes, Instructor Insights , assignment, Multiple Assignment Types"
https://ocw.mit.edu/courses/esd-10-introduction-to-technology-and-policy-fall-2006/,ESD.10 , Graduate,courses,Introduction to Technology and Policy,"Prof. Dan Ross, Prof. Annalisa Weigel","Leadership, Social Science, Public Administration","Lecture Notes, Instructor Insights , assignment, Multiple Assignment Types"
https://ocw.mit.edu/courses/16-812-the-aerospace-industry-spring-2004/,16.812, Undergraduate,courses,The Aerospace Industry,"Prof. Jennifer L. Craig, Barbara Lechner","Humanities, History, Economics","Lecture Notes, Instructor Insights , assignment, Multiple Assignment Types"
https://ocw.mit.edu/courses/2-067-advanced-structural-dynamics-and-acoustics-13-811-spring-2004/,2.067, Graduate,courses,Advanced Structural Dynamics and Acoustics (13.811),"Dr. David Battle, Prof. Henrik Schmidt","Engineering, Science, Physics","Lecture Notes, Instructor Insights , assignment, Multiple Assignment Types"
https://ocw.mit.edu/courses/14-71-economic-history-of-financial-crises-fall-2009/,14.71, Undergraduate,courses,Economic History of Financial Crises,"Prof. Peter Temin, ","Humanities, History, Economics","Lecture Notes, Instructor Insights , assignment, Multiple Assignment Types"
https://ocw.mit.edu/courses/2-019-design-of-ocean-systems-spring-2011/,2.019, Undergraduate,courses,Design of Ocean Systems,"Prof. Chryssostomos Chryssostomidis, Dr. Yuming Liu","Engineering, Mechanical Engineering, Systems Engineering","Lecture Notes, Instructor Insights , assignment, Multiple Assignment Types"
https://ocw.mit.edu/courses/15-997-practice-of-finance-advanced-corporate-risk-management-spring-2009/,15.997, Graduate,courses,Practice of Finance: Advanced Corporate Risk Management,"Prof. John Parsons, ","Economics, Social Science, Business","Lecture Notes, Instructor Insights , assignment, Multiple Assignment Types"
https://ocw.mit.edu/courses/7-16-experimental-molecular-biology-biotechnology-ii-spring-2005/,7.16, Undergraduate,courses,Experimental Molecular Biology: Biotechnology II,"Prof. Christopher Burge, Dr. Marilee Ogren-Balkema","Engineering, Science, Biological Engineering","Lecture Notes, Instructor Insights , assignment, Multiple Assignment Types"
https://ocw.mit.edu/courses/11-368-environmental-justice-fall-2004/,11.368, Graduate,courses,Environmental Justice,"Prof. JoAnn Carmin, ","Humanities, Social Science, Public Administration","Lecture Notes, Instructor Insights , assignment, Multiple Assignment Types"
https://ocw.mit.edu/courses/21a-302j-dilemmas-in-bio-medical-ethics-playing-god-or-doing-good-fall-2013/,21A.302J , Undergraduate,courses,Dilemmas in Bio-Medical Ethics: Playing God or Doing Good?,"Prof. Erica James, ","Humanities, Ethics, Social Science","Lecture Notes, Instructor Insights , assignment, Multiple Assignment Types"
https://ocw.mit.edu/courses/21g-026-global-africa-creative-cultures-spring-2018/,21G.026 , Undergraduate,courses,Global Africa: Creative Cultures,"Prof. M. Amah Edoh, ","Humanities, Literature, History","Lecture Notes, Instructor Insights , assignment, Multiple Assignment Types"
https://ocw.mit.edu/courses/8-942-cosmology-fall-2001/,8.942, Graduate,courses,Cosmology,"Prof. Edmund Bertschinger, ","Science, Physics, Astrophysics","Lecture Notes, Instructor Insights , assignment, Multiple Assignment Types"
https://ocw.mit.edu/courses/2-882-system-design-and-analysis-based-on-ad-and-complexity-theories-spring-2005/,2.882, Graduate,courses,System Design and Analysis based on AD and Complexity Theories,"Dr. Taesik Lee, Prof. Nam Suh","Engineering, Computer Science, Systems Engineering","Lecture Notes, Instructor Insights , assignment, Multiple Assignment Types"
https://ocw.mit.edu/courses/8-511-theory-of-solids-i-fall-2004/,8.511, Graduate,courses,Theory of Solids I,"Prof. Patrick Lee, ","Engineering, Science, Physics","Lecture Notes, Instructor Insights , assignment, Multiple Assignment Types"
https://ocw.mit.edu/courses/3-063-polymer-physics-spring-2007/,3.063, Undergraduate,courses,Polymer Physics,"Prof. Edwin (Ned) Thomas, ","Engineering, Science, Physics","Lecture Notes, Instructor Insights , assignment, Multiple Assignment Types"
https://ocw.mit.edu/courses/4-501-architectural-construction-and-computation-fall-2005/,4.501, Undergraduate,courses,Architectural Construction and Computation,"Prof. Lawrence Sass, Prof. Joel Turkel","Engineering, Architecture, Systems Engineering","Lecture Notes, Instructor Insights , assignment, Multiple Assignment Types"
https://ocw.mit.edu/courses/6-374-analysis-and-design-of-digital-integrated-circuits-fall-2003/,6.374, Graduate,courses,Analysis and Design of Digital Integrated Circuits,"Prof. Anantha Chandrakasan, ","Engineering, Computer Science, Electronics","Lecture Notes, Instructor Insights , assignment, Multiple Assignment Types"
https://ocw.mit.edu/courses/6-730-physics-for-solid-state-applications-spring-2003/,6.73, Graduate,courses,Physics for Solid-State Applications,"Prof. Terry Orlando, Prof. Rajeev Ram","Engineering, Science, Physics","Lecture Notes, Instructor Insights , assignment, Multiple Assignment Types"
https://ocw.mit.edu/courses/ec-210-visualization-for-mathematics-science-and-technology-education-spring-2016/,EC.210 , Undergraduate,courses,"Visualization for Mathematics, Science, and Technology Education","Violeta Ivanova, ","Communication, Social Science, Teaching and Education","Lecture Notes, Instructor Insights , assignment, Multiple Assignment Types"
https://ocw.mit.edu/courses/es-268-the-mathematics-in-toys-and-games-spring-2010/,ES.268 , Undergraduate,courses,The Mathematics in Toys and Games,"Prof. Erik Demaine, Melissa Gymrek","Engineering, Computer Science, Mathematics","Lecture Notes, Instructor Insights , assignment, Multiple Assignment Types"
https://ocw.mit.edu/courses/sts-429-food-and-power-in-the-twentieth-century-spring-2005/,STS.429 , Graduate,courses,Food and Power in the Twentieth Century,"Prof. Deborah Fitzgerald, ","Humanities, History, Economics","Lecture Notes, Instructor Insights , assignment, Multiple Assignment Types"
https://ocw.mit.edu/courses/14-09-financial-crises-january-iap-2016/,14.09, Undergraduate,courses,Financial Crises,"Prof. Alp Simsek, ","Economics, Social Science, Business","Lecture Notes, Instructor Insights , assignment, Multiple Assignment Types"
https://ocw.mit.edu/courses/11-484-project-appraisal-in-developing-countries-spring-2005/,11.484, Graduate,courses,Project Appraisal in Developing Countries,"Prof. Annette M. Kim, ","Economics, Social Science, The Developing World","Lecture Notes, Instructor Insights , assignment, Multiple Assignment Types"
https://ocw.mit.edu/courses/14-74-foundations-of-development-policy-spring-2009/,14.74, Undergraduate,courses,Foundations of Development Policy,"Prof. Esther Duflo, ","Economics, Social Science, Public Administration","Lecture Notes, Instructor Insights , assignment, Multiple Assignment Types"
https://ocw.mit.edu/courses/6-829-computer-networks-fall-2002/,6.829, Graduate,courses,Computer Networks,"Prof. Hari Balakrishnan, ","Engineering, Computer Science, Computer Networks","Lecture Notes, Instructor Insights , assignment, Multiple Assignment Types"
https://ocw.mit.edu/courses/17-582-civil-war-spring-2010/,17.582, Graduate,courses,Civil War,"Prof. Roger Petersen, ","Humanities, History, Social Science","Lecture Notes, Instructor Insights , assignment, Multiple Assignment Types"
https://ocw.mit.edu/courses/17-509-social-movements-in-comparative-perspective-spring-2005/,17.509, Undergraduate,courses,Social Movements in Comparative Perspective,"Prof. Melissa Nobles, ","Humanities, History, Social Science","Lecture Notes, Instructor Insights , assignment, Multiple Assignment Types"
https://ocw.mit.edu/courses/15-968-the-sociology-of-strategy-spring-2005/,15.968, Graduate,courses,The Sociology of Strategy,"Prof. Ezra Zuckerman, ","Management, Economics, Social Science","Lecture Notes, Instructor Insights , assignment, Multiple Assignment Types"
https://ocw.mit.edu/courses/10-52-mechanics-of-fluids-spring-2006/,10.52, Graduate,courses,Mechanics of Fluids,"Prof. Kenneth Smith, ","Engineering, Mechanical Engineering, Fluid Mechanics","Lecture Notes, Instructor Insights , assignment, Multiple Assignment Types"
https://ocw.mit.edu/courses/15-568a-practical-information-technology-management-spring-2005/,15.568A , Undergraduate,courses,Practical Information Technology Management,"Prof. Cyrus Gibson, Prof. Benjamin Grosof","Management, Business, Information Technology","Lecture Notes, Instructor Insights , assignment, Multiple Assignment Types"
https://ocw.mit.edu/courses/9-69-foundations-of-cognition-spring-2003/,9.69, Undergraduate,courses,Foundations of Cognition,"Prof. Lera Boroditsky, Prof. Josh Tenenbaum","Science, Humanities, Social Science","Lecture Notes, Instructor Insights , assignment, Multiple Assignment Types"
https://ocw.mit.edu/courses/12-581-phase-transitions-in-the-earths-interior-spring-2005/,12.581, Graduate,courses,Phase Transitions in the Earth's Interior,"Prof. Sang-Heon (Dan) Shim, ","Science, Physics, Earth Science","Lecture Notes, Instructor Insights , assignment, Multiple Assignment Types"
https://ocw.mit.edu/courses/21h-365-cultural-pluralism-in-modern-middle-east-spring-2014/,21H.365 , Undergraduate,courses,Cultural Pluralism in Modern Middle East,"Prof. Lerna Ekmekcioglu, ","Humanities, History, Social Science","Lecture Notes, Instructor Insights , assignment, Multiple Assignment Types"
https://ocw.mit.edu/courses/18-327-wavelets-filter-banks-and-applications-spring-2003/,18.327, Graduate,courses,"Wavelets, Filter Banks and Applications","Prof. Kevin Amaratunga, Prof. Gilbert Strang","Engineering, Mathematics, Electrical Engineering","Lecture Notes, Instructor Insights , assignment, Multiple Assignment Types"
https://ocw.mit.edu/courses/21a-850j-the-anthropology-of-cybercultures-spring-2009/,21A.850J , Graduate,courses,The Anthropology of Cybercultures,"Prof. Lucy Suchman, ","Social Science, Media Studies, Fine Arts","Lecture Notes, Instructor Insights , assignment, Multiple Assignment Types"
https://ocw.mit.edu/courses/4-183-sustainable-design-and-technology-research-workshop-spring-2004/,4.183, Graduate,courses,Sustainable Design and Technology Research Workshop,"Prof. Leon Glicksman, Prof. Andrew Scott","Science, Architecture, Social Science","Lecture Notes, Instructor Insights , assignment, Multiple Assignment Types"
https://ocw.mit.edu/courses/15-220-global-strategy-and-organization-spring-2012/,15.22, Graduate,courses,Global Strategy and Organization,"Prof. José Santos, ","Management, Business, Globalization","Lecture Notes, Instructor Insights , assignment, Multiple Assignment Types"
https://ocw.mit.edu/courses/21g-061-advanced-topics-plotting-terror-in-european-culture-spring-2004/,21G.061 , Undergraduate,courses,Advanced Topics: Plotting Terror in European Culture,"Prof. Charity Scribner, ","Humanities, Literature, History","Lecture Notes, Instructor Insights , assignment, Multiple Assignment Types"
https://ocw.mit.edu/courses/11-957-frameworks-of-urban-governance-january-iap-2007/,11.957, Graduate,courses,Frameworks of Urban Governance,"Prof. Deborah Kobes, ","Economics, Social Science, Public Administration","Lecture Notes, Instructor Insights , assignment, Multiple Assignment Types"
https://ocw.mit.edu/courses/17-524-nationalism-fall-2004/,17.524, Graduate,courses,Nationalism,"Prof. Melissa Nobles, ","Humanities, Social Science, Political Science","Lecture Notes, Instructor Insights , assignment, Multiple Assignment Types"
https://ocw.mit.edu/courses/18-735-double-affine-hecke-algebras-in-representation-theory-combinatorics-geometry-and-mathematical-physics-fall-2009/,18.735, Graduate,courses,"Double Affine Hecke Algebras in Representation Theory, Combinatorics, Geometry, and Mathematical Physics","Prof. Pavel Etingof, ","Mathematics, Algebra and Number Theory, Topology and Geometry","Lecture Notes, Instructor Insights , assignment, Multiple Assignment Types"
https://ocw.mit.edu/courses/21g-026-global-africa-creative-cultures-spring-2018/,21G.026 , Undergraduate,courses,Global Africa: Creative Cultures,"Prof. M. Amah Edoh, ","Humanities, Literature, History","Lecture Notes, Instructor Insights , assignment, Multiple Assignment Types"
https://ocw.mit.edu/courses/8-942-cosmology-fall-2001/,8.942, Graduate,courses,Cosmology,"Prof. Edmund Bertschinger, ","Science, Physics, Astrophysics","Lecture Notes, Instructor Insights , assignment, Multiple Assignment Types"
https://ocw.mit.edu/courses/2-882-system-design-and-analysis-based-on-ad-and-complexity-theories-spring-2005/,2.882, Graduate,courses,System Design and Analysis based on AD and Complexity Theories,"Dr. Taesik Lee, Prof. Nam Suh","Engineering, Computer Science, Systems Engineering","Lecture Notes, Instructor Insights , assignment, Multiple Assignment Types"
https://ocw.mit.edu/courses/8-511-theory-of-solids-i-fall-2004/,8.511, Graduate,courses,Theory of Solids I,"Prof. Patrick Lee, ","Engineering, Science, Physics","Lecture Notes, Instructor Insights , assignment, Multiple Assignment Types"
https://ocw.mit.edu/courses/3-063-polymer-physics-spring-2007/,3.063, Undergraduate,courses,Polymer Physics,"Prof. Edwin (Ned) Thomas, ","Engineering, Science, Physics","Lecture Notes, Instructor Insights , assignment, Multiple Assignment Types"
https://ocw.mit.edu/courses/4-501-architectural-construction-and-computation-fall-2005/,4.501, Undergraduate,courses,Architectural Construction and Computation,"Prof. Lawrence Sass, Prof. Joel Turkel","Engineering, Architecture, Systems Engineering","Lecture Notes, Instructor Insights , assignment, Multiple Assignment Types"
https://ocw.mit.edu/courses/6-374-analysis-and-design-of-digital-integrated-circuits-fall-2003/,6.374, Graduate,courses,Analysis and Design of Digital Integrated Circuits,"Prof. Anantha Chandrakasan, ","Engineering, Computer Science, Electronics","Lecture Notes, Instructor Insights , assignment, Multiple Assignment Types"
https://ocw.mit.edu/courses/6-730-physics-for-solid-state-applications-spring-2003/,6.73, Graduate,courses,Physics for Solid-State Applications,"Prof. Terry Orlando, Prof. Rajeev Ram","Engineering, Science, Physics","Lecture Notes, Instructor Insights , assignment, Multiple Assignment Types"
https://ocw.mit.edu/courses/ec-210-visualization-for-mathematics-science-and-technology-education-spring-2016/,EC.210 , Undergraduate,courses,"Visualization for Mathematics, Science, and Technology Education","Violeta Ivanova, ","Communication, Social Science, Teaching and Education","Lecture Notes, Instructor Insights , assignment, Multiple Assignment Types"
https://ocw.mit.edu/courses/15-269b-literature-ethics-and-authority-fall-2002/,15.269B , Graduate,courses,"Literature, Ethics and Authority","Prof. Alvin Kibel, ","Humanities, Ethics, Literature","Lecture Notes, Instructor Insights , assignment, Multiple Assignment Types"
https://ocw.mit.edu/courses/11-373-science-politics-and-environmental-policy-fall-2004/,11.373, Graduate,courses,"Science, Politics, and Environmental Policy","Prof. Judith Layzer, ","Social Science, Public Administration, Political Science","Lecture Notes, Instructor Insights , assignment, Multiple Assignment Types"
https://ocw.mit.edu/courses/6-849-geometric-folding-algorithms-linkages-origami-polyhedra-fall-2012/,6.849, Graduate,courses,"Geometric Folding Algorithms: Linkages, Origami, Polyhedra","Prof. Erik Demaine, ","Engineering, Computer Science, Mathematics","Lecture Notes, Instructor Insights , assignment, Multiple Assignment Types"
https://ocw.mit.edu/courses/15-450-analytics-of-finance-fall-2010/,15.45, Graduate,courses,Analytics of Finance,"Prof. Leonid Kogan, ","Mathematics, Probability and Statistics, Economics","Lecture Notes, Instructor Insights , assignment, Multiple Assignment Types"
https://ocw.mit.edu/courses/11-366j-planning-for-sustainable-development-spring-2006/,11.366J , Graduate,courses,Planning for Sustainable Development,"Prof. David Laws, Prof. Martin Rein","Engineering, Science, Social Science","Lecture Notes, Instructor Insights , assignment, Multiple Assignment Types"
https://ocw.mit.edu/courses/24-241-logic-i-fall-2009/,24.241, Undergraduate,courses,Logic I,"Dr. Ephraim Glick, ","Humanities, Philosophy, Logic","Lecture Notes, Instructor Insights , assignment, Multiple Assignment Types"
https://ocw.mit.edu/courses/21m-670-traditions-in-american-concert-dance-gender-and-autobiography-spring-2008/,21M.670 , Undergraduate,courses,Traditions in American Concert Dance: Gender and Autobiography,"Melissa Blanco, ","Social Science, Fine Arts, Society","Lecture Notes, Instructor Insights , assignment, Multiple Assignment Types"
https://ocw.mit.edu/courses/15-098-special-seminar-in-applied-probability-and-stochastic-processes-spring-2006/,15.098, Graduate,courses,Special Seminar in Applied Probability and Stochastic Processes,"Prof. David Gamarnik, Prof. Devavrat Shah","Mathematics, Probability and Statistics, Applied Mathematics","Lecture Notes, Instructor Insights , assignment, Multiple Assignment Types"
https://ocw.mit.edu/courses/1-223j-transportation-policy-strategy-and-management-fall-2004/,1.223J , Graduate,courses,"Transportation Policy, Strategy, and Management","Prof. Joseph Coughlin, ","Social Science, Business, Urban Studies","Lecture Notes, Instructor Insights , assignment, Multiple Assignment Types"
https://ocw.mit.edu/courses/15-561-information-technology-essentials-spring-2005/,15.561, Graduate,courses,Information Technology Essentials,"Prof. Thomas Malone, ","Engineering, Computer Science, Business","Lecture Notes, Instructor Insights , assignment, Multiple Assignment Types"
https://ocw.mit.edu/courses/5-35-introduction-to-experimental-chemistry-fall-2012/,5.35, Undergraduate,courses,Introduction to Experimental Chemistry,"Prof. Keith Nelson, Dr. Mariusz Twardowski","Science, Chemistry, Analytical Chemistry","Lecture Notes, Instructor Insights , assignment, Multiple Assignment Types"
https://ocw.mit.edu/courses/14-770-introduction-to-political-economy-fall-2017/,14.77, Graduate,courses,Introduction to Political Economy,"Prof. Daron Acemoglu, Prof. Benjamin Olken","Economics, Social Science, Political Science","Lecture Notes, Instructor Insights , assignment, Multiple Assignment Types"
https://ocw.mit.edu/courses/11-521-spatial-database-management-and-advanced-geographic-information-systems-spring-2003/,11.521, Graduate,courses,Spatial Database Management and Advanced Geographic Information Systems,"Prof. Joseph Ferreira, Prof. Lorlene Hoyt","Engineering, Computer Science, Social Science","Lecture Notes, Instructor Insights , assignment, Multiple Assignment Types"
https://ocw.mit.edu/courses/16-50-introduction-to-propulsion-systems-spring-2012/,16.5, Undergraduate,courses,Introduction to Propulsion Systems,"Prof. Manuel Martinez-Sanchez, ","Engineering, Aerospace Engineering, Propulsion Systems","Lecture Notes, Instructor Insights , assignment, Multiple Assignment Types"
https://ocw.mit.edu/courses/12-400-the-solar-system-spring-2006/,12.4, Undergraduate,courses,The Solar System,"Prof. Richard Binzel, ","Science, Physics, Earth Science","Lecture Notes, Instructor Insights , assignment, Multiple Assignment Types"
https://ocw.mit.edu/courses/2-14-analysis-and-design-of-feedback-control-systems-spring-2014/,2.14, Undergraduate,courses,Analysis and Design of Feedback Control Systems,"Prof. David Trumper, ","Engineering, Mechanical Engineering, Electrical Engineering","Lecture Notes, Instructor Insights , assignment, Multiple Assignment Types"
https://ocw.mit.edu/courses/21g-315-cross-cultural-perspectives-on-contemporary-french-society-fall-2011/,21G.315 , Undergraduate,courses,Cross-Cultural Perspectives on Contemporary French Society,"Sabine Levet, ","Humanities, Literature, Language","Lecture Notes, Instructor Insights , assignment, Multiple Assignment Types"
https://ocw.mit.edu/courses/21m-011-introduction-to-western-music-spring-2006/,21M.011 , Undergraduate,courses,Introduction to Western Music,"Prof. Ellen Harris, ","Music, Fine Arts, Music History","Lecture Notes, Instructor Insights , assignment, Multiple Assignment Types"
https://ocw.mit.edu/courses/5-069-crystal-structure-analysis-spring-2010/,5.069, Graduate,courses,Crystal Structure Analysis,"Dr. Peter Mueller, ","Science, Physics, Chemistry","Lecture Notes, Instructor Insights , assignment, Multiple Assignment Types"
https://ocw.mit.edu/courses/8-902-astrophysics-ii-fall-2004/,8.902, Graduate,courses,Astrophysics II,"Prof. Paul Schechter, ","Science, Physics, Astrophysics","Lecture Notes, Instructor Insights , assignment, Multiple Assignment Types"
https://ocw.mit.edu/courses/pe-710-tennis-spring-2007/,PE.710 , Undergraduate,courses,Tennis,"Prof. Carol Matsuzaki, ","Health and Medicine, Physical Education and Recreation, ","Lecture Notes, Instructor Insights , assignment, Multiple Assignment Types"
https://ocw.mit.edu/courses/20-109-laboratory-fundamentals-in-biological-engineering-spring-2010/,20.109, Undergraduate,courses,Laboratory Fundamentals in Biological Engineering,"Dr. Atissa Banuazizi, Prof. Alan Jasanoff","Engineering, Science, Biological Engineering","Lecture Notes, Instructor Insights , assignment, Multiple Assignment Types"
https://ocw.mit.edu/courses/15-014-applied-macro-and-international-economics-ii-spring-2016/,15.014, Graduate,courses,Applied Macro- and International Economics II,"Prof. Roberto Rigobon, ","Economics, Social Science, Business","Lecture Notes, Instructor Insights , assignment, Multiple Assignment Types"
https://ocw.mit.edu/courses/15-875-applications-of-system-dynamics-spring-2004/,15.875, Graduate,courses,Applications of System Dynamics,"Prof. James Hines, ","Engineering, Systems Engineering, Business","Lecture Notes, Instructor Insights , assignment, Multiple Assignment Types"
https://ocw.mit.edu/courses/4-322-introduction-to-sculpture-fall-2003/,4.322, Undergraduate,courses,Introduction to Sculpture,"Prof. Sanjit Sethi, ","Architecture, Visual Arts, Fine Arts","Lecture Notes, Instructor Insights , assignment, Multiple Assignment Types"
https://ocw.mit.edu/courses/9-56j-abnormal-language-fall-2004/,9.56J , Undergraduate,courses,Abnormal Language,"Mr. Christopher Hirsch, Prof. Ken Wexler","Science, Humanities, Health and Medicine","Lecture Notes, Instructor Insights , assignment, Multiple Assignment Types"
https://ocw.mit.edu/courses/15-566-information-technology-as-an-integrating-force-in-manufacturing-spring-2003/,15.566, Graduate,courses,Information Technology as an Integrating Force in Manufacturing,"Prof. Brian Subirana, ","Business, Information Technology, Operations Management","Lecture Notes, Instructor Insights , assignment, Multiple Assignment Types"
https://ocw.mit.edu/courses/21h-224-law-and-society-in-us-history-spring-2003/,21H.224 , Undergraduate,courses,Law and Society in US History,"Prof. Christopher Capozzola, ","Humanities, History, Social Science","Lecture Notes, Instructor Insights , assignment, Multiple Assignment Types"
https://ocw.mit.edu/courses/21h-001-how-to-stage-a-revolution-fall-2013/,21H.001 , Undergraduate,courses,How to Stage a Revolution,"Prof. Malick Ghachem, Prof. Jeffrey S. Ravel","Humanities, History, American History","Lecture Notes, Instructor Insights , assignment, Multiple Assignment Types"
https://ocw.mit.edu/courses/2-011-introduction-to-ocean-science-and-engineering-spring-2006/,2.011, Undergraduate,courses,Introduction to Ocean Science and Engineering,"Prof. Alexandra Techet, ","Engineering, Science, Earth Science","Lecture Notes, Instructor Insights , assignment, Multiple Assignment Types"
https://ocw.mit.edu/courses/8-21-the-physics-of-energy-fall-2009/,8.21, Undergraduate,courses,The Physics of Energy,"Prof. Robert Jaffe, Prof. Washington Taylor","Science, Physics, Energy","Lecture Notes, Instructor Insights , assignment, Multiple Assignment Types"
https://ocw.mit.edu/courses/15-269b-literature-ethics-and-authority-fall-2002/,15.269B , Graduate,courses,"Literature, Ethics and Authority","Prof. Alvin Kibel, ","Humanities, Ethics, Literature","Lecture Notes, Instructor Insights , assignment, Multiple Assignment Types"
https://ocw.mit.edu/courses/11-373-science-politics-and-environmental-policy-fall-2004/,11.373, Graduate,courses,"Science, Politics, and Environmental Policy","Prof. Judith Layzer, ","Social Science, Public Administration, Political Science","Lecture Notes, Instructor Insights , assignment, Multiple Assignment Types"
https://ocw.mit.edu/courses/6-849-geometric-folding-algorithms-linkages-origami-polyhedra-fall-2012/,6.849, Graduate,courses,"Geometric Folding Algorithms: Linkages, Origami, Polyhedra","Prof. Erik Demaine, ","Engineering, Computer Science, Mathematics","Lecture Notes, Instructor Insights , assignment, Multiple Assignment Types"
https://ocw.mit.edu/courses/15-450-analytics-of-finance-fall-2010/,15.45, Graduate,courses,Analytics of Finance,"Prof. Leonid Kogan, ","Mathematics, Probability and Statistics, Economics","Lecture Notes, Instructor Insights , assignment, Multiple Assignment Types"
https://ocw.mit.edu/courses/11-366j-planning-for-sustainable-development-spring-2006/,11.366J , Graduate,courses,Planning for Sustainable Development,"Prof. David Laws, Prof. Martin Rein","Engineering, Science, Social Science","Lecture Notes, Instructor Insights , assignment, Multiple Assignment Types"
https://ocw.mit.edu/courses/24-241-logic-i-fall-2009/,24.241, Undergraduate,courses,Logic I,"Dr. Ephraim Glick, ","Humanities, Philosophy, Logic","Lecture Notes, Instructor Insights , assignment, Multiple Assignment Types"
https://ocw.mit.edu/courses/21m-670-traditions-in-american-concert-dance-gender-and-autobiography-spring-2008/,21M.670 , Undergraduate,courses,Traditions in American Concert Dance: Gender and Autobiography,"Melissa Blanco, ","Social Science, Fine Arts, Society","Lecture Notes, Instructor Insights , assignment, Multiple Assignment Types"
https://ocw.mit.edu/courses/15-098-special-seminar-in-applied-probability-and-stochastic-processes-spring-2006/,15.098, Graduate,courses,Special Seminar in Applied Probability and Stochastic Processes,"Prof. David Gamarnik, Prof. Devavrat Shah","Mathematics, Probability and Statistics, Applied Mathematics","Lecture Notes, Instructor Insights , assignment, Multiple Assignment Types"
https://ocw.mit.edu/courses/1-223j-transportation-policy-strategy-and-management-fall-2004/,1.223J , Graduate,courses,"Transportation Policy, Strategy, and Management","Prof. Joseph Coughlin, ","Social Science, Business, Urban Studies","Lecture Notes, Instructor Insights , assignment, Multiple Assignment Types"
https://ocw.mit.edu/courses/6-883-pervasive-human-centric-computing-sma-5508-spring-2006/,6.883, Graduate,courses,Pervasive Human Centric Computing (SMA 5508),"Dr. Larry Rudolph, ","Engineering, Computer Science, Programming Languages","Lecture Notes, Instructor Insights , assignment, Multiple Assignment Types"
https://ocw.mit.edu/courses/esd-86-models-data-and-inference-for-socio-technical-systems-spring-2007/,ESD.86 , Graduate,courses,"Models, Data and Inference for Socio-Technical Systems","Prof. Daniel Frey, Richard C. Larson","Engineering, Computer Science, Mathematics","Lecture Notes, Instructor Insights , assignment, Multiple Assignment Types"
https://ocw.mit.edu/courses/mas-111-introduction-to-doing-research-in-media-arts-and-sciences-spring-2011/,MAS.111 , Undergraduate,courses,Introduction to Doing Research in Media Arts and Sciences,"Dr. V. Michael Bove, ","Media Studies, Fine Arts, Digital Media","Lecture Notes, Instructor Insights , assignment, Multiple Assignment Types"
https://ocw.mit.edu/courses/sts-081-innovation-systems-for-science-technology-energy-manufacturing-and-health-spring-2017/,STS.081 , Undergraduate,courses,"Innovation Systems for Science, Technology, Energy, Manufacturing, and Health","William Bonvillian, ","Engineering, Systems Engineering, Economics","Lecture Notes, Instructor Insights , assignment, Multiple Assignment Types"
https://ocw.mit.edu/courses/22-15-essential-numerical-methods-fall-2014/,22.15, Graduate,courses,Essential Numerical Methods,"Prof. Ian H. Hutchinson, ","Engineering, Mathematics, Systems Engineering","Lecture Notes, Instructor Insights , assignment, Multiple Assignment Types"
https://ocw.mit.edu/courses/11-309j-sensing-place-photography-as-inquiry-fall-2012/,11.309J , Graduate,courses,Sensing Place: Photography as Inquiry,"Prof. Anne Whiston Spirn, ","Architecture, Social Science, Visual Arts","Lecture Notes, Instructor Insights , assignment, Multiple Assignment Types"
https://ocw.mit.edu/courses/6-091-hands-on-introduction-to-electrical-engineering-lab-skills-january-iap-2008/,6.091, Undergraduate,courses,Hands-On Introduction to Electrical Engineering Lab Skills,"Gim Hom, ","Engineering, Electrical Engineering, ","Lecture Notes, Instructor Insights , assignment, Multiple Assignment Types"
https://ocw.mit.edu/courses/3-23-electrical-optical-and-magnetic-properties-of-materials-fall-2007/,3.23, Graduate,courses,"Electrical, Optical, and Magnetic Properties of Materials","Prof. Nicola Marzari, Prof. David Paul","Engineering, Science, Physics","Lecture Notes, Instructor Insights , assignment, Multiple Assignment Types"
https://ocw.mit.edu/courses/21l-315-prizewinners-nobelistas-spring-2014/,21L.315 , Undergraduate,courses,Prizewinners: Nobelistas,"Dr. Wyn Kelley, ","Humanities, Literature, Criticism","Lecture Notes, Instructor Insights , assignment, Multiple Assignment Types"
https://ocw.mit.edu/courses/4-609-the-art-museum-history-theory-controversy-spring-2014/,4.609, Undergraduate,courses,"The Art Museum: History, Theory, Controversy","Prof. Kristel R Smentek, ","Architecture, Fine Arts, Art History","Lecture Notes, Instructor Insights , assignment, Multiple Assignment Types"
https://ocw.mit.edu/courses/8-902-astrophysics-ii-fall-2004/,8.902, Graduate,courses,Astrophysics II,"Prof. Paul Schechter, ","Science, Physics, Astrophysics","Lecture Notes, Instructor Insights , assignment, Multiple Assignment Types"
https://ocw.mit.edu/courses/pe-710-tennis-spring-2007/,PE.710 , Undergraduate,courses,Tennis,"Prof. Carol Matsuzaki, ","Health and Medicine, Physical Education and Recreation, ","Lecture Notes, Instructor Insights , assignment, Multiple Assignment Types"
https://ocw.mit.edu/courses/20-109-laboratory-fundamentals-in-biological-engineering-spring-2010/,20.109, Undergraduate,courses,Laboratory Fundamentals in Biological Engineering,"Dr. Atissa Banuazizi, Prof. Alan Jasanoff","Engineering, Science, Biological Engineering","Lecture Notes, Instructor Insights , assignment, Multiple Assignment Types"
https://ocw.mit.edu/courses/15-014-applied-macro-and-international-economics-ii-spring-2016/,15.014, Graduate,courses,Applied Macro- and International Economics II,"Prof. Roberto Rigobon, ","Economics, Social Science, Business","Lecture Notes, Instructor Insights , assignment, Multiple Assignment Types"
https://ocw.mit.edu/courses/15-875-applications-of-system-dynamics-spring-2004/,15.875, Graduate,courses,Applications of System Dynamics,"Prof. James Hines, ","Engineering, Systems Engineering, Business","Lecture Notes, Instructor Insights , assignment, Multiple Assignment Types"
https://ocw.mit.edu/courses/4-322-introduction-to-sculpture-fall-2003/,4.322, Undergraduate,courses,Introduction to Sculpture,"Prof. Sanjit Sethi, ","Architecture, Visual Arts, Fine Arts","Lecture Notes, Instructor Insights , assignment, Multiple Assignment Types"
https://ocw.mit.edu/courses/9-56j-abnormal-language-fall-2004/,9.56J , Undergraduate,courses,Abnormal Language,"Mr. Christopher Hirsch, Prof. Ken Wexler","Science, Humanities, Health and Medicine","Lecture Notes, Instructor Insights , assignment, Multiple Assignment Types"
https://ocw.mit.edu/courses/15-566-information-technology-as-an-integrating-force-in-manufacturing-spring-2003/,15.566, Graduate,courses,Information Technology as an Integrating Force in Manufacturing,"Prof. Brian Subirana, ","Business, Information Technology, Operations Management","Lecture Notes, Instructor Insights , assignment, Multiple Assignment Types"
https://ocw.mit.edu/courses/21h-224-law-and-society-in-us-history-spring-2003/,21H.224 , Undergraduate,courses,Law and Society in US History,"Prof. Christopher Capozzola, ","Humanities, History, Social Science","Lecture Notes, Instructor Insights , assignment, Multiple Assignment Types"
https://ocw.mit.edu/courses/21h-001-how-to-stage-a-revolution-fall-2013/,21H.001 , Undergraduate,courses,How to Stage a Revolution,"Prof. Malick Ghachem, Prof. Jeffrey S. Ravel","Humanities, History, American History","Lecture Notes, Instructor Insights , assignment, Multiple Assignment Types"
https://ocw.mit.edu/courses/4-101-experiencing-architecture-studio-spring-2003/,4.101, Undergraduate,courses,Experiencing Architecture Studio,"Prof. William Hubbard, ","Architecture, Fine Arts, Architectural Design","Lecture Notes, Instructor Insights , assignment, Multiple Assignment Types"
https://ocw.mit.edu/courses/6-171-software-engineering-for-web-applications-fall-2003/,6.171, Undergraduate,courses,Software Engineering for Web Applications,"Prof. Harold Abelson, Dr. Philip Greenspun","Engineering, Computer Science, Electrical Engineering","Lecture Notes, Instructor Insights , assignment, Multiple Assignment Types"
https://ocw.mit.edu/courses/6-635-advanced-electromagnetism-spring-2003/,6.635, Graduate,courses,Advanced Electromagnetism,"Prof. Jin Au Kong, ","Science, Physics, Atomic, Molecular, Optical Physics","Lecture Notes, Instructor Insights , assignment, Multiple Assignment Types"
https://ocw.mit.edu/courses/6-780-semiconductor-manufacturing-spring-2003/,6.78, Graduate,courses,Semiconductor Manufacturing,"Prof. Duane Boning, ","Engineering, Electronics, Systems Engineering","Lecture Notes, Instructor Insights , assignment, Multiple Assignment Types"
https://ocw.mit.edu/courses/8-513-many-body-theory-for-condensed-matter-systems-fall-2004/,8.513, Graduate,courses,Many-Body Theory for Condensed Matter Systems,"Prof. Senthil Todadri, ","Science, Physics, Condensed Matter Physics","Lecture Notes, Instructor Insights , assignment, Multiple Assignment Types"
https://ocw.mit.edu/courses/8-901-astrophysics-i-spring-2006/,8.901, Graduate,courses,Astrophysics I,"Prof. Deepto Chakrabarty, ","Science, Physics, Astrophysics","Lecture Notes, Instructor Insights , assignment, Multiple Assignment Types"
https://ocw.mit.edu/courses/es-287-kitchen-chemistry-spring-2009/,ES.287 , Undergraduate,courses,Kitchen Chemistry,"Dr. Patricia Christie, ","Science, Chemistry, ","Lecture Notes, Instructor Insights , assignment, Multiple Assignment Types"
https://ocw.mit.edu/courses/esd-60-lean-six-sigma-processes-summer-2004/,ESD.60 , Graduate,courses,Lean/Six Sigma Processes,"Prof. Joel Cutcher-Gershenfeld, ","Engineering, Systems Engineering, Business","Lecture Notes, Instructor Insights , assignment, Multiple Assignment Types"
https://ocw.mit.edu/courses/3-a27-case-studies-in-forensic-metallurgy-fall-2007/,3.A27 , Undergraduate,courses,Case Studies in Forensic Metallurgy,"Prof. Kenneth Russell, Kyra Sedransk","Engineering, Social Science, Legal Studies","Lecture Notes, Instructor Insights , assignment, Multiple Assignment Types"
https://ocw.mit.edu/courses/21m-342-composing-for-jazz-orchestra-fall-2008/,21M.342 , Undergraduate,courses,Composing for Jazz Orchestra,"Dr. Mark Harvey, ","Music, Fine Arts, Music History","Lecture Notes, Instructor Insights , assignment, Multiple Assignment Types"
https://ocw.mit.edu/courses/15-599-workshop-in-it-collaborative-innovation-networks-fall-2011/,15.599, Graduate,courses,Workshop in IT: Collaborative Innovation Networks,"Peter Gloor, ","Communication, Engineering, Computer Science","Lecture Notes, Instructor Insights , assignment, Multiple Assignment Types"
https://ocw.mit.edu/courses/2-032-dynamics-fall-2004/,2.032, Graduate,courses,Dynamics,"Prof. George Haller, ","Engineering, Science, Physics","Lecture Notes, Instructor Insights , assignment, Multiple Assignment Types"
https://ocw.mit.edu/courses/21a-270-anthropology-through-speculative-fiction-fall-2009/,21A.270 , Undergraduate,courses,Anthropology Through Speculative Fiction,"Prof. Stefan Helmreich, Prof. Erica James","Humanities, Literature, Social Science","Lecture Notes, Instructor Insights , assignment, Multiple Assignment Types"
https://ocw.mit.edu/courses/18-705-commutative-algebra-fall-2008/,18.705, Graduate,courses,Commutative Algebra,"Prof. Steven Kleiman, ","Mathematics, Algebra and Number Theory, ","Lecture Notes, Instructor Insights , assignment, Multiple Assignment Types"
https://ocw.mit.edu/courses/11-422-downtown-management-organizations-fall-2006/,11.422, Graduate,courses,Downtown Management Organizations,"Prof. Lorlene Hoyt, ","Social Science, Public Administration, Sociology","Lecture Notes, Instructor Insights , assignment, Multiple Assignment Types"
https://ocw.mit.edu/courses/4-s26-territory-spatial-reification-of-power-spring-2016/,4.S26 , Graduate,courses,Territory: Spatial Reification of Power,"Gabriel Kozlowski, ","Architecture, Fine Arts, The Developing World","Lecture Notes, Instructor Insights , assignment, Multiple Assignment Types"
https://ocw.mit.edu/courses/2-700-principles-of-naval-architecture-fall-2014/,2.7, Undergraduate,courses,Principles of Naval Architecture,"Prof. Joel Harbour, Prof. Themistoklis Sapsis","Engineering, Mechanical Engineering, Fluid Mechanics","Lecture Notes, Instructor Insights , assignment, Multiple Assignment Types"
https://ocw.mit.edu/courses/18-369-mathematical-methods-in-nanophotonics-spring-2008/,18.369, Graduate,courses,Mathematical Methods in Nanophotonics,"Prof. Steven G. Johnson, ","Engineering, Science, Physics","Lecture Notes, Instructor Insights , assignment, Multiple Assignment Types"
https://ocw.mit.edu/courses/12-742-marine-chemistry-fall-2006/,12.742, Graduate,courses,Marine Chemistry,"Dr. Karen Casciotti, Dr. Scott Doney","Engineering, Science, Earth Science","Lecture Notes, Instructor Insights , assignment, Multiple Assignment Types"
https://ocw.mit.edu/courses/20-010j-introduction-to-bioengineering-be-010j-spring-2006/,20.010J , Undergraduate,courses,Introduction to Bioengineering (BE.010J),"Prof. Angela M. Belcher, Biological Engineering Faculty","Engineering, Science, Biological Engineering","Lecture Notes, Instructor Insights , assignment, Multiple Assignment Types"
https://ocw.mit.edu/courses/4-609-the-art-museum-history-theory-controversy-spring-2014/,4.609, Undergraduate,courses,"The Art Museum: History, Theory, Controversy","Prof. Kristel R Smentek, ","Architecture, Fine Arts, Art History","Lecture Notes, Instructor Insights , assignment, Multiple Assignment Types"
https://ocw.mit.edu/courses/12-201-essentials-of-geophysics-fall-2004/,12.201, Undergraduate,courses,Essentials of Geophysics,"Prof. Robert Van Der Hilst, ","Science, Earth Science, Geophysics","Lecture Notes, Instructor Insights , assignment, Multiple Assignment Types"
https://ocw.mit.edu/courses/11-434j-advanced-topics-in-real-estate-finance-spring-2007/,11.434J , Graduate,courses,Advanced Topics in Real Estate Finance,"Prof. David Geltner, ","Business, Finance, Real Estate","Lecture Notes, Instructor Insights , assignment, Multiple Assignment Types"
https://ocw.mit.edu/courses/11-601-introduction-to-environmental-policy-and-planning-fall-2016/,11.601, Graduate,courses,Introduction to Environmental Policy and Planning,"Prof. Lawrence Susskind, ","Social Science, Public Administration, Urban Studies","Lecture Notes, Instructor Insights , assignment, Multiple Assignment Types"
https://ocw.mit.edu/courses/1-322-soil-behavior-spring-2005/,1.322, Graduate,courses,Soil Behavior,"Dr. Lucy C. Jen, Prof. Charles Ladd","Engineering, Science, Earth Science","Lecture Notes, Instructor Insights , assignment, Multiple Assignment Types"
https://ocw.mit.edu/courses/15-099-readings-in-optimization-fall-2003/,15.099, Graduate,courses,Readings in Optimization,"Prof. Robert Freund, ","Engineering, Mathematics, Systems Engineering","Lecture Notes, Instructor Insights , assignment, Multiple Assignment Types"
https://ocw.mit.edu/courses/15-795-seminar-in-operations-management-fall-2002/,15.795, Graduate,courses,Seminar in Operations Management,"Prof. Charles H. Fine, ","Business, Supply Chain Management, Operations Management","Lecture Notes, Instructor Insights , assignment, Multiple Assignment Types"
https://ocw.mit.edu/courses/11-333-urban-design-seminar-spring-2016/,11.333, Graduate,courses,Urban Design Seminar,"Jota Samper, ","Architecture, Social Science, Fine Arts","Lecture Notes, Instructor Insights , assignment, Multiple Assignment Types"
https://ocw.mit.edu/courses/2-016-hydrodynamics-13-012-fall-2005/,2.016, Undergraduate,courses,Hydrodynamics (13.012),"Prof. Alexandra Techet, ","Engineering, Mechanical Engineering, Fluid Mechanics","Lecture Notes, Instructor Insights , assignment, Multiple Assignment Types"
https://ocw.mit.edu/courses/20-320-analysis-of-biomolecular-and-cellular-systems-fall-2012/,20.32, Undergraduate,courses,Analysis of Biomolecular and Cellular Systems,"Prof. Ernest Fraenkel, Prof. Forest White","Engineering, Science, Biological Engineering","Lecture Notes, Instructor Insights , assignment, Multiple Assignment Types"
https://ocw.mit.edu/courses/6-055j-the-art-of-approximation-in-science-and-engineering-spring-2008/,6.055J , Undergraduate,courses,The Art of Approximation in Science and Engineering,"Sanjoy Mahajan, ","Engineering, Computer Science, Mathematics","Lecture Notes, Instructor Insights , assignment, Multiple Assignment Types"
https://ocw.mit.edu/courses/es-010-chemistry-of-sports-spring-2013/,ES.010 , Undergraduate,courses,Chemistry of Sports,"Dr. Patricia Christie, Mr. Steve Lyons","Health and Medicine, Anatomy and Physiology, Physical Education and Recreation","Lecture Notes, Instructor Insights , assignment, Multiple Assignment Types"
https://ocw.mit.edu/courses/10-491-integrated-chemical-engineering-ii-spring-2006/,10.491, Undergraduate,courses,Integrated Chemical Engineering II,"Prof. Gregory McRae, ","Engineering, Environmental Engineering, Chemical Engineering","Lecture Notes, Instructor Insights , assignment, Multiple Assignment Types"
https://ocw.mit.edu/courses/17-447-cyberpolitics-in-international-relations-theory-methods-policy-fall-2011/,17.447, Undergraduate,courses,"Cyberpolitics in International Relations: Theory, Methods, Policy","Prof. Nazli Choucri, Dr. David D. Clark","Social Science, Public Administration, Political Science","Lecture Notes, Instructor Insights , assignment, Multiple Assignment Types"
https://ocw.mit.edu/courses/6-781j-submicrometer-and-nanometer-technology-spring-2006/,6.781J , Graduate,courses,Submicrometer and Nanometer Technology,"Prof. George Barbastathis, Prof. Karl Berggren","Engineering, Mechanical Engineering, Electrical Engineering","Lecture Notes, Instructor Insights , assignment, Multiple Assignment Types"
https://ocw.mit.edu/courses/es-258-goedel-escher-bach-spring-2007/,ES.258 , Undergraduate,courses,"Gödel, Escher, Bach","Robert Speer, ","Engineering, Science, Computer Science","Lecture Notes, Instructor Insights , assignment, Multiple Assignment Types"
https://ocw.mit.edu/courses/15-270-ethical-practice-leading-through-professionalism-social-responsibility-and-system-design-spring-2016/,15.27, Graduate,courses,"Ethical Practice: Leading Through Professionalism, Social Responsibility, and System Design","Prof. Leigh Hafrey, ","Management, Business, Business Ethics","Lecture Notes, Instructor Insights , assignment, Multiple Assignment Types"
https://ocw.mit.edu/courses/1-124j-foundations-of-software-engineering-fall-2000/,1.124J , Graduate,courses,Foundations of Software Engineering,"Prof. Kevin Amaratunga, ","Engineering, Computer Science, Software Design and Engineering","Lecture Notes, Instructor Insights , assignment, Multiple Assignment Types"
https://ocw.mit.edu/courses/7-13-experimental-microbial-genetics-fall-2008/,7.13, Undergraduate,courses,Experimental Microbial Genetics,"Dr. Laura Croal, Prof. Michael Laub","Science, Biology, Genetics","Lecture Notes, Instructor Insights , assignment, Multiple Assignment Types"
https://ocw.mit.edu/courses/4-297-special-problems-in-architecture-studies-fall-2000/,4.297, Graduate,courses,Special Problems in Architecture Studies,"Daniel Greenwood, Prof. William Mitchell","Architecture, Teaching and Education, Media Studies","Lecture Notes, Instructor Insights , assignment, Multiple Assignment Types"
https://ocw.mit.edu/courses/21w-022-03-writing-and-experience-reading-and-writing-autobiography-spring-2014/,21W.022 , Undergraduate,courses,Writing and Experience: Reading and Writing Autobiography,"Dr. Andrea Walsh, ","Humanities, Literature, Media Studies","Lecture Notes, Instructor Insights , assignment, Multiple Assignment Types"
https://ocw.mit.edu/courses/21g-735-advanced-topics-in-hispanic-literature-and-film-the-films-of-luis-bunuel-fall-2013/,21G.735 , Undergraduate,courses,Advanced Topics in Hispanic Literature and Film: The Films of Luis Buñuel,"Prof. Elizabeth Garrels, ","Humanities, History, Visual Arts","Lecture Notes, Instructor Insights , assignment, Multiple Assignment Types"
https://ocw.mit.edu/courses/18-650-statistics-for-applications-fall-2016/,18.65, Undergraduate,courses,Statistics for Applications,"Prof. Philippe Rigollet, ","Mathematics, Probability and Statistics, ","Lecture Notes, Instructor Insights , assignment, Multiple Assignment Types"
https://ocw.mit.edu/courses/21h-141-renaissance-to-revolution-europe-1300-1800-spring-2015/,21H.141 , Undergraduate,courses,"Renaissance To Revolution: Europe, 1300-1800","Prof. Jeffrey S. Ravel, ","Humanities, History, Philosophy","Lecture Notes, Instructor Insights , assignment, Multiple Assignment Types"
https://ocw.mit.edu/courses/21m-235-monteverdi-to-mozart-1600-1800-fall-2013/,21M.235 , Undergraduate,courses,Monteverdi to Mozart: 1600-1800,"Teresa M Neff, ","Music, Fine Arts, Music History","Lecture Notes, Instructor Insights , assignment, Multiple Assignment Types"
https://ocw.mit.edu/courses/22-68j-superconducting-magnets-spring-2003/,22.68J , Graduate,courses,Superconducting Magnets,"Res. Prof. Yukikazu Iwasa, Dr. Joseph Minervini","Science, Physics, Quantum Mechanics","Lecture Notes, Instructor Insights , assignment, Multiple Assignment Types"
https://ocw.mit.edu/courses/6-632-electromagnetic-wave-theory-spring-2003/,6.632, Graduate,courses,Electromagnetic Wave Theory,"Prof. Jin Au Kong, ","Science, Physics, Mathematics","Lecture Notes, Instructor Insights , assignment, Multiple Assignment Types"
https://ocw.mit.edu/courses/es-256-the-coming-years-spring-2008/,ES.256 , Undergraduate,courses,The Coming Years,"James Rising, ","Humanities, History, Modern History","Lecture Notes, Instructor Insights , assignment, Multiple Assignment Types"
https://ocw.mit.edu/courses/esd-273j-logistics-and-supply-chain-management-fall-2009/,ESD.273J , Graduate,courses,Logistics and Supply Chain Management,"Prof. David Simchi-Levi, ","Engineering, Systems Engineering, Business","Lecture Notes, Instructor Insights , assignment, Multiple Assignment Types"
https://ocw.mit.edu/courses/es-242-gender-issues-in-academics-and-academia-spring-2004/,ES.242 , Undergraduate,courses,Gender Issues in Academics and Academia,"Kayla Jacobs, Laurel Ruhlen","Society, Gender Studies, Women's Studies","Lecture Notes, Instructor Insights , assignment, Multiple Assignment Types"
https://ocw.mit.edu/courses/sts-005-disease-and-society-in-america-fall-2005/,STS.005 , Undergraduate,courses,Disease and Society in America,"Prof. David Jones, ","Humanities, History, Social Science","Lecture Notes, Instructor Insights , assignment, Multiple Assignment Types"
https://ocw.mit.edu/courses/14-385-nonlinear-econometric-analysis-fall-2007/,14.385, Graduate,courses,Nonlinear Econometric Analysis,"Prof. Victor Chernozhukov, Prof. Whitney Newey","Mathematics, Probability and Statistics, Economics","Lecture Notes, Instructor Insights , assignment, Multiple Assignment Types"
https://ocw.mit.edu/courses/12-445-oral-communication-in-the-earth-atmospheric-and-planetary-sciences-fall-2010/,12.445, Graduate,courses,"Oral Communication in the Earth, Atmospheric, and Planetary Sciences","Prof. Alison Malcolm, ","Communication, Humanities, Literature","Lecture Notes, Instructor Insights , assignment, Multiple Assignment Types"
https://ocw.mit.edu/courses/16-621-experimental-projects-i-spring-2003/,16.621, Undergraduate,courses,Experimental Projects I,"Prof. Jennifer L. Craig, Prof. John Deyst","Engineering, Science, Computer Science","Lecture Notes, Instructor Insights , assignment, Multiple Assignment Types"
https://ocw.mit.edu/courses/21h-223-war-american-society-fall-2002/,21H.223 , Undergraduate,courses,War & American Society,"Prof. Christopher Capozzola, ","Humanities, History, Social Science","Lecture Notes, Instructor Insights , assignment, Multiple Assignment Types"
https://ocw.mit.edu/courses/9-301j-neural-plasticity-in-learning-and-development-spring-2002/,9.301J , Graduate,courses,Neural Plasticity in Learning and Development,"Prof. Guosong Liu, Prof. Earl Miller","Science, Biology, Cognitive Science","Lecture Notes, Instructor Insights , assignment, Multiple Assignment Types"
https://ocw.mit.edu/courses/18-966-geometry-of-manifolds-spring-2007/,18.966, Graduate,courses,Geometry of Manifolds,"Prof. Denis Auroux, ","Mathematics, Topology and Geometry, Linear Algebra","Lecture Notes, Instructor Insights , assignment, Multiple Assignment Types"
https://ocw.mit.edu/courses/14-282-organizational-economics-spring-2009/,14.282, Graduate,courses,Organizational Economics,"Prof. George Baker, Prof. Robert Gibbons","Economics, Social Science, Business","Lecture Notes, Instructor Insights , assignment, Multiple Assignment Types"
https://ocw.mit.edu/courses/21g-034-media-education-and-the-marketplace-fall-2005/,21G.034 , Undergraduate,courses,Media Education and the Marketplace,"Mr. Manish Gaudi, Prof. Shigeru Miyagawa","Communication, Humanities, Language","Lecture Notes, Instructor Insights , assignment, Multiple Assignment Types"
https://ocw.mit.edu/courses/15-764-the-theory-of-operations-management-spring-2004/,15.764, Graduate,courses,The Theory of Operations Management,"Prof. Jérémie Gallien, ","Business, Supply Chain Management, Operations Management","Lecture Notes, Instructor Insights , assignment, Multiple Assignment Types"
https://ocw.mit.edu/courses/2-674-micro-nano-engineering-laboratory-spring-2016/,2.674, Undergraduate,courses,Micro/Nano Engineering Laboratory,"Dr. Benita Comeau, Daniel C Herrick","Engineering, Mechanical Engineering, Microtechnology","Lecture Notes, Instructor Insights , assignment, Multiple Assignment Types"
https://ocw.mit.edu/courses/6-055j-the-art-of-approximation-in-science-and-engineering-spring-2008/,6.055J , Undergraduate,courses,The Art of Approximation in Science and Engineering,"Sanjoy Mahajan, ","Engineering, Computer Science, Mathematics","Lecture Notes, Instructor Insights , assignment, Multiple Assignment Types"
https://ocw.mit.edu/courses/es-010-chemistry-of-sports-spring-2013/,ES.010 , Undergraduate,courses,Chemistry of Sports,"Dr. Patricia Christie, Mr. Steve Lyons","Health and Medicine, Anatomy and Physiology, Physical Education and Recreation","Lecture Notes, Instructor Insights , assignment, Multiple Assignment Types"
https://ocw.mit.edu/courses/10-491-integrated-chemical-engineering-ii-spring-2006/,10.491, Undergraduate,courses,Integrated Chemical Engineering II,"Prof. Gregory McRae, ","Engineering, Environmental Engineering, Chemical Engineering","Lecture Notes, Instructor Insights , assignment, Multiple Assignment Types"
https://ocw.mit.edu/courses/17-447-cyberpolitics-in-international-relations-theory-methods-policy-fall-2011/,17.447, Undergraduate,courses,"Cyberpolitics in International Relations: Theory, Methods, Policy","Prof. Nazli Choucri, Dr. David D. Clark","Social Science, Public Administration, Political Science","Lecture Notes, Instructor Insights , assignment, Multiple Assignment Types"
https://ocw.mit.edu/courses/6-781j-submicrometer-and-nanometer-technology-spring-2006/,6.781J , Graduate,courses,Submicrometer and Nanometer Technology,"Prof. George Barbastathis, Prof. Karl Berggren","Engineering, Mechanical Engineering, Electrical Engineering","Lecture Notes, Instructor Insights , assignment, Multiple Assignment Types"
https://ocw.mit.edu/courses/es-258-goedel-escher-bach-spring-2007/,ES.258 , Undergraduate,courses,"Gödel, Escher, Bach","Robert Speer, ","Engineering, Science, Computer Science","Lecture Notes, Instructor Insights , assignment, Multiple Assignment Types"
https://ocw.mit.edu/courses/15-270-ethical-practice-leading-through-professionalism-social-responsibility-and-system-design-spring-2016/,15.27, Graduate,courses,"Ethical Practice: Leading Through Professionalism, Social Responsibility, and System Design","Prof. Leigh Hafrey, ","Management, Business, Business Ethics","Lecture Notes, Instructor Insights , assignment, Multiple Assignment Types"
https://ocw.mit.edu/courses/1-124j-foundations-of-software-engineering-fall-2000/,1.124J , Graduate,courses,Foundations of Software Engineering,"Prof. Kevin Amaratunga, ","Engineering, Computer Science, Software Design and Engineering","Lecture Notes, Instructor Insights , assignment, Multiple Assignment Types"
https://ocw.mit.edu/courses/7-13-experimental-microbial-genetics-fall-2008/,7.13, Undergraduate,courses,Experimental Microbial Genetics,"Dr. Laura Croal, Prof. Michael Laub","Science, Biology, Genetics","Lecture Notes, Instructor Insights , assignment, Multiple Assignment Types"
https://ocw.mit.edu/courses/esd-123j-systems-perspectives-on-industrial-ecology-spring-2006/,ESD.123J , Graduate,courses,Systems Perspectives on Industrial Ecology,"Dr. Frank Field, Dr. Jeremy Gregory","Engineering, Science, Systems Engineering","Lecture Notes, Instructor Insights , assignment, Multiple Assignment Types"
https://ocw.mit.edu/courses/esd-72-engineering-risk-benefit-analysis-spring-2007/,ESD.72 , Graduate,courses,Engineering Risk-Benefit Analysis,"Prof. George Apostolakis, ","Engineering, Mathematics, Systems Engineering","Lecture Notes, Instructor Insights , assignment, Multiple Assignment Types"
https://ocw.mit.edu/courses/hst-584j-magnetic-resonance-analytic-biochemical-and-imaging-techniques-spring-2006/,HST.584J , Graduate,courses,"Magnetic Resonance Analytic, Biochemical, and Imaging Techniques","Prof. Bruce Rosen, Prof. Lawrence Wald","Science, Health and Medicine, Biology","Lecture Notes, Instructor Insights , assignment, Multiple Assignment Types"
https://ocw.mit.edu/courses/sts-001-technology-in-american-history-spring-2006/,STS.001 , Undergraduate,courses,Technology in American History,"Prof. Merritt Roe Smith, ","Humanities, History, American History","Lecture Notes, Instructor Insights , assignment, Multiple Assignment Types"
https://ocw.mit.edu/courses/sts-460-histories-of-information-communication-and-computing-technologies-spring-2015/,STS.460 , Graduate,courses,"Histories of Information, Communication, and Computing Technologies","Prof. Jennifer S Light, ","Communication, Humanities, History","Lecture Notes, Instructor Insights , assignment, Multiple Assignment Types"
https://ocw.mit.edu/courses/wgs-181-queer-cinema-and-visual-culture-fall-2017/,WGS.181 , Undergraduate,courses,Queer Cinema and Visual Culture,"Dr. K.J. Surkan, ","Humanities, History, Visual Arts","Lecture Notes, Instructor Insights , assignment, Multiple Assignment Types"
https://ocw.mit.edu/courses/21h-105-american-classics-fall-2002/,21H.105 , Undergraduate,courses,American Classics,"Prof. Christopher Capozzola, Louise Harrison Lepera","Humanities, Literature, History","Lecture Notes, Instructor Insights , assignment, Multiple Assignment Types"
https://ocw.mit.edu/courses/14-16-strategy-and-information-spring-2016/,14.16, Undergraduate,courses,Strategy and Information,"Prof. Mihai Manea, ","Economics, Social Science, Game Theory","Lecture Notes, Instructor Insights , assignment, Multiple Assignment Types"
https://ocw.mit.edu/courses/1-151-probability-and-statistics-in-engineering-spring-2005/,1.151, Graduate,courses,Probability and Statistics in Engineering,"Prof. Daniele Veneziano, ","Engineering, Mathematics, Probability and Statistics","Lecture Notes, Instructor Insights , assignment, Multiple Assignment Types"
https://ocw.mit.edu/courses/3-091sc-introduction-to-solid-state-chemistry-fall-2010/,3.091SC , Undergraduate,courses,Introduction to Solid State Chemistry,"Prof. Donald Sadoway, ","Engineering, Science, Chemistry","Lecture Notes, Instructor Insights , assignment, Multiple Assignment Types"
https://ocw.mit.edu/courses/12-517-dynamics-of-complex-systems-complexity-in-ecology-spring-2000/,12.517, Graduate,courses,Dynamics of Complex Systems: Complexity in Ecology,"Prof. Daniel Rothman, ","Engineering, Science, Biological Engineering","Lecture Notes, Instructor Insights , assignment, Multiple Assignment Types"
https://ocw.mit.edu/courses/15-071-the-analytics-edge-spring-2017/,15.071, Graduate,courses,The Analytics Edge,"Prof. Dimitris Bertsimas, ","Mathematics, Management, Probability and Statistics","Lecture Notes, Instructor Insights , assignment, Multiple Assignment Types"
https://ocw.mit.edu/courses/11-s948-seeing-the-city-afresh-spring-2018/,11.S948 , Graduate,courses,Seeing the City Afresh,"Garnette Cadogan, ","Humanities, Literature, Nonfiction Prose","Lecture Notes, Instructor Insights , assignment, Multiple Assignment Types"
https://ocw.mit.edu/courses/1-89-environmental-microbiology-fall-2004/,1.89, Graduate,courses,Environmental Microbiology,"Prof. Martin Polz, ","Science, Earth Science, Biology","Lecture Notes, Instructor Insights , assignment, Multiple Assignment Types"
https://ocw.mit.edu/courses/11-969-workshop-on-deliberative-democracy-and-dispute-resolution-summer-2005/,11.969, Graduate,courses,Workshop on Deliberative Democracy and Dispute Resolution,"Prof. David Booher, Prof. John Forester","Humanities, Social Science, Public Administration","Lecture Notes, Instructor Insights , assignment, Multiple Assignment Types"
https://ocw.mit.edu/courses/18-217-graph-theory-and-additive-combinatorics-fall-2019/,18.217, Graduate,courses,Graph Theory and Additive Combinatorics,"Prof. Yufei Zhao, ","Mathematics, Probability and Statistics, Applied Mathematics","Lecture Notes, Instructor Insights , assignment, Multiple Assignment Types"
https://ocw.mit.edu/courses/18-443-statistics-for-applications-fall-2006/,18.650 (formerly 18.443) , Undergraduate,courses,Statistics for Applications,"Prof. Dmitry Panchenko, ","Mathematics, Probability and Statistics, Applied Mathematics","Lecture Notes, Instructor Insights , assignment, Multiple Assignment Types"
https://ocw.mit.edu/courses/21g-025-africa-and-the-politics-of-knowledge-spring-2019/,21G.025 , Undergraduate,courses,Africa and the Politics of Knowledge,"Prof. M. Amah Edoh, ","Humanities, History, Social Science","Lecture Notes, Instructor Insights , assignment, Multiple Assignment Types"
https://ocw.mit.edu/courses/20-410j-molecular-cellular-and-tissue-biomechanics-be-410j-spring-2003/,20.410J , Graduate,courses,"Molecular, Cellular and Tissue Biomechanics (BE.410J)","Prof. Patrick Doyle, Maxine Jonas","Engineering, Science, Biological Engineering","Lecture Notes, Instructor Insights , assignment, Multiple Assignment Types"
https://ocw.mit.edu/courses/21l-512-american-authors-american-women-authors-spring-2003/,21L.512 , Undergraduate,courses,American Authors: American Women Authors,"Dr. Wyn Kelley, ","Humanities, Literature, Society","Lecture Notes, Instructor Insights , assignment, Multiple Assignment Types"
https://ocw.mit.edu/courses/4-170-ecuador-workshop-fall-2006/,4.17," Undergraduate, Graduate",courses,Ecuador Workshop,"Prof. Jan Wampler, ","Architecture, Social Science, Fine Arts","Lecture Notes, Instructor Insights , assignment, Multiple Assignment Types"
https://ocw.mit.edu/courses/4-184-architectural-design-workshops-computational-design-for-housing-spring-2002/,4.184, Graduate,courses,Architectural Design Workshops: Computational Design for Housing,"Gabriela Celani, Prof. Terry Knight","Engineering, Architecture, Systems Engineering","Lecture Notes, Instructor Insights , assignment, Multiple Assignment Types"
https://ocw.mit.edu/courses/hst-950j-medical-computing-spring-2003/,HST.950J , Graduate,courses,Medical Computing,"Prof. Isaac Kohane, Prof. Lucila Ohno-Machado","Engineering, Computer Science, Biological Engineering","Lecture Notes, Instructor Insights , assignment, Multiple Assignment Types"
https://ocw.mit.edu/courses/6-00sc-introduction-to-computer-science-and-programming-spring-2011/,6.00SC , Undergraduate,courses,Introduction to Computer Science and Programming,"Prof. John Guttag, ","Engineering, Computer Science, ","Lecture Notes, Instructor Insights , assignment, Multiple Assignment Types"
https://ocw.mit.edu/courses/6-821-programming-languages-fall-2002/,6.821, Graduate,courses,Programming Languages,"Prof. Michael Ernst, ","Engineering, Computer Science, Programming Languages","Lecture Notes, Instructor Insights , assignment, Multiple Assignment Types"
https://ocw.mit.edu/courses/7-89j-topics-in-computational-and-systems-biology-fall-2010/,7.89J , Graduate,courses,Topics in Computational and Systems Biology,"Prof. Christopher Burge, Prof. Wendy Gilbert","Engineering, Science, Biological Engineering","Lecture Notes, Instructor Insights , assignment, Multiple Assignment Types"
https://ocw.mit.edu/courses/9-40-introduction-to-neural-computation-spring-2018/,9.4, Undergraduate,courses,Introduction to Neural Computation,"Prof. Michale Fee, Daniel Zysman","Engineering, Science, Biological Engineering","Lecture Notes, Instructor Insights , assignment, Multiple Assignment Types"
https://ocw.mit.edu/courses/9-916-modularity-domain-specificity-and-the-organization-of-knowledge-fall-2001/,9.916, Graduate,courses,"Modularity, Domain-specificity, and the Organization of Knowledge","Prof. Nancy Kanwisher, Prof. Elizabeth S. Spelke","Science, Cognitive Science, ","Lecture Notes, Instructor Insights , assignment, Multiple Assignment Types"
https://ocw.mit.edu/courses/7-341-biomaterials-and-devices-for-disease-diagnosis-and-therapy-fall-2018/,7.341, Undergraduate,courses,Biomaterials and Devices for Disease Diagnosis and Therapy,"Dr. Ali Beyzavi, Dr. Kevin McHugh","Engineering, Science, Biological Engineering","Lecture Notes, Instructor Insights , assignment, Multiple Assignment Types"
https://ocw.mit.edu/courses/12-802-wave-motions-in-the-ocean-and-atmosphere-spring-2004/,12.802, Graduate,courses,Wave Motions in the Ocean and Atmosphere,"Prof. Glenn Flierl, ","Engineering, Science, Mechanical Engineering","Lecture Notes, Instructor Insights , assignment, Multiple Assignment Types"
https://ocw.mit.edu/courses/15-301-managerial-psychology-laboratory-fall-2004/,15.301," Undergraduate, Graduate",courses,Managerial Psychology Laboratory,"Prof. Dan Ariely, ","Management, Social Science, Business","Lecture Notes, Instructor Insights , assignment, Multiple Assignment Types"
https://ocw.mit.edu/courses/8-591j-systems-biology-fall-2004/,8.591J , Graduate,courses,Systems Biology,"Prof. Alexander van Oudenaarden, ","Science, Biology, Computation and Systems Biology","Lecture Notes, Instructor Insights , assignment, Multiple Assignment Types"
https://ocw.mit.edu/courses/4-341-introduction-to-photography-fall-2002/,4.341, Undergraduate,courses,Introduction to Photography,"Prof. Reiner Leist, ","Visual Arts, Fine Arts, Photography","Lecture Notes, Instructor Insights , assignment, Multiple Assignment Types"
https://ocw.mit.edu/courses/14-06-intermediate-macroeconomic-theory-spring-2003/,14.06, Undergraduate,courses,Intermediate Macroeconomic Theory,"Prof. Huntley Schaller, ","Engineering, Systems Engineering, Economics","Lecture Notes, Instructor Insights , assignment, Multiple Assignment Types"
https://ocw.mit.edu/courses/9-520-statistical-learning-theory-and-applications-spring-2003/,9.52, Graduate,courses,Statistical Learning Theory and Applications,"Dr. Sayan Mukherjee, Prof. Tomaso Poggio","Engineering, Science, Computer Science","Lecture Notes, Instructor Insights , assignment, Multiple Assignment Types"
https://ocw.mit.edu/courses/1-101-introduction-to-civil-and-environmental-engineering-design-i-fall-2005/,1.101, Undergraduate,courses,Introduction to Civil and Environmental Engineering Design I,"Prof. Louis Bucciarelli, Sheila Frankel","Engineering, Civil Engineering, Environmental Engineering","Lecture Notes, Instructor Insights , assignment, Multiple Assignment Types"
https://ocw.mit.edu/courses/21l-704-studies-in-poetry-british-poetry-and-the-sciences-of-the-mind-fall-2004/,21L.704 , Undergraduate,courses,Studies in Poetry - British Poetry and the Sciences of the Mind,"Prof. Noel Jackson, ","Science, Humanities, Literature","Lecture Notes, Instructor Insights , assignment, Multiple Assignment Types"
https://ocw.mit.edu/courses/12-570-seminar-in-geophysics-mantle-convection-spring-1998/,12.57, Graduate,courses,Seminar in Geophysics: Mantle Convection,"Prof. Robert Van Der Hilst, ","Science, Physics, Earth Science","Lecture Notes, Instructor Insights , assignment, Multiple Assignment Types"
https://ocw.mit.edu/courses/cms-608-game-design-fall-2010/,CMS.608 , Undergraduate,courses,Game Design,"Jason Begy, Philip B. Tan","Media Studies, Fine Arts, Game Design","Lecture Notes, Instructor Insights , assignment, Multiple Assignment Types"
https://ocw.mit.edu/courses/esd-342-advanced-system-architecture-spring-2006/,ESD.342 , Graduate,courses,Advanced System Architecture,"Dr. Christopher L. Magee, Prof. Joel Moses","Engineering, Systems Engineering, Systems Design","Lecture Notes, Instructor Insights , assignment, Multiple Assignment Types"
https://ocw.mit.edu/courses/2-993-designing-paths-to-peace-fall-2002/,2.993, Undergraduate,courses,Designing Paths to Peace,"Prof. Alex Slocum, ","Engineering, Mechanical Engineering, Systems Engineering","Lecture Notes, Instructor Insights , assignment, Multiple Assignment Types"
https://ocw.mit.edu/courses/17-407-chinese-foreign-policy-fall-2005/,17.407, Undergraduate,courses,Chinese Foreign Policy,"Prof. M. Taylor Fravel, ","Social Science, Public Administration, Political Science","Lecture Notes, Instructor Insights , assignment, Multiple Assignment Types"
https://ocw.mit.edu/courses/18-704-seminar-in-algebra-and-number-theory-rational-points-on-elliptic-curves-fall-2004/,18.704, Undergraduate,courses,Seminar in Algebra and Number Theory: Rational Points on Elliptic Curves,"Dr. Daniel Rogalski, ","Mathematics, Algebra and Number Theory, Linear Algebra","Lecture Notes, Instructor Insights , assignment, Multiple Assignment Types"
https://ocw.mit.edu/courses/18-s096-topics-in-mathematics-with-applications-in-finance-fall-2013/,18.S096 , Undergraduate,courses,Topics in Mathematics with Applications in Finance,"Dr. Peter Kempthorne, Dr. Choongbum Lee","Mathematics, Probability and Statistics, Business","Lecture Notes, Instructor Insights , assignment, Multiple Assignment Types"
https://ocw.mit.edu/courses/20-109-laboratory-fundamentals-in-biological-engineering-fall-2007/,20.109, Undergraduate,courses,Laboratory Fundamentals in Biological Engineering,"Dr. Atissa Banuazizi, Prof. Angela M. Belcher","Engineering, Science, Systems Engineering","Lecture Notes, Instructor Insights , assignment, Multiple Assignment Types"
https://ocw.mit.edu/courses/21l-000j-writing-about-literature-fall-2010/,21L.000J , Undergraduate,courses,Writing About Literature,"Dr. Wyn Kelley, ","Humanities, Literature, Criticism","Lecture Notes, Instructor Insights , assignment, Multiple Assignment Types"
https://ocw.mit.edu/courses/21l-003-2-reading-fiction-fall-2006/,21L.003-2 , Undergraduate,courses,Reading Fiction,"Ina Lipkowitz, ","Humanities, Literature, Criticism","Lecture Notes, Instructor Insights , assignment, Multiple Assignment Types"
https://ocw.mit.edu/courses/21l-704-studies-in-poetry-whats-the-use-of-beauty-fall-2005/,21L.704 , Undergraduate,courses,"Studies in Poetry: ""What's the Use of Beauty?""","Prof. Noel Jackson, ","Humanities, Literature, Philosophy","Lecture Notes, Instructor Insights , assignment, Multiple Assignment Types"
https://ocw.mit.edu/courses/21l-709-studies-in-literary-history-modernism-from-nietzsche-to-fellini-fall-2010/,21L.709 , Undergraduate,courses,Studies in Literary History: Modernism: From Nietzsche to Fellini,"Dr. Howard Eiland, ","Humanities, Literature, History","Lecture Notes, Instructor Insights , assignment, Multiple Assignment Types"
https://ocw.mit.edu/courses/21m-030-introduction-to-world-music-fall-2006/,21M.030 , Undergraduate,courses,Introduction to World Music,"Prof. George Ruckert, ","Music, Social Science, Fine Arts","Lecture Notes, Instructor Insights , assignment, Multiple Assignment Types"
https://ocw.mit.edu/courses/21m-250-schubert-to-debussy-fall-2006/,21M.250 , Undergraduate,courses,Schubert to Debussy,"Prof. Charles Shadle, ","Music, Fine Arts, Music History","Lecture Notes, Instructor Insights , assignment, Multiple Assignment Types"
https://ocw.mit.edu/courses/6-883-program-analysis-fall-2005/,6.883, Graduate,courses,Program Analysis,"Prof. Michael Ernst, ","Engineering, Computer Science, Software Design and Engineering","Lecture Notes, Instructor Insights , assignment, Multiple Assignment Types"
https://ocw.mit.edu/courses/hst-590-biomedical-engineering-seminar-series-topics-in-medical-ethics-and-responsible-conduct-in-research-fall-2005-spring-2006/,HST.590 , Graduate,courses,Biomedical Engineering Seminar Series: Topics in Medical Ethics and Responsible Conduct in Research,"Dr. Jonathan Rosen, ","Humanities, Ethics, Business","Lecture Notes, Instructor Insights , assignment, Multiple Assignment Types"
https://ocw.mit.edu/courses/21w-747-classical-rhetoric-and-modern-political-discourse-fall-2009/,21W.747 , Undergraduate,courses,Classical Rhetoric and Modern Political Discourse,"Prof. Leslie Perelman, ","Communication, Humanities, Literature","Lecture Notes, Instructor Insights , assignment, Multiple Assignment Types"
https://ocw.mit.edu/courses/11-333-urban-design-seminar-spring-2005/,11.333, Graduate,courses,Urban Design Seminar,"Prof. Dennis Frenchman, Prof. Susan Silberberg","Architecture, Social Science, Fine Arts","Lecture Notes, Instructor Insights , assignment, Multiple Assignment Types"
https://ocw.mit.edu/courses/11-947-history-and-theory-of-historic-preservation-spring-2007/,11.947, Graduate,courses,History and Theory of Historic Preservation,"Prof. Max Page, ","Humanities, History, Social Science","Lecture Notes, Instructor Insights , assignment, Multiple Assignment Types"
https://ocw.mit.edu/courses/12-103-strange-bedfellows-science-and-environmental-policy-fall-2005/,12.103, Undergraduate,courses,Strange Bedfellows: Science and Environmental Policy,"Prof. Kip Hodges, Prof. Stephen M. Meyer","Engineering, Science, Social Science","Lecture Notes, Instructor Insights , assignment, Multiple Assignment Types"
https://ocw.mit.edu/courses/6-895-theory-of-parallel-systems-sma-5509-fall-2003/,6.895, Graduate,courses,Theory of Parallel Systems (SMA 5509),"Prof. Michael Bender, Prof. Hsu Wen Jing","Engineering, Computer Science, Algorithms and Data Structures","Lecture Notes, Instructor Insights , assignment, Multiple Assignment Types"
https://ocw.mit.edu/courses/15-351-managing-the-innovation-process-fall-2002/,15.351, Graduate,courses,Managing the Innovation Process,"Prof. Jonathon Cummings, ","Innovation, Management, Business","Lecture Notes, Instructor Insights , assignment, Multiple Assignment Types"
https://ocw.mit.edu/courses/2-29-numerical-marine-hydrodynamics-13-024-spring-2003/,2.29, Graduate,courses,Numerical Marine Hydrodynamics (13.024),"Prof. Jerome Milgram, ","Engineering, Mathematics, Mechanical Engineering","Lecture Notes, Instructor Insights , assignment, Multiple Assignment Types"
https://ocw.mit.edu/courses/1-040-project-management-spring-2004/,1.04, Undergraduate,courses,Project Management,"Dr. Nathaniel Osgood, ","Engineering, Business, Civil Engineering","Lecture Notes, Instructor Insights , assignment, Multiple Assignment Types"
https://ocw.mit.edu/courses/mas-963-techno-identity-who-we-are-and-how-we-perceive-ourselves-and-others-spring-2002/,MAS.963 , Graduate,courses,Techno-identity: Who we are and how we perceive ourselves and others,"Prof. Judith Donath, ","Humanities, Social Science, Media Studies","Lecture Notes, Instructor Insights , assignment, Multiple Assignment Types"
https://ocw.mit.edu/courses/6-005-elements-of-software-construction-fall-2008/,6.005, Undergraduate,courses,Elements of Software Construction,"Prof. Daniel Jackson, Prof. Robert Miller","Engineering, Computer Science, Software Design and Engineering","Lecture Notes, Instructor Insights , assignment, Multiple Assignment Types"
https://ocw.mit.edu/courses/11-941-disaster-vulnerability-and-resilience-spring-2005/,11.941, Graduate,courses,"Disaster, Vulnerability and Resilience","Prof. JoAnn Carmin, Prof. Jennifer Leaning","Humanities, Social Science, Public Administration","Lecture Notes, Instructor Insights , assignment, Multiple Assignment Types"
https://ocw.mit.edu/courses/1-201j-introduction-to-transportation-systems-fall-2006/,1.201J , Graduate,courses,Introduction to Transportation Systems,"Prof. Joseph Sussman, Prof. Nigel Wilson","Social Science, Urban Studies, Transportation Planning","Lecture Notes, Instructor Insights , assignment, Multiple Assignment Types"
https://ocw.mit.edu/courses/mas-961-numeric-photography-fall-1998/,MAS.961 , Graduate,courses,Numeric Photography,"Prof. John Maeda, ","Engineering, Computer Science, Visual Arts","Lecture Notes, Instructor Insights , assignment, Multiple Assignment Types"
https://ocw.mit.edu/courses/11-439-revitalizing-urban-main-streets-hyde-jackson-square-roslindale-square-boston-spring-2005/,11.439, Graduate,courses,"Revitalizing Urban Main Streets: Hyde/Jackson Square & Roslindale Square, Boston","Prof. Karl Seidman, Prof. Susan Silberberg","Economics, Social Science, Urban Studies","Lecture Notes, Instructor Insights , assignment, Multiple Assignment Types"
https://ocw.mit.edu/courses/11-941-learning-by-comparison-first-world-third-world-cities-fall-2008/,11.941, Graduate,courses,Learning by Comparison: First World/Third World Cities,"Dr. Aseem Inam, ","Social Science, The Developing World, Society","Lecture Notes, Instructor Insights , assignment, Multiple Assignment Types"
https://ocw.mit.edu/courses/18-315-combinatorial-theory-hyperplane-arrangements-fall-2004/,18.315, Graduate,courses,Combinatorial Theory: Hyperplane Arrangements,"Prof. Richard Stanley, ","Mathematics, Algebra and Number Theory, Topology and Geometry","Lecture Notes, Instructor Insights , assignment, Multiple Assignment Types"
https://ocw.mit.edu/courses/21a-506-the-business-of-politics-a-view-of-latin-america-spring-2014/,21A.506 , Undergraduate,courses,The Business of Politics: A View of Latin America,"Maria Vidart-Delgado, ","Social Science, Political Science, Society","Lecture Notes, Instructor Insights , assignment, Multiple Assignment Types"
https://ocw.mit.edu/courses/21l-701-literary-interpretation-virginia-woolfs-shakespeare-spring-2001/,21L.701 , Undergraduate,courses,Literary Interpretation: Virginia Woolf's Shakespeare,"Prof. Diana Henderson, ","Humanities, Literature, Society","Lecture Notes, Instructor Insights , assignment, Multiple Assignment Types"
https://ocw.mit.edu/courses/6-013-electromagnetics-and-applications-fall-2005/,6.013, Undergraduate,courses,Electromagnetics and Applications,"Prof. Erich Ippen, Prof. David Staelin","Engineering, Science, Physics","Lecture Notes, Instructor Insights , assignment, Multiple Assignment Types"
https://ocw.mit.edu/courses/7-342-how-to-build-an-animal-cell-fate-and-identity-in-development-and-disease-fall-2017/,7.342, Undergraduate,courses,How To Build An Animal: Cell Fate and Identity in Development and Disease,"Dr. Laura V Blanton, ","Science, Health and Medicine, Biomedicine","Lecture Notes, Instructor Insights , assignment, Multiple Assignment Types"
https://ocw.mit.edu/courses/7-391-concept-centered-teaching-fall-2005/,7.391, Undergraduate,courses,Concept-Centered Teaching,"Dr. Julia Khodor, ","Science, Teaching and Education, Curriculum and Teaching","Lecture Notes, Instructor Insights , assignment, Multiple Assignment Types"
https://ocw.mit.edu/courses/hst-508-genomics-and-computational-biology-fall-2002/,HST.508 ," Graduate, Undergraduate",courses,Genomics and Computational Biology,"Dr. George Church, ","Engineering, Science, Biological Engineering","Lecture Notes, Instructor Insights , assignment, Multiple Assignment Types"
https://ocw.mit.edu/courses/ids-910-leadership-development-fall-2002/,IDS.910 , Graduate,courses,Leadership Development,"Prof. Joel Cutcher-Gershenfeld, ","Leadership, Business, ","Lecture Notes, Instructor Insights , assignment, Multiple Assignment Types"
https://ocw.mit.edu/courses/mas-961-seminar-on-deep-engagement-fall-2004/,MAS.961 , Graduate,courses,Seminar on Deep Engagement,"Prof. Cynthia Breazeal, Prof. Glorianna Davenport","Communication, Social Science, Media Studies","Lecture Notes, Instructor Insights , assignment, Multiple Assignment Types"
https://ocw.mit.edu/courses/mas-963-out-of-context-a-course-on-computer-systems-that-adapt-to-and-learn-from-context-fall-2001/,MAS.963 , Graduate,courses,"Out of Context: A Course on Computer Systems That Adapt To, and Learn From, Context","Prof. Henry Lieberman, ","Engineering, Science, Computer Science","Lecture Notes, Instructor Insights , assignment, Multiple Assignment Types"
https://ocw.mit.edu/courses/wgs-640-screen-women-body-narratives-in-popular-american-film-spring-2014/,WGS.640 , Graduate,courses,Screen Women: Body Narratives in Popular American Film,"Dr. Emily Fox-Kales, Dr. Suzanne Leonard","Humanities, Literature, Visual Arts","Lecture Notes, Instructor Insights , assignment, Multiple Assignment Types"
https://ocw.mit.edu/courses/21l-004-reading-poetry-spring-2009/,21L.004 , Undergraduate,courses,Reading Poetry,"Kim Vaeth, ","Humanities, Literature, Criticism","Lecture Notes, Instructor Insights , assignment, Multiple Assignment Types"
https://ocw.mit.edu/courses/17-s950-social-science-and-the-iraq-and-syrian-wars-fall-2016/,17.S950 , Graduate,courses,Social Science and the Iraq and Syrian Wars,"Prof. Roger Petersen, ","Social Science, Political Science, International Relations","Lecture Notes, Instructor Insights , assignment, Multiple Assignment Types"
https://ocw.mit.edu/courses/11-233-crafting-research-questions-and-qualitative-methodology-fall-2005/,11.233, Graduate,courses,Crafting Research Questions and Qualitative Methodology,"Salo Coslovsky, Prof. Judith Tendler","Humanities, Literature, Social Science","Lecture Notes, Instructor Insights , assignment, Multiple Assignment Types"
https://ocw.mit.edu/courses/12-091-medical-geology-geochemistry-an-exposure-january-iap-2006/,12.091, Undergraduate,courses,Medical Geology/Geochemistry: An Exposure,"Dr. Ila Pillalamarri, ","Science, Health and Medicine, Earth Science","Lecture Notes, Instructor Insights , assignment, Multiple Assignment Types"
https://ocw.mit.edu/courses/11-201-gateway-planning-action-fall-2002/,11.201, Graduate,courses,Gateway: Planning Action,"Prof. Diane Davis, Prof. Langley Keyes","Social Science, Urban Studies, Urban Planning","Lecture Notes, Instructor Insights , assignment, Multiple Assignment Types"
https://ocw.mit.edu/courses/ec-s06-prototypes-to-products-fall-2005/,EC.S06 , Undergraduate,courses,Prototypes to Products,"Mr. Andrew Heafitz, ","Engineering, Science, Mechanical Engineering","Lecture Notes, Instructor Insights , assignment, Multiple Assignment Types"
https://ocw.mit.edu/courses/15-963-organizations-as-enacted-systems-learning-knowing-and-change-fall-2002/,15.963, Graduate,courses,"Organizations as Enacted Systems: Learning, Knowing and Change","Prof. Wanda Orlikowski, Dr. Peter Senge","Innovation, Business, Organizational Behavior","Lecture Notes, Instructor Insights , assignment, Multiple Assignment Types"
https://ocw.mit.edu/courses/21l-707-arthurian-literature-and-celtic-colonization-spring-2005/,21L.707 , Undergraduate,courses,Arthurian Literature and Celtic Colonization,"Prof. James Cain, ","Humanities, Literature, History","Lecture Notes, Instructor Insights , assignment, Multiple Assignment Types"
https://ocw.mit.edu/courses/12-091-radon-research-in-multidisciplines-a-review-january-iap-2007/,12.091, Undergraduate,courses,Radon Research in Multidisciplines: A Review,"Dr. Ila Pillalamarri, ","Engineering, Science, Physics","Lecture Notes, Instructor Insights , assignment, Multiple Assignment Types"
https://ocw.mit.edu/courses/17-20-introduction-to-the-american-political-process-spring-2004/,17.2, Undergraduate,courses,Introduction to the American Political Process,"Prof. Adam Berinsky, ","Social Science, Political Science, American Politics","Lecture Notes, Instructor Insights , assignment, Multiple Assignment Types"
https://ocw.mit.edu/courses/11-310j-media-technology-and-city-design-and-development-spring-2002/,11.310J , Undergraduate,courses,Media Technology and City Design and Development,"Prof. Ceasar McDowell, Prof. Anne Whiston Spirn","Communication, Social Science, Media Studies","Lecture Notes, Instructor Insights , assignment, Multiple Assignment Types"
https://ocw.mit.edu/courses/16-885j-aircraft-systems-engineering-fall-2004/,16.885J , Graduate,courses,Aircraft Systems Engineering,"Allen Haggerty, Prof. John Hansman","Engineering, Systems Engineering, Business","Lecture Notes, Instructor Insights , assignment, Multiple Assignment Types"
https://ocw.mit.edu/courses/11-337j-urban-design-policy-and-action-spring-2007/,11.337J , Graduate,courses,Urban Design Policy and Action,"Prof. J. Mark Schuster, ","Architecture, Social Science, Public Administration","Lecture Notes, Instructor Insights , assignment, Multiple Assignment Types"
https://ocw.mit.edu/courses/6-641-electromagnetic-fields-forces-and-motion-spring-2005/,6.641, Graduate,courses,"Electromagnetic Fields, Forces, and Motion","Markus Zahn, ","Science, Physics, Electromagnetism","Lecture Notes, Instructor Insights , assignment, Multiple Assignment Types"
https://ocw.mit.edu/courses/8-022-physics-ii-electricity-and-magnetism-fall-2004/,8.022, Undergraduate,courses,Physics II: Electricity and Magnetism,"Prof. Gabriella Sciolla, ","Science, Physics, Electromagnetism","Lecture Notes, Instructor Insights , assignment, Multiple Assignment Types"
https://ocw.mit.edu/courses/wgs-s10-gender-power-leadership-and-the-workplace-spring-2014/,WGS.S10 , Undergraduate,courses,"Gender, Power, Leadership, and the Workplace","Dr. Mindy Fried, ","Leadership, Social Science, Public Administration","Lecture Notes, Instructor Insights , assignment, Multiple Assignment Types"
https://ocw.mit.edu/courses/12-815-atmospheric-radiation-fall-2006/,12.815, Graduate,courses,Atmospheric Radiation,"Dr. Robert McClatchey, Prof. Ronald G Prinn","Science, Physics, Earth Science","Lecture Notes, Instructor Insights , assignment, Multiple Assignment Types"
https://ocw.mit.edu/courses/18-01-single-variable-calculus-fall-2005/,18.01, Undergraduate,courses,Single Variable Calculus,"Prof. Jason Starr, ","Mathematics, Differential Equations, Calculus","Lecture Notes, Instructor Insights , assignment, Multiple Assignment Types"
https://ocw.mit.edu/courses/15-356-how-to-develop-breakthrough-products-and-services-spring-2004/,15.356, Graduate,courses,"How to Develop ""Breakthrough"" Products and Services","Prof. Eric von Hippel, ","Engineering, Entrepreneurship, Innovation","Lecture Notes, Instructor Insights , assignment, Multiple Assignment Types"
https://ocw.mit.edu/courses/11-952-foshan-china-workshop-spring-2004/,11.952, Graduate,courses,Foshan China Workshop,"Prof. Yu-Hung Hong, Prof. Tunney Lee","Science, Economics, Social Science","Lecture Notes, Instructor Insights , assignment, Multiple Assignment Types"
https://ocw.mit.edu/courses/14-147-topics-in-game-theory-spring-2005/,14.147, Graduate,courses,Topics in Game Theory,"Prof. Muhamet Yildiz, ","Economics, Social Science, Game Theory","Lecture Notes, Instructor Insights , assignment, Multiple Assignment Types"
https://ocw.mit.edu/courses/18-727-topics-in-algebraic-geometry-intersection-theory-on-moduli-spaces-spring-2006/,18.727, Graduate,courses,Topics in Algebraic Geometry: Intersection Theory on Moduli Spaces,"Dr. Izzet Coskun, ","Mathematics, Algebra and Number Theory, Topology and Geometry","Lecture Notes, Instructor Insights , assignment, Multiple Assignment Types"
https://ocw.mit.edu/courses/21g-035-topics-in-culture-and-globalization-fall-2003/,21G.035 ," Undergraduate, Graduate",courses,Topics in Culture and Globalization,"Prof. Ian Condry, ","Social Science, Media Studies, Fine Arts","Lecture Notes, Instructor Insights , assignment, Multiple Assignment Types"
https://ocw.mit.edu/courses/21l-705-major-authors-melville-and-morrison-fall-2003/,21L.705 , Undergraduate,courses,Major Authors: Melville and Morrison,"Dr. Wyn Kelley, ","Humanities, Literature, Media Studies","Lecture Notes, Instructor Insights , assignment, Multiple Assignment Types"
https://ocw.mit.edu/courses/21l-705-major-authors-rewriting-genesis-paradise-lost-and-twentieth-century-fantasy-spring-2009/,21L.705 , Undergraduate,courses,"Major Authors: Rewriting Genesis: ""Paradise Lost"" and Twentieth-Century Fantasy","Prof. Mary Fuller, ","Humanities, Literature, Criticism","Lecture Notes, Instructor Insights , assignment, Multiple Assignment Types"
https://ocw.mit.edu/courses/4-273-introduction-to-design-inquiry-fall-2001/,4.273, Graduate,courses,Introduction to Design Inquiry,"Prof. Edith Ackermann, Prof. William Porter","Architecture, Fine Arts, Architectural Design","Lecture Notes, Instructor Insights , assignment, Multiple Assignment Types"
https://ocw.mit.edu/courses/5-95j-teaching-college-level-science-and-engineering-spring-2009/,5.95J , Graduate,courses,Teaching College-Level Science and Engineering,"Sanjoy Mahajan, ","Engineering, Science, Teaching and Education","Lecture Notes, Instructor Insights , assignment, Multiple Assignment Types"
https://ocw.mit.edu/courses/6-096-algorithms-for-computational-biology-spring-2005/,6.096, Undergraduate,courses,Algorithms for Computational Biology,"Prof. Manolis Kellis, ","Engineering, Computer Science, Biological Engineering","Lecture Notes, Instructor Insights , assignment, Multiple Assignment Types"
https://ocw.mit.edu/courses/esd-33-systems-engineering-summer-2004/,ESD.33 , Graduate,courses,Systems Engineering,"Prof. Daniel Frey, ","Engineering, Systems Engineering, ","Lecture Notes, Instructor Insights , assignment, Multiple Assignment Types"
https://ocw.mit.edu/courses/5-12-organic-chemistry-i-spring-2003/,5.12, Undergraduate,courses,Organic Chemistry I,"Prof. Barbara Imperiali, Dr. Sarah Tabacco","Science, Chemistry, Organic Chemistry","Lecture Notes, Instructor Insights , assignment, Multiple Assignment Types"
https://ocw.mit.edu/courses/24-910-topics-in-linguistic-theory-laboratory-phonology-spring-2007/,24.91, Undergraduate,courses,Topics in Linguistic Theory: Laboratory Phonology,"Prof. Edward Flemming, ","Engineering, Humanities, Electrical Engineering","Lecture Notes, Instructor Insights , assignment, Multiple Assignment Types"
https://ocw.mit.edu/courses/18-409-topics-in-theoretical-computer-science-an-algorithmists-toolkit-fall-2009/,18.409, Graduate,courses,Topics in Theoretical Computer Science: An Algorithmist's Toolkit,"Prof. Jonathan Kelner, ","Engineering, Computer Science, Mathematics","Lecture Notes, Instructor Insights , assignment, Multiple Assignment Types"
https://ocw.mit.edu/courses/21l-488-contemporary-literature-british-novels-now-spring-2007/,21L.488 , Undergraduate,courses,Contemporary Literature: British Novels Now,"Prof. Sarah Brouillette, ","Humanities, Literature, Philosophy","Lecture Notes, Instructor Insights , assignment, Multiple Assignment Types"
https://ocw.mit.edu/courses/11-469-urban-sociology-in-theory-and-practice-spring-2009/,11.469, Graduate,courses,Urban Sociology in Theory and Practice,"Prof. Diane Davis, ","Social Science, Sociology, Urban Studies","Lecture Notes, Instructor Insights , assignment, Multiple Assignment Types"
https://ocw.mit.edu/courses/12-491-advanced-seminar-in-geology-and-geochemistry-organic-geochemistry-fall-2005/,12.491, Graduate,courses,Advanced Seminar in Geology and Geochemistry: Organic Geochemistry,"Prof. Roger Summons, ","Science, Chemistry, Earth Science","Lecture Notes, Instructor Insights , assignment, Multiple Assignment Types"
https://ocw.mit.edu/courses/7-344-antibiotics-toxins-and-protein-engineering-spring-2007/,7.344, Undergraduate,courses,"Antibiotics, Toxins, and Protein Engineering","Dr. Caroline Koehrer, Dr. Mandana Sassanfar","Engineering, Biological Engineering, Health and Medicine","Lecture Notes, Instructor Insights , assignment, Multiple Assignment Types"
https://ocw.mit.edu/courses/12-491-biogeochemistry-of-sulfur-fall-2007/,12.491, Graduate,courses,Biogeochemistry of Sulfur,"Prof. Shuhei Ono, Prof. Roger Summons","Science, Earth Science, Biology","Lecture Notes, Instructor Insights , assignment, Multiple Assignment Types"
https://ocw.mit.edu/courses/18-409-behavior-of-algorithms-spring-2002/,18.409, Graduate,courses,Behavior of Algorithms,"Prof. Daniel Spielman, ","Engineering, Computer Science, Mathematics","Lecture Notes, Instructor Insights , assignment, Multiple Assignment Types"
https://ocw.mit.edu/courses/18-385j-nonlinear-dynamics-and-chaos-fall-2004/,18.385J , Graduate,courses,Nonlinear Dynamics and Chaos,"Prof. Rodolfo Rosales, ","Mathematics, Applied Mathematics, Topology and Geometry","Lecture Notes, Instructor Insights , assignment, Multiple Assignment Types"
https://ocw.mit.edu/courses/18-s997-introduction-to-matlab-programming-fall-2011/,18.S997 , Undergraduate,courses,Introduction To MATLAB Programming,"Yossi Farjoun, ","Engineering, Computer Science, Mathematics","Lecture Notes, Instructor Insights , assignment, Multiple Assignment Types"
https://ocw.mit.edu/courses/18-s997-the-polynomial-method-fall-2012/,18.S997 , Graduate,courses,The Polynomial Method,"Prof. Lawrence D Guth, ","Mathematics, Algebra and Number Theory, Discrete Mathematics","Lecture Notes, Instructor Insights , assignment, Multiple Assignment Types"
https://ocw.mit.edu/courses/2-086-numerical-computation-for-mechanical-engineers-spring-2013/,2.086, Undergraduate,courses,Numerical Computation for Mechanical Engineers,"Prof. Anthony T. Patera, ","Engineering, Computer Science, Mathematics","Lecture Notes, Instructor Insights , assignment, Multiple Assignment Types"
https://ocw.mit.edu/courses/2-086-numerical-computation-for-mechanical-engineers-fall-2012/,2.086, Undergraduate,courses,Numerical Computation for Mechanical Engineers,"Prof. Daniel Frey, Prof. Nicholas Hadjiconstantinou","Engineering, Mathematics, Mechanical Engineering","Lecture Notes, Instructor Insights , assignment, Multiple Assignment Types"
https://ocw.mit.edu/courses/21g-820-portuguese-advanced-conversation-and-composition-fall-2014/,21G.820 , Undergraduate,courses,Portuguese Advanced Conversation and Composition,"Dr. Nilma Dominique, ","Humanities, Language, Society","Lecture Notes, Instructor Insights , assignment, Multiple Assignment Types"
https://ocw.mit.edu/courses/21l-448j-darwin-and-design-fall-2003/,21L.448J , Undergraduate,courses,Darwin and Design,"Prof. Alvin Kibel, ","Science, Humanities, Literature","Lecture Notes, Instructor Insights , assignment, Multiple Assignment Types"
https://ocw.mit.edu/courses/21l-715-media-in-cultural-context-spring-2007/,21L.715 , Undergraduate,courses,Media in Cultural Context,"Dr. Joshua Green, ","Humanities, Literature, Social Science","Lecture Notes, Instructor Insights , assignment, Multiple Assignment Types"
https://ocw.mit.edu/courses/21m-380-music-and-technology-algorithmic-and-generative-music-spring-2010/,21M.380 , Undergraduate,courses,Music and Technology: Algorithmic and Generative Music,"Prof. Christopher Ariza, ","Engineering, Computer Science, Music","Lecture Notes, Instructor Insights , assignment, Multiple Assignment Types"
https://ocw.mit.edu/courses/21m-380-music-and-technology-contemporary-history-and-aesthetics-fall-2009/,21M.380 , Undergraduate,courses,Music and Technology (Contemporary History and Aesthetics),"Prof. Christopher Ariza, ","Music, Media Studies, Fine Arts","Lecture Notes, Instructor Insights , assignment, Multiple Assignment Types"
https://ocw.mit.edu/courses/6-046j-introduction-to-algorithms-sma-5503-fall-2005/,6.046J , Undergraduate,courses,Introduction to Algorithms (SMA 5503),"Prof. Erik Demaine, Prof. Charles Leiserson","Engineering, Computer Science, Algorithms and Data Structures","Lecture Notes, Instructor Insights , assignment, Multiple Assignment Types"
https://ocw.mit.edu/courses/6-111-introductory-digital-systems-laboratory-fall-2002/,6.111, Undergraduate,courses,Introductory Digital Systems Laboratory,"Prof. James L. Kirtley, Prof. Don Troxel","Engineering, Computer Science, Electronics","Lecture Notes, Instructor Insights , assignment, Multiple Assignment Types"
https://ocw.mit.edu/courses/6-189-a-gentle-introduction-to-programming-using-python-january-iap-2008/,6.189, Undergraduate,courses,A Gentle Introduction to Programming Using Python,"Mihir Kedia, Aseem Kishore","Engineering, Computer Science, Software Design and Engineering","Lecture Notes, Instructor Insights , assignment, Multiple Assignment Types"
https://ocw.mit.edu/courses/14-147-topics-in-game-theory-spring-2005/,14.147, Graduate,courses,Topics in Game Theory,"Prof. Muhamet Yildiz, ","Economics, Social Science, Game Theory","Lecture Notes, Instructor Insights , assignment, Multiple Assignment Types"
https://ocw.mit.edu/courses/18-727-topics-in-algebraic-geometry-intersection-theory-on-moduli-spaces-spring-2006/,18.727, Graduate,courses,Topics in Algebraic Geometry: Intersection Theory on Moduli Spaces,"Dr. Izzet Coskun, ","Mathematics, Algebra and Number Theory, Topology and Geometry","Lecture Notes, Instructor Insights , assignment, Multiple Assignment Types"
https://ocw.mit.edu/courses/21g-035-topics-in-culture-and-globalization-fall-2003/,21G.035 ," Undergraduate, Graduate",courses,Topics in Culture and Globalization,"Prof. Ian Condry, ","Social Science, Media Studies, Fine Arts","Lecture Notes, Instructor Insights , assignment, Multiple Assignment Types"
https://ocw.mit.edu/courses/21l-705-major-authors-melville-and-morrison-fall-2003/,21L.705 , Undergraduate,courses,Major Authors: Melville and Morrison,"Dr. Wyn Kelley, ","Humanities, Literature, Media Studies","Lecture Notes, Instructor Insights , assignment, Multiple Assignment Types"
https://ocw.mit.edu/courses/21l-705-major-authors-rewriting-genesis-paradise-lost-and-twentieth-century-fantasy-spring-2009/,21L.705 , Undergraduate,courses,"Major Authors: Rewriting Genesis: ""Paradise Lost"" and Twentieth-Century Fantasy","Prof. Mary Fuller, ","Humanities, Literature, Criticism","Lecture Notes, Instructor Insights , assignment, Multiple Assignment Types"
https://ocw.mit.edu/courses/4-273-introduction-to-design-inquiry-fall-2001/,4.273, Graduate,courses,Introduction to Design Inquiry,"Prof. Edith Ackermann, Prof. William Porter","Architecture, Fine Arts, Architectural Design","Lecture Notes, Instructor Insights , assignment, Multiple Assignment Types"
https://ocw.mit.edu/courses/5-95j-teaching-college-level-science-and-engineering-spring-2009/,5.95J , Graduate,courses,Teaching College-Level Science and Engineering,"Sanjoy Mahajan, ","Engineering, Science, Teaching and Education","Lecture Notes, Instructor Insights , assignment, Multiple Assignment Types"
https://ocw.mit.edu/courses/6-096-algorithms-for-computational-biology-spring-2005/,6.096, Undergraduate,courses,Algorithms for Computational Biology,"Prof. Manolis Kellis, ","Engineering, Computer Science, Biological Engineering","Lecture Notes, Instructor Insights , assignment, Multiple Assignment Types"
https://ocw.mit.edu/courses/esd-33-systems-engineering-summer-2004/,ESD.33 , Graduate,courses,Systems Engineering,"Prof. Daniel Frey, ","Engineering, Systems Engineering, ","Lecture Notes, Instructor Insights , assignment, Multiple Assignment Types"
https://ocw.mit.edu/courses/5-12-organic-chemistry-i-spring-2003/,5.12, Undergraduate,courses,Organic Chemistry I,"Prof. Barbara Imperiali, Dr. Sarah Tabacco","Science, Chemistry, Organic Chemistry","Lecture Notes, Instructor Insights , assignment, Multiple Assignment Types"
https://ocw.mit.edu/courses/3-15x-electrical-optical-and-magnetic-materials-and-devices-spring-2020/,3.15x , Undergraduate,courses,"Electrical, Optical, and Magnetic Materials and Devices","Prof. Caroline Ross, ","Engineering, Science, Physics","Lecture Notes, Instructor Insights , assignment, Multiple Assignment Types"
https://ocw.mit.edu/courses/4-463-building-technologies-iii-building-structural-systems-ii-fall-2002/,4.463, Graduate,courses,Building Technologies III: Building Structural Systems II,"Prof. John Ochsendorf, ","Engineering, Architecture, Fine Arts","Lecture Notes, Instructor Insights , assignment, Multiple Assignment Types"
https://ocw.mit.edu/courses/11-s955-the-sustainability-response-to-covid-19-january-iap-2021/,11.S955 , Graduate,courses,The Sustainability Response to COVID-19,"Jim Aloisi, ","Social Science, Health and Medicine, Public Health","Lecture Notes, Instructor Insights , assignment, Multiple Assignment Types"
https://ocw.mit.edu/courses/3-012sx-structure-of-materials-spring-2019/,3.012Sx , Undergraduate,courses,Structure of Materials,"Prof. Silvija Gradecak, ","Engineering, Materials Science and Engineering, ","Lecture Notes, Instructor Insights , assignment, Multiple Assignment Types"
https://ocw.mit.edu/courses/11-s942-wanderings-in-psychogeography-exploring-landscapes-of-history-biography-memory-culture-nature-poetry-surreality-fantasy-and-madness-fall-2020/,11.S942 , Graduate,courses,"Wanderings in Psychogeography: Exploring Landscapes of History, Biography, Memory, Culture, Nature, Poetry, Surreality, Fantasy, and Madness","Ezra Haber Glenn, ","Humanities, Social Science, Urban Studies","Lecture Notes, Instructor Insights , assignment, Multiple Assignment Types"
https://ocw.mit.edu/courses/18-102-introduction-to-functional-analysis-spring-2021/,18.102, Undergraduate,courses,Introduction to Functional Analysis,"Dr. Casey Rodriguez, ","Mathematics, Linear Algebra, Mathematical Analysis","Lecture Notes, Instructor Insights , assignment, Multiple Assignment Types"
https://ocw.mit.edu/courses/2-008-design-and-manufacturing-ii-spring-2003/,2.008, Undergraduate,courses,Design and Manufacturing II,"Prof. Jung-Hoon Chun, David Dow","Engineering, Mechanical Engineering, Systems Engineering","Lecture Notes, Instructor Insights , assignment, Multiple Assignment Types"
https://ocw.mit.edu/courses/6-006-introduction-to-algorithms-spring-2020/,6.006, Undergraduate,courses,Introduction to Algorithms,"Prof. Erik Demaine, Dr. Jason Ku","Engineering, Computer Science, Mathematics","Lecture Notes, Instructor Insights , assignment, Multiple Assignment Types"
https://ocw.mit.edu/courses/22-011-nuclear-engineering-science-systems-and-society-spring-2020/,22.011, Undergraduate,courses,"Nuclear Engineering: Science, Systems and Society","Dr. Marina Dang, Prof. Michael Short","Communication, Social Science, Energy","Lecture Notes, Instructor Insights , assignment, Multiple Assignment Types"
https://ocw.mit.edu/courses/6-036-introduction-to-machine-learning-fall-2020/,6.036, Undergraduate,courses,Introduction to Machine Learning,"Prof. Duane Boning, Prof. Isaac Chuang","Engineering, Computer Science, Artificial Intelligence","Lecture Notes, Instructor Insights , assignment, Multiple Assignment Types"
https://ocw.mit.edu/courses/18-s997-the-polynomial-method-fall-2012/,18.S997 , Graduate,courses,The Polynomial Method,"Prof. Lawrence D Guth, ","Mathematics, Algebra and Number Theory, Discrete Mathematics","Lecture Notes, Instructor Insights , assignment, Multiple Assignment Types"
https://ocw.mit.edu/courses/2-086-numerical-computation-for-mechanical-engineers-spring-2013/,2.086, Undergraduate,courses,Numerical Computation for Mechanical Engineers,"Prof. Anthony T. Patera, ","Engineering, Computer Science, Mathematics","Lecture Notes, Instructor Insights , assignment, Multiple Assignment Types"
https://ocw.mit.edu/courses/2-086-numerical-computation-for-mechanical-engineers-fall-2012/,2.086, Undergraduate,courses,Numerical Computation for Mechanical Engineers,"Prof. Daniel Frey, Prof. Nicholas Hadjiconstantinou","Engineering, Mathematics, Mechanical Engineering","Lecture Notes, Instructor Insights , assignment, Multiple Assignment Types"
https://ocw.mit.edu/courses/21g-820-portuguese-advanced-conversation-and-composition-fall-2014/,21G.820 , Undergraduate,courses,Portuguese Advanced Conversation and Composition,"Dr. Nilma Dominique, ","Humanities, Language, Society","Lecture Notes, Instructor Insights , assignment, Multiple Assignment Types"
https://ocw.mit.edu/courses/21l-448j-darwin-and-design-fall-2003/,21L.448J , Undergraduate,courses,Darwin and Design,"Prof. Alvin Kibel, ","Science, Humanities, Literature","Lecture Notes, Instructor Insights , assignment, Multiple Assignment Types"
https://ocw.mit.edu/courses/21l-715-media-in-cultural-context-spring-2007/,21L.715 , Undergraduate,courses,Media in Cultural Context,"Dr. Joshua Green, ","Humanities, Literature, Social Science","Lecture Notes, Instructor Insights , assignment, Multiple Assignment Types"
https://ocw.mit.edu/courses/21m-380-music-and-technology-algorithmic-and-generative-music-spring-2010/,21M.380 , Undergraduate,courses,Music and Technology: Algorithmic and Generative Music,"Prof. Christopher Ariza, ","Engineering, Computer Science, Music","Lecture Notes, Instructor Insights , assignment, Multiple Assignment Types"
https://ocw.mit.edu/courses/21m-380-music-and-technology-contemporary-history-and-aesthetics-fall-2009/,21M.380 , Undergraduate,courses,Music and Technology (Contemporary History and Aesthetics),"Prof. Christopher Ariza, ","Music, Media Studies, Fine Arts","Lecture Notes, Instructor Insights , assignment, Multiple Assignment Types"
https://ocw.mit.edu/courses/6-046j-introduction-to-algorithms-sma-5503-fall-2005/,6.046J , Undergraduate,courses,Introduction to Algorithms (SMA 5503),"Prof. Erik Demaine, Prof. Charles Leiserson","Engineering, Computer Science, Algorithms and Data Structures","Lecture Notes, Instructor Insights , assignment, Multiple Assignment Types"
https://ocw.mit.edu/courses/6-111-introductory-digital-systems-laboratory-fall-2002/,6.111, Undergraduate,courses,Introductory Digital Systems Laboratory,"Prof. James L. Kirtley, Prof. Don Troxel","Engineering, Computer Science, Electronics","Lecture Notes, Instructor Insights , assignment, Multiple Assignment Types"
https://ocw.mit.edu/courses/6-189-a-gentle-introduction-to-programming-using-python-january-iap-2008/,6.189, Undergraduate,courses,A Gentle Introduction to Programming Using Python,"Mihir Kedia, Aseem Kishore","Engineering, Computer Science, Software Design and Engineering","Lecture Notes, Instructor Insights , assignment, Multiple Assignment Types"
https://ocw.mit.edu/courses/6-441-information-theory-spring-2010/,6.441, Graduate,courses,Information Theory,"Prof. Muriel Médard, ","Engineering, Computer Science, Electrical Engineering","Lecture Notes, Instructor Insights , assignment, Multiple Assignment Types"
https://ocw.mit.edu/courses/6-881-representation-and-modeling-for-image-analysis-spring-2005/,6.881, Graduate,courses,Representation and Modeling for Image Analysis,"Prof. Polina Golland, ","Engineering, Computer Science, Systems Engineering","Lecture Notes, Instructor Insights , assignment, Multiple Assignment Types"
https://ocw.mit.edu/courses/9-01-neuroscience-and-behavior-fall-2003/,9.01, Undergraduate,courses,Neuroscience and Behavior,"Prof. Gerald E. Schneider, ","Science, Social Science, Biology","Lecture Notes, Instructor Insights , assignment, Multiple Assignment Types"
https://ocw.mit.edu/courses/mas-962-the-nature-of-constructionist-learning-spring-2003/,MAS.962 , Graduate,courses,The Nature of Constructionist Learning,"Prof. Bakhtiar Mikhak, ","Humanities, Teaching and Education, Philosophy","Lecture Notes, Instructor Insights , assignment, Multiple Assignment Types"
https://ocw.mit.edu/courses/6-004-computation-structures-spring-2009/,6.004, Undergraduate,courses,Computation Structures,"Prof. Steve Ward, ","Engineering, Computer Science, Mathematics","Lecture Notes, Instructor Insights , assignment, Multiple Assignment Types"
https://ocw.mit.edu/courses/1-050-solid-mechanics-fall-2004/,1.05, Undergraduate,courses,Solid Mechanics,"Prof. Louis Bucciarelli, ","Engineering, Mechanical Engineering, Materials Science and Engineering","Lecture Notes, Instructor Insights , assignment, Multiple Assignment Types"
https://ocw.mit.edu/courses/wgs-s10-black-feminist-health-science-studies-spring-2021/,WGS.S10 , Undergraduate,courses,Black Feminist Health Science Studies,"Dr. Moya Bailey, ","Social Science, Health and Medicine, Society","Lecture Notes, Instructor Insights , assignment, Multiple Assignment Types"
https://ocw.mit.edu/courses/wgs-645-gender-health-and-marginalization-through-a-critical-feminist-lens-fall-2014/,WGS.645 , Graduate,courses,"Gender, Health and Marginalization Through a Critical Feminist Lens","Prof. Chris Bobel, Prof. Silvia Dominguez","Health and Medicine, Society, Public Health","Lecture Notes, Instructor Insights , assignment, Multiple Assignment Types"
https://ocw.mit.edu/courses/wgs-645-issues-of-representation-women-representation-and-music-in-selected-folk-traditions-of-the-british-isles-and-north-america-fall-2005/,WGS.645 , Graduate,courses,"Issues of Representation: Women, Representation, and Music in Selected Folk Traditions of the British Isles and North America","Prof. Ruth Perry, Prof. Judith Tick","Music, Social Science, Fine Arts","Lecture Notes, Instructor Insights , assignment, Multiple Assignment Types"
https://ocw.mit.edu/courses/17-50-introduction-to-comparative-politics-fall-2022/,17.5, Undergraduate,courses,Introduction to Comparative Politics,"Prof. Chappell Lawson, ","Humanities, Social Science, Political Science","Lecture Notes, Instructor Insights , assignment, Multiple Assignment Types"
https://ocw.mit.edu/courses/3-320-atomistic-computer-modeling-of-materials-sma-5107-spring-2005/,3.32, Graduate,courses,Atomistic Computer Modeling of Materials (SMA 5107),"Prof. Gerbrand Ceder, Prof. Nicola Marzari","Engineering, Science, Physics","Lecture Notes, Instructor Insights , assignment, Multiple Assignment Types"
https://ocw.mit.edu/courses/11-362-environmental-management-practicum-brownfield-redevelopment-fall-2006/,11.362, Graduate,courses,Environmental Management Practicum: Brownfield Redevelopment,"James Hamilton, ","Engineering, Architecture, Social Science","Lecture Notes, Instructor Insights , assignment, Multiple Assignment Types"
https://ocw.mit.edu/courses/6-974-fundamentals-of-photonics-quantum-electronics-spring-2006/,6.974, Graduate,courses,Fundamentals of Photonics: Quantum Electronics,"Prof. Franz Kärtner, ","Engineering, Science, Physics","Lecture Notes, Instructor Insights , assignment, Multiple Assignment Types"
https://ocw.mit.edu/courses/ids-720j-tools-for-analysis-design-for-real-estate-and-infrastructure-development-spring-2010/,IDS.720J , Graduate,courses,Tools for Analysis: Design for Real Estate and Infrastructure Development,"Prof. Richard de Neufville, Prof. David Geltner","Engineering, Systems Engineering, Social Science","Lecture Notes, Instructor Insights , assignment, Multiple Assignment Types"
https://ocw.mit.edu/courses/12-520-geodynamics-fall-2006/,12.52, Graduate,courses,Geodynamics,"Prof. Bradford Hager, ","Science, Earth Science, Geophysics","Lecture Notes, Instructor Insights , assignment, Multiple Assignment Types"
https://ocw.mit.edu/courses/ec-716-d-lab-waste-fall-2015/,EC.716 , Undergraduate,courses,D-Lab: Waste,"Kate Mytty, Pedro Reynolds-Cuellar","Science, Social Science, Public Administration","Lecture Notes, Instructor Insights , assignment, Multiple Assignment Types"
https://ocw.mit.edu/courses/7-391-concept-centered-teaching-spring-2006/,7.391, Undergraduate,courses,Concept-Centered Teaching,"Dr. Melissa Kosinski-Collins, ","Science, Teaching and Education, Curriculum and Teaching","Lecture Notes, Instructor Insights , assignment, Multiple Assignment Types"
https://ocw.mit.edu/courses/mas-836-sensor-technologies-for-interactive-environments-spring-2011/,MAS.836 , Graduate,courses,Sensor Technologies for Interactive Environments,"Prof. Joseph Paradiso, ","Engineering, Electronics, Electrical Engineering","Lecture Notes, Instructor Insights , assignment, Multiple Assignment Types"
https://ocw.mit.edu/courses/12-950-parallel-programming-for-multicore-machines-using-openmp-and-mpi-january-iap-2010/,12.95, Graduate,courses,Parallel Programming for Multicore Machines Using OpenMP and MPI,"Dr. Constantinos Evangelinos, ","Engineering, Computer Science, Software Design and Engineering","Lecture Notes, Instructor Insights , assignment, Multiple Assignment Types"
https://ocw.mit.edu/courses/14-472-public-economics-ii-spring-2004/,14.472, Graduate,courses,Public Economics II,"Prof. Peter Diamond, Prof. Jonathan Gruber","Economics, Social Science, Public Administration","Lecture Notes, Instructor Insights , assignment, Multiple Assignment Types"
https://ocw.mit.edu/courses/1-018j-ecology-i-the-earth-system-fall-2009/,1.018J , Undergraduate,courses,Ecology I: The Earth System,"Prof. Penny Chisholm, Prof. Edward DeLong","Science, Earth Science, Biology","Lecture Notes, Instructor Insights , assignment, Multiple Assignment Types"
https://ocw.mit.edu/courses/es-260-womens-novels-a-weekly-book-club-spring-2006/,ES.260 , Undergraduate,courses,Women's Novels: A Weekly Book Club,"Faye Kasemset, Jocelyn Rodal","Humanities, Literature, Society","Lecture Notes, Instructor Insights , assignment, Multiple Assignment Types"
https://ocw.mit.edu/courses/sts-089-technology-and-innovation-in-africa-fall-2014/,STS.089 , Undergraduate,courses,Technology and Innovation in Africa,"Prof. Clapperton Chakanetsa Mavhunga, ","Humanities, History, Innovation","Lecture Notes, Instructor Insights , assignment, Multiple Assignment Types"
https://ocw.mit.edu/courses/17-445-international-relations-theory-in-the-cyber-age-fall-2015/,17.445," Undergraduate, Graduate",courses,International Relations Theory in the Cyber Age,"Prof. Nazli Choucri, ","Social Science, Political Science, International Relations","Lecture Notes, Instructor Insights , assignment, Multiple Assignment Types"
https://ocw.mit.edu/courses/17-486-japan-and-east-asian-security-fall-2016/,17.486, Graduate,courses,Japan and East Asian Security,"Prof. Richard J. Samuels, ","Economics, Social Science, Public Administration","Lecture Notes, Instructor Insights , assignment, Multiple Assignment Types"
https://ocw.mit.edu/courses/18-155-differential-analysis-fall-2004/,18.155, Graduate,courses,Differential Analysis,"Prof. Richard Melrose, ","Mathematics, Differential Equations, Mathematical Analysis","Lecture Notes, Instructor Insights , assignment, Multiple Assignment Types"
https://ocw.mit.edu/courses/20-110j-thermodynamics-of-biomolecular-systems-fall-2005/,20.110J , Undergraduate,courses,Thermodynamics of Biomolecular Systems,"Prof. Moungi Bawendi, Prof. Robert Field","Engineering, Science, Physics","Lecture Notes, Instructor Insights , assignment, Multiple Assignment Types"
https://ocw.mit.edu/courses/21g-056-visual-histories-german-cinema-1945-to-present-fall-2003/,21G.056 , Undergraduate,courses,Visual  Histories: German Cinema 1945 to Present,"Prof. Bernd Widdig, ","Humanities, History, Visual Arts","Lecture Notes, Instructor Insights , assignment, Multiple Assignment Types"
https://ocw.mit.edu/courses/21g-110-chinese-iv-streamlined-spring-2004/,21G.110 , Undergraduate,courses,Chinese IV (Streamlined),"Tong Chen, ","Humanities, Language, Chinese","Lecture Notes, Instructor Insights , assignment, Multiple Assignment Types"
https://ocw.mit.edu/courses/21g-312-basic-themes-in-french-literature-and-culture-spring-2011/,21G.312 , Undergraduate,courses,Basic Themes in French Literature and Culture,"Prof. Bruno Perreau, ","Humanities, Literature, Language","Lecture Notes, Instructor Insights , assignment, Multiple Assignment Types"
https://ocw.mit.edu/courses/2-717j-optical-engineering-spring-2002/,2.717J , Graduate,courses,Optical Engineering,"Prof. George Barbastathis, ","Engineering, Science, Physics","Lecture Notes, Instructor Insights , assignment, Multiple Assignment Types"
https://ocw.mit.edu/courses/4-401-environmental-technologies-in-buildings-fall-2018/,4.401, Undergraduate,courses,Environmental Technologies in Buildings,"Prof. Christoph Reinhart, ","Architecture, Fine Arts, Energy","Lecture Notes, Instructor Insights , assignment, Multiple Assignment Types"
https://ocw.mit.edu/courses/4-638-drawings-numbers-five-centuries-of-digital-design-fall-2002/,4.638, Graduate,courses,Drawings & Numbers: Five Centuries of Digital Design,"Leonardo Diaz Borioli, Prof. Mario Carpo","Architecture, Mathematics, Fine Arts","Lecture Notes, Instructor Insights , assignment, Multiple Assignment Types"
https://ocw.mit.edu/courses/4-661-theory-and-method-in-the-study-of-architecture-and-art-fall-2015/,4.661, Graduate,courses,Theory and Method in the Study of Architecture and Art,"Prof. Caroline Jones, ","Humanities, History, Architecture","Lecture Notes, Instructor Insights , assignment, Multiple Assignment Types"
https://ocw.mit.edu/courses/6-453-quantum-optical-communication-fall-2016/,6.453, Graduate,courses,Quantum Optical Communication,"Prof. Jeffrey Shapiro, ","Engineering, Science, Physics","Lecture Notes, Instructor Insights , assignment, Multiple Assignment Types"
https://ocw.mit.edu/courses/6-630-electromagnetics-fall-2006/,6.63, Graduate,courses,Electromagnetics,"Prof. Jin Au Kong, ","Science, Physics, Electromagnetism","Lecture Notes, Instructor Insights , assignment, Multiple Assignment Types"
https://ocw.mit.edu/courses/6-763-applied-superconductivity-fall-2005/,6.763, Graduate,courses,Applied Superconductivity,"Prof. Terry Orlando, ","Engineering, Science, Physics","Lecture Notes, Instructor Insights , assignment, Multiple Assignment Types"
https://ocw.mit.edu/courses/6-823-computer-system-architecture-fall-2005/,6.823, Graduate,courses,Computer System Architecture,"Prof. Arvind, Prof. Krste Asanovic","Engineering, Computer Science, Theory of Computation","Lecture Notes, Instructor Insights , assignment, Multiple Assignment Types"
https://ocw.mit.edu/courses/8-02t-electricity-and-magnetism-spring-2005/,8.02T , Undergraduate,courses,Electricity and Magnetism,"Prof. John Belcher, Dr. Peter Dourmashkin","Science, Physics, Electromagnetism","Lecture Notes, Instructor Insights , assignment, Multiple Assignment Types"
https://ocw.mit.edu/courses/9-011-the-brain-and-cognitive-sciences-i-fall-2002/,9.011, Graduate,courses,The Brain and Cognitive Sciences I,"Prof. M. Christian Brown, Prof. Ann M. Graybiel","Science, Biology, Cognitive Science","Lecture Notes, Instructor Insights , assignment, Multiple Assignment Types"
https://ocw.mit.edu/courses/esd-04j-frameworks-and-models-in-engineering-systems-engineering-system-design-spring-2007/,ESD.04J , Undergraduate,courses,Frameworks and Models in Engineering Systems / Engineering System Design,"Prof. Joseph Sussman, ","Engineering, Systems Engineering, Energy","Lecture Notes, Instructor Insights , assignment, Multiple Assignment Types"
https://ocw.mit.edu/courses/21l-601j-old-english-and-beowulf-spring-2023/,21l.601j , Undergraduate,courses,Old English and Beowulf,"Prof. Arthur Bahr, ","Humanities, Literature, Language","Lecture Notes, Instructor Insights , assignment, Multiple Assignment Types"
https://ocw.mit.edu/courses/18-04-complex-variables-with-applications-spring-2018/,18.04, Undergraduate,courses,Complex Variables with Applications,"Dr. Jeremy Orloff, ","Mathematics, Algebra and Number Theory, Calculus","Lecture Notes, Instructor Insights , assignment, Multiple Assignment Types"
https://ocw.mit.edu/courses/21l-601j-old-english-and-beowulf-spring-2023/,21L.601J , Undergraduate,courses,Old English and Beowulf,"Prof. Arthur Bahr, ","Humanities, Literature, Language","Lecture Notes, Instructor Insights , assignment, Multiple Assignment Types"
https://ocw.mit.edu/courses/18-05-introduction-to-probability-and-statistics-spring-2022/,18.05, Undergraduate,courses,Introduction to Probability and Statistics,"Dr. Jennifer French Kamrin, Dr. Jeremy Orloff","Mathematics, Probability and Statistics, Discrete Mathematics","Lecture Notes, Instructor Insights , assignment, Multiple Assignment Types"
https://ocw.mit.edu/courses/14-13-psychology-and-economics-spring-2020/,14.13," Undergraduate, Graduate",courses,Psychology and Economics,"Prof. Frank Schilbach, ","Economics, Social Science, Psychology","Lecture Notes, Instructor Insights , assignment, Multiple Assignment Types"
https://ocw.mit.edu/courses/18-915-graduate-topology-seminar-kan-seminar-fall-2014/,18.915, Graduate,courses,Graduate Topology Seminar: Kan Seminar,"Prof. Haynes Miller, ","Mathematics, Topology and Geometry, ","Lecture Notes, Instructor Insights , assignment, Multiple Assignment Types"
https://ocw.mit.edu/courses/15-389a-global-entrepreneurship-lab-asia-pacific-fall-2010/,15.389A , Graduate,courses,Global Entrepreneurship Lab: Asia-Pacific,"Prof. Yasheng Huang, Michellana Jester","Entrepreneurship, Society, Business","Lecture Notes, Instructor Insights , assignment, Multiple Assignment Types"
https://ocw.mit.edu/courses/15-389b-global-entrepreneurship-lab-latin-america-the-middle-east-and-africa-fall-2010/,15.389B , Graduate,courses,"Global Entrepreneurship Lab: Latin America, the Middle East, and Africa","Prof. Yasheng Huang, Michellana Jester","Entrepreneurship, Economics, Social Science","Lecture Notes, Instructor Insights , assignment, Multiple Assignment Types"
https://ocw.mit.edu/courses/8-286-the-early-universe-fall-2013/,8.286, Undergraduate,courses,The Early Universe,"Prof. Alan Guth, ","Science, Physics, Theoretical Physics","Lecture Notes, Instructor Insights , assignment, Multiple Assignment Types"
https://ocw.mit.edu/courses/12-006j-nonlinear-dynamics-chaos-fall-2022/,12.006J , Undergraduate,courses,Nonlinear Dynamics: Chaos,"Prof. Daniel Rothman, ","Science, Physics, Mathematics","Lecture Notes, Instructor Insights , assignment, Multiple Assignment Types"
https://ocw.mit.edu/courses/res-7-005-biology-teaching-assistant-ta-training-fall-2021/,RES.7-005 ," Undergraduate, Graduate, Non-Credit",courses,Biology Teaching Assistant (TA) Training,"Dr. Summer Morrill, ","Teaching and Education, Curriculum and Teaching, ","Lecture Notes, Instructor Insights , assignment, Multiple Assignment Types"
https://ocw.mit.edu/courses/3-094-materials-in-human-experience-spring-2004/,3.094, Undergraduate,courses,Materials in Human Experience,"Prof. Heather Lechtman, ","Engineering, Humanities, History","Lecture Notes, Instructor Insights , assignment, Multiple Assignment Types"
https://ocw.mit.edu/courses/res-9-004-nancys-brain-talks-fall-2022/,RES.9-004 , Non-Credit,courses,Nancy's Brain Talks,"Prof. Nancy Kanwisher, ","Science, Health and Medicine, Biology","Lecture Notes, Instructor Insights , assignment, Multiple Assignment Types"
https://ocw.mit.edu/courses/res-3-006-micro-mentoring-resources-and-materials-science-curriculum-spring-2021/,RES.3-006 , Undergraduate,courses,MICRO Mentoring Resources and Materials Science Curriculum,"Cécile Chazot, Max L'Etoile","Engineering, Teaching and Education, Materials Science and Engineering","Lecture Notes, Instructor Insights , assignment, Multiple Assignment Types"
https://ocw.mit.edu/courses/7-014-introductory-biology-spring-2005/,7.014, Undergraduate,courses,Introductory Biology,"Prof. Penny Chisholm, Dr. Julia Khodor","Science, Biology, ","Lecture Notes, Instructor Insights , assignment, Multiple Assignment Types"
https://ocw.mit.edu/courses/6-092-java-preparation-for-6-170-january-iap-2006/,6.092, Undergraduate,courses,Java Preparation for 6.170,"Ray He, Corey McCaffrey","Engineering, Computer Science, Software Design and Engineering","Lecture Notes, Instructor Insights , assignment, Multiple Assignment Types"
https://ocw.mit.edu/courses/1-105-solid-mechanics-laboratory-fall-2003/,1.105, Undergraduate,courses,Solid Mechanics Laboratory,"Prof. Louis Bucciarelli, ","Engineering, Mechanical Engineering, Civil Engineering","Lecture Notes, Instructor Insights , assignment, Multiple Assignment Types"
https://ocw.mit.edu/courses/cms-701-current-debates-in-media-spring-2015/,CMS.701 , Undergraduate,courses,Current Debates in Media,"Dr. Gabrielle Trépanier-Jobin, ","Communication, Humanities, Social Science","Lecture Notes, Instructor Insights , assignment, Multiple Assignment Types"
https://ocw.mit.edu/courses/cms-301-introduction-to-game-design-methods-spring-2016/,CMS.301 , Undergraduate,courses,Introduction to Game Design Methods,"Mikael Jakobsson, Sara Verrilli","Media Studies, Fine Arts, Digital Media","Lecture Notes, Instructor Insights , assignment, Multiple Assignment Types"
https://ocw.mit.edu/courses/21g-s55-japanese-v-fall-2022/,21G.S55 , Undergraduate,courses,Japanese V,"Dr. Takako Aikawa, ","Humanities, Language, Japanese","Lecture Notes, Instructor Insights , assignment, Multiple Assignment Types"
https://ocw.mit.edu/courses/7-342-synapse-remodeling-in-health-and-disease-fall-2022/,7.342, Undergraduate,courses,Synapse Remodeling in Health and Disease,"Dr. Josiah Boivin, Dr. Dalila Ordonez","Science, Health and Medicine, Biology","Lecture Notes, Instructor Insights , assignment, Multiple Assignment Types"
https://ocw.mit.edu/courses/14-310x-data-analysis-for-social-scientists-spring-2023/,14.310x , Graduate,courses,Data Analysis for Social Scientists,"Prof. Esther Duflo, Dr. Sara Ellison","Mathematics, Probability and Statistics, Economics","Lecture Notes, Instructor Insights , assignment, Multiple Assignment Types"
https://ocw.mit.edu/courses/18-06ci-linear-algebra-communications-intensive-spring-2004/,18.06CI , Undergraduate,courses,Linear Algebra - Communications Intensive,"Andrew Brooke-Taylor, Dr. Anna Lachowska","Humanities, Literature, Mathematics","Lecture Notes, Instructor Insights , assignment, Multiple Assignment Types"
https://ocw.mit.edu/courses/11-469-urban-sociology-in-theory-and-practice-spring-2016/,11.469, Graduate,courses,Urban Sociology in Theory and Practice,"Aditi Mehta, Prof. Justin Steil","Social Science, Sociology, Urban Studies","Lecture Notes, Instructor Insights , assignment, Multiple Assignment Types"
https://ocw.mit.edu/courses/2-tha-undergraduate-thesis-for-course-2-a-january-iap-2007/,2.ThA , Undergraduate,courses,Undergraduate Thesis for Course 2-A,"David Custer, ","Engineering, Humanities, Literature","Lecture Notes, Instructor Insights , assignment, Multiple Assignment Types"
https://ocw.mit.edu/courses/21h-346-france-1660-1815-enlightenment-revolution-napoleon-spring-2011/,21H.346 , Undergraduate,courses,"France, 1660-1815: Enlightenment, Revolution, Napoleon","Prof. Jeffrey S. Ravel, ","Humanities, History, Social Science","Lecture Notes, Instructor Insights , assignment, Multiple Assignment Types"
https://ocw.mit.edu/courses/21g-321-childhood-and-youth-in-french-and-francophone-cultures-spring-2024/,21G.321 , Undergraduate,courses,Childhood and Youth in French and Francophone Cultures,"Prof. Bruno Perreau, ","Humanities, Literature, Language","Lecture Notes, Instructor Insights , assignment, Multiple Assignment Types"
https://ocw.mit.edu/courses/22-01-introduction-to-nuclear-engineering-and-ionizing-radiation-spring-2024/,22.01, Undergraduate,courses,Introduction to Nuclear Engineering and Ionizing Radiation,"Prof. Michael Short, ","Engineering, Science, Physics","Lecture Notes, Instructor Insights , assignment, Multiple Assignment Types"
https://ocw.mit.edu/courses/res-15-005-healthcare-finance-15-482x-spring-2019/,RES.15-005 , Graduate,courses,Healthcare Finance (15.482x),"Prof. Andrew Lo, ","Management, Health Care Management, Business","Lecture Notes, Instructor Insights , assignment, Multiple Assignment Types"
https://ocw.mit.edu/courses/res-21m-001-heavy-metal-101-january-iap-2023/,RES.21M-001 , Non-Credit,courses,Heavy Metal 101,"Joe Diaz, ","Music, Fine Arts, Music History","Lecture Notes, Instructor Insights , assignment, Multiple Assignment Types"
https://ocw.mit.edu/courses/res-hs-002-chemistry-behind-the-magic-chemical-demonstrations-for-the-classroom/,RES.HS-002 , High School,courses,Chemistry Behind the Magic: Chemical Demonstrations for the Classroom,"Dr. John J. Dolhun, Dr. Bassam Shakhashiri","Science, Chemistry, ","Lecture Notes, Instructor Insights , assignment, Multiple Assignment Types"
https://ocw.mit.edu/courses/res-18-005-highlights-of-calculus-spring-2010/,RES.18-005 , Undergraduate,courses,Highlights of Calculus,"Prof. Gilbert Strang, ","Mathematics, Differential Equations, Calculus","Lecture Notes, Instructor Insights , assignment, Multiple Assignment Types"
https://ocw.mit.edu/courses/res-14-003-the-roosevelt-project-spring-2023/,RES.14-003 , Non-Credit,courses,The Roosevelt Project,"The Roosevelt Project Team, ","Economics, Social Science, Public Administration","Lecture Notes, Instructor Insights , assignment, Multiple Assignment Types"
https://ocw.mit.edu/courses/res-8-010-introduction-to-statistical-physics-summer-2018/,RES.8-010 , High School,courses,Introduction to Statistical Physics,"Dr. Mobolaji Williams, ","Science, Physics, Mathematics","Lecture Notes, Instructor Insights , assignment, Multiple Assignment Types"
https://ocw.mit.edu/courses/18-757-representations-of-lie-groups-fall-2023/,18.757, Graduate,courses,Representations of Lie Groups,"Prof. Pavel Etingof, ","Mathematics, Algebra and Number Theory, ","Lecture Notes, Instructor Insights , assignment, Multiple Assignment Types"
https://ocw.mit.edu/courses/18-225-graph-theory-and-additive-combinatorics-fall-2023/,18.225, Graduate,courses,Graph Theory and Additive Combinatorics,"Prof. Yufei Zhao, ","Mathematics, Probability and Statistics, Applied Mathematics","Lecture Notes, Instructor Insights , assignment, Multiple Assignment Types"
https://ocw.mit.edu/courses/res-cms-503-becoming-a-more-equitable-educator-mindsets-and-practices-spring-2020/,RES.CMS-503 , Non-Credit,courses,Becoming a More Equitable Educator: Mindsets and Practices,"Prof. H. Richard Milner IV, Prof. Justin Reich","Teaching and Education, Educational Technology, Curriculum and Teaching","Lecture Notes, Instructor Insights , assignment, Multiple Assignment Types"
https://ocw.mit.edu/courses/res-8-004-reducing-the-danger-of-nuclear-weapons-and-proliferation-january-iap-2015/,RES.8-004 , Graduate,courses,Reducing the Danger of Nuclear Weapons and Proliferation,"Aron M Bernstein, Vipin Narang","Engineering, Humanities, History","Lecture Notes, Instructor Insights , assignment, Multiple Assignment Types"
https://ocw.mit.edu/courses/res-5-0001-digital-lab-techniques-manual-spring-2007/,RES.5-0001 , Undergraduate,courses,Digital Lab Techniques Manual,"Dr. Kimberly Berkowski, Eileen Huang","Science, Chemistry, ","Lecture Notes, Instructor Insights , assignment, Multiple Assignment Types"
https://ocw.mit.edu/courses/res-mas-002-day-of-ai-spring-2022/,RES.MAS-002 , Non-Credit,courses,Day of AI,"MIT RAISE, ","Engineering, Computer Science, Artificial Intelligence","Lecture Notes, Instructor Insights , assignment, Multiple Assignment Types"
https://ocw.mit.edu/courses/res-6-010-electronic-feedback-systems-spring-2013/,RES.6-010 , Undergraduate,courses,Electronic Feedback Systems,"James Roberge, ","Engineering, Electronics, Electrical Engineering","Lecture Notes, Instructor Insights , assignment, Multiple Assignment Types"
https://ocw.mit.edu/courses/res-11-001-cite-reports-fall-2015/,RES.11-001 , Non-Credit,courses,CITE Reports,"MIT Comprehensive Initiative on Technology Evaluation, ","Social Science, Public Administration, The Developing World","Lecture Notes, Instructor Insights , assignment, Multiple Assignment Types"
https://ocw.mit.edu/courses/res-18-008-calculus-revisited-complex-variables-differential-equations-and-linear-algebra-fall-2011/,RES.18-008 , Undergraduate,courses,"Calculus Revisited: Complex Variables, Differential Equations, and Linear Algebra","Prof. Herbert Gross, ","Mathematics, Linear Algebra, Differential Equations","Lecture Notes, Instructor Insights , assignment, Multiple Assignment Types"
https://ocw.mit.edu/courses/res-18-011-algebra-i-student-notes-fall-2021/,RES.18-011 , Non-Credit,courses,Algebra I Student Notes,", ","Mathematics, Algebra and Number Theory, ","Lecture Notes, Instructor Insights , assignment, Multiple Assignment Types"
https://ocw.mit.edu/courses/res-18-002-introduction-to-matlab-spring-2008/,RES.18-002 , Undergraduate,courses,Introduction to MATLAB,"Yossi Farjoun, ","Engineering, Computer Science, Mathematics","Lecture Notes, Instructor Insights , assignment, Multiple Assignment Types"
https://ocw.mit.edu/courses/res-cms-001-media-literacy-in-the-age-of-deepfakes-spring-2021/,RES.CMS-001 , Non-Credit,courses,Media Literacy in the Age of Deepfakes,"Prof. Joshua Glick, Prof. D. Fox Harrell","Engineering, Computer Science, Artificial Intelligence","Lecture Notes, Instructor Insights , assignment, Multiple Assignment Types"
https://ocw.mit.edu/courses/res-cms-502-competency-based-education-the-why-what-and-how-spring-2020/,RES.CMS-502 , Non-Credit,courses,"Competency-Based Education: The Why, What, and How","Elizabeth Huttner-Loan, Prof. Justin Reich","Teaching and Education, , ","Lecture Notes, Instructor Insights , assignment, Multiple Assignment Types"
https://ocw.mit.edu/courses/res-cms-155-design-thinking-for-leading-and-learning-spring-2019/,RES.CMS-155 , Non-Credit,courses,Design Thinking for Leading and Learning,"Elizabeth Huttner-Loan, Alyssa Napier","Teaching and Education, Educational Technology, Education Policy","Lecture Notes, Instructor Insights , assignment, Multiple Assignment Types"
https://ocw.mit.edu/courses/res-cms-502-competency-based-education-the-why-what-and-how-spring-2020/,RES.CMS-502 , Non-Credit,courses,"Competency-Based Education: The Why, What, and How","Elizabeth Huttner-Loan, Prof. Justin Reich","Teaching and Education, , ","Lecture Notes, Instructor Insights , assignment, Multiple Assignment Types"
https://ocw.mit.edu/courses/res-cms-155-design-thinking-for-leading-and-learning-spring-2019/,RES.CMS-155 , Non-Credit,courses,Design Thinking for Leading and Learning,"Elizabeth Huttner-Loan, Alyssa Napier","Teaching and Education, Educational Technology, Education Policy","Lecture Notes, Instructor Insights , assignment, Multiple Assignment Types"
https://ocw.mit.edu/courses/res-8-001-applied-geometric-algebra-spring-2009/,RES.8-001 , Undergraduate,courses,Applied Geometric Algebra,"László Tisza, ","Mathematics, Applied Mathematics, Algebra and Number Theory","Lecture Notes, Instructor Insights , assignment, Multiple Assignment Types"
https://ocw.mit.edu/courses/res-ec-004-energy-needs-assessment-toolkit/,RES.EC-004 , Non-Credit,courses,Energy Needs Assessment Toolkit,"Dr. Eric Verploegen, ","The Developing World, Society, Energy","Lecture Notes, Instructor Insights , assignment, Multiple Assignment Types"
https://ocw.mit.edu/courses/res-ec-003-d-lab-student-showcases-spring-2022/,RES.EC-003 , Non-Credit,courses,D-Lab Student Showcases,"MIT D-Lab, ","Engineering, Social Science, Health and Medicine","Lecture Notes, Instructor Insights , assignment, Multiple Assignment Types"
https://ocw.mit.edu/courses/res-12-002-terrascope-spring-2023/,RES.12-002 , Undergraduate,courses,Terrascope,"Dr. Ari Epstein, Dr. Joel Grimm","Engineering, Science, Earth Science","Lecture Notes, Instructor Insights , assignment, Multiple Assignment Types"
https://ocw.mit.edu/courses/res-15-005-healthcare-finance-15-482x-spring-2019/,RES.15-005 , Graduate,courses,Healthcare Finance (15.482x),"Prof. Andrew Lo, ","Management, Health Care Management, Business","Lecture Notes, Instructor Insights , assignment, Multiple Assignment Types"
https://ocw.mit.edu/courses/res-18-005-highlights-of-calculus-spring-2010/,RES.18-005 , Undergraduate,courses,Highlights of Calculus,"Prof. Gilbert Strang, ","Mathematics, Differential Equations, Calculus","Lecture Notes, Instructor Insights , assignment, Multiple Assignment Types"
https://ocw.mit.edu/courses/res-16-001-lean-enterprise-en-espanol-january-iap-2012/,RES.16-001 , Undergraduate,courses,Lean Enterprise en Español,"Luis Fernando Alarcón Cardenas, Isabel Alarcón González","Leadership, Health Care Management, Business","Lecture Notes, Instructor Insights , assignment, Multiple Assignment Types"
https://ocw.mit.edu/courses/res-15-001-mit-sloan-learningedge-fall-2008/,RES.15-001 , Non-Credit,courses,MIT Sloan Teaching Resources Library,"MIT Sloan Faculty, ","Entrepreneurship, Management, Leadership","Lecture Notes, Instructor Insights , assignment, Multiple Assignment Types"
https://ocw.mit.edu/courses/res-15-003-shaping-the-future-of-work-15-662x-spring-2016/,RES.15-003 , Graduate,courses,Shaping the Future of Work (15.662x),"Prof. Thomas A. Kochan, ","Economics, Social Science, Public Administration","Lecture Notes, Instructor Insights , assignment, Multiple Assignment Types"
https://ocw.mit.edu/courses/res-18-008-calculus-revisited-complex-variables-differential-equations-and-linear-algebra-fall-2011/,RES.18-008 , Undergraduate,courses,"Calculus Revisited: Complex Variables, Differential Equations, and Linear Algebra","Prof. Herbert Gross, ","Mathematics, Linear Algebra, Differential Equations","Lecture Notes, Instructor Insights , assignment, Multiple Assignment Types"
https://ocw.mit.edu/courses/res-18-011-algebra-i-student-notes-fall-2021/,RES.18-011 , Non-Credit,courses,Algebra I Student Notes,", ","Mathematics, Algebra and Number Theory, ","Lecture Notes, Instructor Insights , assignment, Multiple Assignment Types"
https://ocw.mit.edu/courses/res-18-002-introduction-to-matlab-spring-2008/,RES.18-002 , Undergraduate,courses,Introduction to MATLAB,"Yossi Farjoun, ","Engineering, Computer Science, Mathematics","Lecture Notes, Instructor Insights , assignment, Multiple Assignment Types"
https://ocw.mit.edu/courses/res-cms-001-media-literacy-in-the-age-of-deepfakes-spring-2021/,RES.CMS-001 , Non-Credit,courses,Media Literacy in the Age of Deepfakes,"Prof. Joshua Glick, Prof. D. Fox Harrell","Engineering, Computer Science, Artificial Intelligence","Lecture Notes, Instructor Insights , assignment, Multiple Assignment Types"
https://ocw.mit.edu/courses/res-9-007-meg-workshop-spring-2019/,RES.9-007 , Non-Credit,courses,MEG Workshop,"Dr. David Gow, Dr. Tech. Matti Hämäläinen","Science, Health and Medicine, Cognitive Science","Lecture Notes, Instructor Insights , assignment, Multiple Assignment Types"
https://ocw.mit.edu/courses/res-21g-3002-teaching-marguerite-de-navarres-heptameron-fall-2023/,RES.21G-3002 , Non-Credit,courses,Teaching Marguerite de Navarre's Heptaméron,"Prof. Leanna B. Rezvani, ","Humanities, Literature, Language","Lecture Notes, Instructor Insights , assignment, Multiple Assignment Types"
https://ocw.mit.edu/courses/res-14-003-the-roosevelt-project-spring-2023/,RES.14-003 , Non-Credit,courses,The Roosevelt Project,"The Roosevelt Project Team, ","Economics, Social Science, Public Administration","Lecture Notes, Instructor Insights , assignment, Multiple Assignment Types"
https://ocw.mit.edu/courses/res-21m-001-heavy-metal-101-january-iap-2023/,RES.21M-001 , Non-Credit,courses,Heavy Metal 101,"Joe Diaz, ","Music, Fine Arts, Music History","Lecture Notes, Instructor Insights , assignment, Multiple Assignment Types"
https://ocw.mit.edu/courses/res-8-010-introduction-to-statistical-physics-summer-2018/,RES.8-010 , High School,courses,Introduction to Statistical Physics,"Dr. Mobolaji Williams, ","Science, Physics, Mathematics","Lecture Notes, Instructor Insights , assignment, Multiple Assignment Types"
https://ocw.mit.edu/courses/res-stp-001-science-policy-bootcamp-january-iap-2011/,RES.STP-001 , Graduate,courses,Science Policy Bootcamp,"William Bonvillian, ","Social Science, Public Administration, Science and Technology Policy","Lecture Notes, Instructor Insights , assignment, Multiple Assignment Types"
https://ocw.mit.edu/courses/res-ll-001-introduction-to-radar-systems-spring-2007/,RES.LL-001 , Undergraduate,courses,Introduction to Radar Systems,"Robert M. O'Donnell, ","Engineering, Science, Physics","Lecture Notes, Instructor Insights , assignment, Multiple Assignment Types"
https://ocw.mit.edu/courses/ec-721-wheelchair-design-in-developing-countries-spring-2009/,EC.721 , Undergraduate,courses,Wheelchair Design in Developing Countries,"Amy J. Smith, Mr. Amos G. Winter","Engineering, Mechanical Engineering, Health and Medicine","Lecture Notes, Instructor Insights , assignment, Multiple Assignment Types"
https://ocw.mit.edu/courses/res-ec-003-d-lab-student-showcases-spring-2022/,RES.EC-003 , Non-Credit,courses,D-Lab Student Showcases,"MIT D-Lab, ","Engineering, Social Science, Health and Medicine","Lecture Notes, Instructor Insights , assignment, Multiple Assignment Types"
https://ocw.mit.edu/courses/res-env-001-climate-action-hands-on-harnessing-science-with-communities-to-cut-carbon-january-iap-2017/,RES.ENV-001 , Non-Credit,courses,Climate Action Hands-On: Harnessing Science with Communities to Cut Carbon,"David Damm-Luhr, Rajesh Kasturirangan","Engineering, Social Science, Public Administration","Lecture Notes, Instructor Insights , assignment, Multiple Assignment Types"
https://ocw.mit.edu/courses/4-614-religious-architecture-and-islamic-cultures-fall-2002/,4.614, Undergraduate,courses,Religious Architecture and Islamic Cultures,"Prof. Nasser Rabbat, ","Architecture, Fine Arts, Society","Lecture Notes, Instructor Insights , assignment, Multiple Assignment Types"
https://ocw.mit.edu/courses/15-351-managing-innovation-and-entrepreneurship-spring-2008/,15.351, Graduate,courses,Managing Innovation and Entrepreneurship,"Prof. Fiona Murray, ","Entrepreneurship, Innovation, Business","Lecture Notes, Instructor Insights , assignment, Multiple Assignment Types"
https://ocw.mit.edu/courses/12-811-tropical-meteorology-spring-2011/,12.811, Graduate,courses,Tropical Meteorology,"Prof. Kerry Emanuel, Allison Wing","Engineering, Science, Physics","Lecture Notes, Instructor Insights , assignment, Multiple Assignment Types"
https://ocw.mit.edu/courses/15-483-consumer-finance-markets-product-design-and-fintech-spring-2018/,15.483, Graduate,courses,"Consumer Finance: Markets, Product Design, and FinTech","Prof. Jonathan Parker, ","Innovation, Management, Business","Lecture Notes, Instructor Insights , assignment, Multiple Assignment Types"
https://ocw.mit.edu/courses/12-108-structure-of-earth-materials-fall-2004/,12.108, Undergraduate,courses,Structure of Earth Materials,"Prof. J. Evans, Prof. Timothy Grove","Engineering, Science, Chemistry","Lecture Notes, Instructor Insights , assignment, Multiple Assignment Types"
https://ocw.mit.edu/courses/16-55-ionized-gases-fall-2014/,16.55, Graduate,courses,Ionized Gases,"Prof. Paulo Lozano, Prof. Manuel Martinez-Sanchez","Engineering, Aerospace Engineering, Propulsion Systems","Lecture Notes, Instructor Insights , assignment, Multiple Assignment Types"
https://ocw.mit.edu/courses/14-12-economic-applications-of-game-theory-fall-2012/,14.12, Undergraduate,courses,Economic Applications of Game Theory,"Prof. Muhamet Yildiz, ","Economics, Social Science, Game Theory","Lecture Notes, Instructor Insights , assignment, Multiple Assignment Types"
https://ocw.mit.edu/courses/15-904-strategic-management-ii-fall-2005/,15.904, Graduate,courses,Strategic Management II,"Prof. Arnoldo Hax, ","Management, Leadership, Business","Lecture Notes, Instructor Insights , assignment, Multiple Assignment Types"
https://ocw.mit.edu/courses/mas-714j-technologies-for-creative-learning-fall-2009/,MAS.714J , Graduate,courses,Technologies for Creative Learning,"Karen Brennan, Prof. Mitchel Resnick","Teaching and Education, Educational Technology, ","Lecture Notes, Instructor Insights , assignment, Multiple Assignment Types"
https://ocw.mit.edu/courses/15-972-professional-seminar-in-sustainability-spring-2010/,15.972, Graduate,courses,Professional Seminar in Sustainability,"Sarah Slaughter, ","Science, Entrepreneurship, Economics","Lecture Notes, Instructor Insights , assignment, Multiple Assignment Types"
https://ocw.mit.edu/courses/2-080j-structural-mechanics-fall-2013/,2.080J , Graduate,courses,Structural Mechanics,"Prof. Tomasz Wierzbicki, ","Engineering, Mechanical Engineering, Solid Mechanics","Lecture Notes, Instructor Insights , assignment, Multiple Assignment Types"
https://ocw.mit.edu/courses/2-611-marine-power-and-propulsion-fall-2006/,2.611, Graduate,courses,Marine Power and Propulsion,"Prof. David Burke, Prof. Michael Triantafyllou","Engineering, Science, Physics","Lecture Notes, Instructor Insights , assignment, Multiple Assignment Types"
https://ocw.mit.edu/courses/11-487-urban-public-finance-in-developing-countries-fall-2004/,11.487, Graduate,courses,Urban Public Finance in Developing Countries,"Prof. Annette M. Kim, ","Economics, Social Science, Public Administration","Lecture Notes, Instructor Insights , assignment, Multiple Assignment Types"
https://ocw.mit.edu/courses/16-323-principles-of-optimal-control-spring-2008/,16.323, Graduate,courses,Principles of Optimal Control,"Prof. Jonathan P. How, ","Engineering, Systems Engineering, Systems Optimization","Lecture Notes, Instructor Insights , assignment, Multiple Assignment Types"
https://ocw.mit.edu/courses/22-06-engineering-of-nuclear-systems-fall-2010/,22.06, Undergraduate,courses,Engineering of Nuclear Systems,"Prof. Jacopo Buongiorno, ","Engineering, Science, Physics","Lecture Notes, Instructor Insights , assignment, Multiple Assignment Types"
https://ocw.mit.edu/courses/24-962-advanced-phonology-spring-2005/,24.962, Graduate,courses,Advanced Phonology,"Prof. Adam Albright, Prof. Donca Steriade","Humanities, Linguistics, Phonology","Lecture Notes, Instructor Insights , assignment, Multiple Assignment Types"
https://ocw.mit.edu/courses/6-828-operating-system-engineering-fall-2012/,6.828, Graduate,courses,Operating System Engineering,"Prof. Frans Kaashoek, ","Engineering, Computer Science, Software Design and Engineering","Lecture Notes, Instructor Insights , assignment, Multiple Assignment Types"
https://ocw.mit.edu/courses/9-123-neurotechnology-in-action-fall-2014/,9.123, Graduate,courses,Neurotechnology in Action,"Prof. Edward Boyden, Prof. Alan Jasanoff","Engineering, Science, Biological Engineering","Lecture Notes, Instructor Insights , assignment, Multiple Assignment Types"
https://ocw.mit.edu/courses/hst-121-gastroenterology-fall-2005/,HST.121 , Graduate,courses,Gastroenterology,"Dr. Martin C. Carey, Dr. Daniel C. Chung","Health and Medicine, Anatomy and Physiology, Pathology and Pathophysiology","Lecture Notes, Instructor Insights , assignment, Multiple Assignment Types"
https://ocw.mit.edu/courses/6-551j-acoustics-of-speech-and-hearing-fall-2004/,6.551J , Graduate,courses,Acoustics of Speech and Hearing,"Prof. Louis Braida, Prof. John Rosowski","Engineering, Science, Electrical Engineering","Lecture Notes, Instructor Insights , assignment, Multiple Assignment Types"
https://ocw.mit.edu/courses/6-262-discrete-stochastic-processes-spring-2011/,6.262, Graduate,courses,Discrete Stochastic Processes,"Prof. Robert Gallager, ","Mathematics, Probability and Statistics, Discrete Mathematics","Lecture Notes, Instructor Insights , assignment, Multiple Assignment Types"
https://ocw.mit.edu/courses/15-760b-introduction-to-operations-management-spring-2004/,15.760B , Graduate,courses,Introduction to Operations Management,"Prof. Jérémie Gallien, ","Business, Supply Chain Management, Operations Management","Lecture Notes, Instructor Insights , assignment, Multiple Assignment Types"
https://ocw.mit.edu/courses/2-971-2nd-summer-introduction-to-design-january-iap-2003/,2.971, Undergraduate,courses,2nd Summer Introduction to Design,"Prof. Alex Slocum, ","Engineering, Mechanical Engineering, Systems Engineering","Lecture Notes, Instructor Insights , assignment, Multiple Assignment Types"
https://ocw.mit.edu/courses/24-02-moral-problems-and-the-good-life-fall-2008/,24.02, Undergraduate,courses,Moral Problems and the Good Life,"Prof. Sally Haslanger, ","Humanities, Ethics, Social Science","Lecture Notes, Instructor Insights , assignment, Multiple Assignment Types"
https://ocw.mit.edu/courses/11-479-water-and-sanitation-infrastructure-planning-in-developing-countries-spring-2005/,11.479, Graduate,courses,Water and Sanitation Infrastructure Planning in Developing Countries,"Prof. Jennifer Davis, ","Engineering, Social Science, Public Administration","Lecture Notes, Instructor Insights , assignment, Multiple Assignment Types"
https://ocw.mit.edu/courses/12-086-modeling-environmental-complexity-fall-2014/,12.086, Undergraduate,courses,Modeling Environmental Complexity,"Prof. Daniel Rothman, ","Engineering, Science, Systems Engineering","Lecture Notes, Instructor Insights , assignment, Multiple Assignment Types"
https://ocw.mit.edu/courses/11-471-targeting-the-poor-local-economic-development-in-developing-countries-spring-2010/,11.471, Graduate,courses,Targeting the Poor: Local Economic Development in Developing Countries,"Karin Brandt, Prof. Judith Tendler","Economics, Social Science, The Developing World","Lecture Notes, Instructor Insights , assignment, Multiple Assignment Types"
https://ocw.mit.edu/courses/14-128-dynamic-optimization-economic-applications-recursive-methods-spring-2003/,14.128, Graduate,courses,Dynamic Optimization & Economic Applications (Recursive Methods),"Prof. Iván Werning, ","Engineering, Systems Engineering, Economics","Lecture Notes, Instructor Insights , assignment, Multiple Assignment Types"
https://ocw.mit.edu/courses/11-131-educational-theory-and-practice-iii-spring-2012/,11.131, Undergraduate,courses,Educational Theory and Practice III,"Reen Gibb, ","Teaching and Education, Educational Technology, Curriculum and Teaching","Lecture Notes, Instructor Insights , assignment, Multiple Assignment Types"
https://ocw.mit.edu/courses/11-489-the-growth-and-spatial-structure-of-cities-fall-2005/,11.489, Graduate,courses,The Growth and Spatial Structure of Cities,"Prof. Diane Davis, ","Social Science, Public Administration, Urban Studies","Lecture Notes, Instructor Insights , assignment, Multiple Assignment Types"
https://ocw.mit.edu/courses/6-856j-randomized-algorithms-fall-2002/,6.856J , Graduate,courses,Randomized Algorithms,"Prof. David R. Karger, ","Engineering, Computer Science, Mathematics","Lecture Notes, Instructor Insights , assignment, Multiple Assignment Types"
https://ocw.mit.edu/courses/sts-049j-technology-and-gender-in-american-history-spring-2004/,STS.049J , Undergraduate,courses,Technology and Gender in American History,"Prof. Deborah Fitzgerald, ","Humanities, History, Social Science","Lecture Notes, Instructor Insights , assignment, Multiple Assignment Types"
https://ocw.mit.edu/courses/18-075-advanced-calculus-for-engineers-fall-2004/,18.075, Graduate,courses,Advanced Calculus for Engineers,"Prof. John W. M. Bush, Dr. Dionisios Margetis","Mathematics, Differential Equations, Calculus","Lecture Notes, Instructor Insights , assignment, Multiple Assignment Types"
https://ocw.mit.edu/courses/14-451-dynamic-optimization-methods-with-applications-fall-2009/,14.451, Graduate,courses,Dynamic Optimization Methods with Applications,"Prof. Guido Lorenzoni, ","Engineering, Mathematics, Systems Engineering","Lecture Notes, Instructor Insights , assignment, Multiple Assignment Types"
https://ocw.mit.edu/courses/21g-101-chinese-i-regular-fall-2014/,21G.101 , Undergraduate,courses,Chinese I (Regular),"Dr. Haohsiang Liao, ","Humanities, Language, Chinese","Lecture Notes, Instructor Insights , assignment, Multiple Assignment Types"
https://ocw.mit.edu/courses/15-963-advanced-strategy-spring-2008/,15.963, Graduate,courses,Advanced Strategy,"Prof. Rebecca Henderson, ","Entrepreneurship, Leadership, Business","Lecture Notes, Instructor Insights , assignment, Multiple Assignment Types"
https://ocw.mit.edu/courses/5-067-crystal-structure-refinement-fall-2009/,5.067, Graduate,courses,Crystal Structure Refinement,"Dr. Peter Mueller, ","Science, Physics, Chemistry","Lecture Notes, Instructor Insights , assignment, Multiple Assignment Types"
https://ocw.mit.edu/courses/21l-471-major-english-novels-spring-2009/,21L.471 , Undergraduate,courses,Major English Novels,"Ina Lipkowitz, ","Humanities, Literature, Criticism","Lecture Notes, Instructor Insights , assignment, Multiple Assignment Types"
https://ocw.mit.edu/courses/18-310-principles-of-discrete-applied-mathematics-fall-2013/,18.31, Undergraduate,courses,Principles of Discrete Applied Mathematics,"Prof. Michel Goemans, Dr. Lorenzo Orecchia","Communication, Mathematics, Probability and Statistics","Lecture Notes, Instructor Insights , assignment, Multiple Assignment Types"
https://ocw.mit.edu/courses/20-106j-systems-microbiology-fall-2006/,20.106J , Undergraduate,courses,Systems Microbiology,"Prof. Edward DeLong, Prof. David Schauer","Engineering, Science, Biological Engineering","Lecture Notes, Instructor Insights , assignment, Multiple Assignment Types"
https://ocw.mit.edu/courses/21h-101-american-history-to-1865-fall-2010/,21H.101 , Undergraduate,courses,American History to 1865,"Prof. Pauline Maier, ","Humanities, History, American History","Lecture Notes, Instructor Insights , assignment, Multiple Assignment Types"
https://ocw.mit.edu/courses/21h-206-american-consumer-culture-fall-2007/,21H.206 , Undergraduate,courses,American Consumer Culture,"Prof. Meg Jacobs, ","Humanities, History, Social Science","Lecture Notes, Instructor Insights , assignment, Multiple Assignment Types"
https://ocw.mit.edu/courses/21m-380-music-and-technology-recording-techniques-and-audio-production-fall-2016/,21M.380 , Undergraduate,courses,Music and Technology: Recording Techniques and Audio Production,"Dr. Florian Hollerweger, ","Engineering, Music, Electrical Engineering","Lecture Notes, Instructor Insights , assignment, Multiple Assignment Types"
https://ocw.mit.edu/courses/9-458-parkinsons-disease-workshop-summer-2006/,9.458, Undergraduate,courses,Parkinson's Disease Workshop,"Prof. Suzanne Corkin, ","Science, Health and Medicine, Biology","Lecture Notes, Instructor Insights , assignment, Multiple Assignment Types"
https://ocw.mit.edu/courses/hst-947-medical-artificial-intelligence-spring-2005/,HST.947 , Graduate,courses,Medical Artificial Intelligence,"Prof. Lucila Ohno-Machado, Prof. Peter Szolovits","Engineering, Computer Science, Artificial Intelligence","Lecture Notes, Instructor Insights , assignment, Multiple Assignment Types"
https://ocw.mit.edu/courses/1-061-transport-processes-in-the-environment-fall-2008/,1.061, Undergraduate,courses,Transport Processes in the Environment,"Prof. Heidi Nepf, ","Engineering, Environmental Engineering, Transport Processes","Lecture Notes, Instructor Insights , assignment, Multiple Assignment Types"
https://ocw.mit.edu/courses/12-759-marine-chemistry-seminar-spring-2006/,12.759, Graduate,courses,Marine Chemistry Seminar,"Prof. Daniel Repeta, Prof. Benjamin Van Mooy","Science, Chemistry, Earth Science","Lecture Notes, Instructor Insights , assignment, Multiple Assignment Types"
https://ocw.mit.edu/courses/15-316-building-and-leading-effective-teams-summer-2005/,15.316, Graduate,courses,Building and Leading Effective Teams,"Prof. John Carroll, ","Management, Leadership, Social Science","Lecture Notes, Instructor Insights , assignment, Multiple Assignment Types"
https://ocw.mit.edu/courses/ec-722-special-topics-at-edgerton-center-developing-world-prosthetics-spring-2010/,EC.722 , Undergraduate,courses,Special Topics at Edgerton Center:Developing World Prosthetics,"Robert  Emerson, Ken Endo","Engineering, Mechanical Engineering, Health and Medicine","Lecture Notes, Instructor Insights , assignment, Multiple Assignment Types"
https://ocw.mit.edu/courses/17-462-innovation-in-military-organizations-fall-2005/,17.462, Graduate,courses,Innovation in Military Organizations,"Prof. Barry Posen, Prof. Harvey Sapolsky","Humanities, History, Innovation","Lecture Notes, Instructor Insights , assignment, Multiple Assignment Types"
https://ocw.mit.edu/courses/18-125-measure-and-integration-fall-2003/,18.125, Graduate,courses,Measure and Integration,"Prof. Jeff Viaclovsky, ","Mathematics, Calculus, Mathematical Analysis","Lecture Notes, Instructor Insights , assignment, Multiple Assignment Types"
https://ocw.mit.edu/courses/12-802-wave-motion-in-the-ocean-and-the-atmosphere-spring-2008/,12.802, Graduate,courses,Wave Motion in the Ocean and the Atmosphere,"Prof. Paola Rizzoli, ","Engineering, Science, Mechanical Engineering","Lecture Notes, Instructor Insights , assignment, Multiple Assignment Types"
https://ocw.mit.edu/courses/11-481j-analyzing-and-accounting-for-regional-economic-growth-spring-2009/,11.481J , Graduate,courses,Analyzing and Accounting for Regional Economic Growth,"Prof. Karen R. Polenske, ","Economics, Social Science, Urban Studies","Lecture Notes, Instructor Insights , assignment, Multiple Assignment Types"
https://ocw.mit.edu/courses/21h-504-east-asia-in-the-world-spring-2003/,21H.504 , Undergraduate,courses,East Asia in the World,"Prof. Peter C. Perdue, ","Humanities, History, Social Science","Lecture Notes, Instructor Insights , assignment, Multiple Assignment Types"
https://ocw.mit.edu/courses/14-271-industrial-organization-i-fall-2013/,14.271, Graduate,courses,Industrial Organization I,"Prof. Glenn Ellison, ","Economics, Social Science, Industrial Organization","Lecture Notes, Instructor Insights , assignment, Multiple Assignment Types"
https://ocw.mit.edu/courses/2-29-numerical-fluid-mechanics-spring-2015/,2.29, Graduate,courses,Numerical Fluid Mechanics,"Prof. Pierre Lermusiaux, ","Engineering, Mathematics, Mechanical Engineering","Lecture Notes, Instructor Insights , assignment, Multiple Assignment Types"
https://ocw.mit.edu/courses/2-035-special-topics-in-mathematics-with-applications-linear-algebra-and-the-calculus-of-variations-spring-2007/,2.035, Graduate,courses,Special Topics in Mathematics with Applications: Linear Algebra and the Calculus of Variations,"Prof. Rohan Abeyaratne, ","Engineering, Mathematics, Mechanical Engineering","Lecture Notes, Instructor Insights , assignment, Multiple Assignment Types"
https://ocw.mit.edu/courses/18-440-probability-and-random-variables-spring-2014/,18.44, Undergraduate,courses,Probability and Random Variables,"Prof. Scott Sheffield, ","Mathematics, Probability and Statistics, Discrete Mathematics","Lecture Notes, Instructor Insights , assignment, Multiple Assignment Types"
https://ocw.mit.edu/courses/2-004-dynamics-and-control-ii-spring-2008/,2.004, Undergraduate,courses,Dynamics and Control II,"Prof. Derek Rowell, ","Engineering, Mathematics, Mechanical Engineering","Lecture Notes, Instructor Insights , assignment, Multiple Assignment Types"
https://ocw.mit.edu/courses/5-61-physical-chemistry-fall-2017/,5.61, Undergraduate,courses,Physical Chemistry,"Prof. Robert Field, ","Science, Chemistry, Physical Chemistry","Lecture Notes, Instructor Insights , assignment, Multiple Assignment Types"
https://ocw.mit.edu/courses/2-693-principles-of-oceanographic-instrument-systems-sensors-and-measurements-13-998-spring-2004/,2.693, Graduate,courses,Principles of Oceanographic Instrument Systems -- Sensors and Measurements (13.998),"Dr. James D. Irish, Dr. Albert J. Williams","Engineering, Science, Electrical Engineering","Lecture Notes, Instructor Insights , assignment, Multiple Assignment Types"
https://ocw.mit.edu/courses/4-341-introduction-to-photography-and-related-media-fall-2007/,4.341, Undergraduate,courses,Introduction to Photography and Related Media,"Andrea Frank, Adele Phillips","Visual Arts, Media Studies, Fine Arts","Lecture Notes, Instructor Insights , assignment, Multiple Assignment Types"
https://ocw.mit.edu/courses/5-12-organic-chemistry-i-spring-2005/,5.12, Undergraduate,courses,Organic Chemistry I,"Dr. Kimberly Berkowski, Prof. Sarah O’Connor","Science, Chemistry, Organic Chemistry","Lecture Notes, Instructor Insights , assignment, Multiple Assignment Types"
https://ocw.mit.edu/courses/6-642-continuum-electromechanics-fall-2008/,6.642, Graduate,courses,Continuum Electromechanics,"Markus Zahn, ","Engineering, Science, Physics","Lecture Notes, Instructor Insights , assignment, Multiple Assignment Types"
https://ocw.mit.edu/courses/9-10-cognitive-neuroscience-spring-2006/,9.1, Undergraduate,courses,Cognitive Neuroscience,"Prof. Suzanne Corkin, ","Science, Biology, Cognitive Science","Lecture Notes, Instructor Insights , assignment, Multiple Assignment Types"
https://ocw.mit.edu/courses/cms-360-introduction-to-civic-media-fall-2012/,CMS.360 , Undergraduate,courses,Introduction to Civic Media,"Prof. Sasha Costanza-Chock, Rebecca Hurwitz","Communication, Social Science, Media Studies","Lecture Notes, Instructor Insights , assignment, Multiple Assignment Types"
https://ocw.mit.edu/courses/es-s60-the-art-and-science-of-happiness-spring-2013/,ES.S60 , Undergraduate,courses,The Art and Science of Happiness,"Dr. Holly Sweet, ","Social Science, Psychology, ","Lecture Notes, Instructor Insights , assignment, Multiple Assignment Types"
https://ocw.mit.edu/courses/esd-051j-engineering-innovation-and-design-fall-2012/,ESD.051J , Undergraduate,courses,Engineering Innovation and Design,"Blade Kotelly, Prof. Joel  E  Schindall","Engineering, Innovation, Systems Engineering","Lecture Notes, Instructor Insights , assignment, Multiple Assignment Types"
https://ocw.mit.edu/courses/hst-508-quantitative-genomics-fall-2005/,HST.508 , Graduate,courses,Quantitative Genomics,"Prof. Robert Berwick, Dr. Alvin Kho","Science, Health and Medicine, Biology","Lecture Notes, Instructor Insights , assignment, Multiple Assignment Types"
https://ocw.mit.edu/courses/sts-069-technology-in-a-dangerous-world-fall-2002/,STS.069 , Undergraduate,courses,Technology in a  Dangerous World,"Prof. Rosalind Williams, ","Social Science, Public Administration, Sociology","Lecture Notes, Instructor Insights , assignment, Multiple Assignment Types"
https://ocw.mit.edu/courses/sts-436-cold-war-science-fall-2008/,STS.436 , Graduate,courses,Cold War Science,"Prof. David Kaiser, ","Humanities, History, History of Science and Technology","Lecture Notes, Instructor Insights , assignment, Multiple Assignment Types"
https://ocw.mit.edu/courses/15-280-communication-for-managers-fall-2016/,15.28, Graduate,courses,Communication for Managers,"Prof. Neal Hartman, ","Communication, Management, Leadership","Lecture Notes, Instructor Insights , assignment, Multiple Assignment Types"
https://ocw.mit.edu/courses/24-264-film-as-visual-and-literary-mythmaking-fall-2005/,24.264, Undergraduate,courses,Film as Visual and Literary Mythmaking,"Prof. Irving Singer, ","Humanities, Literature, Visual Arts","Lecture Notes, Instructor Insights , assignment, Multiple Assignment Types"
https://ocw.mit.edu/courses/11-129-educational-theory-and-practice-i-fall-2011/,11.129, Undergraduate,courses,Educational Theory and Practice I,"Reen Gibb, ","Teaching and Education, Curriculum and Teaching, ","Lecture Notes, Instructor Insights , assignment, Multiple Assignment Types"
https://ocw.mit.edu/courses/14-121-microeconomic-theory-i-fall-2015/,14.121, Graduate,courses,Microeconomic Theory I,"Alan Olivi, Prof. Alexander Wolitzky","Economics, Social Science, Microeconomics","Lecture Notes, Instructor Insights , assignment, Multiple Assignment Types"
https://ocw.mit.edu/courses/15-369-seminar-in-corporate-entrepreneurship-fall-2015/,15.369, Graduate,courses,Seminar in Corporate Entrepreneurship,"Aleksandra J. Kacperczyk, Charles Kiefer","Entrepreneurship, Innovation, Management","Lecture Notes, Instructor Insights , assignment, Multiple Assignment Types"
https://ocw.mit.edu/courses/2-682-acoustical-oceanography-spring-2012/,2.682, Graduate,courses,Acoustical Oceanography,"James Lynch, ","Engineering, Science, Physics","Lecture Notes, Instructor Insights , assignment, Multiple Assignment Types"
https://ocw.mit.edu/courses/21h-s01-food-in-american-history-fall-2014/,21H.S01 , Undergraduate,courses,Food in American History,"Anya Zilberstein, ","Science, Humanities, History","Lecture Notes, Instructor Insights , assignment, Multiple Assignment Types"
https://ocw.mit.edu/courses/12-158-molecular-biogeochemistry-fall-2011/,12.158," Undergraduate, Graduate",courses,Molecular Biogeochemistry,"Dr. Florence Schubotz, Dr. Julio Sepulveda","Science, Earth Science, Biology","Lecture Notes, Instructor Insights , assignment, Multiple Assignment Types"
https://ocw.mit.edu/courses/21l-703-studies-in-drama-stoppard-and-company-spring-2014/,21L.703 , Undergraduate,courses,Studies in Drama: Stoppard and Company,"Prof. Diana Henderson, ","Humanities, Literature, Fine Arts","Lecture Notes, Instructor Insights , assignment, Multiple Assignment Types"
https://ocw.mit.edu/courses/21l-488-contemporary-literature-street-haunting-in-the-global-city-spring-2018/,21L.488 , Undergraduate,courses,Contemporary Literature: Street Haunting in the Global City,"Dr. Anna J. Abramson, ","Humanities, Literature, Criticism","Lecture Notes, Instructor Insights , assignment, Multiple Assignment Types"
https://ocw.mit.edu/courses/6-895-essential-coding-theory-fall-2004/,6.895, Graduate,courses,Essential Coding Theory,"Prof. Madhu Sudan, ","Engineering, Computer Science, Algorithms and Data Structures","Lecture Notes, Instructor Insights , assignment, Multiple Assignment Types"
https://ocw.mit.edu/courses/pe-810-sailing-spring-2007/,PE.810 , Undergraduate,courses,Sailing,"Prof. Francis Charles, ","Health and Medicine, Physical Education and Recreation, ","Lecture Notes, Instructor Insights , assignment, Multiple Assignment Types"
https://ocw.mit.edu/courses/11-401-introduction-to-housing-community-and-economic-development-fall-2015/,11.401, Graduate,courses,"Introduction to Housing, Community, and Economic Development","Prof. Justin Steil, Prof. J. Phillip Thompson","Economics, Social Science, Public Administration","Lecture Notes, Instructor Insights , assignment, Multiple Assignment Types"
https://ocw.mit.edu/courses/9-93-marathon-moral-reasoning-laboratory-january-iap-2007/,9.93, Undergraduate,courses,Marathon Moral Reasoning Laboratory,"Prof. John Mikhail, Prof. Rebecca Saxe","Science, Humanities, Ethics","Lecture Notes, Instructor Insights , assignment, Multiple Assignment Types"
https://ocw.mit.edu/courses/6-777j-design-and-fabrication-of-microelectromechanical-devices-spring-2007/,6.777J , Graduate,courses,Design and Fabrication of Microelectromechanical Devices,"Prof. Carol Livermore, Prof. Joel Voldman","Engineering, Science, Physics","Lecture Notes, Instructor Insights , assignment, Multiple Assignment Types"
https://ocw.mit.edu/courses/12-010-computational-methods-of-scientific-programming-fall-2011/,12.01, Undergraduate,courses,Computational Methods of Scientific Programming,"Prof. Thomas Herring, Dr. Chris Hill","Engineering, Computer Science, Systems Engineering","Lecture Notes, Instructor Insights , assignment, Multiple Assignment Types"
https://ocw.mit.edu/courses/1-725j-chemicals-in-the-environment-fate-and-transport-fall-2004/,1.725J , Graduate,courses,Chemicals in the Environment: Fate and Transport,"Janet Chuang, Prof. Harold Hemond","Engineering, Science, Chemistry","Lecture Notes, Instructor Insights , assignment, Multiple Assignment Types"
https://ocw.mit.edu/courses/21g-502-japanese-ii-spring-2020/,21G.502 , Undergraduate,courses,Japanese II,"Dr. Takako Aikawa, Masami Ikeda-Lamm","Humanities, Language, Japanese","Lecture Notes, Instructor Insights , assignment, Multiple Assignment Types"
https://ocw.mit.edu/courses/21h-245j-soviet-and-post-soviet-politics-and-society-1917-to-the-present-spring-2016/,21H.245J , Undergraduate,courses,"Soviet and Post-Soviet Politics and Society, 1917 to the Present","Prof. Elizabeth A. Wood, ","Humanities, History, Society","Lecture Notes, Instructor Insights , assignment, Multiple Assignment Types"
https://ocw.mit.edu/courses/24-200-ancient-philosophy-fall-2004/,24.2, Undergraduate,courses,Ancient Philosophy,"Prof. Sally Haslanger, ","Humanities, Literature, Philosophy","Lecture Notes, Instructor Insights , assignment, Multiple Assignment Types"
https://ocw.mit.edu/courses/4-500-introduction-to-design-computing-fall-2008/,4.5, Undergraduate,courses,Introduction to Design Computing,"Prof. Lawrence Sass, ","Engineering, Computer Science, Architecture","Lecture Notes, Instructor Insights , assignment, Multiple Assignment Types"
https://ocw.mit.edu/courses/6-170-software-studio-spring-2013/,6.17, Undergraduate,courses,Software Studio,"Prof. Daniel Jackson, ","Engineering, Computer Science, Software Design and Engineering","Lecture Notes, Instructor Insights , assignment, Multiple Assignment Types"
https://ocw.mit.edu/courses/6-877j-computational-evolutionary-biology-fall-2005/,6.877J , Graduate,courses,Computational Evolutionary Biology,"Prof. Robert Berwick, ","Engineering, Science, Biological Engineering","Lecture Notes, Instructor Insights , assignment, Multiple Assignment Types"
https://ocw.mit.edu/courses/cc-s10-history-and-philosophy-of-mechanics-newtons-principia-mathematica-fall-2011/,CC.S10 , Undergraduate,courses,History and Philosophy of Mechanics: Newton's Principia Mathematica,"Adam Schulman, ","Humanities, History, Philosophy","Lecture Notes, Instructor Insights , assignment, Multiple Assignment Types"
https://ocw.mit.edu/courses/sts-340j-introduction-to-the-history-of-technology-fall-2006/,STS.340J , Graduate,courses,Introduction to the History of Technology,"Prof. David Mindell, ","Humanities, History, History of Science and Technology","Lecture Notes, Instructor Insights , assignment, Multiple Assignment Types"
https://ocw.mit.edu/courses/wgs-115-gender-and-technology-spring-2013/,WGS.115 , Undergraduate,courses,Gender and Technology,"Dr. K.J. Surkan, ","Humanities, History, Society","Lecture Notes, Instructor Insights , assignment, Multiple Assignment Types"
https://ocw.mit.edu/courses/15-902-strategic-management-i-fall-2006/,15.902, Graduate,courses,Strategic Management I,"Prof. Arnoldo Hax, Rohan Sahani","Management, Leadership, Business","Lecture Notes, Instructor Insights , assignment, Multiple Assignment Types"
https://ocw.mit.edu/courses/17-581-riots-rebellions-revolutions-spring-2013/,17.581, Undergraduate,courses,"Riots, Rebellions, Revolutions","Prof. Roger Petersen, ","Humanities, History, Social Science","Lecture Notes, Instructor Insights , assignment, Multiple Assignment Types"
https://ocw.mit.edu/courses/6-035-computer-language-engineering-spring-2010/,6.035, Undergraduate,courses,Computer Language Engineering,"Prof. Saman Amarasinghe, Prof. Martin Rinard","Engineering, Computer Science, Software Design and Engineering","Lecture Notes, Instructor Insights , assignment, Multiple Assignment Types"
https://ocw.mit.edu/courses/16-622-experimental-projects-ii-fall-2003/,16.622, Undergraduate,courses,Experimental Projects II,"Prof. Jennifer L. Craig, Prof. John Deyst","Engineering, Science, Computer Science","Lecture Notes, Instructor Insights , assignment, Multiple Assignment Types"
https://ocw.mit.edu/courses/15-024-applied-economics-for-managers-summer-2004/,15.024, Graduate,courses,Applied Economics for Managers,"Prof. Daniel Richards, ","Management, Economics, Social Science","Lecture Notes, Instructor Insights , assignment, Multiple Assignment Types"
https://ocw.mit.edu/courses/6-021j-quantitative-physiology-cells-and-tissues-fall-2004/,6.021J , Undergraduate,courses,Quantitative Physiology: Cells and Tissues,"Prof. Dennis Freeman, ","Science, Health and Medicine, Anatomy and Physiology","Lecture Notes, Instructor Insights , assignment, Multiple Assignment Types"
https://ocw.mit.edu/courses/18-100b-analysis-i-fall-2010/,18.100B , Undergraduate,courses,Analysis I,"Prof. Katrin Wehrheim, ","Mathematics, Differential Equations, Calculus","Lecture Notes, Instructor Insights , assignment, Multiple Assignment Types"
https://ocw.mit.edu/courses/21l-450-literature-and-ethical-values-fall-2002/,21L.450 , Undergraduate,courses,Literature and Ethical Values,"Prof. Alvin Kibel, ","Humanities, Ethics, Literature","Lecture Notes, Instructor Insights , assignment, Multiple Assignment Types"
https://ocw.mit.edu/courses/22-812j-managing-nuclear-technology-spring-2004/,22.812J , Graduate,courses,Managing Nuclear Technology,"Prof. Richard Lester, ","Engineering, Management, Social Science","Lecture Notes, Instructor Insights , assignment, Multiple Assignment Types"
https://ocw.mit.edu/courses/9-29j-introduction-to-computational-neuroscience-spring-2004/,9.29J , Undergraduate,courses,Introduction to Computational Neuroscience,"Prof. Sebastian Seung, ","Engineering, Science, Biological Engineering","Lecture Notes, Instructor Insights , assignment, Multiple Assignment Types"
https://ocw.mit.edu/courses/7-02ci-experimental-biology-communications-intensive-spring-2005/,7.02CI , Undergraduate,courses,Experimental Biology - Communications Intensive,"Dr. Neal Lerner, Dr. Marilee Ogren-Balkema","Science, Humanities, Literature","Lecture Notes, Instructor Insights , assignment, Multiple Assignment Types"
https://ocw.mit.edu/courses/11-945-katrina-practicum-spring-2006/,11.945, Graduate,courses,Katrina Practicum,"Prof. JoAnn Carmin, Prof. Ceasar McDowell","Engineering, Social Science, Public Administration","Lecture Notes, Instructor Insights , assignment, Multiple Assignment Types"
https://ocw.mit.edu/courses/15-311-organizational-processes-fall-2003/,15.311, Graduate,courses,Organizational Processes,"Prof. Paul Carlile, Prof. Roberto Fernandez","Management, Leadership, Business","Lecture Notes, Instructor Insights , assignment, Multiple Assignment Types"
https://ocw.mit.edu/courses/21a-550j-dv-lab-documenting-science-through-video-and-new-media-fall-2012/,21A.550J , Undergraduate,courses,DV Lab: Documenting Science Through Video and New Media,"Chris Boebel, Prof. Christine Walley","Engineering, Science, Social Science","Lecture Notes, Instructor Insights , assignment, Multiple Assignment Types"
https://ocw.mit.edu/courses/9-85-infant-and-early-childhood-cognition-fall-2012/,9.85, Undergraduate,courses,Infant and Early Childhood Cognition,"Prof. Laura Schulz, ","Science, Social Science, Cognitive Science","Lecture Notes, Instructor Insights , assignment, Multiple Assignment Types"
https://ocw.mit.edu/courses/1-040-project-management-spring-2009/,1.04, Undergraduate,courses,Project Management,"Prof. Fred Moavenzadeh, ","Engineering, Business, Civil Engineering","Lecture Notes, Instructor Insights , assignment, Multiple Assignment Types"
https://ocw.mit.edu/courses/14-382-econometrics-spring-2017/,14.382, Graduate,courses,Econometrics,"Prof. Victor Chernozhukov, ","Economics, Social Science, Econometrics","Lecture Notes, Instructor Insights , assignment, Multiple Assignment Types"
https://ocw.mit.edu/courses/7-012-introduction-to-biology-fall-2004/,7.012, Undergraduate,courses,Introduction to Biology,"Prof. Andrew Chess, Dr. Claudette Gardel","Science, Biology, ","Lecture Notes, Instructor Insights , assignment, Multiple Assignment Types"
https://ocw.mit.edu/courses/3-054-cellular-solids-structure-properties-and-applications-spring-2015/,3.054," Undergraduate, Graduate",courses,"Cellular Solids: Structure, Properties and Applications","Lorna Gibson, ","Engineering, Mechanical Engineering, Biological Engineering","Lecture Notes, Instructor Insights , assignment, Multiple Assignment Types"
https://ocw.mit.edu/courses/12-110-sedimentary-geology-spring-2007/,12.11, Undergraduate,courses,Sedimentary Geology,"Prof. John Southard, ","Science, Earth Science, Geochemistry","Lecture Notes, Instructor Insights , assignment, Multiple Assignment Types"
https://ocw.mit.edu/courses/14-05-intermediate-macroeconomics-spring-2013/,14.05, Undergraduate,courses,Intermediate Macroeconomics,"Prof. George-Marios Angeletos, ","Economics, Social Science, Macroeconomics","Lecture Notes, Instructor Insights , assignment, Multiple Assignment Types"
https://ocw.mit.edu/courses/2-57-nano-to-macro-transport-processes-spring-2012/,2.57, Graduate,courses,Nano-to-Macro Transport Processes,"Prof. Gang Chen, ","Engineering, Science, Physics","Lecture Notes, Instructor Insights , assignment, Multiple Assignment Types"
https://ocw.mit.edu/courses/15-414-financial-management-summer-2003/,15.414, Graduate,courses,Financial Management,"Prof. Jonathan Lewellen, ","Management, Economics, Social Science","Lecture Notes, Instructor Insights , assignment, Multiple Assignment Types"
https://ocw.mit.edu/courses/11-941-urban-climate-adaptation-spring-2011/,11.941, Graduate,courses,Urban Climate Adaptation,"Prof. JoAnn Carmin, ","Science, Social Science, Public Administration","Lecture Notes, Instructor Insights , assignment, Multiple Assignment Types"
https://ocw.mit.edu/courses/2-008-design-and-manufacturing-ii-spring-2004/,2.008, Undergraduate,courses,Design and Manufacturing II,"Prof. Jung-Hoon Chun, Prof. Sang-Gook Kim","Engineering, Mechanical Engineering, Systems Engineering","Lecture Notes, Instructor Insights , assignment, Multiple Assignment Types"
https://ocw.mit.edu/courses/21g-410-advanced-german-professional-communication-spring-2017/,21G.410 , Undergraduate,courses,Advanced German: Professional Communication,"Peter Weise, ","Humanities, Language, Economics","Lecture Notes, Instructor Insights , assignment, Multiple Assignment Types"
https://ocw.mit.edu/courses/21h-421-introduction-to-environmental-history-spring-2011/,21H.421 , Undergraduate,courses,Introduction to Environmental History,"Prof. Harriet Ritvo, ","Science, Humanities, History","Lecture Notes, Instructor Insights , assignment, Multiple Assignment Types"
https://ocw.mit.edu/courses/21m-260-stravinsky-to-the-present-spring-2016/,21M.260 , Undergraduate,courses,Stravinsky to the Present,"Prof. Emily Richmond Pollock, ","Music, Fine Arts, Music History","Lecture Notes, Instructor Insights , assignment, Multiple Assignment Types"
https://ocw.mit.edu/courses/21m-732-beginning-costume-design-and-construction-fall-2008/,21M.732 , Undergraduate,courses,Beginning Costume Design and Construction,"Leslie Cocuzzo Held, ","Fine Arts, Performance Arts, Theatrical Design","Lecture Notes, Instructor Insights , assignment, Multiple Assignment Types"
https://ocw.mit.edu/courses/5-60-thermodynamics-kinetics-spring-2008/,5.6, Undergraduate,courses,Thermodynamics & Kinetics,"Prof. Moungi Bawendi, Prof. Keith A. Nelson","Science, Physics, Chemistry","Lecture Notes, Instructor Insights , assignment, Multiple Assignment Types"
https://ocw.mit.edu/courses/6-005-software-construction-spring-2016/,6.005, Undergraduate,courses,Software Construction,"Dr. Max Goldman, Prof. Robert Miller","Engineering, Computer Science, Software Design and Engineering","Lecture Notes, Instructor Insights , assignment, Multiple Assignment Types"
https://ocw.mit.edu/courses/6-851-advanced-data-structures-spring-2012/,6.851, Graduate,courses,Advanced Data Structures,"Prof. Erik Demaine, ","Engineering, Computer Science, Algorithms and Data Structures","Lecture Notes, Instructor Insights , assignment, Multiple Assignment Types"
https://ocw.mit.edu/courses/ec-s07-photovoltaic-solar-energy-systems-fall-2004/,EC.S07 , Undergraduate,courses,Photovoltaic Solar Energy Systems,"Prof. Louis Bucciarelli, ","Engineering, Science, Physics","Lecture Notes, Instructor Insights , assignment, Multiple Assignment Types"
https://ocw.mit.edu/courses/15-279-management-communication-for-undergraduates-fall-2012/,15.279, Undergraduate,courses,Management Communication for Undergraduates,"Dr. Lori Breslow, Dr. Terence Heagney","Management, Leadership, Business","Lecture Notes, Instructor Insights , assignment, Multiple Assignment Types"
https://ocw.mit.edu/courses/5-80-small-molecule-spectroscopy-and-dynamics-fall-2008/,5.8, Graduate,courses,Small-Molecule Spectroscopy and Dynamics,"Prof. Robert Field, ","Science, Physics, Chemistry","Lecture Notes, Instructor Insights , assignment, Multiple Assignment Types"
https://ocw.mit.edu/courses/12-804-large-scale-flow-dynamics-lab-fall-2009/,12.804, Graduate,courses,Large-scale Flow Dynamics Lab,"Prof. Glenn Flierl, Dr. Lodovica Illari","Engineering, Science, Physics","Lecture Notes, Instructor Insights , assignment, Multiple Assignment Types"
https://ocw.mit.edu/courses/4-510-digital-design-fabrication-fall-2008/,4.51, Graduate,courses,Digital Design Fabrication,"Prof. Lawrence Sass, ","Engineering, Architecture, Systems Engineering","Lecture Notes, Instructor Insights , assignment, Multiple Assignment Types"
https://ocw.mit.edu/courses/6-0002-introduction-to-computational-thinking-and-data-science-fall-2016/,6.0002, Undergraduate,courses,Introduction to Computational Thinking and Data Science,"Dr. Ana Bell, Prof. Eric Grimson","Engineering, Computer Science, Mathematics","Lecture Notes, Instructor Insights , assignment, Multiple Assignment Types"
https://ocw.mit.edu/courses/12-110-sedimentary-geology-spring-2007/,12.11, Undergraduate,courses,Sedimentary Geology,"Prof. John Southard, ","Science, Earth Science, Geochemistry","Lecture Notes, Instructor Insights , assignment, Multiple Assignment Types"
https://ocw.mit.edu/courses/14-05-intermediate-macroeconomics-spring-2013/,14.05, Undergraduate,courses,Intermediate Macroeconomics,"Prof. George-Marios Angeletos, ","Economics, Social Science, Macroeconomics","Lecture Notes, Instructor Insights , assignment, Multiple Assignment Types"
https://ocw.mit.edu/courses/2-57-nano-to-macro-transport-processes-spring-2012/,2.57, Graduate,courses,Nano-to-Macro Transport Processes,"Prof. Gang Chen, ","Engineering, Science, Physics","Lecture Notes, Instructor Insights , assignment, Multiple Assignment Types"
https://ocw.mit.edu/courses/15-414-financial-management-summer-2003/,15.414, Graduate,courses,Financial Management,"Prof. Jonathan Lewellen, ","Management, Economics, Social Science","Lecture Notes, Instructor Insights , assignment, Multiple Assignment Types"
https://ocw.mit.edu/courses/11-941-urban-climate-adaptation-spring-2011/,11.941, Graduate,courses,Urban Climate Adaptation,"Prof. JoAnn Carmin, ","Science, Social Science, Public Administration","Lecture Notes, Instructor Insights , assignment, Multiple Assignment Types"
https://ocw.mit.edu/courses/2-008-design-and-manufacturing-ii-spring-2004/,2.008, Undergraduate,courses,Design and Manufacturing II,"Prof. Jung-Hoon Chun, Prof. Sang-Gook Kim","Engineering, Mechanical Engineering, Systems Engineering","Lecture Notes, Instructor Insights , assignment, Multiple Assignment Types"
https://ocw.mit.edu/courses/21g-410-advanced-german-professional-communication-spring-2017/,21G.410 , Undergraduate,courses,Advanced German: Professional Communication,"Peter Weise, ","Humanities, Language, Economics","Lecture Notes, Instructor Insights , assignment, Multiple Assignment Types"
https://ocw.mit.edu/courses/21h-421-introduction-to-environmental-history-spring-2011/,21H.421 , Undergraduate,courses,Introduction to Environmental History,"Prof. Harriet Ritvo, ","Science, Humanities, History","Lecture Notes, Instructor Insights , assignment, Multiple Assignment Types"
https://ocw.mit.edu/courses/21m-260-stravinsky-to-the-present-spring-2016/,21M.260 , Undergraduate,courses,Stravinsky to the Present,"Prof. Emily Richmond Pollock, ","Music, Fine Arts, Music History","Lecture Notes, Instructor Insights , assignment, Multiple Assignment Types"
https://ocw.mit.edu/courses/21m-732-beginning-costume-design-and-construction-fall-2008/,21M.732 , Undergraduate,courses,Beginning Costume Design and Construction,"Leslie Cocuzzo Held, ","Fine Arts, Performance Arts, Theatrical Design","Lecture Notes, Instructor Insights , assignment, Multiple Assignment Types"
https://ocw.mit.edu/courses/5-60-thermodynamics-kinetics-spring-2008/,5.6, Undergraduate,courses,Thermodynamics & Kinetics,"Prof. Moungi Bawendi, Prof. Keith A. Nelson","Science, Physics, Chemistry","Lecture Notes, Instructor Insights , assignment, Multiple Assignment Types"
https://ocw.mit.edu/courses/6-005-software-construction-spring-2016/,6.005, Undergraduate,courses,Software Construction,"Dr. Max Goldman, Prof. Robert Miller","Engineering, Computer Science, Software Design and Engineering","Lecture Notes, Instructor Insights , assignment, Multiple Assignment Types"
https://ocw.mit.edu/courses/6-851-advanced-data-structures-spring-2012/,6.851, Graduate,courses,Advanced Data Structures,"Prof. Erik Demaine, ","Engineering, Computer Science, Algorithms and Data Structures","Lecture Notes, Instructor Insights , assignment, Multiple Assignment Types"
https://ocw.mit.edu/courses/ec-s07-photovoltaic-solar-energy-systems-fall-2004/,EC.S07 , Undergraduate,courses,Photovoltaic Solar Energy Systems,"Prof. Louis Bucciarelli, ","Engineering, Science, Physics","Lecture Notes, Instructor Insights , assignment, Multiple Assignment Types"
https://ocw.mit.edu/courses/15-279-management-communication-for-undergraduates-fall-2012/,15.279, Undergraduate,courses,Management Communication for Undergraduates,"Dr. Lori Breslow, Dr. Terence Heagney","Management, Leadership, Business","Lecture Notes, Instructor Insights , assignment, Multiple Assignment Types"
https://ocw.mit.edu/courses/5-80-small-molecule-spectroscopy-and-dynamics-fall-2008/,5.8, Graduate,courses,Small-Molecule Spectroscopy and Dynamics,"Prof. Robert Field, ","Science, Physics, Chemistry","Lecture Notes, Instructor Insights , assignment, Multiple Assignment Types"
https://ocw.mit.edu/courses/12-804-large-scale-flow-dynamics-lab-fall-2009/,12.804, Graduate,courses,Large-scale Flow Dynamics Lab,"Prof. Glenn Flierl, Dr. Lodovica Illari","Engineering, Science, Physics","Lecture Notes, Instructor Insights , assignment, Multiple Assignment Types"
https://ocw.mit.edu/courses/4-510-digital-design-fabrication-fall-2008/,4.51, Graduate,courses,Digital Design Fabrication,"Prof. Lawrence Sass, ","Engineering, Architecture, Systems Engineering","Lecture Notes, Instructor Insights , assignment, Multiple Assignment Types"
https://ocw.mit.edu/courses/6-0002-introduction-to-computational-thinking-and-data-science-fall-2016/,6.0002, Undergraduate,courses,Introduction to Computational Thinking and Data Science,"Dr. Ana Bell, Prof. Eric Grimson","Engineering, Computer Science, Mathematics","Lecture Notes, Instructor Insights , assignment, Multiple Assignment Types"
https://ocw.mit.edu/courses/6-002-circuits-and-electronics-spring-2007/,6.002, Undergraduate,courses,Circuits and Electronics,"Prof. Anant Agarwal, ","Engineering, Electronics, Electrical Engineering","Lecture Notes, Instructor Insights , assignment, Multiple Assignment Types"
https://ocw.mit.edu/courses/11-233-research-design-for-policy-analysis-and-planning-fall-2007/,11.233, Graduate,courses,Research Design for Policy Analysis and Planning,"Prof. JoAnn Carmin, ","Social Science, Public Administration, Urban Studies","Lecture Notes, Instructor Insights , assignment, Multiple Assignment Types"
https://ocw.mit.edu/courses/15-232-business-model-innovation-global-health-in-frontier-markets-fall-2013/,15.232, Graduate,courses,Business Model Innovation: Global Health in Frontier Markets,"Dr. Anjali Sastry, ","Management, Health Care Management, Health and Medicine","Lecture Notes, Instructor Insights , assignment, Multiple Assignment Types"
https://ocw.mit.edu/courses/15-053-optimization-methods-in-management-science-spring-2013/,15.053, Undergraduate,courses,Optimization Methods in Management Science,"Dr. Ebrahim Nasrabadi, Prof. James Orlin","Engineering, Mathematics, Systems Engineering","Lecture Notes, Instructor Insights , assignment, Multiple Assignment Types"
https://ocw.mit.edu/courses/pe-720-weight-training-spring-2006/,PE.720 , Undergraduate,courses,Weight Training,"Prof. Halston Taylor, ","Health and Medicine, Physical Education and Recreation, Health and Exercise Science","Lecture Notes, Instructor Insights , assignment, Multiple Assignment Types"
https://ocw.mit.edu/courses/11-301j-introduction-to-urban-design-and-development-fall-2016/,11.301J , Graduate,courses,Introduction to Urban Design and Development,"Prof. Dennis Frenchman, Colleen Xi Qiu","Architecture, Social Science, Fine Arts","Lecture Notes, Instructor Insights , assignment, Multiple Assignment Types"
https://ocw.mit.edu/courses/15-969-dynamic-leadership-using-improvisation-in-business-fall-2004/,15.969, Graduate,courses,Dynamic Leadership: Using Improvisation in Business,"Prof. Lakshmi Balachandra, ","Communication, Innovation, Management","Lecture Notes, Instructor Insights , assignment, Multiple Assignment Types"
https://ocw.mit.edu/courses/11-027-global-cityscope-disaster-planning-and-post-disaster-rebuilding-and-recovery-spring-2017/,11.027, Undergraduate,courses,Global Cityscope - Disaster Planning and Post-Disaster Rebuilding and Recovery,"Cherie Miot Abbanat, ","Engineering, Social Science, Energy","Lecture Notes, Instructor Insights , assignment, Multiple Assignment Types"
https://ocw.mit.edu/courses/16-660j-introduction-to-lean-six-sigma-methods-january-iap-2012/,16.660J , Undergraduate,courses,Introduction to Lean Six Sigma Methods,"Dr. Bo Madsen, Hugh McManus","Engineering, Systems Engineering, Leadership","Lecture Notes, Instructor Insights , assignment, Multiple Assignment Types"
https://ocw.mit.edu/courses/21g-064-intro-to-japanese-culture-spring-2012/,21G.064 , Undergraduate,courses,Intro to Japanese Culture,"Prof. Ian Condry, ","Humanities, History, Social Science","Lecture Notes, Instructor Insights , assignment, Multiple Assignment Types"
https://ocw.mit.edu/courses/21g-802-portuguese-ii-spring-2012/,21G.802 ," Undergraduate, Graduate",courses,Portuguese II,"Dr. Nilma Dominique, ","Humanities, Language, Portuguese","Lecture Notes, Instructor Insights , assignment, Multiple Assignment Types"
https://ocw.mit.edu/courses/21g-404-german-iv-spring-2005/,21G.404 , Undergraduate,courses,German IV,"Ellen Crocker, ","Humanities, Literature, Language","Lecture Notes, Instructor Insights , assignment, Multiple Assignment Types"
https://ocw.mit.edu/courses/21g-501-japanese-i-fall-2019/,21G.501 , Undergraduate,courses,Japanese I,"Dr. Takako Aikawa, Masami Ikeda-Lamm","Humanities, Language, Japanese","Lecture Notes, Instructor Insights , assignment, Multiple Assignment Types"
https://ocw.mit.edu/courses/21h-105-american-classics-spring-2006/,21H.105 , Undergraduate,courses,American Classics,"Prof. Pauline Maier, ","Humanities, Literature, History","Lecture Notes, Instructor Insights , assignment, Multiple Assignment Types"
https://ocw.mit.edu/courses/21h-447-nazi-germany-and-the-holocaust-fall-2004/,21H.447 , Undergraduate,courses,Nazi Germany and the Holocaust,"Prof. David Ciarlo, ","Humanities, History, Social Science","Lecture Notes, Instructor Insights , assignment, Multiple Assignment Types"
https://ocw.mit.edu/courses/21l-451-introduction-to-literary-theory-fall-2014/,21L.451 , Undergraduate,courses,Introduction to Literary Theory,"Prof. Shankar Raman, ","Humanities, Literature, Visual Arts","Lecture Notes, Instructor Insights , assignment, Multiple Assignment Types"
https://ocw.mit.edu/courses/21w-777-science-writing-in-contemporary-society-spring-2017/,21W.777 , Undergraduate,courses,Science Writing in Contemporary Society,"Karen Boiko, ","Humanities, Literature, Criticism","Lecture Notes, Instructor Insights , assignment, Multiple Assignment Types"
https://ocw.mit.edu/courses/2-854-introduction-to-manufacturing-systems-fall-2016/,2.854, Graduate,courses,Introduction to Manufacturing Systems,"Dr. Stanley Gershwin, ","Engineering, Mathematics, Mechanical Engineering","Lecture Notes, Instructor Insights , assignment, Multiple Assignment Types"
https://ocw.mit.edu/courses/6-061-introduction-to-electric-power-systems-spring-2011/,6.061, Undergraduate,courses,Introduction to Electric Power Systems,"Prof. James L. Kirtley, ","Engineering, Electrical Engineering, Electric Power","Lecture Notes, Instructor Insights , assignment, Multiple Assignment Types"
https://ocw.mit.edu/courses/6-685-electric-machines-fall-2013/,6.685, Graduate,courses,Electric Machines,"Prof. James L. Kirtley, ","Engineering, Electronics, Electrical Engineering","Lecture Notes, Instructor Insights , assignment, Multiple Assignment Types"
https://ocw.mit.edu/courses/9-22j-a-clinical-approach-to-the-human-brain-fall-2006/,9.22J , Undergraduate,courses,A Clinical Approach to the Human Brain,"Prof. Thomas Byrne, ","Science, Social Science, Health and Medicine","Lecture Notes, Instructor Insights , assignment, Multiple Assignment Types"
https://ocw.mit.edu/courses/8-962-general-relativity-spring-2020/,8.962, Graduate,courses,General Relativity,"Prof. Scott Hughes, ","Science, Physics, Relativity","Lecture Notes, Instructor Insights , assignment, Multiple Assignment Types"
https://ocw.mit.edu/courses/sts-004-science-technology-world-fall-2013/,STS.004 , Undergraduate,courses,"Science, Technology, & World","Prof. Rosalind Williams, ","Communication, Social Science, Visual Arts","Lecture Notes, Instructor Insights , assignment, Multiple Assignment Types"
https://ocw.mit.edu/courses/esd-70j-engineering-economy-module-fall-2009/,ESD.70J , Graduate,courses,Engineering Economy Module,"Michel-Alexandre Cardin, Prof. Richard de Neufville","Engineering, Mathematics, Systems Engineering","Lecture Notes, Instructor Insights , assignment, Multiple Assignment Types"
https://ocw.mit.edu/courses/15-762j-supply-chain-planning-spring-2011/,15.762J , Graduate,courses,Supply Chain Planning,"Prof. Stephen Graves, Prof. David Simchi-Levi","Business, Supply Chain Management, Operations Management","Lecture Notes, Instructor Insights , assignment, Multiple Assignment Types"
https://ocw.mit.edu/courses/8-223-classical-mechanics-ii-january-iap-2017/,8.223, Undergraduate,courses,Classical Mechanics II,"Prof. Matthew Evans, ","Science, Physics, Classical Mechanics","Lecture Notes, Instructor Insights , assignment, Multiple Assignment Types"
https://ocw.mit.edu/courses/6-972-algebraic-techniques-and-semidefinite-optimization-spring-2006/,6.972, Graduate,courses,Algebraic Techniques and Semidefinite Optimization,"Prof. Pablo Parrilo, ","Engineering, Mathematics, Systems Engineering","Lecture Notes, Instructor Insights , assignment, Multiple Assignment Types"
https://ocw.mit.edu/courses/1-051-structural-engineering-design-fall-2003/,1.051, Undergraduate,courses,Structural Engineering Design,"Prof. Oral Buyukozturk, ","Engineering, Mechanical Engineering, Civil Engineering","Lecture Notes, Instructor Insights , assignment, Multiple Assignment Types"
https://ocw.mit.edu/courses/8-592j-statistical-physics-in-biology-spring-2011/,8.592J , Graduate,courses,Statistical Physics in Biology,"Prof. Mehran Kardar, Prof. Leonid Mirny","Engineering, Science, Physics","Lecture Notes, Instructor Insights , assignment, Multiple Assignment Types"
https://ocw.mit.edu/courses/21g-043j-introduction-to-asian-american-studies-literature-culture-and-historical-experience-fall-2013/,21G.043J , Undergraduate,courses,"Introduction to Asian American Studies: Literature, Culture, and Historical Experience","Prof. Emma J. Teng, ","Humanities, History, Social Science","Lecture Notes, Instructor Insights , assignment, Multiple Assignment Types"
https://ocw.mit.edu/courses/11-310j-media-technology-and-city-design-and-development-fall-2002/,11.310J , Graduate,courses,Media Technology and City Design and Development,"Prof. Ceasar McDowell, ","Communication, Social Science, Media Studies","Lecture Notes, Instructor Insights , assignment, Multiple Assignment Types"
https://ocw.mit.edu/courses/21a-212-myth-ritual-and-symbolism-spring-2004/,21A.212 , Undergraduate,courses,"Myth, Ritual, and Symbolism","Prof. James Howe, ","Humanities, Social Science, Linguistics","Lecture Notes, Instructor Insights , assignment, Multiple Assignment Types"
https://ocw.mit.edu/courses/11-139-the-city-in-film-spring-2015/,11.139, Undergraduate,courses,The City in Film,"Ezra Haber Glenn, ","Social Science, Visual Arts, Fine Arts","Lecture Notes, Instructor Insights , assignment, Multiple Assignment Types"
https://ocw.mit.edu/courses/16-050-thermal-energy-fall-2002/,16.05, Undergraduate,courses,Thermal Energy,"Prof. Zoltan Spakovszky, ","Engineering, Science, Physics","Lecture Notes, Instructor Insights , assignment, Multiple Assignment Types"
https://ocw.mit.edu/courses/16-36-communication-systems-engineering-spring-2009/,16.36, Undergraduate,courses,Communication Systems Engineering,"Prof. Eytan Modiano, ","Engineering, Computer Science, Systems Engineering","Lecture Notes, Instructor Insights , assignment, Multiple Assignment Types"
https://ocw.mit.edu/courses/18-100a-introduction-to-analysis-fall-2012/,18.100A , Undergraduate,courses,Introduction to Analysis,"Prof. Arthur Mattuck, ","Mathematics, Differential Equations, Calculus","Lecture Notes, Instructor Insights , assignment, Multiple Assignment Types"
https://ocw.mit.edu/courses/21g-041-topics-in-south-asian-literature-and-culture-fall-2004/,21G.041 , Undergraduate,courses,Topics in South Asian Literature and Culture,"Arundhati Banerjee, ","Humanities, Literature, Social Science","Lecture Notes, Instructor Insights , assignment, Multiple Assignment Types"
https://ocw.mit.edu/courses/21m-621-theater-and-cultural-diversity-in-the-u-s-spring-2008/,21M.621 , Undergraduate,courses,Theater and Cultural Diversity in the U.S.,"Prof. Thomas DeFrantz, ","Humanities, Literature, Social Science","Lecture Notes, Instructor Insights , assignment, Multiple Assignment Types"
https://ocw.mit.edu/courses/5-73-introductory-quantum-mechanics-i-fall-2005/,5.73, Graduate,courses,Introductory Quantum Mechanics I,"Prof. Troy Van Voorhis, ","Science, Physics, Quantum Mechanics","Lecture Notes, Instructor Insights , assignment, Multiple Assignment Types"
https://ocw.mit.edu/courses/6-881-computational-personal-genomics-making-sense-of-complete-genomes-spring-2016/,6.881, Graduate,courses,Computational Personal Genomics: Making Sense of Complete Genomes,"Prof. Manolis Kellis, ","Science, Biology, Genetics","Lecture Notes, Instructor Insights , assignment, Multiple Assignment Types"
https://ocw.mit.edu/courses/9-96-experimental-methods-of-adjustable-tetrode-array-neurophysiology-january-iap-2001/,9.96, Graduate,courses,Experimental Methods of Adjustable Tetrode Array Neurophysiology,"Prof. Matthew Wilson, ","Science, Social Science, Biology","Lecture Notes, Instructor Insights , assignment, Multiple Assignment Types"
https://ocw.mit.edu/courses/21g-039j-gender-and-japanese-popular-culture-fall-2015/,21G.039J , Undergraduate,courses,Gender and Japanese Popular Culture,"Prof. Ian Condry, ","Humanities, Language, Social Science","Lecture Notes, Instructor Insights , assignment, Multiple Assignment Types"
https://ocw.mit.edu/courses/21l-448j-darwin-and-design-fall-2010/,21L.448J , Undergraduate,courses,Darwin and Design,"Prof. James Paradis, ","Science, Humanities, Literature","Lecture Notes, Instructor Insights , assignment, Multiple Assignment Types"
https://ocw.mit.edu/courses/21m-355-musical-improvisation-spring-2013/,21M.355 , Undergraduate,courses,Musical Improvisation,"Tom Hall, Dr. Mark Harvey","Music, Fine Arts, ","Lecture Notes, Instructor Insights , assignment, Multiple Assignment Types"
https://ocw.mit.edu/courses/21m-785-playwrights-workshop-spring-2012/,21M.785 , Undergraduate,courses,Playwrights' Workshop,"Prof. Alan Brody, ","Humanities, Literature, Fine Arts","Lecture Notes, Instructor Insights , assignment, Multiple Assignment Types"
https://ocw.mit.edu/courses/22-314j-structural-mechanics-in-nuclear-power-technology-fall-2006/,22.314J , Graduate,courses,Structural Mechanics in Nuclear Power Technology,"Prof. Oral Buyukozturk, Prof. Mujid S. Kazimi","Engineering, Mechanical Engineering, Energy","Lecture Notes, Instructor Insights , assignment, Multiple Assignment Types"
https://ocw.mit.edu/courses/24-952-advanced-syntax-spring-2007/,24.952, Graduate,courses,Advanced Syntax,"Prof. Elena Anagnostopoulou, Prof. Daniel Fox","Humanities, Linguistics, Syntax","Lecture Notes, Instructor Insights , assignment, Multiple Assignment Types"
https://ocw.mit.edu/courses/6-641-electromagnetic-fields-forces-and-motion-spring-2009/,6.641, Graduate,courses,"Electromagnetic Fields, Forces, and Motion","Markus Zahn, ","Science, Physics, Electromagnetism","Lecture Notes, Instructor Insights , assignment, Multiple Assignment Types"
https://ocw.mit.edu/courses/6-945-adventures-in-advanced-symbolic-programming-spring-2009/,6.945, Graduate,courses,Adventures in Advanced Symbolic Programming,"Prof. Gerald Sussman, ","Engineering, Computer Science, Artificial Intelligence","Lecture Notes, Instructor Insights , assignment, Multiple Assignment Types"
https://ocw.mit.edu/courses/8-251-string-theory-for-undergraduates-spring-2007/,8.251, Undergraduate,courses,String Theory for Undergraduates,"Prof. Alan Guth, Prof. Barton Zwiebach","Science, Physics, Theoretical Physics","Lecture Notes, Instructor Insights , assignment, Multiple Assignment Types"
https://ocw.mit.edu/courses/8-08-statistical-physics-ii-spring-2005/,8.08, Undergraduate,courses,Statistical Physics II,"Prof. Xiao-Gang Wen, ","Science, Physics, Mathematics","Lecture Notes, Instructor Insights , assignment, Multiple Assignment Types"
https://ocw.mit.edu/courses/15-031j-energy-decisions-markets-and-policies-spring-2012/,15.031J , Undergraduate,courses,"Energy Decisions, Markets, and Policies","Prof. Richard Schmalensee, ","Economics, Social Science, Public Administration","Lecture Notes, Instructor Insights , assignment, Multiple Assignment Types"
https://ocw.mit.edu/courses/9-201-advanced-animal-behavior-spring-2000/,9.201, Graduate,courses,Advanced Animal Behavior,"Prof. Gerald E. Schneider, ","Science, Social Science, Cognitive Science","Lecture Notes, Instructor Insights , assignment, Multiple Assignment Types"
https://ocw.mit.edu/courses/2-670-mechanical-engineering-tools-january-iap-2004/,2.67, Undergraduate,courses,Mechanical Engineering Tools,"Prof. Douglas Hart, Prof. David Wallace","Engineering, Mechanical Engineering, ","Lecture Notes, Instructor Insights , assignment, Multiple Assignment Types"
https://ocw.mit.edu/courses/16-322-stochastic-estimation-and-control-fall-2004/,16.322, Graduate,courses,Stochastic Estimation and Control,"Prof. Wallace Vander Velde, ","Engineering, Mathematics, Probability and Statistics","Lecture Notes, Instructor Insights , assignment, Multiple Assignment Types"
https://ocw.mit.edu/courses/17-951-nuclear-weapons-in-international-politics-past-present-and-future-spring-2009/,17.951, Graduate,courses,"Nuclear Weapons in International Politics: Past, Present and Future","Prof. Owen Cote, Dr. James Walsh","Humanities, History, Social Science","Lecture Notes, Instructor Insights , assignment, Multiple Assignment Types"
https://ocw.mit.edu/courses/11-432j-real-estate-capital-markets-spring-2007/,11.432J , Graduate,courses,Real Estate Capital Markets,"Prof. David Geltner, Prof. Tod McGrath","Business, Finance, Real Estate","Lecture Notes, Instructor Insights , assignment, Multiple Assignment Types"
https://ocw.mit.edu/courses/5-74-introductory-quantum-mechanics-ii-spring-2009/,5.74, Graduate,courses,Introductory Quantum Mechanics II,"Prof. Andrei Tokmakoff, ","Science, Physics, Health and Medicine","Lecture Notes, Instructor Insights , assignment, Multiple Assignment Types"
https://ocw.mit.edu/courses/20-201-mechanisms-of-drug-actions-fall-2013/,20.201, Graduate,courses,Mechanisms of Drug Actions,"Prof. Peter Dedon, Dr. Charles Knutson","Engineering, Science, Biological Engineering","Lecture Notes, Instructor Insights , assignment, Multiple Assignment Types"
https://ocw.mit.edu/courses/21a-104-memory-culture-forgetting-spring-2016/,21A.104 , Undergraduate,courses,"Memory, Culture, Forgetting","Prof. Manduhai Buyandelger, ","Social Science, Anthropology, Social Anthropology","Lecture Notes, Instructor Insights , assignment, Multiple Assignment Types"
https://ocw.mit.edu/courses/21g-039j-gender-and-japanese-popular-culture-fall-2015/,21G.039J , Undergraduate,courses,Gender and Japanese Popular Culture,"Prof. Ian Condry, ","Humanities, Language, Social Science","Lecture Notes, Instructor Insights , assignment, Multiple Assignment Types"
https://ocw.mit.edu/courses/21l-448j-darwin-and-design-fall-2010/,21L.448J , Undergraduate,courses,Darwin and Design,"Prof. James Paradis, ","Science, Humanities, Literature","Lecture Notes, Instructor Insights , assignment, Multiple Assignment Types"
https://ocw.mit.edu/courses/21m-355-musical-improvisation-spring-2013/,21M.355 , Undergraduate,courses,Musical Improvisation,"Tom Hall, Dr. Mark Harvey","Music, Fine Arts, ","Lecture Notes, Instructor Insights , assignment, Multiple Assignment Types"
https://ocw.mit.edu/courses/21m-785-playwrights-workshop-spring-2012/,21M.785 , Undergraduate,courses,Playwrights' Workshop,"Prof. Alan Brody, ","Humanities, Literature, Fine Arts","Lecture Notes, Instructor Insights , assignment, Multiple Assignment Types"
https://ocw.mit.edu/courses/22-314j-structural-mechanics-in-nuclear-power-technology-fall-2006/,22.314J , Graduate,courses,Structural Mechanics in Nuclear Power Technology,"Prof. Oral Buyukozturk, Prof. Mujid S. Kazimi","Engineering, Mechanical Engineering, Energy","Lecture Notes, Instructor Insights , assignment, Multiple Assignment Types"
https://ocw.mit.edu/courses/24-952-advanced-syntax-spring-2007/,24.952, Graduate,courses,Advanced Syntax,"Prof. Elena Anagnostopoulou, Prof. Daniel Fox","Humanities, Linguistics, Syntax","Lecture Notes, Instructor Insights , assignment, Multiple Assignment Types"
https://ocw.mit.edu/courses/6-641-electromagnetic-fields-forces-and-motion-spring-2009/,6.641, Graduate,courses,"Electromagnetic Fields, Forces, and Motion","Markus Zahn, ","Science, Physics, Electromagnetism","Lecture Notes, Instructor Insights , assignment, Multiple Assignment Types"
https://ocw.mit.edu/courses/6-945-adventures-in-advanced-symbolic-programming-spring-2009/,6.945, Graduate,courses,Adventures in Advanced Symbolic Programming,"Prof. Gerald Sussman, ","Engineering, Computer Science, Artificial Intelligence","Lecture Notes, Instructor Insights , assignment, Multiple Assignment Types"
https://ocw.mit.edu/courses/8-251-string-theory-for-undergraduates-spring-2007/,8.251, Undergraduate,courses,String Theory for Undergraduates,"Prof. Alan Guth, Prof. Barton Zwiebach","Science, Physics, Theoretical Physics","Lecture Notes, Instructor Insights , assignment, Multiple Assignment Types"
https://ocw.mit.edu/courses/8-08-statistical-physics-ii-spring-2005/,8.08, Undergraduate,courses,Statistical Physics II,"Prof. Xiao-Gang Wen, ","Science, Physics, Mathematics","Lecture Notes, Instructor Insights , assignment, Multiple Assignment Types"
https://ocw.mit.edu/courses/15-575-research-seminar-in-it-and-organizations-economic-perspectives-spring-2004/,15.575, Graduate,courses,Research Seminar in IT and Organizations: Economic Perspectives,"Prof. Erik Brynjolfsson, ","Economics, Social Science, Business","Lecture Notes, Instructor Insights , assignment, Multiple Assignment Types"
https://ocw.mit.edu/courses/3-37-welding-and-joining-processes-fall-2002/,3.37, Graduate,courses,Welding and Joining Processes,"Prof. Thomas Eagar, ","Engineering, Science, Physics","Lecture Notes, Instructor Insights , assignment, Multiple Assignment Types"
https://ocw.mit.edu/courses/18-950-differential-geometry-fall-2008/,18.95, Undergraduate,courses,Differential Geometry,"Prof. Paul Seidel, ","Mathematics, Algebra and Number Theory, Topology and Geometry","Lecture Notes, Instructor Insights , assignment, Multiple Assignment Types"
https://ocw.mit.edu/courses/18-156-differential-analysis-ii-partial-differential-equations-and-fourier-analysis-spring-2016/,18.156, Graduate,courses,Differential Analysis II: Partial Differential Equations and Fourier Analysis,"Prof. Lawrence D Guth, ","Mathematics, Differential Equations, Mathematical Analysis","Lecture Notes, Instructor Insights , assignment, Multiple Assignment Types"
https://ocw.mit.edu/courses/2-51-intermediate-heat-and-mass-transfer-fall-2008/,2.51, Undergraduate,courses,Intermediate Heat and Mass Transfer,"Prof. Bora Mikic, ","Engineering, Science, Physics","Lecture Notes, Instructor Insights , assignment, Multiple Assignment Types"
https://ocw.mit.edu/courses/21l-001-foundations-of-western-culture-homer-to-dante-fall-2008/,21L.001 , Undergraduate,courses,Foundations of Western Culture:  Homer to Dante,"Prof. Arthur Bahr, ","Humanities, Literature, Philosophy","Lecture Notes, Instructor Insights , assignment, Multiple Assignment Types"
https://ocw.mit.edu/courses/12-753-geodynamics-seminar-spring-2006/,12.753, Graduate,courses,Geodynamics Seminar,"Prof. Mark Behn, Prof. Karen Bice","Science, Earth Science, Geophysics","Lecture Notes, Instructor Insights , assignment, Multiple Assignment Types"
https://ocw.mit.edu/courses/15-763j-manufacturing-system-and-supply-chain-design-spring-2005/,15.763J , Graduate,courses,Manufacturing System and Supply Chain Design,"Prof. Stephen Graves, Prof. David Simchi-Levi","Business, Supply Chain Management, Operations Management","Lecture Notes, Instructor Insights , assignment, Multiple Assignment Types"
https://ocw.mit.edu/courses/21h-571-the-making-of-modern-south-asia-fall-2006/,21H.571 , Undergraduate,courses,The Making of Modern South Asia,"Prof. Haimanti Roy, ","Humanities, History, Society","Lecture Notes, Instructor Insights , assignment, Multiple Assignment Types"
https://ocw.mit.edu/courses/14-03-microeconomic-theory-and-public-policy-fall-2016/,14.03," Undergraduate, Graduate",courses,Microeconomic Theory and Public Policy,"Prof. David Autor, ","Economics, Social Science, Public Administration","Lecture Notes, Instructor Insights , assignment, Multiple Assignment Types"
https://ocw.mit.edu/courses/6-811-principles-and-practice-of-assistive-technology-fall-2014/,6.811, Undergraduate,courses,Principles and Practice of Assistive Technology,"William Li, Prof. Robert Miller","Engineering, Computer Science, Electronics","Lecture Notes, Instructor Insights , assignment, Multiple Assignment Types"
https://ocw.mit.edu/courses/15-978-leadership-tools-and-teams-a-product-development-lab-spring-2007/,15.978, Graduate,courses,Leadership Tools and Teams: A Product Development Lab,"Prof. Deborah Ancona, ","Management, Leadership, Business","Lecture Notes, Instructor Insights , assignment, Multiple Assignment Types"
https://ocw.mit.edu/courses/2-s998-marine-autonomy-sensing-and-communications-spring-2012/,2.S998 , Graduate,courses,"Marine Autonomy, Sensing and Communications","Dr. Michael Benjamin, Prof. Henrik Schmidt","Engineering, Aerospace Engineering, Ocean Engineering","Lecture Notes, Instructor Insights , assignment, Multiple Assignment Types"
https://ocw.mit.edu/courses/11-002j-making-public-policy-fall-2014/,11.002J , Undergraduate,courses,Making Public Policy,"Leah Stokes, Prof. Christopher Warshaw","Social Science, Public Administration, Political Science","Lecture Notes, Instructor Insights , assignment, Multiple Assignment Types"
https://ocw.mit.edu/courses/21m-301-harmony-and-counterpoint-i-spring-2005/,21M.301 , Undergraduate,courses,Harmony and Counterpoint I,"Prof. Brian Robison, ","Music, Fine Arts, Music History","Lecture Notes, Instructor Insights , assignment, Multiple Assignment Types"
https://ocw.mit.edu/courses/cms-405-media-and-methods-seeing-and-expression-spring-2013/,CMS.405 , Undergraduate,courses,Media and Methods: Seeing and Expression,"Prof. D. Fox Harrell, ","Visual Arts, Media Studies, Fine Arts","Lecture Notes, Instructor Insights , assignment, Multiple Assignment Types"
https://ocw.mit.edu/courses/15-310-managerial-psychology-laboratory-spring-2003/,15.31, Graduate,courses,Managerial Psychology Laboratory,"Prof. Tom Allen, Prof. Dan Ariely","Management, Social Science, Business","Lecture Notes, Instructor Insights , assignment, Multiple Assignment Types"
https://ocw.mit.edu/courses/18-311-principles-of-applied-mathematics-spring-2014/,18.311, Undergraduate,courses,Principles of Applied Mathematics,"Prof. Rodolfo Rosales, ","Mathematics, Applied Mathematics, Linear Algebra","Lecture Notes, Instructor Insights , assignment, Multiple Assignment Types"
https://ocw.mit.edu/courses/12-842-climate-physics-and-chemistry-fall-2008/,12.842, Graduate,courses,Climate Physics and Chemistry,"Prof. Edward Boyle, Prof. Kerry Emanuel","Science, Earth Science, Geochemistry","Lecture Notes, Instructor Insights , assignment, Multiple Assignment Types"
https://ocw.mit.edu/courses/8-321-quantum-theory-i-fall-2017/,8.321, Graduate,courses,Quantum Theory I,"Prof. Senthil Todadri, ","Science, Physics, Theoretical Physics","Lecture Notes, Instructor Insights , assignment, Multiple Assignment Types"
https://ocw.mit.edu/courses/1-133-masters-of-engineering-concepts-of-engineering-practice-fall-2007/,1.133, Graduate,courses,Masters of Engineering Concepts of Engineering Practice,"Dr. Eric Adams, ","Engineering, Business, Civil Engineering","Lecture Notes, Instructor Insights , assignment, Multiple Assignment Types"
https://ocw.mit.edu/courses/22-105-electromagnetic-interactions-fall-2005/,22.105, Graduate,courses,Electromagnetic Interactions,"Prof. Jeffrey Freidberg, ","Engineering, Science, Physics","Lecture Notes, Instructor Insights , assignment, Multiple Assignment Types"
https://ocw.mit.edu/courses/24-908-creole-languages-and-caribbean-identities-spring-2017/,24.908, Undergraduate,courses,Creole Languages and Caribbean Identities,"Prof. Michel DeGraff, ","Humanities, Linguistics, Society","Lecture Notes, Instructor Insights , assignment, Multiple Assignment Types"
https://ocw.mit.edu/courses/5-95j-teaching-college-level-science-and-engineering-fall-2015/,5.95J , Graduate,courses,Teaching College-Level Science and Engineering,"Dr. Janet Rankin, ","Engineering, Teaching and Education, Educational Technology","Lecture Notes, Instructor Insights , assignment, Multiple Assignment Types"
https://ocw.mit.edu/courses/6-01sc-introduction-to-electrical-engineering-and-computer-science-i-spring-2011/,6.01SC , Undergraduate,courses,Introduction to Electrical Engineering and Computer Science I,"Prof. Harold Abelson, Prof. Isaac Chuang","Engineering, Computer Science, Artificial Intelligence","Lecture Notes, Instructor Insights , assignment, Multiple Assignment Types"
https://ocw.mit.edu/courses/8-811-particle-physics-ii-fall-2005/,8.811, Graduate,courses,Particle Physics II,"Prof. Min Chen, ","Science, Physics, Particle Physics","Lecture Notes, Instructor Insights , assignment, Multiple Assignment Types"
https://ocw.mit.edu/courses/9-911-reasonable-conduct-in-science-january-iap-2002/,9.911, Graduate,courses,Reasonable Conduct in Science,"Prof. Matthew Wilson, ","Science, Humanities, Ethics","Lecture Notes, Instructor Insights , assignment, Multiple Assignment Types"
https://ocw.mit.edu/courses/esd-s43-green-supply-chain-management-spring-2014/,ESD.S43 , Graduate,courses,Green Supply Chain Management,"Dr. Alexis Bateman, Dr. Edgar Blanco","Science, Social Science, Public Administration","Lecture Notes, Instructor Insights , assignment, Multiple Assignment Types"
https://ocw.mit.edu/courses/hst-542j-quantitative-physiology-organ-transport-systems-spring-2004/,HST.542J , Undergraduate,courses,Quantitative Physiology: Organ Transport Systems,"Prof. Roger Mark, Prof. Jose Venegas","Engineering, Science, Health and Medicine","Lecture Notes, Instructor Insights , assignment, Multiple Assignment Types"
https://ocw.mit.edu/courses/sts-067-scientific-visualization-across-disciplines-a-critical-introduction-spring-2005/,STS.067 , Undergraduate,courses,Scientific Visualization across Disciplines: A Critical Introduction,"Prof. Joseph Dumit, ","Communication, Engineering, Computer Science","Lecture Notes, Instructor Insights , assignment, Multiple Assignment Types"
https://ocw.mit.edu/courses/15-978-leadership-tools-and-teams-a-product-development-lab-spring-2007/,15.978, Graduate,courses,Leadership Tools and Teams: A Product Development Lab,"Prof. Deborah Ancona, ","Management, Leadership, Business","Lecture Notes, Instructor Insights , assignment, Multiple Assignment Types"
https://ocw.mit.edu/courses/2-s998-marine-autonomy-sensing-and-communications-spring-2012/,2.S998 , Graduate,courses,"Marine Autonomy, Sensing and Communications","Dr. Michael Benjamin, Prof. Henrik Schmidt","Engineering, Aerospace Engineering, Ocean Engineering","Lecture Notes, Instructor Insights , assignment, Multiple Assignment Types"
https://ocw.mit.edu/courses/11-002j-making-public-policy-fall-2014/,11.002J , Undergraduate,courses,Making Public Policy,"Leah Stokes, Prof. Christopher Warshaw","Social Science, Public Administration, Political Science","Lecture Notes, Instructor Insights , assignment, Multiple Assignment Types"
https://ocw.mit.edu/courses/21m-301-harmony-and-counterpoint-i-spring-2005/,21M.301 , Undergraduate,courses,Harmony and Counterpoint I,"Prof. Brian Robison, ","Music, Fine Arts, Music History","Lecture Notes, Instructor Insights , assignment, Multiple Assignment Types"
https://ocw.mit.edu/courses/cms-405-media-and-methods-seeing-and-expression-spring-2013/,CMS.405 , Undergraduate,courses,Media and Methods: Seeing and Expression,"Prof. D. Fox Harrell, ","Visual Arts, Media Studies, Fine Arts","Lecture Notes, Instructor Insights , assignment, Multiple Assignment Types"
https://ocw.mit.edu/courses/15-310-managerial-psychology-laboratory-spring-2003/,15.31, Graduate,courses,Managerial Psychology Laboratory,"Prof. Tom Allen, Prof. Dan Ariely","Management, Social Science, Business","Lecture Notes, Instructor Insights , assignment, Multiple Assignment Types"
https://ocw.mit.edu/courses/18-311-principles-of-applied-mathematics-spring-2014/,18.311, Undergraduate,courses,Principles of Applied Mathematics,"Prof. Rodolfo Rosales, ","Mathematics, Applied Mathematics, Linear Algebra","Lecture Notes, Instructor Insights , assignment, Multiple Assignment Types"
https://ocw.mit.edu/courses/12-842-climate-physics-and-chemistry-fall-2008/,12.842, Graduate,courses,Climate Physics and Chemistry,"Prof. Edward Boyle, Prof. Kerry Emanuel","Science, Earth Science, Geochemistry","Lecture Notes, Instructor Insights , assignment, Multiple Assignment Types"
https://ocw.mit.edu/courses/8-321-quantum-theory-i-fall-2017/,8.321, Graduate,courses,Quantum Theory I,"Prof. Senthil Todadri, ","Science, Physics, Theoretical Physics","Lecture Notes, Instructor Insights , assignment, Multiple Assignment Types"
https://ocw.mit.edu/courses/1-133-masters-of-engineering-concepts-of-engineering-practice-fall-2007/,1.133, Graduate,courses,Masters of Engineering Concepts of Engineering Practice,"Dr. Eric Adams, ","Engineering, Business, Civil Engineering","Lecture Notes, Instructor Insights , assignment, Multiple Assignment Types"
https://ocw.mit.edu/courses/7-91j-foundations-of-computational-and-systems-biology-spring-2014/,7.91J , Graduate,courses,Foundations of Computational and Systems Biology,"Prof. Christopher Burge, Prof. Ernest Fraenkel","Engineering, Science, Systems Engineering","Lecture Notes, Instructor Insights , assignment, Multiple Assignment Types"
https://ocw.mit.edu/courses/16-422-human-supervisory-control-of-automated-systems-spring-2004/,16.422, Graduate,courses,Human Supervisory Control of Automated Systems,"Prof. Missy Cummings, Prof. John Hansman","Engineering, Science, Computer Science","Lecture Notes, Instructor Insights , assignment, Multiple Assignment Types"
https://ocw.mit.edu/courses/17-504-ethnic-politics-i-fall-2003/,17.504, Graduate,courses,Ethnic Politics I,"Prof. Roger Petersen, ","Humanities, Social Science, Political Science","Lecture Notes, Instructor Insights , assignment, Multiple Assignment Types"
https://ocw.mit.edu/courses/18-085-computational-science-and-engineering-i-fall-2008/,18.085, Graduate,courses,Computational Science and Engineering I,"Prof. Gilbert Strang, ","Engineering, Mathematics, Systems Engineering","Lecture Notes, Instructor Insights , assignment, Multiple Assignment Types"
https://ocw.mit.edu/courses/18-405j-advanced-complexity-theory-spring-2016/,18.405J , Graduate,courses,Advanced Complexity Theory,"Mohammad Bavarian, Prof. Dana Moshkovitz","Engineering, Computer Science, Mathematics","Lecture Notes, Instructor Insights , assignment, Multiple Assignment Types"
https://ocw.mit.edu/courses/21a-215-disease-and-health-culture-society-and-ethics-spring-2012/,21A.215 , Undergraduate,courses,"Disease and Health: Culture, Society, and Ethics","Prof. Jean Jackson, ","Humanities, Ethics, History","Lecture Notes, Instructor Insights , assignment, Multiple Assignment Types"
https://ocw.mit.edu/courses/21g-030-east-asian-culture-from-zen-to-k-pop-spring-2015/,21G.030 , Undergraduate,courses,East Asian Culture: From Zen to K-Pop,"Prof. Emma Teng, ","Social Science, Society, Anthropology","Lecture Notes, Instructor Insights , assignment, Multiple Assignment Types"
https://ocw.mit.edu/courses/21g-302-french-ii-fall-2004/,21G.302 , Undergraduate,courses,French II,"Laura Ceia-Minjares, Cathy Culot","Humanities, Language, French","Lecture Notes, Instructor Insights , assignment, Multiple Assignment Types"
https://ocw.mit.edu/courses/21g-402-german-ii-spring-2005/,21G.402 , Undergraduate,courses,German II,"Ellen Crocker, ","Humanities, Language, Society","Lecture Notes, Instructor Insights , assignment, Multiple Assignment Types"
https://ocw.mit.edu/courses/21l-640j-the-new-spain-1977-present-fall-2015/,21L.640J , Undergraduate,courses,The New Spain:1977-Present,"Prof. Margery Resnick, ","Humanities, History, Language","Lecture Notes, Instructor Insights , assignment, Multiple Assignment Types"
https://ocw.mit.edu/courses/24-230-meta-ethics-fall-2015/,24.23, Undergraduate,courses,Meta-ethics,"Prof. Justin Khoo, ","Humanities, Ethics, Philosophy","Lecture Notes, Instructor Insights , assignment, Multiple Assignment Types"
https://ocw.mit.edu/courses/3-032-mechanical-behavior-of-materials-fall-2007/,3.032, Undergraduate,courses,Mechanical Behavior of Materials,"Prof. John Vander Sande, Prof. Krystyn van Vliet","Engineering, Science, Physics","Lecture Notes, Instructor Insights , assignment, Multiple Assignment Types"
https://ocw.mit.edu/courses/3-46-photonic-materials-and-devices-spring-2006/,3.46, Graduate,courses,Photonic Materials and Devices,"Prof. Lionel C. Kimerling, Dr. Sajan Saini","Engineering, Science, Physics","Lecture Notes, Instructor Insights , assignment, Multiple Assignment Types"
https://ocw.mit.edu/courses/6-901-inventions-and-patents-fall-2005/,6.901, Undergraduate,courses,Inventions and Patents,"Dr. Robert Rines, ","Entrepreneurship, Innovation, Social Science","Lecture Notes, Instructor Insights , assignment, Multiple Assignment Types"
https://ocw.mit.edu/courses/8-04-quantum-physics-i-spring-2016/,8.04, Undergraduate,courses,Quantum Physics I,"Prof. Barton Zwiebach, ","Science, Physics, Quantum Mechanics","Lecture Notes, Instructor Insights , assignment, Multiple Assignment Types"
https://ocw.mit.edu/courses/9-75j-psychology-of-gender-spring-2003/,9.75J , Undergraduate,courses,Psychology of Gender,"Prof. Phoebe Kazdin Schnitzer, ","Social Science, Society, Gender Studies","Lecture Notes, Instructor Insights , assignment, Multiple Assignment Types"
https://ocw.mit.edu/courses/hst-151-principles-of-pharmacology-spring-2005/,HST.151 , Graduate,courses,Principles of Pharmacology,"Dr. Carl Rosow, Dr. David Standaert","Health and Medicine, Pharmacology and Toxicology, ","Lecture Notes, Instructor Insights , assignment, Multiple Assignment Types"
https://ocw.mit.edu/courses/2-23-hydrofoils-and-propellers-spring-2007/,2.23, Graduate,courses,Hydrofoils and Propellers,"Prof. Richard Kimball, Prof. Paul D. Sclavounos","Engineering, Mechanical Engineering, Ocean Structures","Lecture Notes, Instructor Insights , assignment, Multiple Assignment Types"
https://ocw.mit.edu/courses/sts-464-technology-and-the-literary-imagination-spring-2008/,STS.464 , Graduate,courses,Technology and the Literary Imagination,"Prof. Leo Marx, Prof. Rosalind Williams","Humanities, History, Social Science","Lecture Notes, Instructor Insights , assignment, Multiple Assignment Types"
https://ocw.mit.edu/courses/15-225-economy-and-business-in-modern-china-and-india-spring-2008/,15.225, Graduate,courses,Economy and Business in Modern China and India,"Prof. Yasheng Huang, ","Economics, Social Science, Society","Lecture Notes, Instructor Insights , assignment, Multiple Assignment Types"
https://ocw.mit.edu/courses/20-482j-foundations-of-algorithms-and-computational-techniques-in-systems-biology-spring-2006/,20.482J , Graduate,courses,Foundations of Algorithms and Computational Techniques in Systems Biology,"Prof. Bruce Tidor, Prof. Jacob White","Engineering, Science, Computer Science","Lecture Notes, Instructor Insights , assignment, Multiple Assignment Types"
https://ocw.mit.edu/courses/10-571j-atmospheric-physics-and-chemistry-spring-2006/,10.571J , Graduate,courses,Atmospheric Physics and Chemistry,"Prof. Gregory McRae, Prof. Ronald G Prinn","Science, Earth Science, Geochemistry","Lecture Notes, Instructor Insights , assignment, Multiple Assignment Types"
https://ocw.mit.edu/courses/12-510-introduction-to-seismology-spring-2010/,12.51, Graduate,courses,Introduction to Seismology,"Scott Burdick, Prof. Robert Van Der Hilst","Engineering, Science, Mechanical Engineering","Lecture Notes, Instructor Insights , assignment, Multiple Assignment Types"
https://ocw.mit.edu/courses/11-014j-american-urban-history-ii-fall-2011/,11.014J , Undergraduate,courses,American Urban History II,"Prof. Robert Fogelson, ","Humanities, History, Social Science","Lecture Notes, Instructor Insights , assignment, Multiple Assignment Types"
https://ocw.mit.edu/courses/11-363-civil-society-and-the-environment-spring-2005/,11.363, Graduate,courses,Civil Society and the Environment,"Prof. JoAnn Carmin, ","Engineering, Social Science, Public Administration","Lecture Notes, Instructor Insights , assignment, Multiple Assignment Types"
https://ocw.mit.edu/courses/12-479-trace-element-geochemistry-spring-2013/,12.479, Graduate,courses,Trace-Element Geochemistry,"Prof. Frederick Frey, ","Science, Chemistry, Earth Science","Lecture Notes, Instructor Insights , assignment, Multiple Assignment Types"
https://ocw.mit.edu/courses/21g-059-european-thought-and-culture-spring-2008/,21G.059 , Undergraduate,courses,European Thought and Culture,"Prof. Thomas Nolden, ","Humanities, History, Social Science","Lecture Notes, Instructor Insights , assignment, Multiple Assignment Types"
https://ocw.mit.edu/courses/11-946j-beijing-urban-design-studio-summer-2004/,11.946J , Graduate,courses,Beijing Urban Design Studio,"Prof. Dennis Frenchman, Kenneth Kruckemeyer","Architecture, Economics, Social Science","Lecture Notes, Instructor Insights , assignment, Multiple Assignment Types"
https://ocw.mit.edu/courses/17-537-politics-and-policy-in-contemporary-japan-spring-2009/,17.537," Undergraduate, Graduate",courses,Politics and Policy in Contemporary Japan,"Prof. Richard J. Samuels, ","Humanities, History, Social Science","Lecture Notes, Instructor Insights , assignment, Multiple Assignment Types"
https://ocw.mit.edu/courses/21g-105-chinese-v-regular-chinese-cultures-society-fall-2003/,21G.105 , Undergraduate,courses,Chinese V (Regular): Chinese Cultures & Society,"Tong Chen, ","Humanities, Language, Society","Lecture Notes, Instructor Insights , assignment, Multiple Assignment Types"
https://ocw.mit.edu/courses/21g-701-spanish-i-fall-2003/,21G.701 ," Undergraduate, Graduate",courses,Spanish I,"Margarita Ribas Groeger, Solivia Márquez","Humanities, Language, Spanish","Lecture Notes, Instructor Insights , assignment, Multiple Assignment Types"
https://ocw.mit.edu/courses/21h-991-theories-and-methods-in-the-study-of-history-fall-2014/,21H.991 , Graduate,courses,Theories and Methods in the Study of History,"Prof. Anne McCants, ","Humanities, History, Historical Methods","Lecture Notes, Instructor Insights , assignment, Multiple Assignment Types"
https://ocw.mit.edu/courses/21l-012-forms-of-western-narrative-fall-2007/,21L.012 , Undergraduate,courses,Forms of Western Narrative,"Prof. James Buzard, ","Humanities, Literature, Criticism","Lecture Notes, Instructor Insights , assignment, Multiple Assignment Types"
https://ocw.mit.edu/courses/22-920-a-hands-on-introduction-to-nuclear-magnetic-resonance-january-iap-1997/,22.92, Graduate,courses,A Hands-On Introduction to Nuclear Magnetic Resonance,"Prof. David Cory, ","Science, Physics, Health and Medicine","Lecture Notes, Instructor Insights , assignment, Multiple Assignment Types"
https://ocw.mit.edu/courses/24-191-ethics-in-your-life-being-thinking-doing-or-not-spring-2015/,24.191, Undergraduate,courses,"Ethics in Your Life: Being, Thinking, Doing (or Not?)","Prof. Sally Haslanger, Brendan de Kenessey","Humanities, Ethics, Social Science","Lecture Notes, Instructor Insights , assignment, Multiple Assignment Types"
https://ocw.mit.edu/courses/2-71-optics-spring-2014/,2.71, Undergraduate,courses,Optics,"Nicholas X. Fang, ","Engineering, Science, Physics","Lecture Notes, Instructor Insights , assignment, Multiple Assignment Types"
https://ocw.mit.edu/courses/2-785j-cell-matrix-mechanics-fall-2014/,2.785J , Graduate,courses,Cell-Matrix Mechanics,"Prof. Myron Spector, Prof. Ioannis Yannas","Engineering, Science, Mechanical Engineering","Lecture Notes, Instructor Insights , assignment, Multiple Assignment Types"
https://ocw.mit.edu/courses/hst-590-biomedical-engineering-seminar-series-developing-professional-skills-fall-2006/,HST.590 , Graduate,courses,Biomedical Engineering Seminar Series: Developing Professional Skills,"Dr. Mya Poe, ","Humanities, Ethics, Literature","Lecture Notes, Instructor Insights , assignment, Multiple Assignment Types"
https://ocw.mit.edu/courses/21l-003-reading-fiction-imaginary-journeys-fall-2015/,21L.003 , Undergraduate,courses,Reading Fiction: Imaginary Journeys,"Prof. James Buzard, ","Humanities, Literature, Fiction","Lecture Notes, Instructor Insights , assignment, Multiple Assignment Types"
https://ocw.mit.edu/courses/12-091-basics-of-analysis-with-antineutrinos-from-heat-producing-elements-k-u-th-in-the-earth-january-iap-2010/,12.091, Undergraduate,courses,"Basics of Analysis with Antineutrinos from Heat Producing Elements - K, U, Th in the Earth","Dr. Ila Pillalamarri, ","Engineering, Science, Physics","Lecture Notes, Instructor Insights , assignment, Multiple Assignment Types"
https://ocw.mit.edu/courses/18-465-topics-in-statistics-statistical-learning-theory-spring-2007/,18.465, Graduate,courses,Topics in Statistics: Statistical Learning Theory,"Prof. Dmitry Panchenko, ","Engineering, Science, Computer Science","Lecture Notes, Instructor Insights , assignment, Multiple Assignment Types"
https://ocw.mit.edu/courses/22-02-introduction-to-applied-nuclear-physics-spring-2012/,22.02, Undergraduate,courses,Introduction to Applied Nuclear Physics,"Prof. Paola Cappellaro, ","Engineering, Science, Physics","Lecture Notes, Instructor Insights , assignment, Multiple Assignment Types"
https://ocw.mit.edu/courses/3-53-electrochemical-processing-of-materials-spring-2001/,3.53, Graduate,courses,Electrochemical Processing of Materials,"Prof. Donald Sadoway, ","Engineering, Science, Physics","Lecture Notes, Instructor Insights , assignment, Multiple Assignment Types"
https://ocw.mit.edu/courses/5-43-advanced-organic-chemistry-spring-2007/,5.43, Undergraduate,courses,Advanced Organic Chemistry,"Prof. Mohammad Movassaghi, ","Science, Chemistry, Organic Chemistry","Lecture Notes, Instructor Insights , assignment, Multiple Assignment Types"
https://ocw.mit.edu/courses/6-254-game-theory-with-engineering-applications-spring-2010/,6.254, Graduate,courses,Game Theory with Engineering Applications,"Prof. Asuman Ozdaglar, ","Engineering, Mechanical Engineering, Social Science","Lecture Notes, Instructor Insights , assignment, Multiple Assignment Types"
https://ocw.mit.edu/courses/6-435-system-identification-spring-2005/,6.435, Graduate,courses,System Identification,"Prof. Munther Dahleh, ","Engineering, Mathematics, Systems Engineering","Lecture Notes, Instructor Insights , assignment, Multiple Assignment Types"
https://ocw.mit.edu/courses/21g-040-a-passage-to-india-introduction-to-modern-indian-culture-and-society-spring-2012/,21G.040 , Undergraduate,courses,A Passage to India: Introduction to Modern Indian Culture and Society,"Prof. Sunil H. Sharma, ","Humanities, Literature, Social Science","Lecture Notes, Instructor Insights , assignment, Multiple Assignment Types"
https://ocw.mit.edu/courses/12-571-near-surface-geophysical-imaging-fall-2009/,12.571, Graduate,courses,Near-Surface Geophysical Imaging,"Prof. Jie Zhang, ","Engineering, Science, Computer Science","Lecture Notes, Instructor Insights , assignment, Multiple Assignment Types"
https://ocw.mit.edu/courses/6-805-ethics-and-the-law-on-the-electronic-frontier-fall-2005/,6.805, Undergraduate,courses,Ethics and the Law on the Electronic Frontier,"Prof. Harold Abelson, Prof. Michael M.J. Fischer","Communication, Engineering, Computer Science","Lecture Notes, Instructor Insights , assignment, Multiple Assignment Types"
https://ocw.mit.edu/courses/10-450-process-dynamics-operations-and-control-spring-2006/,10.45, Undergraduate,courses,"Process Dynamics, Operations, and Control","Dr. Barry S. Johnston, ","Engineering, Mechanical Engineering, Chemical Engineering","Lecture Notes, Instructor Insights , assignment, Multiple Assignment Types"
https://ocw.mit.edu/courses/11-302j-urban-design-politics-spring-2010/,11.302J , Graduate,courses,Urban Design Politics,"Prof. Lawrence Vale, ","Social Science, Public Administration, Political Science","Lecture Notes, Instructor Insights , assignment, Multiple Assignment Types"
https://ocw.mit.edu/courses/16-120-compressible-flow-spring-2003/,16.12, Graduate,courses,Compressible Flow,"Prof. Wesley Harris, ","Engineering, Science, Physics","Lecture Notes, Instructor Insights , assignment, Multiple Assignment Types"
https://ocw.mit.edu/courses/11-948-the-politics-of-reconstructing-iraq-spring-2005/,11.948, Graduate,courses,The Politics of Reconstructing Iraq,"Prof. Yosef Jabareen, ","Economics, Social Science, Public Administration","Lecture Notes, Instructor Insights , assignment, Multiple Assignment Types"
https://ocw.mit.edu/courses/16-21-techniques-for-structural-analysis-and-design-spring-2005/,16.21, Undergraduate,courses,Techniques for Structural Analysis and Design,"Prof. Raúl Radovitzky, ","Engineering, Structural Mechanics, Aerospace Engineering","Lecture Notes, Instructor Insights , assignment, Multiple Assignment Types"
https://ocw.mit.edu/courses/18-319-geometric-combinatorics-fall-2005/,18.319, Graduate,courses,Geometric Combinatorics,"Dr. Csaba Toth, ","Engineering, Computer Science, Mathematics","Lecture Notes, Instructor Insights , assignment, Multiple Assignment Types"
https://ocw.mit.edu/courses/1-964-design-for-sustainability-fall-2006/,1.964, Graduate,courses,Design for Sustainability,"Dr. Eric Adams, Prof. Jerome Connor","Engineering, Science, Architecture","Lecture Notes, Instructor Insights , assignment, Multiple Assignment Types"
https://ocw.mit.edu/courses/21h-132-the-ancient-world-rome-spring-2017/,21H.132 , Undergraduate,courses,The Ancient World: Rome,"Prof. William Broadhead, ","Humanities, Literature, History","Lecture Notes, Instructor Insights , assignment, Multiple Assignment Types"
https://ocw.mit.edu/courses/21h-382-capitalism-in-the-age-of-revolution-fall-2016/,21H.382 , Undergraduate,courses,Capitalism in the Age of Revolution,"Prof. Malick Ghachem, ","Humanities, History, American History","Lecture Notes, Instructor Insights , assignment, Multiple Assignment Types"
https://ocw.mit.edu/courses/21m-065-introduction-to-musical-composition-spring-2014/,21M.065 , Undergraduate,courses,Introduction to Musical Composition,"Prof. Keeril Makan, ","Music, Fine Arts, Music History","Lecture Notes, Instructor Insights , assignment, Multiple Assignment Types"
https://ocw.mit.edu/courses/24-915-linguistic-phonetics-fall-2015/,24.915," Undergraduate, Graduate",courses,Linguistic Phonetics,"Prof. Edward Flemming, ","Humanities, Linguistics, Phonology","Lecture Notes, Instructor Insights , assignment, Multiple Assignment Types"
https://ocw.mit.edu/courses/22-02-introduction-to-applied-nuclear-physics-spring-2012/,22.02, Undergraduate,courses,Introduction to Applied Nuclear Physics,"Prof. Paola Cappellaro, ","Engineering, Science, Physics","Lecture Notes, Instructor Insights , assignment, Multiple Assignment Types"
https://ocw.mit.edu/courses/3-53-electrochemical-processing-of-materials-spring-2001/,3.53, Graduate,courses,Electrochemical Processing of Materials,"Prof. Donald Sadoway, ","Engineering, Science, Physics","Lecture Notes, Instructor Insights , assignment, Multiple Assignment Types"
https://ocw.mit.edu/courses/5-43-advanced-organic-chemistry-spring-2007/,5.43, Undergraduate,courses,Advanced Organic Chemistry,"Prof. Mohammad Movassaghi, ","Science, Chemistry, Organic Chemistry","Lecture Notes, Instructor Insights , assignment, Multiple Assignment Types"
https://ocw.mit.edu/courses/6-254-game-theory-with-engineering-applications-spring-2010/,6.254, Graduate,courses,Game Theory with Engineering Applications,"Prof. Asuman Ozdaglar, ","Engineering, Mechanical Engineering, Social Science","Lecture Notes, Instructor Insights , assignment, Multiple Assignment Types"
https://ocw.mit.edu/courses/6-435-system-identification-spring-2005/,6.435, Graduate,courses,System Identification,"Prof. Munther Dahleh, ","Engineering, Mathematics, Systems Engineering","Lecture Notes, Instructor Insights , assignment, Multiple Assignment Types"
https://ocw.mit.edu/courses/21g-040-a-passage-to-india-introduction-to-modern-indian-culture-and-society-spring-2012/,21G.040 , Undergraduate,courses,A Passage to India: Introduction to Modern Indian Culture and Society,"Prof. Sunil H. Sharma, ","Humanities, Literature, Social Science","Lecture Notes, Instructor Insights , assignment, Multiple Assignment Types"
https://ocw.mit.edu/courses/12-571-near-surface-geophysical-imaging-fall-2009/,12.571, Graduate,courses,Near-Surface Geophysical Imaging,"Prof. Jie Zhang, ","Engineering, Science, Computer Science","Lecture Notes, Instructor Insights , assignment, Multiple Assignment Types"
https://ocw.mit.edu/courses/6-805-ethics-and-the-law-on-the-electronic-frontier-fall-2005/,6.805, Undergraduate,courses,Ethics and the Law on the Electronic Frontier,"Prof. Harold Abelson, Prof. Michael M.J. Fischer","Communication, Engineering, Computer Science","Lecture Notes, Instructor Insights , assignment, Multiple Assignment Types"
https://ocw.mit.edu/courses/10-450-process-dynamics-operations-and-control-spring-2006/,10.45, Undergraduate,courses,"Process Dynamics, Operations, and Control","Dr. Barry S. Johnston, ","Engineering, Mechanical Engineering, Chemical Engineering","Lecture Notes, Instructor Insights , assignment, Multiple Assignment Types"
https://ocw.mit.edu/courses/11-302j-urban-design-politics-spring-2010/,11.302J , Graduate,courses,Urban Design Politics,"Prof. Lawrence Vale, ","Social Science, Public Administration, Political Science","Lecture Notes, Instructor Insights , assignment, Multiple Assignment Types"
https://ocw.mit.edu/courses/21l-455-classical-literature-the-golden-age-of-augustan-rome-fall-2004/,21L.455 , Undergraduate,courses,Classical Literature: The Golden Age of Augustan Rome,"Prof. James Cain, ","Humanities, Literature, History","Lecture Notes, Instructor Insights , assignment, Multiple Assignment Types"
https://ocw.mit.edu/courses/14-731-economic-history-spring-2009/,14.731, Graduate,courses,Economic History,"Richard A. Hornbeck, ","Humanities, History, Economics","Lecture Notes, Instructor Insights , assignment, Multiple Assignment Types"
https://ocw.mit.edu/courses/hst-410j-projects-in-microscale-engineering-for-the-life-sciences-spring-2007/,HST.410J , Undergraduate,courses,Projects in Microscale Engineering for the Life Sciences,"Prof. Alexander Aranyosi, Prof. Dennis Freeman","Engineering, Mechanical Engineering, Biological Engineering","Lecture Notes, Instructor Insights , assignment, Multiple Assignment Types"
https://ocw.mit.edu/courses/4-448-analysis-of-historic-structures-fall-2004/,4.448, Graduate,courses,Analysis of Historic Structures,"Prof. John Ochsendorf, ","Engineering, Architecture, Fine Arts","Lecture Notes, Instructor Insights , assignment, Multiple Assignment Types"
https://ocw.mit.edu/courses/18-917-topics-in-algebraic-topology-the-sullivan-conjecture-fall-2007/,18.917, Graduate,courses,Topics in Algebraic Topology: The Sullivan Conjecture,"Prof. Jacob Lurie, ","Mathematics, Algebra and Number Theory, Topology and Geometry","Lecture Notes, Instructor Insights , assignment, Multiple Assignment Types"
https://ocw.mit.edu/courses/21h-102-american-history-since-1865-spring-2018/,21H.102 , Undergraduate,courses,American History Since 1865,"Prof. Caley Horan, ","Humanities, History, American History","Lecture Notes, Instructor Insights , assignment, Multiple Assignment Types"
https://ocw.mit.edu/courses/21h-380j-people-and-other-animals-fall-2013/,21H.380J ," Undergraduate, Graduate",courses,People and Other Animals,"Prof. Harriet Ritvo, ","Humanities, History, Social Science","Lecture Notes, Instructor Insights , assignment, Multiple Assignment Types"
https://ocw.mit.edu/courses/21g-503-japanese-iii-fall-2019/,21G.503 , Undergraduate,courses,Japanese III,"Dr. Takako Aikawa, Masami Ikeda-Lamm","Humanities, Language, Japanese","Lecture Notes, Instructor Insights , assignment, Multiple Assignment Types"
https://ocw.mit.edu/courses/21l-421-comedy-spring-2008/,21L.421 , Undergraduate,courses,Comedy,"Dr. Wyn Kelley, ","Humanities, Literature, International Literature","Lecture Notes, Instructor Insights , assignment, Multiple Assignment Types"
https://ocw.mit.edu/courses/3-91-mechanical-behavior-of-plastics-spring-2007/,3.91, Graduate,courses,Mechanical Behavior of Plastics,"Prof. David Roylance, ","Engineering, Mechanical Engineering, Materials Science and Engineering","Lecture Notes, Instructor Insights , assignment, Multiple Assignment Types"
https://ocw.mit.edu/courses/8-224-exploring-black-holes-general-relativity-astrophysics-spring-2003/,8.224, Undergraduate,courses,Exploring Black Holes: General Relativity & Astrophysics,"Prof. Edmund Bertschinger, Prof. Edwin F. Taylor","Science, Physics, Relativity","Lecture Notes, Instructor Insights , assignment, Multiple Assignment Types"
https://ocw.mit.edu/courses/sts-014-principles-and-practice-of-science-communication-spring-2006/,STS.014 , Undergraduate,courses,Principles and Practice of Science Communication,"Prof. John Durant, ","Communication, Social Science, Media Studies","Lecture Notes, Instructor Insights , assignment, Multiple Assignment Types"
https://ocw.mit.edu/courses/esd-260j-logistics-systems-fall-2006/,ESD.260J , Graduate,courses,Logistics Systems,"Dr. Chris Caplice, Prof. Yossi Sheffi","Engineering, Systems Engineering, Business","Lecture Notes, Instructor Insights , assignment, Multiple Assignment Types"
https://ocw.mit.edu/courses/7-90j-computational-functional-genomics-spring-2005/,7.90J , Graduate,courses,Computational Functional Genomics,"Prof. David Gifford, Prof. Tommi Jaakkola","Science, Health and Medicine, Biology","Lecture Notes, Instructor Insights , assignment, Multiple Assignment Types"
https://ocw.mit.edu/courses/11-165-infrastructure-and-energy-technology-challenges-fall-2011/,11.165," Undergraduate, Graduate",courses,Infrastructure and Energy Technology Challenges,"Prof. Karen R. Polenske, Prof. Apiwat Ratanawaraha","Economics, Social Science, Public Administration","Lecture Notes, Instructor Insights , assignment, Multiple Assignment Types"
https://ocw.mit.edu/courses/15-269-leadership-stories-literature-ethics-and-authority-fall-2015/,15.269, Graduate,courses,"Leadership Stories: Literature, Ethics, and Authority","Prof. Leigh Hafrey, ","Humanities, Ethics, Literature","Lecture Notes, Instructor Insights , assignment, Multiple Assignment Types"
https://ocw.mit.edu/courses/21g-414-german-culture-media-and-society-fall-2006/,21G.414 , Undergraduate,courses,"German Culture, Media, and Society","Dr. Kurt Fendt, ","Humanities, Language, Social Science","Lecture Notes, Instructor Insights , assignment, Multiple Assignment Types"
https://ocw.mit.edu/courses/hst-161-molecular-biology-and-genetics-in-modern-medicine-fall-2007/,HST.161 , Graduate,courses,Molecular Biology and Genetics in Modern Medicine,"Prof. Anne Giersch, Prof. David Housman","Engineering, Science, Biological Engineering","Lecture Notes, Instructor Insights , assignment, Multiple Assignment Types"
https://ocw.mit.edu/courses/6-370-the-battlecode-programming-competition-january-iap-2013/,6.37, Undergraduate,courses,The Battlecode Programming Competition,"Maxwell Mann, ","Engineering, Computer Science, Artificial Intelligence","Lecture Notes, Instructor Insights , assignment, Multiple Assignment Types"
https://ocw.mit.edu/courses/sts-034-science-communication-a-practical-guide-fall-2011/,STS.034 , Undergraduate,courses,Science Communication: A Practical Guide,"Prof. John Durant, Dr. Bina Venkataraman","Humanities, Literature, Nonfiction Prose","Lecture Notes, Instructor Insights , assignment, Multiple Assignment Types"
https://ocw.mit.edu/courses/14-471-public-economics-i-fall-2012/,14.471, Graduate,courses,Public Economics I,"Prof. James Poterba, Prof. Iván Werning","Economics, Social Science, Public Economics","Lecture Notes, Instructor Insights , assignment, Multiple Assignment Types"
https://ocw.mit.edu/courses/18-702-algebra-ii-spring-2011/,18.702, Undergraduate,courses,Algebra II,"Prof. Michael Artin, ","Mathematics, Algebra and Number Theory, Linear Algebra","Lecture Notes, Instructor Insights , assignment, Multiple Assignment Types"
https://ocw.mit.edu/courses/21g-321-childhood-and-youth-in-french-and-francophone-cultures-spring-2013/,21G.321 , Undergraduate,courses,Childhood and Youth in French and Francophone Cultures,"Prof. Bruno Perreau, ","Humanities, Literature, Language","Lecture Notes, Instructor Insights , assignment, Multiple Assignment Types"
https://ocw.mit.edu/courses/21h-402-the-making-of-a-roman-emperor-fall-2005/,21H.402 , Undergraduate,courses,The Making of a Roman Emperor,"Prof. William Broadhead, ","Humanities, History, Media Studies","Lecture Notes, Instructor Insights , assignment, Multiple Assignment Types"
https://ocw.mit.edu/courses/21m-113-developing-musical-structures-fall-2002/,21M.113 , Undergraduate,courses,Developing Musical Structures,"Prof. Jeanne Bamberger, ","Music, Fine Arts, Music Performance","Lecture Notes, Instructor Insights , assignment, Multiple Assignment Types"
https://ocw.mit.edu/courses/3-185-transport-phenomena-in-materials-engineering-fall-2003/,3.185, Undergraduate,courses,Transport Phenomena in Materials Engineering,"Prof. Adam Powell, ","Engineering, Science, Physics","Lecture Notes, Instructor Insights , assignment, Multiple Assignment Types"
https://ocw.mit.edu/courses/4-125b-architecture-studio-building-in-landscapes-fall-2005/,4.125B , Undergraduate,courses,Architecture Studio: Building in Landscapes,"Prof. Jan Wampler, ","Architecture, Fine Arts, Architectural Design","Lecture Notes, Instructor Insights , assignment, Multiple Assignment Types"
https://ocw.mit.edu/courses/4-191-introduction-to-integrated-design-fall-2006/,4.191, Undergraduate,courses,Introduction to Integrated Design,"Prof. Angela Watson, ","Architecture, Fine Arts, Architectural Design","Lecture Notes, Instructor Insights , assignment, Multiple Assignment Types"
https://ocw.mit.edu/courses/6-857-network-and-computer-security-spring-2014/,6.857, Graduate,courses,Network and Computer Security,"Prof. Ronald Rivest, ","Engineering, Computer Science, Social Science","Lecture Notes, Instructor Insights , assignment, Multiple Assignment Types"
https://ocw.mit.edu/courses/6-637-optical-signals-devices-and-systems-spring-2003/,6.637, Graduate,courses,"Optical Signals, Devices, and Systems","Prof. Cardinal Warde, ","Engineering, Science, Physics","Lecture Notes, Instructor Insights , assignment, Multiple Assignment Types"
https://ocw.mit.edu/courses/8-13-14-experimental-physics-i-ii-junior-lab-fall-2016-spring-2017/,8.13-14 , Undergraduate,courses,"Experimental Physics I & II ""Junior Lab""","Physics Department Faculty, Lecturers, and Technical Staff, ","Science, Physics, Atomic, Molecular, Optical Physics","Lecture Notes, Instructor Insights , assignment, Multiple Assignment Types"
https://ocw.mit.edu/courses/8-851-effective-field-theory-spring-2013/,8.851, Graduate,courses,Effective Field Theory,"Prof. Iain Stewart, ","Science, Physics, Particle Physics","Lecture Notes, Instructor Insights , assignment, Multiple Assignment Types"
https://ocw.mit.edu/courses/9-35-sensation-and-perception-spring-2009/,9.35, Undergraduate,courses,Sensation And Perception,"Dr. Benjamin Balas, ","Science, Social Science, Health and Medicine","Lecture Notes, Instructor Insights , assignment, Multiple Assignment Types"
https://ocw.mit.edu/courses/ec-701j-d-lab-i-development-fall-2009/,EC.701J , Undergraduate,courses,D-Lab I: Development,"Prof. Bishwapriya Sanyal, Victor Grau Serrat","Engineering, Science, Economics","Lecture Notes, Instructor Insights , assignment, Multiple Assignment Types"
https://ocw.mit.edu/courses/ec-719-d-lab-water-climate-change-and-health-spring-2019/,EC.719 , Undergraduate,courses,"D-Lab: Water, Climate Change, and Health","Susan Murcott, Juliet Simpson","Science, Health and Medicine, Earth Science","Lecture Notes, Instructor Insights , assignment, Multiple Assignment Types"
https://ocw.mit.edu/courses/es-246-current-events-and-social-issues-fall-2004/,ES.246 , Undergraduate,courses,Current Events and Social Issues,"Claudia Gold, Dr. Lee Perlman","Social Science, Public Administration, Political Science","Lecture Notes, Instructor Insights , assignment, Multiple Assignment Types"
https://ocw.mit.edu/courses/hst-930j-social-studies-of-bioscience-and-biotech-fall-2005/,HST.930J , Graduate,courses,Social Studies of Bioscience and Biotech,"Prof. Mary-Jo DelVecchio Good, Prof. Michael M.J. Fischer","Engineering, Biological Engineering, Economics","Lecture Notes, Instructor Insights , assignment, Multiple Assignment Types"
https://ocw.mit.edu/courses/15-387-entrepreneurial-sales-spring-2015/,15.387, Graduate,courses,Entrepreneurial Sales,"Kirk Arnold, Dennis Hoffman","Entrepreneurship, Management, Business","Lecture Notes, Instructor Insights , assignment, Multiple Assignment Types"
https://ocw.mit.edu/courses/12-815-atmospheric-radiation-fall-2008/,12.815, Graduate,courses,Atmospheric Radiation,"Dr. Robert McClatchey, Prof. Sara Seager","Science, Physics, Earth Science","Lecture Notes, Instructor Insights , assignment, Multiple Assignment Types"
https://ocw.mit.edu/courses/21h-343j-making-books-the-renaissance-and-today-spring-2016/,21H.343J , Undergraduate,courses,Making Books: The Renaissance and Today,"Prof. Anne McCants, Prof. Jeffrey S. Ravel","Humanities, Literature, History","Lecture Notes, Instructor Insights , assignment, Multiple Assignment Types"
https://ocw.mit.edu/courses/4-s33-unmanageability-pathless-realities-and-approaches-spring-2015/,4.S33 , Graduate,courses,Unmanageability: Pathless Realities and Approaches,"Howard Chen, Gabriel Kahan","Humanities, History, Innovation","Lecture Notes, Instructor Insights , assignment, Multiple Assignment Types"
https://ocw.mit.edu/courses/2-082-ship-structural-analysis-design-13-122-spring-2003/,2.082, Graduate,courses,Ship Structural Analysis & Design (13.122),"Prof. David Burke, ","Engineering, Civil Engineering, Structural Engineering","Lecture Notes, Instructor Insights , assignment, Multiple Assignment Types"
https://ocw.mit.edu/courses/16-881-robust-system-design-summer-1998/,16.881, Graduate,courses,Robust System Design,"Prof. Daniel Frey, ","Engineering, Mathematics, Systems Engineering","Lecture Notes, Instructor Insights , assignment, Multiple Assignment Types"
https://ocw.mit.edu/courses/es-113-ancient-greek-philosophy-and-mathematics-spring-2016/,ES.113 , Undergraduate,courses,Ancient Greek Philosophy and Mathematics,"Dr. Lee Perlman, ","Humanities, Literature, History","Lecture Notes, Instructor Insights , assignment, Multiple Assignment Types"
https://ocw.mit.edu/courses/18-06sc-linear-algebra-fall-2011/,18.06SC , Undergraduate,courses,Linear Algebra,"Prof. Gilbert Strang, ","Mathematics, Linear Algebra, ","Lecture Notes, Instructor Insights , assignment, Multiple Assignment Types"
https://ocw.mit.edu/courses/sts-467-research-seminar-in-deep-sea-archaeology-spring-2002/,STS.467 , Graduate,courses,Research Seminar in Deep Sea Archaeology,"Dr. Claire Calcagno, Prof. David Mindell","Engineering, Science, Social Science","Lecture Notes, Instructor Insights , assignment, Multiple Assignment Types"
https://ocw.mit.edu/courses/18-385j-nonlinear-dynamics-and-chaos-fall-2014/,18.385J , Graduate,courses,Nonlinear Dynamics and Chaos,"Prof. Rodolfo Rosales, ","Mathematics, Applied Mathematics, Topology and Geometry","Lecture Notes, Instructor Insights , assignment, Multiple Assignment Types"
https://ocw.mit.edu/courses/15-628j-patents-copyrights-and-the-law-of-intellectual-property-spring-2013/,15.628J , Undergraduate,courses,"Patents, Copyrights, and the Law of Intellectual Property",", ","Management, Social Science, Public Administration","Lecture Notes, Instructor Insights , assignment, Multiple Assignment Types"
https://ocw.mit.edu/courses/1-017-computing-and-data-analysis-for-environmental-applications-fall-2003/,1.017, Undergraduate,courses,Computing and Data Analysis for Environmental Applications,"Prof. Dennis McLaughlin, ","Engineering, Computer Science, Mathematics","Lecture Notes, Instructor Insights , assignment, Multiple Assignment Types"
https://ocw.mit.edu/courses/10-442-biochemical-engineering-spring-2005/,10.442, Undergraduate,courses,Biochemical Engineering,"Prof. Kristala L. Jones Prather, ","Engineering, Science, Biology","Lecture Notes, Instructor Insights , assignment, Multiple Assignment Types"
https://ocw.mit.edu/courses/21h-009-the-world-1400-present-spring-2014/,21H.009 , Undergraduate,courses,The World: 1400-Present,"Prof. Anne McCants, Prof. Jeffrey S. Ravel","Humanities, History, World History","Lecture Notes, Instructor Insights , assignment, Multiple Assignment Types"
https://ocw.mit.edu/courses/ids-910-leadership-development-fall-2014/,IDS.910 , Graduate,courses,Leadership Development,"Dava Newman, ","Leadership, Business, ","Lecture Notes, Instructor Insights , assignment, Multiple Assignment Types"
https://ocw.mit.edu/courses/15-990-architecture-and-communication-in-organizations-fall-2003/,15.99, Graduate,courses,Architecture and Communication in Organizations,"Prof. Tom Allen, Prof. Diane Burton","Communication, Architecture, Management","Lecture Notes, Instructor Insights , assignment, Multiple Assignment Types"
https://ocw.mit.edu/courses/2-996-biomedical-devices-design-laboratory-fall-2007/,2.996, Graduate,courses,Biomedical Devices Design Laboratory,"Dr. Hongshen Ma, ","Engineering, Electronics, Mechanical Engineering","Lecture Notes, Instructor Insights , assignment, Multiple Assignment Types"
https://ocw.mit.edu/courses/16-63j-system-safety-spring-2016/,16.63J , Undergraduate,courses,System Safety,"Prof. Nancy Leveson, ","Engineering, Systems Engineering, Aerospace Engineering","Lecture Notes, Instructor Insights , assignment, Multiple Assignment Types"
https://ocw.mit.edu/courses/18-366-random-walks-and-diffusion-fall-2006/,18.366, Graduate,courses,Random Walks and Diffusion,"Prof. Martin Bazant, ","Engineering, Mathematics, Mechanical Engineering","Lecture Notes, Instructor Insights , assignment, Multiple Assignment Types"
https://ocw.mit.edu/courses/20-309-biological-engineering-ii-instrumentation-and-measurement-fall-2006/,20.309, Undergraduate,courses,Biological Engineering II: Instrumentation and Measurement,"Prof. Scott Manalis, Maxim Shusteff","Engineering, Science, Physics","Lecture Notes, Instructor Insights , assignment, Multiple Assignment Types"
https://ocw.mit.edu/courses/21w-756-writing-and-reading-poems-fall-2006/,21W.756 , Undergraduate,courses,Writing and Reading Poems,"William Corbett, ","Humanities, Literature, Criticism","Lecture Notes, Instructor Insights , assignment, Multiple Assignment Types"
https://ocw.mit.edu/courses/21h-342-the-royal-family-fall-2003/,21H.342 , Undergraduate,courses,The Royal Family,"Prof. Harriet Ritvo, ","Humanities, History, Social Science","Lecture Notes, Instructor Insights , assignment, Multiple Assignment Types"
https://ocw.mit.edu/courses/22-56j-noninvasive-imaging-in-biology-and-medicine-fall-2005/,22.56J , Graduate,courses,Noninvasive Imaging in Biology and Medicine,"Prof. Alan Jasanoff, ","Science, Physics, Health and Medicine","Lecture Notes, Instructor Insights , assignment, Multiple Assignment Types"
https://ocw.mit.edu/courses/2-997-direct-solar-thermal-to-electrical-energy-conversion-technologies-fall-2009/,2.997, Graduate,courses,Direct Solar/Thermal to Electrical Energy Conversion Technologies,"Prof. Gang Chen, ","Engineering, Science, Physics","Lecture Notes, Instructor Insights , assignment, Multiple Assignment Types"
https://ocw.mit.edu/courses/3-205-thermodynamics-and-kinetics-of-materials-fall-2006/,3.205, Graduate,courses,Thermodynamics and Kinetics of Materials,"Prof. Samuel Allen, Prof. Thomas Eagar","Engineering, Science, Physics","Lecture Notes, Instructor Insights , assignment, Multiple Assignment Types"
https://ocw.mit.edu/courses/17-480-understanding-military-operations-spring-2017/,17.48, Graduate,courses,Understanding Military Operations,"Prof. Owen Cote, ","Social Science, Public Administration, Business","Lecture Notes, Instructor Insights , assignment, Multiple Assignment Types"
https://ocw.mit.edu/courses/8-07-electromagnetism-ii-fall-2012/,8.07, Undergraduate,courses,Electromagnetism II,"Prof. Min Chen, Prof. Alan Guth","Science, Physics, Electromagnetism","Lecture Notes, Instructor Insights , assignment, Multiple Assignment Types"
https://ocw.mit.edu/courses/9-66j-computational-cognitive-science-fall-2004/,9.66J , Undergraduate,courses,Computational Cognitive Science,"Prof. Joshua Tenenbaum, ","Engineering, Science, Systems Engineering","Lecture Notes, Instructor Insights , assignment, Multiple Assignment Types"
https://ocw.mit.edu/courses/ids-338j-multidisciplinary-system-design-optimization-spring-2010/,IDS.338J , Graduate,courses,Multidisciplinary System Design Optimization,"Prof. Olivier de Weck, Prof. Karen Willcox","Engineering, Systems Engineering, Business","Lecture Notes, Instructor Insights , assignment, Multiple Assignment Types"
https://ocw.mit.edu/courses/12-990-prediction-and-predictability-in-the-atmosphere-and-oceans-spring-2003/,12.99, Graduate,courses,Prediction and Predictability in the Atmosphere and Oceans,"Prof. Jim Hansen, ","Science, Mathematics, Probability and Statistics","Lecture Notes, Instructor Insights , assignment, Multiple Assignment Types"
https://ocw.mit.edu/courses/4-440-basic-structural-design-spring-2009/,4.44, Undergraduate,courses,Basic Structural Design,"Prof. John Ochsendorf, ","Engineering, Architecture, Fine Arts","Lecture Notes, Instructor Insights , assignment, Multiple Assignment Types"
https://ocw.mit.edu/courses/15-010-economic-analysis-for-business-decisions-fall-2004/,15.01, Graduate,courses,Economic Analysis for Business Decisions,"Prof. Ernst Berndt, Prof. Michael Chapman","Economics, Social Science, Business","Lecture Notes, Instructor Insights , assignment, Multiple Assignment Types"
https://ocw.mit.edu/courses/15-277-special-seminar-in-communications-leadership-and-personal-effectiveness-coaching-fall-2008/,15.277, Graduate,courses,Special Seminar in Communications: Leadership and Personal Effectiveness Coaching,"Prof. Christine Kelly, ","Communication, Management, Leadership","Lecture Notes, Instructor Insights , assignment, Multiple Assignment Types"
https://ocw.mit.edu/courses/ids-910-leadership-development-fall-2014/,IDS.910 , Graduate,courses,Leadership Development,"Dava Newman, ","Leadership, Business, ","Lecture Notes, Instructor Insights , assignment, Multiple Assignment Types"
https://ocw.mit.edu/courses/15-990-architecture-and-communication-in-organizations-fall-2003/,15.99, Graduate,courses,Architecture and Communication in Organizations,"Prof. Tom Allen, Prof. Diane Burton","Communication, Architecture, Management","Lecture Notes, Instructor Insights , assignment, Multiple Assignment Types"
https://ocw.mit.edu/courses/2-996-biomedical-devices-design-laboratory-fall-2007/,2.996, Graduate,courses,Biomedical Devices Design Laboratory,"Dr. Hongshen Ma, ","Engineering, Electronics, Mechanical Engineering","Lecture Notes, Instructor Insights , assignment, Multiple Assignment Types"
https://ocw.mit.edu/courses/16-63j-system-safety-spring-2016/,16.63J , Undergraduate,courses,System Safety,"Prof. Nancy Leveson, ","Engineering, Systems Engineering, Aerospace Engineering","Lecture Notes, Instructor Insights , assignment, Multiple Assignment Types"
https://ocw.mit.edu/courses/18-366-random-walks-and-diffusion-fall-2006/,18.366, Graduate,courses,Random Walks and Diffusion,"Prof. Martin Bazant, ","Engineering, Mathematics, Mechanical Engineering","Lecture Notes, Instructor Insights , assignment, Multiple Assignment Types"
https://ocw.mit.edu/courses/20-309-biological-engineering-ii-instrumentation-and-measurement-fall-2006/,20.309, Undergraduate,courses,Biological Engineering II: Instrumentation and Measurement,"Prof. Scott Manalis, Maxim Shusteff","Engineering, Science, Physics","Lecture Notes, Instructor Insights , assignment, Multiple Assignment Types"
https://ocw.mit.edu/courses/21w-756-writing-and-reading-poems-fall-2006/,21W.756 , Undergraduate,courses,Writing and Reading Poems,"William Corbett, ","Humanities, Literature, Criticism","Lecture Notes, Instructor Insights , assignment, Multiple Assignment Types"
https://ocw.mit.edu/courses/21h-342-the-royal-family-fall-2003/,21H.342 , Undergraduate,courses,The Royal Family,"Prof. Harriet Ritvo, ","Humanities, History, Social Science","Lecture Notes, Instructor Insights , assignment, Multiple Assignment Types"
https://ocw.mit.edu/courses/22-56j-noninvasive-imaging-in-biology-and-medicine-fall-2005/,22.56J , Graduate,courses,Noninvasive Imaging in Biology and Medicine,"Prof. Alan Jasanoff, ","Science, Physics, Health and Medicine","Lecture Notes, Instructor Insights , assignment, Multiple Assignment Types"
https://ocw.mit.edu/courses/2-997-direct-solar-thermal-to-electrical-energy-conversion-technologies-fall-2009/,2.997, Graduate,courses,Direct Solar/Thermal to Electrical Energy Conversion Technologies,"Prof. Gang Chen, ","Engineering, Science, Physics","Lecture Notes, Instructor Insights , assignment, Multiple Assignment Types"
https://ocw.mit.edu/courses/4-205-analysis-of-contemporary-architecture-fall-2009/,4.205, Undergraduate,courses,Analysis of Contemporary Architecture,"Mr. Dan Cheng-ta Chen, ","Architecture, Fine Arts, Architectural History and Criticism","Lecture Notes, Instructor Insights , assignment, Multiple Assignment Types"
https://ocw.mit.edu/courses/6-776-high-speed-communication-circuits-spring-2005/,6.776, Graduate,courses,High Speed Communication Circuits,"Prof. Hae-Seung Lee, Prof. Michael Perrott","Engineering, Computer Science, Electrical Engineering","Lecture Notes, Instructor Insights , assignment, Multiple Assignment Types"
https://ocw.mit.edu/courses/8-01l-physics-i-classical-mechanics-fall-2005/,8.01L , Undergraduate,courses,Physics I: Classical Mechanics,"Dr. George Stephans, ","Science, Physics, Classical Mechanics","Lecture Notes, Instructor Insights , assignment, Multiple Assignment Types"
https://ocw.mit.edu/courses/8-012-physics-i-classical-mechanics-fall-2008/,8.012, Undergraduate,courses,Physics I: Classical Mechanics,"Prof. Adam Burgasser, ","Science, Physics, Classical Mechanics","Lecture Notes, Instructor Insights , assignment, Multiple Assignment Types"
https://ocw.mit.edu/courses/9-05-neural-basis-of-movement-spring-2003/,9.05, Undergraduate,courses,Neural Basis of Movement,"Prof. Emilio Bizzi, Prof. Ann M. Graybiel","Science, Health and Medicine, Anatomy and Physiology","Lecture Notes, Instructor Insights , assignment, Multiple Assignment Types"
https://ocw.mit.edu/courses/ec-s06-design-for-demining-spring-2007/,EC.S06 , Undergraduate,courses,Design for Demining,"Mr. Andrew Heafitz, Mr. Benjamin Linder","Engineering, Mechanical Engineering, Systems Engineering","Lecture Notes, Instructor Insights , assignment, Multiple Assignment Types"
https://ocw.mit.edu/courses/esd-342-network-representations-of-complex-engineering-systems-spring-2010/,ESD.342 , Graduate,courses,Network Representations of Complex Engineering Systems,"Dr. Christopher L. Magee, Prof. Joel Moses","Engineering, Systems Engineering, Computational Modeling and Simulation","Lecture Notes, Instructor Insights , assignment, Multiple Assignment Types"
https://ocw.mit.edu/courses/6-896-theory-of-parallel-hardware-sma-5511-spring-2004/,6.896, Graduate,courses,Theory of Parallel Hardware (SMA 5511),"Prof. Michael Bender, Dr. Bradley Kuszmaul","Engineering, Computer Science, Algorithms and Data Structures","Lecture Notes, Instructor Insights , assignment, Multiple Assignment Types"
https://ocw.mit.edu/courses/1-463j-the-impact-of-globalization-on-the-built-environment-fall-2009/,1.463J , Graduate,courses,The Impact of Globalization on the Built Environment,"Prof. Fred Moavenzadeh, Mr. Derish M. Wolff","Engineering, Business, Globalization","Lecture Notes, Instructor Insights , assignment, Multiple Assignment Types"
https://ocw.mit.edu/courses/1-63-advanced-fluid-dynamics-of-the-environment-fall-2002/,1.63, Graduate,courses,Advanced Fluid Dynamics of the Environment,"Guangda Li, Prof. Chiang Mei","Engineering, Mechanical Engineering, Environmental Engineering","Lecture Notes, Instructor Insights , assignment, Multiple Assignment Types"
https://ocw.mit.edu/courses/6-691-seminar-in-electric-power-systems-spring-2006/,6.691, Graduate,courses,Seminar in Electric Power Systems,"Prof. James L. Kirtley, ","Engineering, Electrical Engineering, Energy","Lecture Notes, Instructor Insights , assignment, Multiple Assignment Types"
https://ocw.mit.edu/courses/6-245-multivariable-control-systems-spring-2004/,6.245, Graduate,courses,Multivariable Control Systems,"Prof. Alexandre Megretski, ","Engineering, Computer Science, Systems Engineering","Lecture Notes, Instructor Insights , assignment, Multiple Assignment Types"
https://ocw.mit.edu/courses/1-561-motion-based-design-fall-2003/,1.561, Graduate,courses,Motion Based Design,"Prof. Jerome Connor, ","Engineering, Architecture, Fine Arts","Lecture Notes, Instructor Insights , assignment, Multiple Assignment Types"
https://ocw.mit.edu/courses/11-126j-economics-of-education-spring-2007/,11.126J ," Undergraduate, Graduate",courses,Economics of Education,"Prof. Frank Levy, ","Economics, Social Science, Teaching and Education","Lecture Notes, Instructor Insights , assignment, Multiple Assignment Types"
https://ocw.mit.edu/courses/18-01sc-single-variable-calculus-fall-2010/,18.01SC , Undergraduate,courses,Single Variable Calculus,"Prof. David Jerison, ","Mathematics, Differential Equations, Calculus","Lecture Notes, Instructor Insights , assignment, Multiple Assignment Types"
https://ocw.mit.edu/courses/21a-150-teaching-and-learning-cross-cultural-perspectives-fall-2014/,21A.150 , Undergraduate,courses,Teaching and Learning: Cross-Cultural Perspectives,"Prof. Graham Jones, ","Communication, Humanities, Language","Lecture Notes, Instructor Insights , assignment, Multiple Assignment Types"
https://ocw.mit.edu/courses/21a-111j-for-love-and-money-rethinking-the-family-spring-2016/,21A.111J , Undergraduate,courses,For Love and Money: Rethinking the Family,"Prof. Heather Paxson, ","Humanities, History, Social Science","Lecture Notes, Instructor Insights , assignment, Multiple Assignment Types"
https://ocw.mit.edu/courses/21g-703-spanish-iii-spring-2006/,21G.703 , Undergraduate,courses,Spanish III,"Douglas Morgenstern, José A. Ramos","Humanities, Language, Spanish","Lecture Notes, Instructor Insights , assignment, Multiple Assignment Types"
https://ocw.mit.edu/courses/4-195-special-problems-in-architectural-design-spring-2005/,4.195, Graduate,courses,Special Problems in Architectural Design,"Prof. Alexandros Tsamis, ","Engineering, Computer Science, Architecture","Lecture Notes, Instructor Insights , assignment, Multiple Assignment Types"
https://ocw.mit.edu/courses/6-172-performance-engineering-of-software-systems-fall-2018/,6.172, Undergraduate,courses,Performance Engineering of Software Systems,"Prof. Charles Leiserson, Prof. Julian Shun","Engineering, Computer Science, Systems Engineering","Lecture Notes, Instructor Insights , assignment, Multiple Assignment Types"
https://ocw.mit.edu/courses/6-776-high-speed-communication-circuits-spring-2005/,6.776, Graduate,courses,High Speed Communication Circuits,"Prof. Hae-Seung Lee, Prof. Michael Perrott","Engineering, Computer Science, Electrical Engineering","Lecture Notes, Instructor Insights , assignment, Multiple Assignment Types"
https://ocw.mit.edu/courses/8-01l-physics-i-classical-mechanics-fall-2005/,8.01L , Undergraduate,courses,Physics I: Classical Mechanics,"Dr. George Stephans, ","Science, Physics, Classical Mechanics","Lecture Notes, Instructor Insights , assignment, Multiple Assignment Types"
https://ocw.mit.edu/courses/8-012-physics-i-classical-mechanics-fall-2008/,8.012, Undergraduate,courses,Physics I: Classical Mechanics,"Prof. Adam Burgasser, ","Science, Physics, Classical Mechanics","Lecture Notes, Instructor Insights , assignment, Multiple Assignment Types"
https://ocw.mit.edu/courses/9-05-neural-basis-of-movement-spring-2003/,9.05, Undergraduate,courses,Neural Basis of Movement,"Prof. Emilio Bizzi, Prof. Ann M. Graybiel","Science, Health and Medicine, Anatomy and Physiology","Lecture Notes, Instructor Insights , assignment, Multiple Assignment Types"
https://ocw.mit.edu/courses/ec-s06-design-for-demining-spring-2007/,EC.S06 , Undergraduate,courses,Design for Demining,"Mr. Andrew Heafitz, Mr. Benjamin Linder","Engineering, Mechanical Engineering, Systems Engineering","Lecture Notes, Instructor Insights , assignment, Multiple Assignment Types"
https://ocw.mit.edu/courses/esd-342-network-representations-of-complex-engineering-systems-spring-2010/,ESD.342 , Graduate,courses,Network Representations of Complex Engineering Systems,"Dr. Christopher L. Magee, Prof. Joel Moses","Engineering, Systems Engineering, Computational Modeling and Simulation","Lecture Notes, Instructor Insights , assignment, Multiple Assignment Types"
https://ocw.mit.edu/courses/6-896-theory-of-parallel-hardware-sma-5511-spring-2004/,6.896, Graduate,courses,Theory of Parallel Hardware (SMA 5511),"Prof. Michael Bender, Dr. Bradley Kuszmaul","Engineering, Computer Science, Algorithms and Data Structures","Lecture Notes, Instructor Insights , assignment, Multiple Assignment Types"
https://ocw.mit.edu/courses/1-463j-the-impact-of-globalization-on-the-built-environment-fall-2009/,1.463J , Graduate,courses,The Impact of Globalization on the Built Environment,"Prof. Fred Moavenzadeh, Mr. Derish M. Wolff","Engineering, Business, Globalization","Lecture Notes, Instructor Insights , assignment, Multiple Assignment Types"
https://ocw.mit.edu/courses/1-63-advanced-fluid-dynamics-of-the-environment-fall-2002/,1.63, Graduate,courses,Advanced Fluid Dynamics of the Environment,"Guangda Li, Prof. Chiang Mei","Engineering, Mechanical Engineering, Environmental Engineering","Lecture Notes, Instructor Insights , assignment, Multiple Assignment Types"
https://ocw.mit.edu/courses/6-691-seminar-in-electric-power-systems-spring-2006/,6.691, Graduate,courses,Seminar in Electric Power Systems,"Prof. James L. Kirtley, ","Engineering, Electrical Engineering, Energy","Lecture Notes, Instructor Insights , assignment, Multiple Assignment Types"
https://ocw.mit.edu/courses/12-800-fluid-dynamics-of-the-atmosphere-and-ocean-fall-2004/,12.8, Graduate,courses,Fluid Dynamics of the Atmosphere and Ocean,"Prof. James Hansen, ","Engineering, Science, Mechanical Engineering","Lecture Notes, Instructor Insights , assignment, Multiple Assignment Types"
https://ocw.mit.edu/courses/15-342j-organizations-and-environments-fall-2004/,15.342J , Graduate,courses,Organizations and Environments,"Prof. Pablo Boczkowski, ","Economics, Social Science, Political Science","Lecture Notes, Instructor Insights , assignment, Multiple Assignment Types"
https://ocw.mit.edu/courses/20-462j-molecular-principles-of-biomaterials-spring-2006/,20.462J , Graduate,courses,Molecular Principles of Biomaterials,"Prof. Darrell Irvine, ","Engineering, Science, Biological Engineering","Lecture Notes, Instructor Insights , assignment, Multiple Assignment Types"
https://ocw.mit.edu/courses/15-390-new-enterprises-spring-2013/,15.39, Graduate,courses,New Enterprises,"Howard Anderson, William Aulet","Entrepreneurship, Management, Leadership","Lecture Notes, Instructor Insights , assignment, Multiple Assignment Types"
https://ocw.mit.edu/courses/sts-007-technology-in-history-fall-2010/,STS.007 , Undergraduate,courses,Technology in History,"Prof. Rosalind Williams, ","Humanities, History, History of Science and Technology","Lecture Notes, Instructor Insights , assignment, Multiple Assignment Types"
https://ocw.mit.edu/courses/7-60-cell-biology-structure-and-functions-of-the-nucleus-spring-2010/,7.6, Graduate,courses,Cell Biology: Structure and Functions of the Nucleus,"Prof. Phillip Sharp, Prof. Richard Young","Science, Biology, Cell Biology","Lecture Notes, Instructor Insights , assignment, Multiple Assignment Types"
https://ocw.mit.edu/courses/17-436-territorial-conflict-fall-2004/,17.436, Graduate,courses,Territorial Conflict,"Prof. M. Taylor Fravel, ","Humanities, History, Social Science","Lecture Notes, Instructor Insights , assignment, Multiple Assignment Types"
https://ocw.mit.edu/courses/15-es718-global-health-innovation-delivering-targeted-advice-to-an-organization-in-the-field-spring-2015/,15.ES718 , Graduate,courses,Global Health Innovation: Delivering Targeted Advice to an Organization in the Field,"Dr. Anjali Sastry, ","Innovation, Management, Health Care Management","Lecture Notes, Instructor Insights , assignment, Multiple Assignment Types"
https://ocw.mit.edu/courses/11-201-gateway-to-the-profession-of-planning-fall-2010/,11.201, Graduate,courses,Gateway to the Profession of Planning,"Prof. Bishwapriya Sanyal, ","Social Science, Urban Studies, Urban Planning","Lecture Notes, Instructor Insights , assignment, Multiple Assignment Types"
https://ocw.mit.edu/courses/16-892j-space-system-architecture-and-design-fall-2004/,16.892J , Graduate,courses,Space System Architecture and Design,"Prof. Daniel Hastings, ","Engineering, Systems Engineering, Systems Optimization","Lecture Notes, Instructor Insights , assignment, Multiple Assignment Types"
https://ocw.mit.edu/courses/12-090-the-environment-of-the-earths-surface-spring-2007/,12.09, Undergraduate,courses,The Environment of the Earth's Surface,"Prof. John Southard, ","Engineering, Science, Earth Science","Lecture Notes, Instructor Insights , assignment, Multiple Assignment Types"
https://ocw.mit.edu/courses/15-535-business-analysis-using-financial-statements-spring-2003/,15.535, Graduate,courses,Business Analysis Using Financial Statements,"Prof. Peter Wysocki, ","Economics, Social Science, Business","Lecture Notes, Instructor Insights , assignment, Multiple Assignment Types"
https://ocw.mit.edu/courses/11-166-law-social-movements-and-public-policy-comparative-and-international-experience-spring-2012/,11.166," Undergraduate, Graduate",courses,"Law, Social Movements, and Public Policy: Comparative and International Experience","Prof. Balakrishnan Rajagopal, ","Economics, Social Science, Political Science","Lecture Notes, Instructor Insights , assignment, Multiple Assignment Types"
https://ocw.mit.edu/courses/20-180-biological-engineering-programming-spring-2006/,20.18, Undergraduate,courses,Biological Engineering Programming,"Prof. Andrew Endy, ","Engineering, Computer Science, Systems Engineering","Lecture Notes, Instructor Insights , assignment, Multiple Assignment Types"
https://ocw.mit.edu/courses/12-085-seminar-in-environmental-science-spring-2008/,12.085, Undergraduate,courses,Seminar in Environmental Science,"Prof. Daniel Rothman, ","Science, Social Science, Public Administration","Lecture Notes, Instructor Insights , assignment, Multiple Assignment Types"
https://ocw.mit.edu/courses/mas-966-digital-anthropology-spring-2003/,MAS.966 , Graduate,courses,Digital Anthropology,"Prof. Alex Pentland, ","Social Science, Media Studies, Fine Arts","Lecture Notes, Instructor Insights , assignment, Multiple Assignment Types"
https://ocw.mit.edu/courses/11-902-advanced-urban-public-finance-collective-action-and-provisions-of-local-public-goods-spring-2009/,11.902, Graduate,courses,Advanced Urban Public Finance: Collective Action and Provisions of Local Public Goods,"Prof. Yu-Hung Hong, ","Economics, Social Science, Public Administration","Lecture Notes, Instructor Insights , assignment, Multiple Assignment Types"
https://ocw.mit.edu/courses/18-994-seminar-in-geometry-fall-2004/,18.994, Undergraduate,courses,Seminar in Geometry,"Dr. Emma Carberry, ","Mathematics, Topology and Geometry, Linear Algebra","Lecture Notes, Instructor Insights , assignment, Multiple Assignment Types"
https://ocw.mit.edu/courses/2-000-how-and-why-machines-work-spring-2002/,2, Undergraduate,courses,How and Why Machines Work,"Prof. Martin Culpepper, Prof. Joseph Smith","Engineering, Mechanical Engineering, Mechanical Design","Lecture Notes, Instructor Insights , assignment, Multiple Assignment Types"
https://ocw.mit.edu/courses/1-978-from-nano-to-macro-introduction-to-atomistic-modeling-techniques-january-iap-2007/,1.978, Graduate,courses,From Nano to Macro: Introduction to Atomistic Modeling Techniques,"Prof. Markus Buehler, ","Engineering, Mechanical Engineering, Systems Engineering","Lecture Notes, Instructor Insights , assignment, Multiple Assignment Types"
https://ocw.mit.edu/courses/21h-155-modern-japan-1868-to-present-spring-2017/,21H.155 , Undergraduate,courses,Modern Japan: 1868 to Present,"Prof. Hiromu Nagahara, ","Humanities, History, Social Science","Lecture Notes, Instructor Insights , assignment, Multiple Assignment Types"
https://ocw.mit.edu/courses/21h-952j-readings-in-american-history-since-1877-fall-2003/,21H.952J , Graduate,courses,Readings in American History Since 1877,"Prof. Meg Jacobs, ","Humanities, History, American History","Lecture Notes, Instructor Insights , assignment, Multiple Assignment Types"
https://ocw.mit.edu/courses/21l-470-eighteenth-century-literature-versions-of-the-self-in-18th-c-britain-spring-2003/,21L.470 , Undergraduate,courses,Eighteenth-Century Literature: Versions of the Self in 18th-C Britain,"Prof. Noel Jackson, ","Humanities, Literature, History","Lecture Notes, Instructor Insights , assignment, Multiple Assignment Types"
https://ocw.mit.edu/courses/3-093-information-exploration-becoming-a-savvy-scholar-fall-2006/,3.093, Undergraduate,courses,Information Exploration: Becoming a Savvy Scholar,"Patty Durisin Barbera, Angie Locknar","Humanities, Literature, Academic Writing","Lecture Notes, Instructor Insights , assignment, Multiple Assignment Types"
https://ocw.mit.edu/courses/3-a04-modern-blacksmithing-and-physical-metallurgy-fall-2008/,3.A04 , Undergraduate,courses,Modern Blacksmithing and Physical Metallurgy,"Michael Tarkanian, ","Engineering, Materials Science and Engineering, Metallurgical Engineering","Lecture Notes, Instructor Insights , assignment, Multiple Assignment Types"
https://ocw.mit.edu/courses/4-155b-architectural-design-level-iii-a-student-center-for-mit-fall-2004/,4.155B , Graduate,courses,"Architectural Design, Level III: A Student Center for MIT","Prof. Fernando Domeyko, ","Architecture, Fine Arts, Architectural Design","Lecture Notes, Instructor Insights , assignment, Multiple Assignment Types"
https://ocw.mit.edu/courses/7-22-developmental-biology-fall-2005/,7.22, Undergraduate,courses,Developmental Biology,"Prof. Martha Constantine-Paton, Prof. Hazel Sive","Science, Biology, Developmental Biology","Lecture Notes, Instructor Insights , assignment, Multiple Assignment Types"
https://ocw.mit.edu/courses/cms-633-digital-humanities-spring-2015/,CMS.633 , Undergraduate,courses,Digital Humanities,"Dr. Kurt Fendt, Andy Kelleher Stuhl","Engineering, Computer Science, Humanities","Lecture Notes, Instructor Insights , assignment, Multiple Assignment Types"
https://ocw.mit.edu/courses/es-s71-increasing-your-physical-intelligence-enhancing-your-social-smarts-spring-2014/,ES.S71 , Undergraduate,courses,"Increasing Your Physical Intelligence, Enhancing Your Social Smarts","Noah Riskin, ","Health and Medicine, Physical Education and Recreation, Health and Exercise Science","Lecture Notes, Instructor Insights , assignment, Multiple Assignment Types"
https://ocw.mit.edu/courses/sts-471j-engineering-apollo-the-moon-project-as-a-complex-system-spring-2007/,STS.471J , Graduate,courses,Engineering Apollo: The Moon Project as a Complex System,"Prof. David Mindell, Dr. Laurence R. Young","Engineering, Systems Engineering, Aerospace Engineering","Lecture Notes, Instructor Insights , assignment, Multiple Assignment Types"
https://ocw.mit.edu/courses/15-343-managing-transformations-in-work-organizations-and-society-spring-2002/,15.343, Graduate,courses,"Managing Transformations in Work, Organizations, and Society","Prof. Joel Cutcher-Gershenfeld, Prof. Thomas A. Kochan","Management, Leadership, Business","Lecture Notes, Instructor Insights , assignment, Multiple Assignment Types"
https://ocw.mit.edu/courses/10-302-transport-processes-fall-2004/,10.302, Undergraduate,courses,Transport Processes,"Prof. Clark Colton, Dr. William Dalzell","Engineering, Science, Physics","Lecture Notes, Instructor Insights , assignment, Multiple Assignment Types"
https://ocw.mit.edu/courses/15-341-individuals-groups-and-organizations-fall-2006/,15.341, Graduate,courses,"Individuals, Groups, and Organizations","Prof. John Carroll, ","Social Science, Business, Sociology","Lecture Notes, Instructor Insights , assignment, Multiple Assignment Types"
https://ocw.mit.edu/courses/17-559-comparative-security-and-sustainability-fall-2004/,17.559," Undergraduate, Graduate",courses,Comparative Security and Sustainability,"Prof. Nazli Choucri, ","Science, Social Science, Public Administration","Lecture Notes, Instructor Insights , assignment, Multiple Assignment Types"
https://ocw.mit.edu/courses/6-826-principles-of-computer-systems-spring-2002/,6.826, Graduate,courses,Principles of Computer Systems,"Prof. Butler Lampson, Prof. Martin Rinard","Engineering, Computer Science, Theory of Computation","Lecture Notes, Instructor Insights , assignment, Multiple Assignment Types"
https://ocw.mit.edu/courses/15-395-entrepreneurship-without-borders-fall-2016/,15.395, Graduate,courses,Entrepreneurship Without Borders,"Michael Casey, Brian Forde","Entrepreneurship, Economics, Social Science","Lecture Notes, Instructor Insights , assignment, Multiple Assignment Types"
https://ocw.mit.edu/courses/16-72-air-traffic-control-fall-2006/,16.72, Graduate,courses,Air Traffic Control,"Prof. John Hansman, ","Engineering, Social Science, Urban Studies","Lecture Notes, Instructor Insights , assignment, Multiple Assignment Types"
https://ocw.mit.edu/courses/21g-017-germany-and-its-european-context-fall-2002/,21G.017 , Undergraduate,courses,Germany and its European Context,"Prof. Charity Scribner, ","Humanities, Literature, Society","Lecture Notes, Instructor Insights , assignment, Multiple Assignment Types"
https://ocw.mit.edu/courses/21g-067j-cultural-performances-of-asia-fall-2005/,21G.067J , Undergraduate,courses,Cultural Performances of Asia,"Prof. Ian Condry, ","Social Science, Media Studies, Fine Arts","Lecture Notes, Instructor Insights , assignment, Multiple Assignment Types"
https://ocw.mit.edu/courses/21g-325j-new-culture-of-gender-queer-france-fall-2011/,21G.325J , Undergraduate,courses,New Culture of Gender: Queer France,"Prof. Bruno Perreau, ","Humanities, Literature, Language","Lecture Notes, Instructor Insights , assignment, Multiple Assignment Types"
https://ocw.mit.edu/courses/21h-560-smashing-the-iron-rice-bowl-chinese-east-asia-fall-2004/,21H.560 , Undergraduate,courses,Smashing the Iron Rice Bowl: Chinese East Asia,"Prof. Peter C. Perdue, ","Humanities, History, Social Science","Lecture Notes, Instructor Insights , assignment, Multiple Assignment Types"
https://ocw.mit.edu/courses/21l-470-eighteenth-century-literature-versions-of-the-self-in-18th-c-britain-spring-2003/,21L.470 , Undergraduate,courses,Eighteenth-Century Literature: Versions of the Self in 18th-C Britain,"Prof. Noel Jackson, ","Humanities, Literature, History","Lecture Notes, Instructor Insights , assignment, Multiple Assignment Types"
https://ocw.mit.edu/courses/3-093-information-exploration-becoming-a-savvy-scholar-fall-2006/,3.093, Undergraduate,courses,Information Exploration: Becoming a Savvy Scholar,"Patty Durisin Barbera, Angie Locknar","Humanities, Literature, Academic Writing","Lecture Notes, Instructor Insights , assignment, Multiple Assignment Types"
https://ocw.mit.edu/courses/3-a04-modern-blacksmithing-and-physical-metallurgy-fall-2008/,3.A04 , Undergraduate,courses,Modern Blacksmithing and Physical Metallurgy,"Michael Tarkanian, ","Engineering, Materials Science and Engineering, Metallurgical Engineering","Lecture Notes, Instructor Insights , assignment, Multiple Assignment Types"
https://ocw.mit.edu/courses/4-155b-architectural-design-level-iii-a-student-center-for-mit-fall-2004/,4.155B , Graduate,courses,"Architectural Design, Level III: A Student Center for MIT","Prof. Fernando Domeyko, ","Architecture, Fine Arts, Architectural Design","Lecture Notes, Instructor Insights , assignment, Multiple Assignment Types"
https://ocw.mit.edu/courses/7-22-developmental-biology-fall-2005/,7.22, Undergraduate,courses,Developmental Biology,"Prof. Martha Constantine-Paton, Prof. Hazel Sive","Science, Biology, Developmental Biology","Lecture Notes, Instructor Insights , assignment, Multiple Assignment Types"
https://ocw.mit.edu/courses/cms-633-digital-humanities-spring-2015/,CMS.633 , Undergraduate,courses,Digital Humanities,"Dr. Kurt Fendt, Andy Kelleher Stuhl","Engineering, Computer Science, Humanities","Lecture Notes, Instructor Insights , assignment, Multiple Assignment Types"
https://ocw.mit.edu/courses/es-s71-increasing-your-physical-intelligence-enhancing-your-social-smarts-spring-2014/,ES.S71 , Undergraduate,courses,"Increasing Your Physical Intelligence, Enhancing Your Social Smarts","Noah Riskin, ","Health and Medicine, Physical Education and Recreation, Health and Exercise Science","Lecture Notes, Instructor Insights , assignment, Multiple Assignment Types"
https://ocw.mit.edu/courses/sts-471j-engineering-apollo-the-moon-project-as-a-complex-system-spring-2007/,STS.471J , Graduate,courses,Engineering Apollo: The Moon Project as a Complex System,"Prof. David Mindell, Dr. Laurence R. Young","Engineering, Systems Engineering, Aerospace Engineering","Lecture Notes, Instructor Insights , assignment, Multiple Assignment Types"
https://ocw.mit.edu/courses/15-343-managing-transformations-in-work-organizations-and-society-spring-2002/,15.343, Graduate,courses,"Managing Transformations in Work, Organizations, and Society","Prof. Joel Cutcher-Gershenfeld, Prof. Thomas A. Kochan","Management, Leadership, Business","Lecture Notes, Instructor Insights , assignment, Multiple Assignment Types"
https://ocw.mit.edu/courses/10-302-transport-processes-fall-2004/,10.302, Undergraduate,courses,Transport Processes,"Prof. Clark Colton, Dr. William Dalzell","Engineering, Science, Physics","Lecture Notes, Instructor Insights , assignment, Multiple Assignment Types"
https://ocw.mit.edu/courses/15-341-individuals-groups-and-organizations-fall-2006/,15.341, Graduate,courses,"Individuals, Groups, and Organizations","Prof. John Carroll, ","Social Science, Business, Sociology","Lecture Notes, Instructor Insights , assignment, Multiple Assignment Types"
https://ocw.mit.edu/courses/17-559-comparative-security-and-sustainability-fall-2004/,17.559," Undergraduate, Graduate",courses,Comparative Security and Sustainability,"Prof. Nazli Choucri, ","Science, Social Science, Public Administration","Lecture Notes, Instructor Insights , assignment, Multiple Assignment Types"
https://ocw.mit.edu/courses/6-826-principles-of-computer-systems-spring-2002/,6.826, Graduate,courses,Principles of Computer Systems,"Prof. Butler Lampson, Prof. Martin Rinard","Engineering, Computer Science, Theory of Computation","Lecture Notes, Instructor Insights , assignment, Multiple Assignment Types"
https://ocw.mit.edu/courses/15-395-entrepreneurship-without-borders-fall-2016/,15.395, Graduate,courses,Entrepreneurship Without Borders,"Michael Casey, Brian Forde","Entrepreneurship, Economics, Social Science","Lecture Notes, Instructor Insights , assignment, Multiple Assignment Types"
https://ocw.mit.edu/courses/16-72-air-traffic-control-fall-2006/,16.72, Graduate,courses,Air Traffic Control,"Prof. John Hansman, ","Engineering, Social Science, Urban Studies","Lecture Notes, Instructor Insights , assignment, Multiple Assignment Types"
https://ocw.mit.edu/courses/21g-017-germany-and-its-european-context-fall-2002/,21G.017 , Undergraduate,courses,Germany and its European Context,"Prof. Charity Scribner, ","Humanities, Literature, Society","Lecture Notes, Instructor Insights , assignment, Multiple Assignment Types"
https://ocw.mit.edu/courses/21g-067j-cultural-performances-of-asia-fall-2005/,21G.067J , Undergraduate,courses,Cultural Performances of Asia,"Prof. Ian Condry, ","Social Science, Media Studies, Fine Arts","Lecture Notes, Instructor Insights , assignment, Multiple Assignment Types"
https://ocw.mit.edu/courses/21g-325j-new-culture-of-gender-queer-france-fall-2011/,21G.325J , Undergraduate,courses,New Culture of Gender: Queer France,"Prof. Bruno Perreau, ","Humanities, Literature, Language","Lecture Notes, Instructor Insights , assignment, Multiple Assignment Types"
https://ocw.mit.edu/courses/21h-560-smashing-the-iron-rice-bowl-chinese-east-asia-fall-2004/,21H.560 , Undergraduate,courses,Smashing the Iron Rice Bowl: Chinese East Asia,"Prof. Peter C. Perdue, ","Humanities, History, Social Science","Lecture Notes, Instructor Insights , assignment, Multiple Assignment Types"
https://ocw.mit.edu/courses/22-103-microscopic-theory-of-transport-fall-2003/,22.103, Undergraduate,courses,Microscopic Theory of Transport,"Prof. Sidney Yip, ","Engineering, Science, Chemistry","Lecture Notes, Instructor Insights , assignment, Multiple Assignment Types"
https://ocw.mit.edu/courses/4-411-building-technology-laboratory-spring-2004/,4.411, Undergraduate,courses,Building Technology Laboratory,"Prof. Les Norford, ","Engineering, Architecture, Fine Arts","Lecture Notes, Instructor Insights , assignment, Multiple Assignment Types"
https://ocw.mit.edu/courses/4-665-contemporary-architecture-and-critical-debate-spring-2002/,4.665, Graduate,courses,Contemporary Architecture and Critical Debate,"Prof. Arindam Dutta, ","Architecture, Fine Arts, Architectural History and Criticism","Lecture Notes, Instructor Insights , assignment, Multiple Assignment Types"
https://ocw.mit.edu/courses/7-03-genetics-fall-2004/,7.03, Undergraduate,courses,Genetics,"Prof. Gerald Fink, Prof. Chris Kaiser","Science, Biology, Genetics","Lecture Notes, Instructor Insights , assignment, Multiple Assignment Types"
https://ocw.mit.edu/courses/hst-131-introduction-to-neuroscience-fall-2005/,HST.131 , Graduate,courses,Introduction to Neuroscience,"Dr. David Corey, ","Science, Biology, Neuroscience","Lecture Notes, Instructor Insights , assignment, Multiple Assignment Types"
https://ocw.mit.edu/courses/esd-71-engineering-systems-analysis-for-design-fall-2008/,ESD.71 , Graduate,courses,Engineering Systems Analysis for Design,"Prof. Richard de Neufville, ","Engineering, Systems Engineering, Systems Optimization","Lecture Notes, Instructor Insights , assignment, Multiple Assignment Types"
https://ocw.mit.edu/courses/14-387-applied-econometrics-mostly-harmless-big-data-fall-2014/,14.387, Graduate,courses,Applied Econometrics: Mostly Harmless Big Data,"Prof. Joshua Angrist, Prof. Victor Chernozhukov","Engineering, Computer Science, Mathematics","Lecture Notes, Instructor Insights , assignment, Multiple Assignment Types"
https://ocw.mit.edu/courses/3-034-organic-biomaterials-chemistry-fall-2005/,3.034, Undergraduate,courses,Organic & Biomaterials Chemistry,"Prof. Angela M. Belcher, Prof. Michael Rubner","Engineering, Science, Chemistry","Lecture Notes, Instructor Insights , assignment, Multiple Assignment Types"
https://ocw.mit.edu/courses/6-006-introduction-to-algorithms-fall-2011/,6.006, Undergraduate,courses,Introduction to Algorithms,"Prof. Erik Demaine, Prof. Srini Devadas","Engineering, Computer Science, Algorithms and Data Structures","Lecture Notes, Instructor Insights , assignment, Multiple Assignment Types"
https://ocw.mit.edu/courses/es-259-information-and-communication-technology-in-africa-spring-2006/,ES.259 , Undergraduate,courses,Information and Communication Technology in Africa,"Raja Bobbili, Prof. Shigeru Miyagawa","Engineering, Electrical Engineering, The Developing World","Lecture Notes, Instructor Insights , assignment, Multiple Assignment Types"
https://ocw.mit.edu/courses/9-97-introduction-to-neuroanatomy-january-iap-2003/,9.97, Undergraduate,courses,Introduction to Neuroanatomy,"Prof. Chris Moore, ","Science, Health and Medicine, Anatomy and Physiology","Lecture Notes, Instructor Insights , assignment, Multiple Assignment Types"
https://ocw.mit.edu/courses/4-302-bsad-foundations-in-the-visual-arts-fall-2003/,4.302, Undergraduate,courses,BSAD Foundations in the Visual Arts,"Prof. Wendy Jacob, Prof. Sanjit Sethi","Architecture, Visual Arts, Fine Arts","Lecture Notes, Instructor Insights , assignment, Multiple Assignment Types"
https://ocw.mit.edu/courses/ec-711-d-lab-energy-spring-2011/,EC.711 , Undergraduate,courses,D-Lab: Energy,"Amy Banzaert, Amit Gandhi","Engineering, Science, Electrical Engineering","Lecture Notes, Instructor Insights , assignment, Multiple Assignment Types"
https://ocw.mit.edu/courses/4-540-introduction-to-shape-grammars-i-fall-2018/,4.54, Graduate,courses,Introduction to Shape Grammars I,"Prof. George Stiny, ","Architecture, Mathematics, Fine Arts","Lecture Notes, Instructor Insights , assignment, Multiple Assignment Types"
https://ocw.mit.edu/courses/11-501-introduction-to-technology-and-cities-fall-2002/,11.501, Graduate,courses,Introduction to Technology and Cities,"Prof. Joseph Ferreira, ","Engineering, Computer Science, Social Science","Lecture Notes, Instructor Insights , assignment, Multiple Assignment Types"
https://ocw.mit.edu/courses/18-353j-nonlinear-dynamics-i-chaos-fall-2012/,18.353J , Undergraduate,courses,Nonlinear Dynamics I: Chaos,"Lyubov Chumakova, ","Mathematics, Computation, Linear Algebra","Lecture Notes, Instructor Insights , assignment, Multiple Assignment Types"
https://ocw.mit.edu/courses/18-786-number-theory-ii-class-field-theory-spring-2016/,18.786, Graduate,courses,Number Theory II: Class Field Theory,"Dr. Sam Raskin, ","Mathematics, Algebra and Number Theory, Topology and Geometry","Lecture Notes, Instructor Insights , assignment, Multiple Assignment Types"
https://ocw.mit.edu/courses/20-442-molecular-structure-of-biological-materials-be-442-fall-2005/,20.442, Graduate,courses,Molecular Structure of Biological Materials (BE.442),"Prof. Shuguang Zhang, ","Engineering, Science, Biological Engineering","Lecture Notes, Instructor Insights , assignment, Multiple Assignment Types"
https://ocw.mit.edu/courses/21a-429j-environmental-conflict-fall-2016/,21A.429J , Graduate,courses,Environmental Conflict,"Prof. Christine Walley, ","Science, Social Science, Earth Science","Lecture Notes, Instructor Insights , assignment, Multiple Assignment Types"
https://ocw.mit.edu/courses/21l-486-modern-drama-spring-2006/,21L.486 , Undergraduate,courses,Modern Drama,"Prof. Diana Henderson, ","Humanities, Literature, Media Studies","Lecture Notes, Instructor Insights , assignment, Multiple Assignment Types"
https://ocw.mit.edu/courses/21m-030-introduction-to-world-music-spring-2013/,21M.030 , Undergraduate,courses,Introduction to World Music,"Prof. Patricia Tang, ","Music, Social Science, Fine Arts","Lecture Notes, Instructor Insights , assignment, Multiple Assignment Types"
https://ocw.mit.edu/courses/21w-794-graduate-technical-writing-workshop-january-iap-2019/,21W.794 , Graduate,courses,Graduate Technical Writing Workshop,"Caroline Beimford, Dr. Andreas Karatsolis","Humanities, Literature, Academic Writing","Lecture Notes, Instructor Insights , assignment, Multiple Assignment Types"
https://ocw.mit.edu/courses/24-903-language-and-its-structure-iii-semantics-and-pragmatics-spring-2005/,24.903," Undergraduate, Graduate",courses,Language and its Structure III: Semantics and Pragmatics,"Prof. Kai von Fintel, ","Humanities, Linguistics, Philosophy","Lecture Notes, Instructor Insights , assignment, Multiple Assignment Types"
https://ocw.mit.edu/courses/4-370-interrogative-design-workshop-fall-2005/,4.37, Graduate,courses,Interrogative Design Workshop,"Prof. Krzysztof Wodiczko, ","Visual Arts, Media Studies, Fine Arts","Lecture Notes, Instructor Insights , assignment, Multiple Assignment Types"
https://ocw.mit.edu/courses/9-51-affective-priming-at-short-and-extremely-short-exposures-spring-2003/,9.51, Undergraduate,courses,Affective Priming at Short and Extremely Short Exposures,"Prof. Suzanne Corkin, ","Science, Biology, Cognitive Science","Lecture Notes, Instructor Insights , assignment, Multiple Assignment Types"
https://ocw.mit.edu/courses/11-332j-urban-design-fall-2003/,11.332J , Graduate,courses,Urban Design,"Prof. Carol Burns, Prof. John de Monchaux","Architecture, Social Science, Fine Arts","Lecture Notes, Instructor Insights , assignment, Multiple Assignment Types"
https://ocw.mit.edu/courses/15-518-taxes-and-business-strategy-fall-2002/,15.518, Graduate,courses,Taxes and Business Strategy,"Prof. George Plesko, ","Management, Economics, Social Science","Lecture Notes, Instructor Insights , assignment, Multiple Assignment Types"
https://ocw.mit.edu/courses/mas-531-computational-camera-and-photography-fall-2009/,MAS.531 , Graduate,courses,Computational Camera and Photography,"Prof. Ramesh Raskar, ","Engineering, Computer Science, Electrical Engineering","Lecture Notes, Instructor Insights , assignment, Multiple Assignment Types"
https://ocw.mit.edu/courses/cms-840-at-the-limit-violence-in-contemporary-representation-fall-2013/,CMS.840 , Undergraduate,courses,At the Limit: Violence in Contemporary Representation,"Prof. Eugenie Brinkema, ","Humanities, Literature, Visual Arts","Lecture Notes, Instructor Insights , assignment, Multiple Assignment Types"
https://ocw.mit.edu/courses/12-333-atmospheric-and-ocean-circulations-spring-2004/,12.333, Undergraduate,courses,Atmospheric and Ocean Circulations,"Prof. R. Alan Plumb, ","Science, Earth Science, Oceanography","Lecture Notes, Instructor Insights , assignment, Multiple Assignment Types"
https://ocw.mit.edu/courses/6-838-algorithms-for-computer-animation-fall-2002/,6.838, Graduate,courses,Algorithms for Computer Animation,"Prof. Jovan Popovic, ","Engineering, Computer Science, Programming Languages","Lecture Notes, Instructor Insights , assignment, Multiple Assignment Types"
https://ocw.mit.edu/courses/1-571-structural-analysis-and-control-spring-2004/,1.571, Graduate,courses,Structural Analysis and Control,"Prof. Jerome Connor, ","Engineering, Systems Engineering, Civil Engineering","Lecture Notes, Instructor Insights , assignment, Multiple Assignment Types"
https://ocw.mit.edu/courses/2-22-design-principles-for-ocean-vehicles-13-42-spring-2005/,2.22, Graduate,courses,Design Principles for Ocean Vehicles (13.42),"Prof. Alexandra Techet, ","Engineering, Mechanical Engineering, Civil Engineering","Lecture Notes, Instructor Insights , assignment, Multiple Assignment Types"
https://ocw.mit.edu/courses/21w-731-1-writing-and-experience-exploring-self-in-society-spring-2004/,21W.731-1 , Undergraduate,courses,Writing and Experience: Exploring Self in Society,"Dr. Andrea Walsh, ","Humanities, Literature, Criticism","Lecture Notes, Instructor Insights , assignment, Multiple Assignment Types"
https://ocw.mit.edu/courses/17-408-chinese-foreign-policy-fall-2013/,17.408, Graduate,courses,Chinese Foreign Policy,"Prof. M. Taylor Fravel, ","Social Science, Political Science, International Relations","Lecture Notes, Instructor Insights , assignment, Multiple Assignment Types"
https://ocw.mit.edu/courses/18-965-geometry-of-manifolds-fall-2004/,18.965, Graduate,courses,Geometry of Manifolds,"Prof. Tomasz Mrowka, ","Mathematics, Topology and Geometry, Linear Algebra","Lecture Notes, Instructor Insights , assignment, Multiple Assignment Types"
https://ocw.mit.edu/courses/mas-666-developmental-entrepreneurship-fall-2003/,MAS.666 , Graduate,courses,Developmental Entrepreneurship,"Prof. Alex Pentland, ","Entrepreneurship, Economics, Social Science","Lecture Notes, Instructor Insights , assignment, Multiple Assignment Types"
https://ocw.mit.edu/courses/4-196-architecture-design-level-ii-cuba-studio-spring-2004/,4.196, Graduate,courses,"Architecture Design, Level II: Cuba Studio","Prof. Jan Wampler, ","Architecture, Social Science, Fine Arts","Lecture Notes, Instructor Insights , assignment, Multiple Assignment Types"
https://ocw.mit.edu/courses/21l-472-major-european-novels-fall-2008/,21L.472 , Undergraduate,courses,Major European Novels,"Prof. Alvin Kibel, ","Humanities, Literature, Criticism","Lecture Notes, Instructor Insights , assignment, Multiple Assignment Types"
https://ocw.mit.edu/courses/21m-675-dance-theory-and-composition-fall-2003/,21M.675 , Undergraduate,courses,Dance Theory and Composition,"Prof. Thomas DeFrantz, ","Music, Fine Arts, Performance Arts","Lecture Notes, Instructor Insights , assignment, Multiple Assignment Types"
https://ocw.mit.edu/courses/21w-794-graduate-technical-writing-workshop-january-iap-2019/,21W.794 , Graduate,courses,Graduate Technical Writing Workshop,"Caroline Beimford, Dr. Andreas Karatsolis","Humanities, Literature, Academic Writing","Lecture Notes, Instructor Insights , assignment, Multiple Assignment Types"
https://ocw.mit.edu/courses/22-s902-do-it-yourself-diy-geiger-counters-january-iap-2015/,22.S902 , Undergraduate,courses,Do-It-Yourself (DIY) Geiger Counters,"Mark Chilenski, Matthew D'Asaro","Engineering, Science, Physics","Lecture Notes, Instructor Insights , assignment, Multiple Assignment Types"
https://ocw.mit.edu/courses/5-08j-biological-chemistry-ii-spring-2016/,5.08J , Undergraduate,courses,Biological Chemistry II,"Prof. Elizabeth Nolan, Prof. Joanne Stubbe","Science, Chemistry, Biology","Lecture Notes, Instructor Insights , assignment, Multiple Assignment Types"
https://ocw.mit.edu/courses/6-884-complex-digital-systems-spring-2005/,6.884, Graduate,courses,Complex Digital Systems,"Prof. Arvind, Prof. Krste Asanovic","Engineering, Computer Science, Mathematics","Lecture Notes, Instructor Insights , assignment, Multiple Assignment Types"
https://ocw.mit.edu/courses/pe-730-archery-spring-2006/,PE.730 , Undergraduate,courses,Archery,"Prof. Jaroslav Koniusz, Prof. Cheryl Silva","Health and Medicine, Physical Education and Recreation, ","Lecture Notes, Instructor Insights , assignment, Multiple Assignment Types"
https://ocw.mit.edu/courses/15-772j-d-lab-supply-chains-fall-2014/,15.772J , Undergraduate,courses,D-Lab: Supply Chains,"Prof. Stephen Graves, ","The Developing World, Society, Business","Lecture Notes, Instructor Insights , assignment, Multiple Assignment Types"
https://ocw.mit.edu/courses/15-564-information-technology-i-spring-2003/,15.564, Graduate,courses,Information Technology I,"Prof. Chrysanthos Dellarocas, ","Engineering, Computer Science, Electrical Engineering","Lecture Notes, Instructor Insights , assignment, Multiple Assignment Types"
https://ocw.mit.edu/courses/3-012-fundamentals-of-materials-science-fall-2005/,3.012, Undergraduate,courses,Fundamentals of Materials Science,"Prof. Darrell Irvine, Prof. Nicola Marzari","Engineering, Science, Physics","Lecture Notes, Instructor Insights , assignment, Multiple Assignment Types"
https://ocw.mit.edu/courses/15-084j-nonlinear-programming-spring-2004/,15.084J , Graduate,courses,Nonlinear Programming,"Prof. Robert Freund, ","Engineering, Mathematics, Systems Engineering","Lecture Notes, Instructor Insights , assignment, Multiple Assignment Types"
https://ocw.mit.edu/courses/esd-36-system-project-management-fall-2012/,ESD.36 , Graduate,courses,System Project Management,"Prof. Dan Braha, Prof. Olivier de Weck","Management, Business, Project Management","Lecture Notes, Instructor Insights , assignment, Multiple Assignment Types"
https://ocw.mit.edu/courses/17-568-comparative-politics-and-international-relations-of-the-middle-east-spring-2017/,17.568, Graduate,courses,Comparative Politics and International Relations of the Middle East,"Prof. Fotini Christia, Prof. Richard Nielsen","Social Science, Political Science, International Relations","Lecture Notes, Instructor Insights , assignment, Multiple Assignment Types"
https://ocw.mit.edu/courses/2-500-desalination-and-water-purification-spring-2009/,2.5, Graduate,courses,Desalination and Water Purification,"Dr. Miriam Balaban, Prof. John Lienhard","Engineering, Energy, Environmental Engineering","Lecture Notes, Instructor Insights , assignment, Multiple Assignment Types"
https://ocw.mit.edu/courses/21h-927j-the-economic-history-of-work-and-family-spring-2005/,21H.927J , Undergraduate,courses,The Economic History of Work and Family,"Prof. Anne McCants, ","Humanities, History, Economics","Lecture Notes, Instructor Insights , assignment, Multiple Assignment Types"
https://ocw.mit.edu/courses/11-123-big-plans-and-mega-urban-landscapes-spring-2014/,11.123, Undergraduate,courses,Big Plans and Mega-Urban Landscapes,"Kian Goh, ","Social Science, Urban Studies, Urban Planning","Lecture Notes, Instructor Insights , assignment, Multiple Assignment Types"
https://ocw.mit.edu/courses/21h-522-japan-in-the-age-of-the-samurai-history-and-film-fall-2006/,21H.522 , Undergraduate,courses,Japan in the Age of the Samurai:  History and Film,"Aaron Moore, ","Humanities, History, Social Science","Lecture Notes, Instructor Insights , assignment, Multiple Assignment Types"
https://ocw.mit.edu/courses/21h-207-the-energy-crisis-past-and-present-fall-2010/,21H.207 , Undergraduate,courses,The Energy Crisis: Past and Present,"Prof. Meg Jacobs, ","Humanities, History, Social Science","Lecture Notes, Instructor Insights , assignment, Multiple Assignment Types"
https://ocw.mit.edu/courses/21w-034-science-writing-and-new-media-perspectives-on-medicine-and-public-health-fall-2016/,21W.034 , Undergraduate,courses,Science Writing and New Media: Perspectives on Medicine and Public Health,"Dr. Cynthia Taft, ","Humanities, Literature, Health and Medicine","Lecture Notes, Instructor Insights , assignment, Multiple Assignment Types"
https://ocw.mit.edu/courses/4-601-introduction-to-art-history-fall-2018/,4.601, Undergraduate,courses,Introduction to Art History,"Prof. Kristel R Smentek, ","Fine Arts, Art History, ","Lecture Notes, Instructor Insights , assignment, Multiple Assignment Types"
https://ocw.mit.edu/courses/6-s095-programming-for-the-puzzled-january-iap-2018/,6.S095 , Undergraduate,courses,Programming for the Puzzled,"Prof. Srini Devadas, ","Engineering, Computer Science, Programming Languages","Lecture Notes, Instructor Insights , assignment, Multiple Assignment Types"
https://ocw.mit.edu/courses/6-911-transcribing-prosodic-structure-of-spoken-utterances-with-tobi-january-iap-2006/,6.911, Undergraduate,courses,Transcribing Prosodic Structure of Spoken Utterances with ToBI,"Dr. Alejna Brugos, Dr. Stefanie Shattuck-Hufnagel","Engineering, Science, Computer Science","Lecture Notes, Instructor Insights , assignment, Multiple Assignment Types"
https://ocw.mit.edu/courses/6-890-algorithmic-lower-bounds-fun-with-hardness-proofs-fall-2014/,6.89, Graduate,courses,Algorithmic Lower Bounds: Fun with Hardness Proofs,"Prof. Erik Demaine, ","Engineering, Computer Science, Mathematics","Lecture Notes, Instructor Insights , assignment, Multiple Assignment Types"
https://ocw.mit.edu/courses/5-08j-biological-chemistry-ii-spring-2016/,5.08J , Undergraduate,courses,Biological Chemistry II,"Prof. Elizabeth Nolan, Prof. Joanne Stubbe","Science, Chemistry, Biology","Lecture Notes, Instructor Insights , assignment, Multiple Assignment Types"
https://ocw.mit.edu/courses/6-884-complex-digital-systems-spring-2005/,6.884, Graduate,courses,Complex Digital Systems,"Prof. Arvind, Prof. Krste Asanovic","Engineering, Computer Science, Mathematics","Lecture Notes, Instructor Insights , assignment, Multiple Assignment Types"
https://ocw.mit.edu/courses/pe-730-archery-spring-2006/,PE.730 , Undergraduate,courses,Archery,"Prof. Jaroslav Koniusz, Prof. Cheryl Silva","Health and Medicine, Physical Education and Recreation, ","Lecture Notes, Instructor Insights , assignment, Multiple Assignment Types"
https://ocw.mit.edu/courses/15-772j-d-lab-supply-chains-fall-2014/,15.772J , Undergraduate,courses,D-Lab: Supply Chains,"Prof. Stephen Graves, ","The Developing World, Society, Business","Lecture Notes, Instructor Insights , assignment, Multiple Assignment Types"
https://ocw.mit.edu/courses/15-564-information-technology-i-spring-2003/,15.564, Graduate,courses,Information Technology I,"Prof. Chrysanthos Dellarocas, ","Engineering, Computer Science, Electrical Engineering","Lecture Notes, Instructor Insights , assignment, Multiple Assignment Types"
https://ocw.mit.edu/courses/3-012-fundamentals-of-materials-science-fall-2005/,3.012, Undergraduate,courses,Fundamentals of Materials Science,"Prof. Darrell Irvine, Prof. Nicola Marzari","Engineering, Science, Physics","Lecture Notes, Instructor Insights , assignment, Multiple Assignment Types"
https://ocw.mit.edu/courses/15-084j-nonlinear-programming-spring-2004/,15.084J , Graduate,courses,Nonlinear Programming,"Prof. Robert Freund, ","Engineering, Mathematics, Systems Engineering","Lecture Notes, Instructor Insights , assignment, Multiple Assignment Types"
https://ocw.mit.edu/courses/esd-36-system-project-management-fall-2012/,ESD.36 , Graduate,courses,System Project Management,"Prof. Dan Braha, Prof. Olivier de Weck","Management, Business, Project Management","Lecture Notes, Instructor Insights , assignment, Multiple Assignment Types"
https://ocw.mit.edu/courses/17-568-comparative-politics-and-international-relations-of-the-middle-east-spring-2017/,17.568, Graduate,courses,Comparative Politics and International Relations of the Middle East,"Prof. Fotini Christia, Prof. Richard Nielsen","Social Science, Political Science, International Relations","Lecture Notes, Instructor Insights , assignment, Multiple Assignment Types"
https://ocw.mit.edu/courses/2-500-desalination-and-water-purification-spring-2009/,2.5, Graduate,courses,Desalination and Water Purification,"Dr. Miriam Balaban, Prof. John Lienhard","Engineering, Energy, Environmental Engineering","Lecture Notes, Instructor Insights , assignment, Multiple Assignment Types"
https://ocw.mit.edu/courses/21h-927j-the-economic-history-of-work-and-family-spring-2005/,21H.927J , Undergraduate,courses,The Economic History of Work and Family,"Prof. Anne McCants, ","Humanities, History, Economics","Lecture Notes, Instructor Insights , assignment, Multiple Assignment Types"
https://ocw.mit.edu/courses/11-123-big-plans-and-mega-urban-landscapes-spring-2014/,11.123, Undergraduate,courses,Big Plans and Mega-Urban Landscapes,"Kian Goh, ","Social Science, Urban Studies, Urban Planning","Lecture Notes, Instructor Insights , assignment, Multiple Assignment Types"
https://ocw.mit.edu/courses/21h-522-japan-in-the-age-of-the-samurai-history-and-film-fall-2006/,21H.522 , Undergraduate,courses,Japan in the Age of the Samurai:  History and Film,"Aaron Moore, ","Humanities, History, Social Science","Lecture Notes, Instructor Insights , assignment, Multiple Assignment Types"
https://ocw.mit.edu/courses/21h-207-the-energy-crisis-past-and-present-fall-2010/,21H.207 , Undergraduate,courses,The Energy Crisis: Past and Present,"Prof. Meg Jacobs, ","Humanities, History, Social Science","Lecture Notes, Instructor Insights , assignment, Multiple Assignment Types"
https://ocw.mit.edu/courses/21w-034-science-writing-and-new-media-perspectives-on-medicine-and-public-health-fall-2016/,21W.034 , Undergraduate,courses,Science Writing and New Media: Perspectives on Medicine and Public Health,"Dr. Cynthia Taft, ","Humanities, Literature, Health and Medicine","Lecture Notes, Instructor Insights , assignment, Multiple Assignment Types"
https://ocw.mit.edu/courses/4-601-introduction-to-art-history-fall-2018/,4.601, Undergraduate,courses,Introduction to Art History,"Prof. Kristel R Smentek, ","Fine Arts, Art History, ","Lecture Notes, Instructor Insights , assignment, Multiple Assignment Types"
https://ocw.mit.edu/courses/6-s095-programming-for-the-puzzled-january-iap-2018/,6.S095 , Undergraduate,courses,Programming for the Puzzled,"Prof. Srini Devadas, ","Engineering, Computer Science, Programming Languages","Lecture Notes, Instructor Insights , assignment, Multiple Assignment Types"
https://ocw.mit.edu/courses/6-911-transcribing-prosodic-structure-of-spoken-utterances-with-tobi-january-iap-2006/,6.911, Undergraduate,courses,Transcribing Prosodic Structure of Spoken Utterances with ToBI,"Dr. Alejna Brugos, Dr. Stefanie Shattuck-Hufnagel","Engineering, Science, Computer Science","Lecture Notes, Instructor Insights , assignment, Multiple Assignment Types"
https://ocw.mit.edu/courses/6-890-algorithmic-lower-bounds-fun-with-hardness-proofs-fall-2014/,6.89, Graduate,courses,Algorithmic Lower Bounds: Fun with Hardness Proofs,"Prof. Erik Demaine, ","Engineering, Computer Science, Mathematics","Lecture Notes, Instructor Insights , assignment, Multiple Assignment Types"
https://ocw.mit.edu/courses/ec-715-d-lab-disseminating-innovations-for-the-common-good-spring-2007/,EC.715 , Undergraduate,courses,D-Lab: Disseminating Innovations for the Common Good,"Susan Murcott, ","Entrepreneurship, Economics, Social Science","Lecture Notes, Instructor Insights , assignment, Multiple Assignment Types"
https://ocw.mit.edu/courses/21l-435-shakespeare-film-and-media-fall-2002/,21L.435 , Undergraduate,courses,"Shakespeare, Film and Media","Prof. Peter S. Donaldson, ","Humanities, Literature, Visual Arts","Lecture Notes, Instructor Insights , assignment, Multiple Assignment Types"
https://ocw.mit.edu/courses/21m-293-music-of-africa-fall-2005/,21M.293 , Undergraduate,courses,Music of Africa,"Prof. Patricia Tang, ","Humanities, History, Music","Lecture Notes, Instructor Insights , assignment, Multiple Assignment Types"
https://ocw.mit.edu/courses/2-20-marine-hydrodynamics-13-021-spring-2005/,2.2, Graduate,courses,Marine Hydrodynamics (13.021),"Prof. Dick K. P. Yue, ","Engineering, Mechanical Engineering, Fluid Mechanics","Lecture Notes, Instructor Insights , assignment, Multiple Assignment Types"
https://ocw.mit.edu/courses/4-580-inquiry-into-computation-and-design-fall-2006/,4.58, Graduate,courses,Inquiry into Computation and Design,"Prof. Terry Knight, ","Engineering, Architecture, Systems Engineering","Lecture Notes, Instructor Insights , assignment, Multiple Assignment Types"
https://ocw.mit.edu/courses/6-s096-effective-programming-in-c-and-c-january-iap-2014/,6.S096 , Undergraduate,courses,Effective Programming in C and C++,"Andre Kessler, ","Engineering, Computer Science, Software Design and Engineering","Lecture Notes, Instructor Insights , assignment, Multiple Assignment Types"
https://ocw.mit.edu/courses/4-401-introduction-to-building-technology-spring-2006/,4.401, Undergraduate,courses,Introduction to Building Technology,"Prof. Marilyne Andersen, ","Engineering, Architecture, Fine Arts","Lecture Notes, Instructor Insights , assignment, Multiple Assignment Types"
https://ocw.mit.edu/courses/15-220-global-strategy-and-organization-spring-2008/,15.22, Graduate,courses,Global Strategy and Organization,"Prof. Donald Lessard, ","Management, Economics, Social Science","Lecture Notes, Instructor Insights , assignment, Multiple Assignment Types"
https://ocw.mit.edu/courses/15-s08-fintech-shaping-the-financial-world-spring-2020/,15.S08 , Graduate,courses,FinTech: Shaping the Financial World,"Prof. Gary Gensler, ","Engineering, Computer Science, Innovation","Lecture Notes, Instructor Insights , assignment, Multiple Assignment Types"
https://ocw.mit.edu/courses/10-445-separation-processes-for-biochemical-products-summer-2005/,10.445, Undergraduate,courses,Separation Processes for Biochemical Products,"Prof. Charles Cooney, ","Engineering, Science, Chemistry","Lecture Notes, Instructor Insights , assignment, Multiple Assignment Types"
https://ocw.mit.edu/courses/24-06j-bioethics-spring-2009/,24.06J , Undergraduate,courses,Bioethics,"Prof. Caspar Hare, Prof. David Jones","Humanities, Ethics, Health and Medicine","Lecture Notes, Instructor Insights , assignment, Multiple Assignment Types"
https://ocw.mit.edu/courses/11-493-legal-aspects-of-property-and-land-use-fall-2005/,11.493, Graduate,courses,Legal Aspects of Property and Land Use,"Prof. Balakrishnan Rajagopal, ","Humanities, Social Science, Political Science","Lecture Notes, Instructor Insights , assignment, Multiple Assignment Types"
https://ocw.mit.edu/courses/cms-362-civic-media-codesign-studio-spring-2016/,CMS.362 , Undergraduate,courses,Civic Media Codesign Studio,"Prof. Sasha Costanza-Chock, Evan Henshaw-Plath","Communication, Humanities, Innovation","Lecture Notes, Instructor Insights , assignment, Multiple Assignment Types"
https://ocw.mit.edu/courses/4-647-technopolitics-culture-intervention-fall-2014/,4.647, Graduate,courses,"Technopolitics, Culture, Intervention","Prof. Arindam Dutta, ","Architecture, Fine Arts, Architectural Design","Lecture Notes, Instructor Insights , assignment, Multiple Assignment Types"
https://ocw.mit.edu/courses/2-76-multi-scale-system-design-fall-2004/,2.76, Graduate,courses,Multi-Scale System Design,"Prof. Martin Culpepper, Prof. Sang-Gook Kim","Engineering, Mechanical Engineering, Systems Engineering","Lecture Notes, Instructor Insights , assignment, Multiple Assignment Types"
https://ocw.mit.edu/courses/16-430j-sensory-neural-systems-spatial-orientation-from-end-organs-to-behavior-and-adaptation-spring-2012/,16.430J , Graduate,courses,Sensory-Neural Systems: Spatial Orientation from End Organs to Behavior and Adaptation,"Dr. Kathleen Cullen, Dr. Daniel M. Merfeld","Engineering, Science, Biology","Lecture Notes, Instructor Insights , assignment, Multiple Assignment Types"
https://ocw.mit.edu/courses/17-918-new-global-agenda-exploring-21st-century-challenges-through-innovations-in-information-technologies-january-iap-2006/,17.918, Undergraduate,courses,New Global Agenda: Exploring 21st Century Challenges through Innovations in Information Technologies,"Prof. Nazli Choucri, ","Social Science, Public Administration, Political Science","Lecture Notes, Instructor Insights , assignment, Multiple Assignment Types"
https://ocw.mit.edu/courses/18-02sc-multivariable-calculus-fall-2010/,18.02SC , Undergraduate,courses,Multivariable Calculus,"Prof. Denis Auroux, ","Mathematics, Linear Algebra, Differential Equations","Lecture Notes, Instructor Insights , assignment, Multiple Assignment Types"
https://ocw.mit.edu/courses/18-755-introduction-to-lie-groups-fall-2004/,18.755, Graduate,courses,Introduction to Lie Groups,"Prof. Sigurdur Helgason, ","Mathematics, Algebra and Number Theory, Topology and Geometry","Lecture Notes, Instructor Insights , assignment, Multiple Assignment Types"
https://ocw.mit.edu/courses/21l-002x-foundations-of-world-culture-ii-world-literatures-and-texts-spring-2012/,21L.002X , Undergraduate,courses,Foundations of World Culture II: World Literatures and Texts,"Dr. Ghenwa Hayek, ","Humanities, Literature, Classics","Lecture Notes, Instructor Insights , assignment, Multiple Assignment Types"
https://ocw.mit.edu/courses/21l-435-shakespeare-film-and-media-fall-2002/,21L.435 , Undergraduate,courses,"Shakespeare, Film and Media","Prof. Peter S. Donaldson, ","Humanities, Literature, Visual Arts","Lecture Notes, Instructor Insights , assignment, Multiple Assignment Types"
https://ocw.mit.edu/courses/21a-120-american-dream-using-storytelling-to-explore-social-class-in-the-united-states-spring-2018/,21A.120 , Undergraduate,courses,American Dream: Using Storytelling to Explore Social Class in the United States,"Prof. Christine Walley, ","Social Science, Sociology, Anthropology","Lecture Notes, Instructor Insights , assignment, Multiple Assignment Types"
https://ocw.mit.edu/courses/21h-165-modern-african-history-spring-2019/,21H.165 , Undergraduate,courses,Modern African History,"Prof. Kenda Mutongi, ","Humanities, History, European History","Lecture Notes, Instructor Insights , assignment, Multiple Assignment Types"
https://ocw.mit.edu/courses/21l-310-bestsellers-detective-fiction-fall-2006/,21L.310 , Undergraduate,courses,Bestsellers: Detective Fiction,"Prof. Stephen Tapscott, ","Humanities, Literature, Criticism","Lecture Notes, Instructor Insights , assignment, Multiple Assignment Types"
https://ocw.mit.edu/courses/2-26-compressible-fluid-dynamics-spring-2004/,2.26, Graduate,courses,Compressible Fluid Dynamics,"Prof. Anette Hosoi, ","Engineering, Science, Physics","Lecture Notes, Instructor Insights , assignment, Multiple Assignment Types"
https://ocw.mit.edu/courses/24-914-language-variation-and-change-spring-2019/,24.914, Undergraduate,courses,Language Variation and Change,"Prof. Edward Flemming, ","Humanities, Linguistics, Phonology","Lecture Notes, Instructor Insights , assignment, Multiple Assignment Types"
https://ocw.mit.edu/courses/24-964-topics-in-phonology-fall-2004/,24.964, Graduate,courses,Topics in Phonology,"Prof. Adam Albright, ","Engineering, Humanities, Systems Engineering","Lecture Notes, Instructor Insights , assignment, Multiple Assignment Types"
https://ocw.mit.edu/courses/4-491-form-finding-and-structural-optimization-gaudi-workshop-fall-2004/,4.491, Graduate,courses,Form-Finding and Structural Optimization: Gaudi Workshop,"Prof. Barbara Cutler, Prof. Erik Demaine","Engineering, Architecture, Systems Engineering","Lecture Notes, Instructor Insights , assignment, Multiple Assignment Types"
https://ocw.mit.edu/courses/8-325-relativistic-quantum-field-theory-iii-spring-2003/,8.325, Graduate,courses,Relativistic Quantum Field Theory III,"Prof. Frank Wilczek, ","Science, Physics, Theoretical Physics","Lecture Notes, Instructor Insights , assignment, Multiple Assignment Types"
https://ocw.mit.edu/courses/9-67-object-and-face-recognition-spring-2001/,9.67, Undergraduate,courses,Object and Face Recognition,"Prof. Pawan Sinha, ","Engineering, Science, Systems Engineering","Lecture Notes, Instructor Insights , assignment, Multiple Assignment Types"
https://ocw.mit.edu/courses/mas-450-holographic-imaging-spring-2003/,MAS.450 , Undergraduate,courses,Holographic Imaging,"Prof. Stephen Benton, Prof. Michael Halle","Engineering, Science, Computer Science","Lecture Notes, Instructor Insights , assignment, Multiple Assignment Types"
https://ocw.mit.edu/courses/18-04-complex-variables-with-applications-fall-1999/,18.04, Undergraduate,courses,Complex Variables with Applications,"Prof. R. Rosales, ","Mathematics, Algebra and Number Theory, Calculus","Lecture Notes, Instructor Insights , assignment, Multiple Assignment Types"
https://ocw.mit.edu/courses/6-s897-machine-learning-for-healthcare-spring-2019/,6.S897 , Graduate,courses,Machine Learning for Healthcare,"Prof. David Sontag, Prof. Peter Szolovits","Engineering, Computer Science, Artificial Intelligence","Lecture Notes, Instructor Insights , assignment, Multiple Assignment Types"
https://ocw.mit.edu/courses/16-346-astrodynamics-fall-2008/,16.346, Graduate,courses,Astrodynamics,"Prof. Richard Battin, ","Engineering, Aerospace Engineering, Astrodynamics","Lecture Notes, Instructor Insights , assignment, Multiple Assignment Types"
https://ocw.mit.edu/courses/17-801-political-science-scope-and-methods-fall-2017/,17.801, Undergraduate,courses,Political Science Scope and Methods,"Prof. Chappell Lawson, ","Social Science, Political Science, ","Lecture Notes, Instructor Insights , assignment, Multiple Assignment Types"
https://ocw.mit.edu/courses/12-517-dynamics-of-complex-systems-ecological-theory-spring-2001/,12.517, Graduate,courses,Dynamics of Complex Systems: Ecological Theory,"Prof. Daniel Rothman, ","Engineering, Science, Biological Engineering","Lecture Notes, Instructor Insights , assignment, Multiple Assignment Types"
https://ocw.mit.edu/courses/1-74-land-water-food-and-climate-fall-2020/,1.74, Graduate,courses,"Land, Water, Food, and Climate","Prof. Dennis McLaughlin, ","Science, Earth Science, Energy","Lecture Notes, Instructor Insights , assignment, Multiple Assignment Types"
https://ocw.mit.edu/courses/17-55j-introduction-to-latin-american-studies-fall-2006/,17.55J , Undergraduate,courses,Introduction to Latin American Studies,"Prof. Chappell Lawson, ","Social Science, Political Science, The Developing World","Lecture Notes, Instructor Insights , assignment, Multiple Assignment Types"
https://ocw.mit.edu/courses/2-004-modeling-dynamics-and-control-ii-spring-2003/,2.004, Undergraduate,courses,Modeling Dynamics and Control II,"Prof. Triantaphyllos Akylas, Prof. George Haller","Engineering, Mathematics, Mechanical Engineering","Lecture Notes, Instructor Insights , assignment, Multiple Assignment Types"
https://ocw.mit.edu/courses/18-s190-introduction-to-computational-thinking-with-julia-with-applications-to-modeling-the-covid-19-pandemic-spring-2020/,18.S190 , Undergraduate,courses,"Introduction to Computational Thinking with Julia, with Applications to Modeling the COVID-19 Pandemic","Prof. Alan Edelman, Prof. David P. Sanders","Engineering, Computer Science, Mathematics","Lecture Notes, Instructor Insights , assignment, Multiple Assignment Types"
https://ocw.mit.edu/courses/21a-120-american-dream-using-storytelling-to-explore-social-class-in-the-united-states-spring-2018/,21A.120 , Undergraduate,courses,American Dream: Using Storytelling to Explore Social Class in the United States,"Prof. Christine Walley, ","Social Science, Sociology, Anthropology","Lecture Notes, Instructor Insights , assignment, Multiple Assignment Types"
https://ocw.mit.edu/courses/21h-165-modern-african-history-spring-2019/,21H.165 , Undergraduate,courses,Modern African History,"Prof. Kenda Mutongi, ","Humanities, History, European History","Lecture Notes, Instructor Insights , assignment, Multiple Assignment Types"
https://ocw.mit.edu/courses/21l-310-bestsellers-detective-fiction-fall-2006/,21L.310 , Undergraduate,courses,Bestsellers: Detective Fiction,"Prof. Stephen Tapscott, ","Humanities, Literature, Criticism","Lecture Notes, Instructor Insights , assignment, Multiple Assignment Types"
https://ocw.mit.edu/courses/2-26-compressible-fluid-dynamics-spring-2004/,2.26, Graduate,courses,Compressible Fluid Dynamics,"Prof. Anette Hosoi, ","Engineering, Science, Physics","Lecture Notes, Instructor Insights , assignment, Multiple Assignment Types"
https://ocw.mit.edu/courses/24-914-language-variation-and-change-spring-2019/,24.914, Undergraduate,courses,Language Variation and Change,"Prof. Edward Flemming, ","Humanities, Linguistics, Phonology","Lecture Notes, Instructor Insights , assignment, Multiple Assignment Types"
https://ocw.mit.edu/courses/24-964-topics-in-phonology-fall-2004/,24.964, Graduate,courses,Topics in Phonology,"Prof. Adam Albright, ","Engineering, Humanities, Systems Engineering","Lecture Notes, Instructor Insights , assignment, Multiple Assignment Types"
https://ocw.mit.edu/courses/4-491-form-finding-and-structural-optimization-gaudi-workshop-fall-2004/,4.491, Graduate,courses,Form-Finding and Structural Optimization: Gaudi Workshop,"Prof. Barbara Cutler, Prof. Erik Demaine","Engineering, Architecture, Systems Engineering","Lecture Notes, Instructor Insights , assignment, Multiple Assignment Types"
https://ocw.mit.edu/courses/8-325-relativistic-quantum-field-theory-iii-spring-2003/,8.325, Graduate,courses,Relativistic Quantum Field Theory III,"Prof. Frank Wilczek, ","Science, Physics, Theoretical Physics","Lecture Notes, Instructor Insights , assignment, Multiple Assignment Types"
https://ocw.mit.edu/courses/9-67-object-and-face-recognition-spring-2001/,9.67, Undergraduate,courses,Object and Face Recognition,"Prof. Pawan Sinha, ","Engineering, Science, Systems Engineering","Lecture Notes, Instructor Insights , assignment, Multiple Assignment Types"
https://ocw.mit.edu/courses/mas-450-holographic-imaging-spring-2003/,MAS.450 , Undergraduate,courses,Holographic Imaging,"Prof. Stephen Benton, Prof. Michael Halle","Engineering, Science, Computer Science","Lecture Notes, Instructor Insights , assignment, Multiple Assignment Types"
https://ocw.mit.edu/courses/sts-050-the-history-of-mit-spring-2011/,STS.050 , Undergraduate,courses,The History of MIT,"Prof. David Mindell, Prof. Merritt Roe Smith","Humanities, History, Teaching and Education","Lecture Notes, Instructor Insights , assignment, Multiple Assignment Types"
https://ocw.mit.edu/courses/14-02-principles-of-macroeconomics-fall-2004/,14.02, Undergraduate,courses,Principles of Macroeconomics,"Prof. Ricardo Caballero, ","Economics, Social Science, Macroeconomics","Lecture Notes, Instructor Insights , assignment, Multiple Assignment Types"
https://ocw.mit.edu/courses/6-041-probabilistic-systems-analysis-and-applied-probability-spring-2006/,6.041, Undergraduate,courses,Probabilistic Systems Analysis and Applied  Probability,"Prof. Munther Dahleh, ","Mathematics, Probability and Statistics, Discrete Mathematics","Lecture Notes, Instructor Insights , assignment, Multiple Assignment Types"
https://ocw.mit.edu/courses/11-942-use-of-joint-fact-finding-in-science-intensive-policy-disputes-part-ii-spring-2004/,11.942, Graduate,courses,"Use of Joint Fact Finding in Science Intensive Policy Disputes, Part II","Dr. Herman Karl, Prof. Lawrence Susskind","Engineering, Social Science, Public Administration","Lecture Notes, Instructor Insights , assignment, Multiple Assignment Types"
https://ocw.mit.edu/courses/11-s945-urbanizing-china-a-reflective-dialogue-fall-2013/,11.S945 , Graduate,courses,Urbanizing China: A Reflective Dialogue,"Prof. Jinhua Zhao, ","Economics, Social Science, Public Administration","Lecture Notes, Instructor Insights , assignment, Multiple Assignment Types"
https://ocw.mit.edu/courses/cms-608-game-design-spring-2008/,CMS.608 , Undergraduate,courses,Game Design,"Clara Fernandez-Vara, Jesper Juul","Media Studies, Fine Arts, Game Design","Lecture Notes, Instructor Insights , assignment, Multiple Assignment Types"
https://ocw.mit.edu/courses/21l-501-the-american-novel-fall-2006/,21L.501 , Undergraduate,courses,The American Novel,"Prof. Sandy Alexandre, ","Humanities, Literature, History","Lecture Notes, Instructor Insights , assignment, Multiple Assignment Types"
https://ocw.mit.edu/courses/12-820-turbulence-in-the-ocean-and-atmosphere-spring-2006/,12.82, Graduate,courses,Turbulence in the Ocean and Atmosphere,"Prof. Raffaele Ferrari, Prof. Glenn Flierl","Engineering, Science, Mechanical Engineering","Lecture Notes, Instructor Insights , assignment, Multiple Assignment Types"
https://ocw.mit.edu/courses/9-012-the-brain-and-cognitive-sciences-ii-spring-2002/,9.012, Graduate,courses,The Brain and Cognitive Sciences II,"Prof. Nancy Kanwisher, Prof. Earl Miller","Science, Social Science, Biology","Lecture Notes, Instructor Insights , assignment, Multiple Assignment Types"
https://ocw.mit.edu/courses/14-30-introduction-to-statistical-method-in-economics-spring-2006/,14.3, Undergraduate,courses,Introduction to Statistical Method in Economics,"Herman Bennett, ","Mathematics, Probability and Statistics, Economics","Lecture Notes, Instructor Insights , assignment, Multiple Assignment Types"
https://ocw.mit.edu/courses/14-731-economic-history-fall-2006/,14.731, Graduate,courses,Economic History,"Prof. Dora Costa, Prof. Peter Temin","Humanities, History, Economics","Lecture Notes, Instructor Insights , assignment, Multiple Assignment Types"
https://ocw.mit.edu/courses/11-945-springfield-studio-fall-2005/,11.945, Graduate,courses,Springfield Studio,"Prof. Ceasar McDowell, Prof. Karl Seidman","Economics, Social Science, Public Administration","Lecture Notes, Instructor Insights , assignment, Multiple Assignment Types"
https://ocw.mit.edu/courses/7-347-epigenetic-regulation-of-stem-cells-spring-2014/,7.347, Undergraduate,courses,Epigenetic Regulation of Stem Cells,"Dr. Vidya Subramanian, Dr. Eric Williams","Science, Biology, Genetics","Lecture Notes, Instructor Insights , assignment, Multiple Assignment Types"
https://ocw.mit.edu/courses/12-570-structure-and-dynamics-of-the-cmb-region-spring-2004/,12.57, Graduate,courses,Structure and Dynamics of the CMB Region,"Prof. Stephane Rondenay, Prof. Sang-Heon (Dan) Shim","Science, Earth Science, Geochemistry","Lecture Notes, Instructor Insights , assignment, Multiple Assignment Types"
https://ocw.mit.edu/courses/18-725-algebraic-geometry-fall-2003/,18.725, Graduate,courses,Algebraic Geometry,"Prof. Martin Olsson, ","Mathematics, Algebra and Number Theory, Topology and Geometry","Lecture Notes, Instructor Insights , assignment, Multiple Assignment Types"
https://ocw.mit.edu/courses/2-003j-dynamics-and-vibration-13-013j-fall-2002/,2.003J , Undergraduate,courses,Dynamics and Vibration (13.013J),"Prof. Nicholas Patrikalakis, Prof. J. Kim Vandiver","Engineering, Science, Physics","Lecture Notes, Instructor Insights , assignment, Multiple Assignment Types"
https://ocw.mit.edu/courses/21l-704-studies-in-poetry-from-the-sonneteers-to-the-metaphysicals-spring-2006/,21L.704 , Undergraduate,courses,Studies in Poetry: From the Sonneteers to the Metaphysicals,"Prof. Shankar Raman, ","Humanities, Literature, Criticism","Lecture Notes, Instructor Insights , assignment, Multiple Assignment Types"
https://ocw.mit.edu/courses/21w-735-writing-and-reading-the-essay-fall-2004/,21W.735 , Undergraduate,courses,Writing and Reading the Essay,"Prof. Anthony Lioi, ","Humanities, Literature, Nonfiction Prose","Lecture Notes, Instructor Insights , assignment, Multiple Assignment Types"
https://ocw.mit.edu/courses/6-s096-introduction-to-c-and-c-january-iap-2013/,6.S096 , Undergraduate,courses,Introduction to C and C++,"Frank Li, Tom Lieber","Engineering, Computer Science, Software Design and Engineering","Lecture Notes, Instructor Insights , assignment, Multiple Assignment Types"
https://ocw.mit.edu/courses/ids-900-integrating-doctoral-seminar-on-emerging-technologies-fall-2005/,IDS.900 , Graduate,courses,Integrating Doctoral Seminar on Emerging Technologies,"Dr. Jason Black, Prof. Daniel Hastings","Engineering, Systems Engineering, ","Lecture Notes, Instructor Insights , assignment, Multiple Assignment Types"
https://ocw.mit.edu/courses/sts-464-cultural-history-of-technology-spring-2005/,STS.464 , Graduate,courses,Cultural History of Technology,"Prof. Leo Marx, Prof. Rosalind Williams","Humanities, History, History of Science and Technology","Lecture Notes, Instructor Insights , assignment, Multiple Assignment Types"
https://ocw.mit.edu/courses/12-753-geodynamics-seminar-spring-2001/,12.753, Graduate,courses,Geodynamics Seminar,"Prof. Robert Sohn, ","Science, Earth Science, Geophysics","Lecture Notes, Instructor Insights , assignment, Multiple Assignment Types"
https://ocw.mit.edu/courses/11-947-sustainable-economic-development-spring-2004/,11.947, Graduate,courses,Sustainable Economic Development,"Prof. Karl Seidman, Prof. William Shutkin","Science, Economics, Social Science","Lecture Notes, Instructor Insights , assignment, Multiple Assignment Types"
https://ocw.mit.edu/courses/1-782-environmental-engineering-masters-of-engineering-project-fall-2003-spring-2004/,1.782, Graduate,courses,Environmental Engineering Masters of Engineering Project,"Dr. Eric Adams, Daniele Lantagne","Engineering, Environmental Engineering, Hydrology and Water Resource Systems","Lecture Notes, Instructor Insights , assignment, Multiple Assignment Types"
https://ocw.mit.edu/courses/11-947-race-immigration-and-planning-spring-2005/,11.947, Graduate,courses,"Race, Immigration, and Planning","Prof. Alethia Jones, Prof. J. Phillip Thompson","Humanities, Social Science, Society","Lecture Notes, Instructor Insights , assignment, Multiple Assignment Types"
https://ocw.mit.edu/courses/2-996-sailing-yacht-design-13-734-fall-2003/,2.996, Graduate,courses,Sailing Yacht Design (13.734),"Prof. Jerome Milgram, ","Engineering, Mechanical Engineering, Ocean Engineering","Lecture Notes, Instructor Insights , assignment, Multiple Assignment Types"
https://ocw.mit.edu/courses/21l-012-forms-of-western-narrative-spring-2004/,21L.012 , Undergraduate,courses,Forms of Western Narrative,"Prof. James Cain, ","Humanities, Literature, Media Studies","Lecture Notes, Instructor Insights , assignment, Multiple Assignment Types"
https://ocw.mit.edu/courses/11-360-community-growth-and-land-use-planning-fall-2005/,11.36, Graduate,courses,Community Growth and Land Use Planning,"Prof. Eran Ben-Joseph, Prof. Terry Szold","Social Science, Public Administration, Sociology","Lecture Notes, Instructor Insights , assignment, Multiple Assignment Types"
https://ocw.mit.edu/courses/9-63-laboratory-in-cognitive-science-fall-2002/,9.63, Undergraduate,courses,Laboratory in Cognitive Science,"Prof. Pawan Sinha, ","Science, Cognitive Science, ","Lecture Notes, Instructor Insights , assignment, Multiple Assignment Types"
https://ocw.mit.edu/courses/mas-961-ambient-intelligence-spring-2005/,MAS.961 , Graduate,courses,Ambient Intelligence,"Prof. Patricia Maes, ","Engineering, Computer Science, Artificial Intelligence","Lecture Notes, Instructor Insights , assignment, Multiple Assignment Types"
https://ocw.mit.edu/courses/6-034-artificial-intelligence-spring-2005/,6.034, Undergraduate,courses,Artificial Intelligence,"Prof. Leslie Kaelbling, Prof. Tomás Lozano-Pérez","Engineering, Computer Science, Artificial Intelligence","Lecture Notes, Instructor Insights , assignment, Multiple Assignment Types"
https://ocw.mit.edu/courses/15-769-operations-strategy-spring-2003/,15.769, Graduate,courses,Operations Strategy,"Prof. Charles H. Fine, Prof. Michael Hammer","Business, Supply Chain Management, Operations Management","Lecture Notes, Instructor Insights , assignment, Multiple Assignment Types"
https://ocw.mit.edu/courses/11-201-gateway-planning-action-fall-2007/,11.201, Graduate,courses,Gateway: Planning Action,"Prof. Xavier de Souza Briggs, ","Social Science, Urban Studies, Urban Planning","Lecture Notes, Instructor Insights , assignment, Multiple Assignment Types"
https://ocw.mit.edu/courses/12-950-atmospheric-and-oceanic-modeling-spring-2004/,12.95, Graduate,courses,Atmospheric and Oceanic Modeling,"Dr. Alistair Adcroft, Prof. Kerry Emanuel","Engineering, Science, Mathematics","Lecture Notes, Instructor Insights , assignment, Multiple Assignment Types"
https://ocw.mit.edu/courses/18-034-honors-differential-equations-spring-2004/,18.034, Undergraduate,courses,Honors Differential Equations,"Prof. Jason Starr, ","Mathematics, Linear Algebra, Differential Equations","Lecture Notes, Instructor Insights , assignment, Multiple Assignment Types"
https://ocw.mit.edu/courses/11-482j-regional-socioeconomic-impact-analyses-and-modeling-fall-2007/,11.482J , Graduate,courses,Regional Socioeconomic Impact Analyses and Modeling,"Prof. Karen R. Polenske, ","Economics, Social Science, Urban Studies","Lecture Notes, Instructor Insights , assignment, Multiple Assignment Types"
https://ocw.mit.edu/courses/14-462-advanced-macroeconomics-ii-spring-2004/,14.462, Graduate,courses,Advanced Macroeconomics II,"Prof. George-Marios Angeletos, Prof. Gilles Saint-Paul","Economics, Social Science, Industrial Organization","Lecture Notes, Instructor Insights , assignment, Multiple Assignment Types"
https://ocw.mit.edu/courses/11-201-gateway-planning-action-fall-2005/,11.201, Graduate,courses,Gateway: Planning Action,"Cherie Miot Abbanat, Prof. Xavier de Souza Briggs","Social Science, Urban Studies, Urban Planning","Lecture Notes, Instructor Insights , assignment, Multiple Assignment Types"
https://ocw.mit.edu/courses/18-156-differential-analysis-spring-2004/,18.156, Graduate,courses,Differential Analysis,"Prof. Jeff Viaclovsky, ","Mathematics, Differential Equations, Mathematical Analysis","Lecture Notes, Instructor Insights , assignment, Multiple Assignment Types"
https://ocw.mit.edu/courses/18-786-topics-in-algebraic-number-theory-spring-2006/,18.786, Graduate,courses,Topics in Algebraic Number Theory,"Prof. Kiran Kedlaya, ","Mathematics, Algebra and Number Theory, ","Lecture Notes, Instructor Insights , assignment, Multiple Assignment Types"
https://ocw.mit.edu/courses/18-969-topics-in-geometry-dirac-geometry-fall-2006/,18.969, Graduate,courses,Topics in Geometry: Dirac Geometry,"Prof. Marco Gualtieri, ","Mathematics, Topology and Geometry, Linear Algebra","Lecture Notes, Instructor Insights , assignment, Multiple Assignment Types"
https://ocw.mit.edu/courses/21l-430-popular-culture-and-narrative-serial-storytelling-spring-2013/,21L.430 , Undergraduate,courses,Popular Culture and Narrative: Serial Storytelling,"Prof. James Buzard, Elyse Graham","Media Studies, Fine Arts, Art History","Lecture Notes, Instructor Insights , assignment, Multiple Assignment Types"
https://ocw.mit.edu/courses/21l-705-major-authors-after-the-masterpiece-novels-by-melville-twain-faulkner-and-morrison-fall-2006/,21L.705 , Undergraduate,courses,"Major Authors: After the Masterpiece: Novels by Melville, Twain, Faulkner, and Morrison","Dr. Wyn Kelley, ","Humanities, Literature, American Literature","Lecture Notes, Instructor Insights , assignment, Multiple Assignment Types"
https://ocw.mit.edu/courses/21l-705-major-authors-americas-literary-scientists-fall-2010/,21L.705 , Undergraduate,courses,Major Authors: America's Literary Scientists,"Dr. Wyn Kelley, ","Humanities, Literature, History","Lecture Notes, Instructor Insights , assignment, Multiple Assignment Types"
https://ocw.mit.edu/courses/21l-705-masterworks-in-american-short-fiction-fall-2005/,21L.705 , Undergraduate,courses,Masterworks in American Short Fiction,"Prof. John Hildebidle, ","Humanities, Literature, American Literature","Lecture Notes, Instructor Insights , assignment, Multiple Assignment Types"
https://ocw.mit.edu/courses/21m-873-theater-arts-topics-fall-2004-january-iap-2005/,21M.873 , Undergraduate,courses,Theater Arts Topics,"Prof. Janet Sonenberg, ","Fine Arts, Performance Arts, Theater","Lecture Notes, Instructor Insights , assignment, Multiple Assignment Types"
https://ocw.mit.edu/courses/8-851-strong-interactions-effective-field-theories-of-qcd-spring-2006/,8.851, Graduate,courses,Strong Interactions: Effective Field Theories of QCD,"Prof. Iain Stewart, ","Science, Physics, Theoretical Physics","Lecture Notes, Instructor Insights , assignment, Multiple Assignment Types"
https://ocw.mit.edu/courses/ec-s06-practical-electronics-fall-2004/,EC.S06 , Undergraduate,courses,Practical Electronics,"Dr. James Bales, ","Engineering, Electronics, Electrical Engineering","Lecture Notes, Instructor Insights , assignment, Multiple Assignment Types"
https://ocw.mit.edu/courses/wgs-s10-reproductive-politics-in-the-united-states-spring-2013/,WGS.S10 , Undergraduate,courses,Reproductive Politics in the United States,"Dr. Rachel Roth, ","Social Science, Political Science, Society","Lecture Notes, Instructor Insights , assignment, Multiple Assignment Types"
https://ocw.mit.edu/courses/6-973-organic-optoelectronics-spring-2003/,6.973, Graduate,courses,Organic Optoelectronics,"Prof. Vladimir Bulovic, ","Engineering, Mechanical Engineering, Biological Engineering","Lecture Notes, Instructor Insights , assignment, Multiple Assignment Types"
https://ocw.mit.edu/courses/21m-380-music-and-technology-live-electronics-performance-practices-spring-2011/,21M.380 , Undergraduate,courses,Music and Technology: Live Electronics Performance Practices,"Prof. Christopher Ariza, ","Engineering, Computer Science, Electronics","Lecture Notes, Instructor Insights , assignment, Multiple Assignment Types"
https://ocw.mit.edu/courses/11-201-gateway-planning-action-fall-2007/,11.201, Graduate,courses,Gateway: Planning Action,"Prof. Xavier de Souza Briggs, ","Social Science, Urban Studies, Urban Planning","Lecture Notes, Instructor Insights , assignment, Multiple Assignment Types"
https://ocw.mit.edu/courses/12-950-atmospheric-and-oceanic-modeling-spring-2004/,12.95, Graduate,courses,Atmospheric and Oceanic Modeling,"Dr. Alistair Adcroft, Prof. Kerry Emanuel","Engineering, Science, Mathematics","Lecture Notes, Instructor Insights , assignment, Multiple Assignment Types"
https://ocw.mit.edu/courses/18-034-honors-differential-equations-spring-2004/,18.034, Undergraduate,courses,Honors Differential Equations,"Prof. Jason Starr, ","Mathematics, Linear Algebra, Differential Equations","Lecture Notes, Instructor Insights , assignment, Multiple Assignment Types"
https://ocw.mit.edu/courses/11-482j-regional-socioeconomic-impact-analyses-and-modeling-fall-2007/,11.482J , Graduate,courses,Regional Socioeconomic Impact Analyses and Modeling,"Prof. Karen R. Polenske, ","Economics, Social Science, Urban Studies","Lecture Notes, Instructor Insights , assignment, Multiple Assignment Types"
https://ocw.mit.edu/courses/14-462-advanced-macroeconomics-ii-spring-2004/,14.462, Graduate,courses,Advanced Macroeconomics II,"Prof. George-Marios Angeletos, Prof. Gilles Saint-Paul","Economics, Social Science, Industrial Organization","Lecture Notes, Instructor Insights , assignment, Multiple Assignment Types"
https://ocw.mit.edu/courses/11-201-gateway-planning-action-fall-2005/,11.201, Graduate,courses,Gateway: Planning Action,"Cherie Miot Abbanat, Prof. Xavier de Souza Briggs","Social Science, Urban Studies, Urban Planning","Lecture Notes, Instructor Insights , assignment, Multiple Assignment Types"
https://ocw.mit.edu/courses/18-156-differential-analysis-spring-2004/,18.156, Graduate,courses,Differential Analysis,"Prof. Jeff Viaclovsky, ","Mathematics, Differential Equations, Mathematical Analysis","Lecture Notes, Instructor Insights , assignment, Multiple Assignment Types"
https://ocw.mit.edu/courses/18-786-topics-in-algebraic-number-theory-spring-2006/,18.786, Graduate,courses,Topics in Algebraic Number Theory,"Prof. Kiran Kedlaya, ","Mathematics, Algebra and Number Theory, ","Lecture Notes, Instructor Insights , assignment, Multiple Assignment Types"
https://ocw.mit.edu/courses/18-969-topics-in-geometry-dirac-geometry-fall-2006/,18.969, Graduate,courses,Topics in Geometry: Dirac Geometry,"Prof. Marco Gualtieri, ","Mathematics, Topology and Geometry, Linear Algebra","Lecture Notes, Instructor Insights , assignment, Multiple Assignment Types"
https://ocw.mit.edu/courses/21l-430-popular-culture-and-narrative-serial-storytelling-spring-2013/,21L.430 , Undergraduate,courses,Popular Culture and Narrative: Serial Storytelling,"Prof. James Buzard, Elyse Graham","Media Studies, Fine Arts, Art History","Lecture Notes, Instructor Insights , assignment, Multiple Assignment Types"
https://ocw.mit.edu/courses/21l-705-major-authors-after-the-masterpiece-novels-by-melville-twain-faulkner-and-morrison-fall-2006/,21L.705 , Undergraduate,courses,"Major Authors: After the Masterpiece: Novels by Melville, Twain, Faulkner, and Morrison","Dr. Wyn Kelley, ","Humanities, Literature, American Literature","Lecture Notes, Instructor Insights , assignment, Multiple Assignment Types"
https://ocw.mit.edu/courses/21l-705-major-authors-americas-literary-scientists-fall-2010/,21L.705 , Undergraduate,courses,Major Authors: America's Literary Scientists,"Dr. Wyn Kelley, ","Humanities, Literature, History","Lecture Notes, Instructor Insights , assignment, Multiple Assignment Types"
https://ocw.mit.edu/courses/21l-705-masterworks-in-american-short-fiction-fall-2005/,21L.705 , Undergraduate,courses,Masterworks in American Short Fiction,"Prof. John Hildebidle, ","Humanities, Literature, American Literature","Lecture Notes, Instructor Insights , assignment, Multiple Assignment Types"
https://ocw.mit.edu/courses/21m-873-theater-arts-topics-fall-2004-january-iap-2005/,21M.873 , Undergraduate,courses,Theater Arts Topics,"Prof. Janet Sonenberg, ","Fine Arts, Performance Arts, Theater","Lecture Notes, Instructor Insights , assignment, Multiple Assignment Types"
https://ocw.mit.edu/courses/8-851-strong-interactions-effective-field-theories-of-qcd-spring-2006/,8.851, Graduate,courses,Strong Interactions: Effective Field Theories of QCD,"Prof. Iain Stewart, ","Science, Physics, Theoretical Physics","Lecture Notes, Instructor Insights , assignment, Multiple Assignment Types"
https://ocw.mit.edu/courses/ec-s06-practical-electronics-fall-2004/,EC.S06 , Undergraduate,courses,Practical Electronics,"Dr. James Bales, ","Engineering, Electronics, Electrical Engineering","Lecture Notes, Instructor Insights , assignment, Multiple Assignment Types"
https://ocw.mit.edu/courses/wgs-s10-reproductive-politics-in-the-united-states-spring-2013/,WGS.S10 , Undergraduate,courses,Reproductive Politics in the United States,"Dr. Rachel Roth, ","Social Science, Political Science, Society","Lecture Notes, Instructor Insights , assignment, Multiple Assignment Types"
https://ocw.mit.edu/courses/6-973-organic-optoelectronics-spring-2003/,6.973, Graduate,courses,Organic Optoelectronics,"Prof. Vladimir Bulovic, ","Engineering, Mechanical Engineering, Biological Engineering","Lecture Notes, Instructor Insights , assignment, Multiple Assignment Types"
https://ocw.mit.edu/courses/21m-380-music-and-technology-live-electronics-performance-practices-spring-2011/,21M.380 , Undergraduate,courses,Music and Technology: Live Electronics Performance Practices,"Prof. Christopher Ariza, ","Engineering, Computer Science, Electronics","Lecture Notes, Instructor Insights , assignment, Multiple Assignment Types"
https://ocw.mit.edu/courses/15-810-marketing-management-fall-2010/,15.81, Graduate,courses,Marketing Management,"Prof. Natalie Mizik, ","Management, Business, Marketing","Lecture Notes, Instructor Insights , assignment, Multiple Assignment Types"
https://ocw.mit.edu/courses/24-910-topics-in-linguistics-theory-spring-2003/,24.91, Undergraduate,courses,Topics in Linguistics Theory,"Prof. Kai von Fintel, ","Humanities, Linguistics, Semantics","Lecture Notes, Instructor Insights , assignment, Multiple Assignment Types"
https://ocw.mit.edu/courses/18-996-topics-in-theoretical-computer-science-internet-research-problems-spring-2002/,18.996, Graduate,courses,Topics in Theoretical Computer Science : Internet Research Problems,"Prof. Tom Leighton, Prof. Bruce Maggs","Engineering, Computer Science, Electrical Engineering","Lecture Notes, Instructor Insights , assignment, Multiple Assignment Types"
https://ocw.mit.edu/courses/6-170-laboratory-in-software-engineering-fall-2005/,6.17, Undergraduate,courses,Laboratory in Software Engineering,"Prof. Srini Devadas, Prof. Daniel Jackson","Engineering, Computer Science, Software Design and Engineering","Lecture Notes, Instructor Insights , assignment, Multiple Assignment Types"
https://ocw.mit.edu/courses/11-401-introduction-to-housing-community-and-economic-development-fall-2003/,11.401, Graduate,courses,"Introduction to Housing, Community and Economic Development","Prof. Langley Keyes, ","Economics, Social Science, Public Administration","Lecture Notes, Instructor Insights , assignment, Multiple Assignment Types"
https://ocw.mit.edu/courses/16-30-estimation-and-control-of-aerospace-systems-spring-2004/,16.3, Undergraduate,courses,Estimation and Control of Aerospace Systems,"Prof. Eric Feron, Prof. James Paduano","Engineering, Aerospace Engineering, Guidance and Control Systems","Lecture Notes, Instructor Insights , assignment, Multiple Assignment Types"
https://ocw.mit.edu/courses/1-963-environmental-engineering-applications-of-geographic-information-systems-fall-2004/,1.963, Graduate,courses,Environmental Engineering Applications of Geographic Information Systems,"Prof. Daniel Sheehan, ","Engineering, Computer Science, Social Science","Lecture Notes, Instructor Insights , assignment, Multiple Assignment Types"
https://ocw.mit.edu/courses/21g-716-introduction-to-contemporary-hispanic-literature-spring-2005/,21G.716 , Undergraduate,courses,Introduction to Contemporary Hispanic Literature,"Prof. Margery Resnick, ","Humanities, Literature, Language","Lecture Notes, Instructor Insights , assignment, Multiple Assignment Types"
https://ocw.mit.edu/courses/21h-991-theories-and-methods-in-the-study-of-history-fall-2010/,21H.991 , Graduate,courses,Theories and Methods in the Study of History,"Prof. Jeffrey S. Ravel, ","Humanities, History, Historical Methods","Lecture Notes, Instructor Insights , assignment, Multiple Assignment Types"
https://ocw.mit.edu/courses/21l-488-contemporary-literature-spring-2003/,21L.488 , Undergraduate,courses,Contemporary Literature,"Prof. John Hildebidle, ","Humanities, Literature, Criticism","Lecture Notes, Instructor Insights , assignment, Multiple Assignment Types"
https://ocw.mit.edu/courses/21l-702-studies-in-fiction-stowe-twain-and-the-transformation-of-19th-century-america-fall-2004/,21L.702 , Undergraduate,courses,"Studies in Fiction: Stowe, Twain, and the Transformation of 19th-Century America","Dr. Wyn Kelley, ","Humanities, Literature, American Literature","Lecture Notes, Instructor Insights , assignment, Multiple Assignment Types"
https://ocw.mit.edu/courses/21m-734-lighting-design-for-the-theatre-fall-2003/,21M.734 , Undergraduate,courses,Lighting Design for the Theatre,"Karen Perlow, ","Fine Arts, Performance Arts, Theatrical Design","Lecture Notes, Instructor Insights , assignment, Multiple Assignment Types"
https://ocw.mit.edu/courses/21w-777-the-science-essay-spring-2009/,21W.777 , Undergraduate,courses,The Science Essay,"Karen Boiko, ","Humanities, Literature, Criticism","Lecture Notes, Instructor Insights , assignment, Multiple Assignment Types"
https://ocw.mit.edu/courses/22-611j-introduction-to-plasma-physics-i-fall-2003/,22.611J , Graduate,courses,Introduction to Plasma Physics I,"Prof. Jeffrey Freidberg, Prof. Ian Hutchinson","Science, Physics, Chemistry","Lecture Notes, Instructor Insights , assignment, Multiple Assignment Types"
https://ocw.mit.edu/courses/24-902-language-and-its-structure-ii-syntax-fall-2003/,24.902, Undergraduate,courses,Language and its Structure II: Syntax,"Prof. David Pesetsky, ","Humanities, Linguistics, Philosophy","Lecture Notes, Instructor Insights , assignment, Multiple Assignment Types"
https://ocw.mit.edu/courses/2-71-optics-spring-2009/,2.71," Undergraduate, Graduate",courses,Optics,"Prof. George Barbastathis, Dr. Se Baek Oh","Science, Physics, Atomic, Molecular, Optical Physics","Lecture Notes, Instructor Insights , assignment, Multiple Assignment Types"
https://ocw.mit.edu/courses/5-13-organic-chemistry-ii-fall-2003/,5.13, Undergraduate,courses,Organic Chemistry II,"Prof. Timothy F. Jamison, Dr. Sarah Tabacco","Science, Chemistry, Organic Chemistry","Lecture Notes, Instructor Insights , assignment, Multiple Assignment Types"
https://ocw.mit.edu/courses/6-450-principles-of-digital-communications-i-fall-2006/,6.45, Graduate,courses,Principles of Digital Communications I,"Prof. Robert Gallager, Prof. Lizhong Zheng","Engineering, Electrical Engineering, Telecommunications","Lecture Notes, Instructor Insights , assignment, Multiple Assignment Types"
https://ocw.mit.edu/courses/9-98-language-and-mind-january-iap-2003/,9.98, Undergraduate,courses,Language and Mind,"Prof. Ted Gibson, ","Engineering, Science, Humanities","Lecture Notes, Instructor Insights , assignment, Multiple Assignment Types"
https://ocw.mit.edu/courses/cc-s10-prohibition-and-permission-spring-2007/,CC.S10 , Undergraduate,courses,Prohibition and Permission,"Dr. Wyn Kelley, Prof. Jeremy Wolfe","Humanities, Ethics, Literature","Lecture Notes, Instructor Insights , assignment, Multiple Assignment Types"
https://ocw.mit.edu/courses/sts-002-toward-the-scientific-revolution-fall-2003/,STS.002 , Undergraduate,courses,Toward the Scientific Revolution,"Prof. David Kaiser, ","Humanities, History, History of Science and Technology","Lecture Notes, Instructor Insights , assignment, Multiple Assignment Types"
https://ocw.mit.edu/courses/6-042j-mathematics-for-computer-science-spring-2015/,6.042J , Undergraduate,courses,Mathematics for Computer Science,"Prof. Adam Chlipala, Prof. Albert R. Meyer","Engineering, Computer Science, Mathematics","Lecture Notes, Instructor Insights , assignment, Multiple Assignment Types"
https://ocw.mit.edu/courses/15-480x-the-science-and-business-of-biotechnology-fall-2021/,15.480x , Graduate,courses,The Science and Business of Biotechnology,"Zied Ben Chaouch, Prof. Andrew Lo","Entrepreneurship, Management, Health and Medicine","Lecture Notes, Instructor Insights , assignment, Multiple Assignment Types"
https://ocw.mit.edu/courses/18-785-number-theory-i-fall-2021/,18.785, Graduate,courses,Number Theory I,"Dr. Andrew Sutherland, ","Mathematics, Algebra and Number Theory, Topology and Geometry","Lecture Notes, Instructor Insights , assignment, Multiple Assignment Types"
https://ocw.mit.edu/courses/11-382-water-diplomacy-spring-2021/,11.382, Graduate,courses,Water Diplomacy,"Dr. Animesh Gain, Prof. Lawrence Susskind","Engineering, Social Science, Political Science","Lecture Notes, Instructor Insights , assignment, Multiple Assignment Types"
https://ocw.mit.edu/courses/18-218-topics-in-combinatorics-analysis-of-boolean-functions-spring-2021/,18.218, Graduate,courses,Topics in Combinatorics: Analysis of Boolean Functions,"Prof. Dor Minzer, ","Mathematics, Probability and Statistics, ","Lecture Notes, Instructor Insights , assignment, Multiple Assignment Types"
https://ocw.mit.edu/courses/18-s190-introduction-to-metric-spaces-january-iap-2023/,18.S190 , Undergraduate,courses,Introduction to Metric Spaces,"Paige Bright, ","Mathematics, Mathematical Analysis, ","Lecture Notes, Instructor Insights , assignment, Multiple Assignment Types"
https://ocw.mit.edu/courses/21w-036-science-writing-and-new-media-writing-and-the-environment-spring-2022/,21W.036 , Undergraduate,courses,Science Writing and New Media: Writing and the Environment,"Dr. Cynthia Taft, ","Communication, Science, Humanities","Lecture Notes, Instructor Insights , assignment, Multiple Assignment Types"
https://ocw.mit.edu/courses/17-810-game-theory-spring-2021/,17.81," Undergraduate, Graduate",courses,Game Theory,"Prof. Asya Magazinnik, ","Social Science, Political Science, Game Theory","Lecture Notes, Instructor Insights , assignment, Multiple Assignment Types"
https://ocw.mit.edu/courses/2-009-product-engineering-process-fall-2021/,2.009, Undergraduate,courses,Product Engineering Process,"Prof. David Wallace, ","Engineering, Innovation, Mechanical Engineering","Lecture Notes, Instructor Insights , assignment, Multiple Assignment Types"
https://ocw.mit.edu/courses/14-04-intermediate-microeconomic-theory-fall-2020/,14.04, Undergraduate,courses,Intermediate Microeconomic Theory,"Prof. Robert M. Townsend, ","Economics, Social Science, Microeconomics","Lecture Notes, Instructor Insights , assignment, Multiple Assignment Types"
https://ocw.mit.edu/courses/11-438-economic-development-planning-spring-2020/,11.438, Graduate,courses,Economic Development Planning,"Jeffrey Levine, ","Economics, Social Science, Public Administration","Lecture Notes, Instructor Insights , assignment, Multiple Assignment Types"
https://ocw.mit.edu/courses/21h-244j-imperial-and-revolutionary-russia-culture-and-politics-1700-1917-fall-2019/,21H.244J , Undergraduate,courses,"Imperial and Revolutionary Russia: Culture and Politics, 1700-1917","Prof. Elizabeth A. Wood, ","Humanities, History, European History","Lecture Notes, Instructor Insights , assignment, Multiple Assignment Types"
https://ocw.mit.edu/courses/22-101-applied-nuclear-physics-fall-2003/,22.101, Graduate,courses,Applied Nuclear Physics,"Prof. Sow-Hsin Chen, ","Engineering, Science, Physics","Lecture Notes, Instructor Insights , assignment, Multiple Assignment Types"
https://ocw.mit.edu/courses/24-949-language-acquisition-i-fall-2020/,24.949, Graduate,courses,Language Acquisition I,"Prof. Athulya Aravind, ","Humanities, Linguistics, ","Lecture Notes, Instructor Insights , assignment, Multiple Assignment Types"
https://ocw.mit.edu/courses/24-954-pragmatics-in-linguistic-theory-fall-2006/,24.954, Graduate,courses,Pragmatics in Linguistic Theory,"Prof. Daniel Fox, Prof. Paula Menéndez-Benito","Humanities, Linguistics, Semantics","Lecture Notes, Instructor Insights , assignment, Multiple Assignment Types"
https://ocw.mit.edu/courses/5-73-quantum-mechanics-i-fall-2018/,5.73, Graduate,courses,Quantum Mechanics I,"Prof. Robert Field, ","Science, Physics, Chemistry","Lecture Notes, Instructor Insights , assignment, Multiple Assignment Types"
https://ocw.mit.edu/courses/6-854j-advanced-algorithms-fall-2005/,6.854J , Graduate,courses,Advanced Algorithms,"Prof. David R. Karger, ","Engineering, Computer Science, Algorithms and Data Structures","Lecture Notes, Instructor Insights , assignment, Multiple Assignment Types"
https://ocw.mit.edu/courses/6-s898-climate-change-seminar-fall-2019/,6.S898 , Graduate,courses,Climate Change Seminar,"Henri Drake, Prof. Alan Edelman","Engineering, Science, Systems Engineering","Lecture Notes, Instructor Insights , assignment, Multiple Assignment Types"
https://ocw.mit.edu/courses/17-20-introduction-to-the-american-political-process-fall-2020/,17.2, Undergraduate,courses,Introduction to the American Political Process,"Prof. Asya Magazinnik, Zeyu Chris Peng","Social Science, Political Science, American Politics","Lecture Notes, Instructor Insights , assignment, Multiple Assignment Types"
https://ocw.mit.edu/courses/6-042j-mathematics-for-computer-science-spring-2015/,6.042J , Undergraduate,courses,Mathematics for Computer Science,"Prof. Adam Chlipala, Prof. Albert R. Meyer","Engineering, Computer Science, Mathematics","Lecture Notes, Instructor Insights , assignment, Multiple Assignment Types"
https://ocw.mit.edu/courses/15-480x-the-science-and-business-of-biotechnology-fall-2021/,15.480x , Graduate,courses,The Science and Business of Biotechnology,"Zied Ben Chaouch, Prof. Andrew Lo","Entrepreneurship, Management, Health and Medicine","Lecture Notes, Instructor Insights , assignment, Multiple Assignment Types"
https://ocw.mit.edu/courses/18-785-number-theory-i-fall-2021/,18.785, Graduate,courses,Number Theory I,"Dr. Andrew Sutherland, ","Mathematics, Algebra and Number Theory, Topology and Geometry","Lecture Notes, Instructor Insights , assignment, Multiple Assignment Types"
https://ocw.mit.edu/courses/11-382-water-diplomacy-spring-2021/,11.382, Graduate,courses,Water Diplomacy,"Dr. Animesh Gain, Prof. Lawrence Susskind","Engineering, Social Science, Political Science","Lecture Notes, Instructor Insights , assignment, Multiple Assignment Types"
https://ocw.mit.edu/courses/18-218-topics-in-combinatorics-analysis-of-boolean-functions-spring-2021/,18.218, Graduate,courses,Topics in Combinatorics: Analysis of Boolean Functions,"Prof. Dor Minzer, ","Mathematics, Probability and Statistics, ","Lecture Notes, Instructor Insights , assignment, Multiple Assignment Types"
https://ocw.mit.edu/courses/18-s190-introduction-to-metric-spaces-january-iap-2023/,18.S190 , Undergraduate,courses,Introduction to Metric Spaces,"Paige Bright, ","Mathematics, Mathematical Analysis, ","Lecture Notes, Instructor Insights , assignment, Multiple Assignment Types"
https://ocw.mit.edu/courses/21w-036-science-writing-and-new-media-writing-and-the-environment-spring-2022/,21W.036 , Undergraduate,courses,Science Writing and New Media: Writing and the Environment,"Dr. Cynthia Taft, ","Communication, Science, Humanities","Lecture Notes, Instructor Insights , assignment, Multiple Assignment Types"
https://ocw.mit.edu/courses/17-810-game-theory-spring-2021/,17.81," Undergraduate, Graduate",courses,Game Theory,"Prof. Asya Magazinnik, ","Social Science, Political Science, Game Theory","Lecture Notes, Instructor Insights , assignment, Multiple Assignment Types"
https://ocw.mit.edu/courses/2-009-product-engineering-process-fall-2021/,2.009, Undergraduate,courses,Product Engineering Process,"Prof. David Wallace, ","Engineering, Innovation, Mechanical Engineering","Lecture Notes, Instructor Insights , assignment, Multiple Assignment Types"
https://ocw.mit.edu/courses/14-04-intermediate-microeconomic-theory-fall-2020/,14.04, Undergraduate,courses,Intermediate Microeconomic Theory,"Prof. Robert M. Townsend, ","Economics, Social Science, Microeconomics","Lecture Notes, Instructor Insights , assignment, Multiple Assignment Types"
https://ocw.mit.edu/courses/21a-520-magic-science-and-religion-fall-2021/,21A.520 , Undergraduate,courses,"Magic, Science, and Religion","Prof. Graham Jones, ","Social Science, Anthropology, Cultural Anthropology","Lecture Notes, Instructor Insights , assignment, Multiple Assignment Types"
https://ocw.mit.edu/courses/14-15-networks-spring-2022/,14.15," Undergraduate, Graduate",courses,Networks,"Prof. Alexander Wolitzky, ","Engineering, Computer Science, Economics","Lecture Notes, Instructor Insights , assignment, Multiple Assignment Types"
https://ocw.mit.edu/courses/21a-s01-reparations-for-slavery-and-colonization-contemporary-movements-for-justice-fall-2021/,21A.S01 , Undergraduate,courses,Reparations for Slavery and Colonization: Contemporary Movements for Justice,"Prof. M. Amah Edoh, ","Social Science, Anthropology, Social Anthropology","Lecture Notes, Instructor Insights , assignment, Multiple Assignment Types"
https://ocw.mit.edu/courses/res-6-013-ai-101-fall-2021/,RES.6-013 , Undergraduate,courses,AI 101,"Brandon Leshchinskiy, ","Engineering, Computer Science, Artificial Intelligence","Lecture Notes, Instructor Insights , assignment, Multiple Assignment Types"
https://ocw.mit.edu/courses/ids-333-risk-and-decision-analysis-fall-2021/,IDS.333 , Graduate,courses,IDS.333 Risk and Decision Analysis,"Prof. Richard de Neufville, ","Engineering, Systems Engineering, Systems Design","Lecture Notes, Instructor Insights , assignment, Multiple Assignment Types"
https://ocw.mit.edu/courses/18-408-topics-in-theoretical-computer-science-probabilistically-checkable-proofs-fall-2022/,18.408, Graduate,courses,Topics in Theoretical Computer Science: Probabilistically Checkable Proofs,"Prof. Dor Minzer, ","Engineering, Computer Science, Mathematics","Lecture Notes, Instructor Insights , assignment, Multiple Assignment Types"
https://ocw.mit.edu/courses/21a-00-introduction-to-anthropology-spring-2022/,21A.00 , Undergraduate,courses,Introduction to Anthropology,"Prof. Graham Jones, ","Social Science, Anthropology, Social Anthropology","Lecture Notes, Instructor Insights , assignment, Multiple Assignment Types"
https://ocw.mit.edu/courses/3-020-thermodynamics-of-materials-spring-2021/,3.02, Undergraduate,courses,Thermodynamics of Materials,"Prof. Rafael Jaramillo, ","Engineering, Science, Physics","Lecture Notes, Instructor Insights , assignment, Multiple Assignment Types"
https://ocw.mit.edu/courses/15-053x-optimization-methods-in-business-analytics-summer-2021/,15.053x , Undergraduate,courses,Optimization Methods in Business Analytics,"Prof. James Orlin, ","Mathematics, Management, Business","Lecture Notes, Instructor Insights , assignment, Multiple Assignment Types"
https://ocw.mit.edu/courses/18-900-geometry-and-topology-in-the-plane-spring-2023/,18.9, Undergraduate,courses,Geometry and Topology in the Plane,"Prof. Paul Seidel, ","Mathematics, Topology and Geometry, ","Lecture Notes, Instructor Insights , assignment, Multiple Assignment Types"
https://ocw.mit.edu/courses/17-262-congress-and-the-american-political-system-ii-spring-2023/,17.262, Graduate,courses,Congress and the American Political System II,"Prof. Charles Stewart, ","Social Science, Political Science, American Politics","Lecture Notes, Instructor Insights , assignment, Multiple Assignment Types"
https://ocw.mit.edu/courses/res-24-002-mit-haiti-initiative-inisyativ-mit-ayiti-spring-2023/,RES.24-002 , Non-Credit,courses,MIT-Haiti Initiative / Inisyativ MIT-Ayiti,"Prof. Michel DeGraff, Prof. Haynes Miller","Humanities, Linguistics, Teaching and Education","Lecture Notes, Instructor Insights , assignment, Multiple Assignment Types"
https://ocw.mit.edu/courses/18-906-algebraic-topology-ii-spring-2020/,18.906, Graduate,courses,Algebraic Topology II,"Prof. Haynes Miller, ","Mathematics, Topology and Geometry, ","Lecture Notes, Instructor Insights , assignment, Multiple Assignment Types"
https://ocw.mit.edu/courses/18-725-algebraic-geometry-fall-2015/,18.725, Graduate,courses,Algebraic Geometry,"Prof. Roman Bezrukavnikov, ","Mathematics, Algebra and Number Theory, Topology and Geometry","Lecture Notes, Instructor Insights , assignment, Multiple Assignment Types"
https://ocw.mit.edu/courses/8-334-statistical-mechanics-ii-statistical-physics-of-fields-spring-2014/,8.334, Graduate,courses,Statistical Mechanics II: Statistical Physics of Fields,"Prof. Mehran Kardar, ","Science, Physics, Mathematics","Lecture Notes, Instructor Insights , assignment, Multiple Assignment Types"
https://ocw.mit.edu/courses/res-10-002-ethics-of-ai-bias-spring-2023/,RES.10-002 , Non-Credit,courses,Ethics of AI Bias,"Prof. Svetozar Minkov, Prof. Bernhardt Trout","Engineering, Computer Science, Humanities","Lecture Notes, Instructor Insights , assignment, Multiple Assignment Types"
https://ocw.mit.edu/courses/6-090-building-programming-experience-a-lead-in-to-6-001-january-iap-2005/,6.09, Undergraduate,courses,Building Programming Experience: A Lead-In to 6.001,"Benjamin Vandiver, ","Engineering, Computer Science, Software Design and Engineering","Lecture Notes, Instructor Insights , assignment, Multiple Assignment Types"
https://ocw.mit.edu/courses/21l-021-comedy-spring-2022/,21L.021 , Undergraduate,courses,Comedy,"Dr. Wyn Kelley, ","Humanities, Literature, Comedy","Lecture Notes, Instructor Insights , assignment, Multiple Assignment Types"
https://ocw.mit.edu/courses/6-004-computation-structures-spring-2017/,6.004, Undergraduate,courses,Computation Structures,"Chris Terman, ","Engineering, Computer Science, Electrical Engineering","Lecture Notes, Instructor Insights , assignment, Multiple Assignment Types"
https://ocw.mit.edu/courses/sts-080-youth-political-participation-spring-2016/,STS.080 , Undergraduate,courses,Youth Political Participation,"Prof. Jennifer S Light, ","Communication, Humanities, History","Lecture Notes, Instructor Insights , assignment, Multiple Assignment Types"
https://ocw.mit.edu/courses/wgs-150-gender-power-leadership-and-the-workplace-spring-2015/,WGS.150 , Undergraduate,courses,"Gender, Power, Leadership and the Workplace","Dr. Elena Mendez Escobar, ","Leadership, Society, Business","Lecture Notes, Instructor Insights , assignment, Multiple Assignment Types"
https://ocw.mit.edu/courses/8-323-relativistic-quantum-field-theory-i-spring-2023/,8.323, Graduate,courses,Relativistic Quantum Field Theory I,"Prof. Hong Liu, ","Science, Physics, Theoretical Physics","Lecture Notes, Instructor Insights , assignment, Multiple Assignment Types"
https://ocw.mit.edu/courses/res-12-001-topics-in-fluid-dynamics-fall-2023/,RES.12-001 , Graduate,courses,Topics in Fluid Dynamics,"Dr. James F. Price, ","Engineering, Science, Physics","Lecture Notes, Instructor Insights , assignment, Multiple Assignment Types"
https://ocw.mit.edu/courses/hst-936x-global-health-informatics-to-improve-quality-of-care-spring-2020/,HST.936x , Graduate,courses,Global Health Informatics to Improve Quality of Care,"Dr. Leo A Celi, Dr. Ken Paik","Engineering, Computer Science, Systems Engineering","Lecture Notes, Instructor Insights , assignment, Multiple Assignment Types"
https://ocw.mit.edu/courses/wgs-101-introduction-to-womens-and-gender-studies-spring-2023/,WGS.101 , Undergraduate,courses,Introduction to Women's and Gender Studies,"Dr. Elizabeth M. Fox, Dr. Andrea Walsh","Society, Gender Studies, Women's Studies","Lecture Notes, Instructor Insights , assignment, Multiple Assignment Types"
https://ocw.mit.edu/courses/11-308j-advanced-seminar-urban-nature-and-city-design-fall-2012/,11.308J , Graduate,courses,Advanced Seminar: Urban Nature and City Design,"Prof. Anne Whiston Spirn, ","Social Science, Urban Studies, Urban Planning","Lecture Notes, Instructor Insights , assignment, Multiple Assignment Types"
https://ocw.mit.edu/courses/res-16-002-how-to-cad-almost-anything-january-iap-2024/,RES.16-002 , Non-Credit,courses,How to CAD Almost Anything,"Andy G. Eskenazi, ","Engineering, Mechanical Engineering, Aerospace Engineering","Lecture Notes, Instructor Insights , assignment, Multiple Assignment Types"
https://ocw.mit.edu/courses/11-975-feeding-cities-in-the-global-south-challenges-and-opportunities-for-action-in-cartagena-fall-2009/,11.975, Graduate,courses,Feeding Cities in the Global South: Challenges and Opportunities for Action in Cartagena,"Dr. Edgar Blanco, Prof. Martha Bonilla","Economics, Social Science, Public Administration","Lecture Notes, Instructor Insights , assignment, Multiple Assignment Types"
https://ocw.mit.edu/courses/7-341-microbes-at-war-the-mechanisms-that-drive-infectious-diseases-fall-2022/,7.341, Undergraduate,courses,Microbes at War: The Mechanisms That Drive Infectious Diseases,"Dr. Lisa McLellan, ","Science, Health and Medicine, Biology","Lecture Notes, Instructor Insights , assignment, Multiple Assignment Types"
https://ocw.mit.edu/courses/6-100l-introduction-to-cs-and-programming-using-python-fall-2022/,6.100L , Undergraduate,courses,Introduction to CS and Programming using Python,"Dr. Ana Bell, ","Engineering, Computer Science, Programming Languages","Lecture Notes, Instructor Insights , assignment, Multiple Assignment Types"
https://ocw.mit.edu/courses/hst-s14-health-information-systems-to-improve-quality-of-care-in-resource-poor-settings-spring-2012/,HST.S14 ," Graduate, Undergraduate",courses,Health Information Systems to Improve Quality of Care in Resource-Poor Settings,"Dr. Leo A Celi, Dr. Hamish Fraser","Innovation, Health Care Management, Economics","Lecture Notes, Instructor Insights , assignment, Multiple Assignment Types"
https://ocw.mit.edu/courses/21g-320-introduction-to-french-literature-spring-2023/,21G.320 , Undergraduate,courses,Introduction to French Literature,"Prof. Bruno Perreau, ","Humanities, Literature, Language","Lecture Notes, Instructor Insights , assignment, Multiple Assignment Types"
https://ocw.mit.edu/courses/15-481x-adaptive-markets-financial-market-dynamics-and-human-behavior-fall-2022/,15.481X , Graduate,courses,Adaptive Markets: Financial Market Dynamics and Human Behavior,"Prof. Andrew Lo, ","Economics, Social Science, Business","Lecture Notes, Instructor Insights , assignment, Multiple Assignment Types"
https://ocw.mit.edu/courses/21g-346-north-america-through-french-eyes-fall-2023/,21G.346 , Undergraduate,courses,North America through French Eyes,"Prof. Bruno Perreau, ","Humanities, Literature, Language","Lecture Notes, Instructor Insights , assignment, Multiple Assignment Types"
https://ocw.mit.edu/courses/res-18-015-topics-in-fourier-analysis-spring-2024/,RES.18-015 , Non-Credit,courses,Topics in Fourier Analysis,"Prof. Daniel Stroock, ","Mathematics, Mathematical Analysis, ","Lecture Notes, Instructor Insights , assignment, Multiple Assignment Types"
https://ocw.mit.edu/courses/18-745-lie-groups-and-lie-algebras-i-fall-2020/,18.745, Graduate,courses,Lie Groups and Lie Algebras I,"Prof. Pavel Etingof, ","Mathematics, Algebra and Number Theory, ","Lecture Notes, Instructor Insights , assignment, Multiple Assignment Types"
https://ocw.mit.edu/courses/res-21g-003-learning-chinese-a-foundation-course-in-mandarin-spring-2011/,RES.21G-003 , Undergraduate,courses,Learning Chinese: A Foundation Course in Mandarin (汉语基础教材),"Julian K. Wheatley, ","Humanities, Language, Chinese","Lecture Notes, Instructor Insights , assignment, Multiple Assignment Types"
https://ocw.mit.edu/courses/res-9-0002-statistics-and-visualization-for-data-analysis-and-inference-january-iap-2009/,RES.9-0002 , Graduate,courses,Statistics and Visualization for Data Analysis and Inference,"Prof. Mike Frank, Prof. Ed Vul","Engineering, Computer Science, Mathematics","Lecture Notes, Instructor Insights , assignment, Multiple Assignment Types"
https://ocw.mit.edu/courses/res-gem4-global-enterprise-for-micro-mechanics-and-molecular-medicine-gem4-summer-2006-summer-2007/,RES.GEM4 , Graduate,courses,Global Enterprise for Micro-Mechanics and Molecular Medicine (GEM4),"Roger D. Kamm, ","Engineering, Science, Biological Engineering","Lecture Notes, Instructor Insights , assignment, Multiple Assignment Types"
https://ocw.mit.edu/courses/res-21g-001-the-user-friendly-classroom-fall-2020/,RES.21G-001 , Graduate,courses,The User-friendly Classroom,"A. C. Kemp, ","Teaching and Education, Society, Curriculum and Teaching","Lecture Notes, Instructor Insights , assignment, Multiple Assignment Types"
https://ocw.mit.edu/courses/res-18-006-calculus-revisited-single-variable-calculus-fall-2010/,RES.18-006 , Undergraduate,courses,Calculus Revisited: Single Variable Calculus,"Prof. Herbert Gross, ","Mathematics, Differential Equations, Calculus","Lecture Notes, Instructor Insights , assignment, Multiple Assignment Types"
https://ocw.mit.edu/courses/res-6-004-principles-of-computer-system-design-an-introduction-spring-2009/,RES.6-033 , Undergraduate,courses,Principles of Computer System Design: An Introduction,"M. Frans Kaashoek, Jerome H. Saltzer","Engineering, Computer Science, Systems Engineering","Lecture Notes, Instructor Insights , assignment, Multiple Assignment Types"
https://ocw.mit.edu/courses/18-745-lie-groups-and-lie-algebras-i-fall-2020/,18.745, Graduate,courses,Lie Groups and Lie Algebras I,"Prof. Pavel Etingof, ","Mathematics, Algebra and Number Theory, ","Lecture Notes, Instructor Insights , assignment, Multiple Assignment Types"
https://ocw.mit.edu/courses/res-18-015-topics-in-fourier-analysis-spring-2024/,RES.18-015 , Non-Credit,courses,Topics in Fourier Analysis,"Prof. Daniel Stroock, ","Mathematics, Mathematical Analysis, ","Lecture Notes, Instructor Insights , assignment, Multiple Assignment Types"
https://ocw.mit.edu/courses/res-6-002-electromagnetic-field-theory-a-problem-solving-approach-spring-2008/,RES.6-002 , Undergraduate,courses,Electromagnetic Field Theory: A Problem Solving Approach,"Markus Zahn, ","Engineering, Science, Physics","Lecture Notes, Instructor Insights , assignment, Multiple Assignment Types"
https://ocw.mit.edu/courses/res-3-003-learn-to-build-your-own-videogame-with-the-unity-game-engine-and-microsoft-kinect-january-iap-2017/,RES.3-003 , Undergraduate,courses,Learn to Build Your Own Videogame with the Unity Game Engine and Microsoft Kinect,"Abhinav Gandhi, Kyle Keane","Engineering, Computer Science, Media Studies","Lecture Notes, Instructor Insights , assignment, Multiple Assignment Types"
https://ocw.mit.edu/courses/12-s56-gps-where-are-you-fall-2008/,12.S56 , Undergraduate,courses,GPS: Where Are You?,"Prof. Thomas Herring, ","Engineering, Science, Social Science","Lecture Notes, Instructor Insights , assignment, Multiple Assignment Types"
https://ocw.mit.edu/courses/res-tl-002-star-software-tools-for-academics-and-researchers-spring-2012/,RES.TLL-002 , Non-Credit,courses,STAR: Software Tools for Academics and Researchers,"MIT Office of Educational Innovation and Technology, ","Engineering, Science, Computer Science","Lecture Notes, Instructor Insights , assignment, Multiple Assignment Types"
https://ocw.mit.edu/courses/21g-346-north-america-through-french-eyes-fall-2023/,21G.346 , Undergraduate,courses,North America through French Eyes,"Prof. Bruno Perreau, ","Humanities, Literature, Language","Lecture Notes, Instructor Insights , assignment, Multiple Assignment Types"
https://ocw.mit.edu/courses/pe-550-designing-your-life-spring-2009/,PE.550 , Undergraduate,courses,Designing Your Life,"Gabriella Jordan, Lauren Zander","Health and Medicine, Mental Health, ","Lecture Notes, Instructor Insights , assignment, Multiple Assignment Types"
https://ocw.mit.edu/courses/pe-550-designing-your-life-january-iap-2007/,PE.550 , Undergraduate,courses,Designing Your Life,"Gabriella Jordan, Lauren Zander","Health and Medicine, Mental Health, ","Lecture Notes, Instructor Insights , assignment, Multiple Assignment Types"
https://ocw.mit.edu/courses/res-18-010-a-2020-vision-of-linear-algebra-spring-2020/,RES.18-010 , Undergraduate,courses,A Vision of Linear Algebra,"Prof. Gilbert Strang, ","Mathematics, Linear Algebra, ","Lecture Notes, Instructor Insights , assignment, Multiple Assignment Types"
https://ocw.mit.edu/courses/res-21g-506-kanji-learning-any-time-any-place-for-japanese-vi-spring-2021/,RES.21G-506 , Undergraduate,courses,"Kanji Learning Any Time, Any Place for Japanese VI","Dr. Takako Aikawa, Dr. Meghan Perdue","Humanities, Language, Japanese","Lecture Notes, Instructor Insights , assignment, Multiple Assignment Types"
https://ocw.mit.edu/courses/res-cms-501-envisioning-the-graduate-of-the-future-spring-2020/,RES.CMS-501 , Non-Credit,courses,Envisioning the Graduate of the Future,"Elizabeth Huttner-Loan, Alyssa Napier","Teaching and Education, Curriculum and Teaching, ","Lecture Notes, Instructor Insights , assignment, Multiple Assignment Types"
https://ocw.mit.edu/courses/res-cms-154-launching-innovation-in-schools-spring-2019/,RES.CMS-154 , Non-Credit,courses,Launching Innovation in Schools,"Prof. Justin Reich, Dr. Peter Senge","Teaching and Education, Educational Technology, Curriculum and Teaching","Lecture Notes, Instructor Insights , assignment, Multiple Assignment Types"
https://ocw.mit.edu/courses/res-7-006-7-03x-genetics/,RES.7-006 , Non-Credit,courses,7.03x Genetics,"Dr. Caitlin Friend, Dr. Darcy G. Gordon","Science, Biology, Genetics","Lecture Notes, Instructor Insights , assignment, Multiple Assignment Types"
https://ocw.mit.edu/courses/res-21g-505-kanji-learning-any-time-any-place-for-japanese-v-spring-2022/,RES.21G-505 , Undergraduate,courses,"Kanji Learning Any Time, Any Place for Japanese V","Dr. Takako Aikawa, Dr. Meghan Perdue","Humanities, Language, Japanese","Lecture Notes, Instructor Insights , assignment, Multiple Assignment Types"
https://ocw.mit.edu/courses/res-hs-003-chemlab-boot-camp/,RES.HS-003 , High School,courses,ChemLab Boot Camp,"Dr. John J. Dolhun, ","Science, Chemistry, ","Lecture Notes, Instructor Insights , assignment, Multiple Assignment Types"
https://ocw.mit.edu/courses/res-21g-003-learning-chinese-a-foundation-course-in-mandarin-spring-2011/,RES.21G-003 , Undergraduate,courses,Learning Chinese: A Foundation Course in Mandarin (汉语基础教材),"Julian K. Wheatley, ","Humanities, Language, Chinese","Lecture Notes, Instructor Insights , assignment, Multiple Assignment Types"
https://ocw.mit.edu/courses/res-15-002-mission-metrics-finance-training-for-federal-credit-program-professionals-summer-2016/,RES.15-002 , Graduate,courses,Mission & Metrics: Finance Training for Federal Credit Program Professionals,"Douglas Criscitello, Deborah Lucas","Management, Economics, Social Science","Lecture Notes, Instructor Insights , assignment, Multiple Assignment Types"
https://ocw.mit.edu/courses/res-9-0002-statistics-and-visualization-for-data-analysis-and-inference-january-iap-2009/,RES.9-0002 , Graduate,courses,Statistics and Visualization for Data Analysis and Inference,"Prof. Mike Frank, Prof. Ed Vul","Engineering, Computer Science, Mathematics","Lecture Notes, Instructor Insights , assignment, Multiple Assignment Types"
https://ocw.mit.edu/courses/res-gem4-global-enterprise-for-micro-mechanics-and-molecular-medicine-gem4-summer-2006-summer-2007/,RES.GEM4 , Graduate,courses,Global Enterprise for Micro-Mechanics and Molecular Medicine (GEM4),"Roger D. Kamm, ","Engineering, Science, Biological Engineering","Lecture Notes, Instructor Insights , assignment, Multiple Assignment Types"
https://ocw.mit.edu/courses/res-21g-001-the-user-friendly-classroom-fall-2020/,RES.21G-001 , Graduate,courses,The User-friendly Classroom,"A. C. Kemp, ","Teaching and Education, Society, Curriculum and Teaching","Lecture Notes, Instructor Insights , assignment, Multiple Assignment Types"
https://ocw.mit.edu/courses/res-18-006-calculus-revisited-single-variable-calculus-fall-2010/,RES.18-006 , Undergraduate,courses,Calculus Revisited: Single Variable Calculus,"Prof. Herbert Gross, ","Mathematics, Differential Equations, Calculus","Lecture Notes, Instructor Insights , assignment, Multiple Assignment Types"
https://ocw.mit.edu/courses/res-cms-504-sorting-truth-from-fiction-civic-online-reasoning-spring-2021/,RES.CMS-504 , Non-Credit,courses,Sorting Truth From Fiction: Civic Online Reasoning,"Prof. Justin Reich, Prof. Sam Wineburg","Teaching and Education, , ","Lecture Notes, Instructor Insights , assignment, Multiple Assignment Types"
https://ocw.mit.edu/courses/res-18-007-calculus-revisited-multivariable-calculus-fall-2011/,RES.18-007 , Undergraduate,courses,Calculus Revisited: Multivariable Calculus,"Prof. Herbert Gross, ","Mathematics, Differential Equations, Calculus","Lecture Notes, Instructor Insights , assignment, Multiple Assignment Types"
https://ocw.mit.edu/courses/res-9-008-brain-and-cognitive-sciences-computational-tutorials/,RES.9-008 , Non-Credit,courses,Brain and Cognitive Sciences Computational Tutorial Series,", ","Science, Mathematics, Biology","Lecture Notes, Instructor Insights , assignment, Multiple Assignment Types"
https://ocw.mit.edu/courses/res-9-005-fmri-bootcamp-fall-2017/,RES.9-005 , Graduate,courses,fMRI Bootcamp,"Prof. Rebecca Saxe, ","Science, Health and Medicine, Cognitive Science","Lecture Notes, Instructor Insights , assignment, Multiple Assignment Types"
https://ocw.mit.edu/courses/res-18-001-calculus-fall-2023/,RES.18-001 , Undergraduate,courses,Calculus Online Textbook,"Prof. Gilbert Strang, ","Mathematics, Differential Equations, Calculus","Lecture Notes, Instructor Insights , assignment, Multiple Assignment Types"
https://ocw.mit.edu/courses/res-tll-007-case-studies-in-social-and-ethical-responsibilities-of-computing-fall-2021/,RES.TLL-007 , Non-Credit,courses,Case Studies in Social and Ethical Responsibilities of Computing,"Prof. David Kaiser, Prof. Julie Shah","Engineering, Computer Science, Humanities","Lecture Notes, Instructor Insights , assignment, Multiple Assignment Types"
https://ocw.mit.edu/courses/res-ll-003-build-a-small-radar-system-capable-of-sensing-range-doppler-and-synthetic-aperture-radar-imaging-january-iap-2011/,RES.LL-003 , Undergraduate,courses,"Build a Small Radar System Capable of Sensing Range, Doppler, and Synthetic Aperture Radar Imaging","Gregory L. Charvat, Alan J. Fenn","Engineering, Electronics, Electrical Engineering","Lecture Notes, Instructor Insights , assignment, Multiple Assignment Types"
https://ocw.mit.edu/courses/res-env-005-climate-science-risk-solutions-a-climate-primer/,RES.ENV-005 , Non-Credit,courses,"Climate Science, Risk & Solutions: A Climate Primer","Prof. Kerry Emanuel, ","Science, Earth Science, Energy","Lecture Notes, Instructor Insights , assignment, Multiple Assignment Types"
https://ocw.mit.edu/courses/res-bloss-blended-learning-open-source-science-or-math-studies-blossoms-spring-2010/,RES.BLOSS , Undergraduate,courses,Blended Learning Open Source Science or Math Studies (BLOSSOMS),"Richard C. Larson, ","Engineering, Science, Mathematics","Lecture Notes, Instructor Insights , assignment, Multiple Assignment Types"
https://ocw.mit.edu/courses/res-7-008-7-28x-molecular-biology/,RES.7-008 ," Undergraduate, Graduate",courses,7.28x Molecular Biology,"Prof. Tania Baker, Prof. Stephen P. Bell","Science, Biology, Genetics","Lecture Notes, Instructor Insights , assignment, Multiple Assignment Types"
https://ocw.mit.edu/courses/res-tll-009-iit-joint-entrance-exam-preparation-fall-2022/,RES.TLL-009 , High School,courses,IIT Joint Entrance Exam Preparation,"Dr. Ankur  Gupta, ","Teaching and Education, , ","Lecture Notes, Instructor Insights , assignment, Multiple Assignment Types"
https://ocw.mit.edu/courses/res-7-007-7-06x-cell-biology/,RES.7-007 , Non-Credit,courses,7.06x Cell Biology,"Dr. Monika (Moni) Avello, Prof. Iain Cheeseman","Science, Biology, Molecular Biology","Lecture Notes, Instructor Insights , assignment, Multiple Assignment Types"
https://ocw.mit.edu/courses/res-7-001-pre-7-01-getting-up-to-speed-in-biology-summer-2019/,RES.7-001 , Non-Credit,courses,Pre-7.01: Getting up to Speed in Biology,"Dr. Diviya Ray, Prof. Hazel Sive","Science, Biology, ","Lecture Notes, Instructor Insights , assignment, Multiple Assignment Types"
https://ocw.mit.edu/courses/res-9-006-afni-training-bootcamp-spring-2018/,RES.9-006 , Non-Credit,courses,AFNI Training Bootcamp,"Gang Chen, Daniel Glen","Science, Health and Medicine, Cognitive Science","Lecture Notes, Instructor Insights , assignment, Multiple Assignment Types"
https://ocw.mit.edu/courses/res-tll-005-how-to-speak-january-iap-2018/,RES.TLL-005 , Non-Credit,courses,How to Speak,"Patrick Henry Winston, ","Teaching and Education, Educational Technology, Curriculum and Teaching","Lecture Notes, Instructor Insights , assignment, Multiple Assignment Types"
https://ocw.mit.edu/courses/res-21g-3004-marguerite-de-navarre-society-website-fall-2023/,RES.21G-3004 , Non-Credit,courses,Marguerite de Navarre Society Website,"Prof. Leanna B. Rezvani, ","Humanities, Literature, Language","Lecture Notes, Instructor Insights , assignment, Multiple Assignment Types"
https://ocw.mit.edu/courses/res-ll-002-adaptive-antennas-and-phased-arrays-spring-2010/,RES.LL-002 , Undergraduate,courses,Adaptive Antennas and Phased Arrays,"Alan J. Fenn, ","Engineering, Science, Physics","Lecture Notes, Instructor Insights , assignment, Multiple Assignment Types"
https://ocw.mit.edu/courses/res-env-006-teaching-with-sustainability-january-iap-2022/,RES.ENV-006 , Non-Credit,courses,Teaching with Sustainability,"Sarah Meyers, Dr. Elizabeth Potter-Nelson","Science, Teaching and Education, Earth Science","Lecture Notes, Instructor Insights , assignment, Multiple Assignment Types"
https://ocw.mit.edu/courses/res-ll-002-adaptive-antennas-and-phased-arrays-spring-2010/,RES.LL-002 , Undergraduate,courses,Adaptive Antennas and Phased Arrays,"Alan J. Fenn, ","Engineering, Science, Physics","Lecture Notes, Instructor Insights , assignment, Multiple Assignment Types"
https://ocw.mit.edu/courses/res-env-005-climate-science-risk-solutions-a-climate-primer/,RES.ENV-005 , Non-Credit,courses,"Climate Science, Risk & Solutions: A Climate Primer","Prof. Kerry Emanuel, ","Science, Earth Science, Energy","Lecture Notes, Instructor Insights , assignment, Multiple Assignment Types"
https://ocw.mit.edu/courses/17-46-u-s-national-security-policy-fall-2023/,17.46, Undergraduate,courses,U.S. National Security Policy,"Prof. Erik Lin-Greenberg, ","Social Science, Public Administration, Political Science","Lecture Notes, Instructor Insights , assignment, Multiple Assignment Types"
https://ocw.mit.edu/courses/11-520-a-workshop-on-geographic-information-systems-fall-2005/,11.52, Graduate,courses,A Workshop on Geographic Information Systems,"Prof. Joseph Ferreira, ","Engineering, Computer Science, Social Science","Lecture Notes, Instructor Insights , assignment, Multiple Assignment Types"
https://ocw.mit.edu/courses/17-41-introduction-to-international-relations-spring-2023/,17.41, Undergraduate,courses,Introduction to International Relations,"Prof. Richard Nielsen, ","Social Science, Political Science, International Relations","Lecture Notes, Instructor Insights , assignment, Multiple Assignment Types"
https://ocw.mit.edu/courses/6-270-autonomous-robot-design-competition-january-iap-2005/,6.27, Undergraduate,courses,Autonomous Robot Design Competition,"No Faculty, Michael Thilmont","Engineering, Computer Science, Artificial Intelligence","Lecture Notes, Instructor Insights , assignment, Multiple Assignment Types"
https://ocw.mit.edu/courses/17-955-civil-society-social-capital-and-the-state-in-comparative-perspective-fall-2004/,17.955, Graduate,courses,"Civil Society, Social Capital, and the State in Comparative Perspective","Prof. Lily L. Tsai, ","Social Science, Political Science, Sociology","Lecture Notes, Instructor Insights , assignment, Multiple Assignment Types"
https://ocw.mit.edu/courses/3-016-mathematics-for-materials-scientists-and-engineers-fall-2005/,3.016, Undergraduate,courses,Mathematics for Materials Scientists and Engineers,"Prof. W. Craig Carter, ","Engineering, Mathematics, Applied Mathematics","Lecture Notes, Instructor Insights , assignment, Multiple Assignment Types"
https://ocw.mit.edu/courses/10-805j-technology-law-and-the-working-environment-spring-2006/,10.805J , Graduate,courses,"Technology, Law, and the Working Environment","Prof. Nicholas Ashford, Prof. Charles Caldart","Engineering, Social Science, Public Administration","Lecture Notes, Instructor Insights , assignment, Multiple Assignment Types"
https://ocw.mit.edu/courses/15-514-financial-and-managerial-accounting-summer-2003/,15.514, Graduate,courses,Financial and Managerial Accounting,"Prof. George Plesko, ","Management, Business, Finance","Lecture Notes, Instructor Insights , assignment, Multiple Assignment Types"
https://ocw.mit.edu/courses/wgs-s10-history-of-women-in-science-and-engineering-fall-2017/,WGS.S10 , Undergraduate,courses,History of Women in Science and Engineering,"Maia Weinstock, ","Engineering, Science, Humanities","Lecture Notes, Instructor Insights , assignment, Multiple Assignment Types"
https://ocw.mit.edu/courses/1-201j-transportation-systems-analysis-demand-and-economics-fall-2008/,1.201J , Graduate,courses,Transportation Systems Analysis: Demand and Economics,"Prof. Moshe Ben-Akiva, Michael Frumin","Engineering, Economics, Social Science","Lecture Notes, Instructor Insights , assignment, Multiple Assignment Types"
https://ocw.mit.edu/courses/9-916-a-probability-and-causality-in-human-cognition-spring-2003/,9.916-A , Graduate,courses,Probability and Causality in Human Cognition,"Prof. Joshua Tenenbaum, ","Science, Mathematics, Probability and Statistics","Lecture Notes, Instructor Insights , assignment, Multiple Assignment Types"
https://ocw.mit.edu/courses/1-258j-public-transportation-systems-spring-2017/,1.258J , Graduate,courses,Public Transportation Systems,"Dr. Neema Nassir, Dr. Gabriel E. Sanchez-Martinez","Engineering, Social Science, Urban Studies","Lecture Notes, Instructor Insights , assignment, Multiple Assignment Types"
https://ocw.mit.edu/courses/17-199j-working-in-a-global-economy-fall-2005/,17.199J , Undergraduate,courses,Working in a Global Economy,"Prof. Suzanne Berger, Dr. Serenella Sferza","Economics, Social Science, Political Science","Lecture Notes, Instructor Insights , assignment, Multiple Assignment Types"
https://ocw.mit.edu/courses/18-112-functions-of-a-complex-variable-fall-2008/,18.112, Undergraduate,courses,Functions of a Complex Variable,"Prof. Sigurdur Helgason, ","Mathematics, Topology and Geometry, Calculus","Lecture Notes, Instructor Insights , assignment, Multiple Assignment Types"
https://ocw.mit.edu/courses/18-s66-the-art-of-counting-spring-2003/,18.S66 , Undergraduate,courses,The Art of Counting,"Prof. Richard Stanley, ","Mathematics, Algebra and Number Theory, ","Lecture Notes, Instructor Insights , assignment, Multiple Assignment Types"
https://ocw.mit.edu/courses/2-068-computational-ocean-acoustics-13-853-spring-2003/,2.068, Graduate,courses,Computational Ocean Acoustics (13.853),"Prof. Henrik Schmidt, ","Engineering, Science, Physics","Lecture Notes, Instructor Insights , assignment, Multiple Assignment Types"
https://ocw.mit.edu/courses/21h-007j-empire-introduction-to-ancient-and-medieval-studies-fall-2012/,21H.007J , Undergraduate,courses,Empire: Introduction to Ancient and Medieval Studies,"Prof. Arthur Bahr, Prof. William Broadhead","Humanities, History, European History","Lecture Notes, Instructor Insights , assignment, Multiple Assignment Types"
https://ocw.mit.edu/courses/21m-606-introduction-to-stagecraft-spring-2009/,21M.606 , Undergraduate,courses,Introduction to Stagecraft,"Sara Brown, Leslie Cocuzzo Held","Fine Arts, Performance Arts, Theatrical Design","Lecture Notes, Instructor Insights , assignment, Multiple Assignment Types"
https://ocw.mit.edu/courses/6-803-the-human-intelligence-enterprise-spring-2019/,6.803, Undergraduate,courses,The Human Intelligence Enterprise,"Patrick Henry Winston, ","Engineering, Science, Computer Science","Lecture Notes, Instructor Insights , assignment, Multiple Assignment Types"
https://ocw.mit.edu/courses/9-18-developmental-neurobiology-spring-2005/,9.18, Undergraduate,courses,Developmental Neurobiology,"Prof. Elly Nedivi, ","Science, Biology, Neurobiology","Lecture Notes, Instructor Insights , assignment, Multiple Assignment Types"
https://ocw.mit.edu/courses/mas-s62-cryptocurrency-engineering-and-design-spring-2018/,MAS.S62 , Graduate,courses,Cryptocurrency Engineering and Design,"Tadge Dryja, Neha Narula","Engineering, Computer Science, Software Design and Engineering","Lecture Notes, Instructor Insights , assignment, Multiple Assignment Types"
https://ocw.mit.edu/courses/18-315-combinatorial-theory-introduction-to-graph-theory-extremal-and-enumerative-combinatorics-spring-2005/,18.315, Graduate,courses,"Combinatorial Theory: Introduction to Graph Theory, Extremal and Enumerative Combinatorics","Prof. Igor Pak, ","Mathematics, Algebra and Number Theory, Topology and Geometry","Lecture Notes, Instructor Insights , assignment, Multiple Assignment Types"
https://ocw.mit.edu/courses/22-081j-introduction-to-sustainable-energy-fall-2010/,22.081J ," Undergraduate, Graduate",courses,Introduction to Sustainable Energy,"Randall Field, Prof. Michael Golay","Engineering, Science, Social Science","Lecture Notes, Instructor Insights , assignment, Multiple Assignment Types"
https://ocw.mit.edu/courses/14-41-public-finance-and-public-policy-fall-2010/,14.41, Undergraduate,courses,Public Finance and Public Policy,"Prof. Jonathan Gruber, ","Economics, Social Science, Public Administration","Lecture Notes, Instructor Insights , assignment, Multiple Assignment Types"
https://ocw.mit.edu/courses/11-307-beijing-urban-design-studio-summer-2008/,11.307, Graduate,courses,Beijing Urban Design Studio,"Prof. Dennis Frenchman, ","Architecture, Economics, Social Science","Lecture Notes, Instructor Insights , assignment, Multiple Assignment Types"
https://ocw.mit.edu/courses/2-782j-design-of-medical-devices-and-implants-spring-2006/,2.782J , Graduate,courses,Design of Medical Devices and Implants,"Prof. Myron Spector, Prof. Ioannis Yannas","Engineering, Mechanical Engineering, Biological Engineering","Lecture Notes, Instructor Insights , assignment, Multiple Assignment Types"
https://ocw.mit.edu/courses/14-662-labor-economics-ii-spring-2015/,14.662, Graduate,courses,Labor Economics II,"Prof. David Autor, Prof. Heidi L Williams","Economics, Social Science, Labor Economics","Lecture Notes, Instructor Insights , assignment, Multiple Assignment Types"
https://ocw.mit.edu/courses/21g-022j-international-womens-voices-spring-2004/,21G.022J , Undergraduate,courses,International Women's Voices,"Prof. Margery Resnick, ","Humanities, Literature, Society","Lecture Notes, Instructor Insights , assignment, Multiple Assignment Types"
https://ocw.mit.edu/courses/sts-010-neuroscience-and-society-spring-2010/,STS.010 , Undergraduate,courses,Neuroscience and Society,"Prof. Natasha Schüll, ","Science, Social Science, Sociology","Lecture Notes, Instructor Insights , assignment, Multiple Assignment Types"
https://ocw.mit.edu/courses/15-402-finance-theory-ii-spring-2003/,15.402, Graduate,courses,Finance Theory II,"Prof. Dirk Jenter, Prof. Katharina Lewellen","Economics, Social Science, Business","Lecture Notes, Instructor Insights , assignment, Multiple Assignment Types"
https://ocw.mit.edu/courses/21l-420-literary-studies-the-legacy-of-england-spring-2006/,21L.420 , Undergraduate,courses,Literary Studies: The Legacy of England,"Prof. Stephen Tapscott, ","Humanities, Literature, Criticism","Lecture Notes, Instructor Insights , assignment, Multiple Assignment Types"
https://ocw.mit.edu/courses/hst-921-information-technology-in-the-health-care-system-of-the-future-spring-2009/,HST.921 , Graduate,courses,Information Technology in the Health Care System of the Future,"Mirena Bagur, Dr. Bryan Bergeron","Health Care Management, Health and Medicine, Business","Lecture Notes, Instructor Insights , assignment, Multiple Assignment Types"
https://ocw.mit.edu/courses/16-01-unified-engineering-i-ii-iii-iv-fall-2005-spring-2006/,16.01, Undergraduate,courses,"Unified Engineering I, II, III, & IV","Prof. Jennifer L. Craig, Prof. Mark Drela","Engineering, Science, Physics","Lecture Notes, Instructor Insights , assignment, Multiple Assignment Types"
https://ocw.mit.edu/courses/7-341-dnas-sister-does-all-the-work-the-central-roles-of-rna-in-gene-expression-spring-2019/,7.341, Undergraduate,courses,DNA's Sister Does All the Work: The Central Roles of RNA in Gene Expression,"Dr. Ana Fiszbein, Dr. Marvin Jens","Engineering, Science, Biological Engineering","Lecture Notes, Instructor Insights , assignment, Multiple Assignment Types"
https://ocw.mit.edu/courses/12-490-advanced-igneous-petrology-fall-2005/,12.49, Graduate,courses,Advanced Igneous Petrology,"Prof. Timothy Grove, ","Science, Earth Science, Geochemistry","Lecture Notes, Instructor Insights , assignment, Multiple Assignment Types"
https://ocw.mit.edu/courses/21l-011-the-film-experience-fall-2013/,21L.011 , Undergraduate,courses,The Film Experience,"Prof. David Thorburn, ","Visual Arts, Fine Arts, Film and Video","Lecture Notes, Instructor Insights , assignment, Multiple Assignment Types"
https://ocw.mit.edu/courses/17-506-ethnic-politics-ii-spring-2007/,17.506, Graduate,courses,Ethnic Politics II,"Prof. Roger Petersen, ","Social Science, Political Science, Anthropology","Lecture Notes, Instructor Insights , assignment, Multiple Assignment Types"
https://ocw.mit.edu/courses/21a-750j-social-theory-and-analysis-fall-2011/,21A.750J , Graduate,courses,Social Theory and Analysis,"Prof. Michael M.J. Fischer, ","Humanities, History, Economics","Lecture Notes, Instructor Insights , assignment, Multiple Assignment Types"
https://ocw.mit.edu/courses/16-982-bio-inspired-structures-spring-2009/,16.982, Graduate,courses,Bio-Inspired Structures,"Prof. Leo Daniel, ","Engineering, Nanotechnology, Structural Mechanics","Lecture Notes, Instructor Insights , assignment, Multiple Assignment Types"
https://ocw.mit.edu/courses/18-409-algorithmic-aspects-of-machine-learning-spring-2015/,18.409, Graduate,courses,Algorithmic Aspects of Machine Learning,"Prof. Ankur Moitra, ","Engineering, Computer Science, Mathematics","Lecture Notes, Instructor Insights , assignment, Multiple Assignment Types"
https://ocw.mit.edu/courses/21g-403-german-iii-spring-2004/,21G.403 , Undergraduate,courses,German III,"Dagmar Jaeger, ","Humanities, Literature, Language","Lecture Notes, Instructor Insights , assignment, Multiple Assignment Types"
https://ocw.mit.edu/courses/21m-294-popular-musics-of-the-world-spring-2005/,21M.294 , Undergraduate,courses,Popular Musics of the World,"Prof. Patricia Tang, ","Music, Social Science, Fine Arts","Lecture Notes, Instructor Insights , assignment, Multiple Assignment Types"
https://ocw.mit.edu/courses/22-058-principles-of-medical-imaging-fall-2002/,22.058," Undergraduate, Graduate",courses,Principles of Medical Imaging,"Prof. David Cory, ","Engineering, Science, Physics","Lecture Notes, Instructor Insights , assignment, Multiple Assignment Types"
https://ocw.mit.edu/courses/24-09-minds-and-machines-fall-2011/,24.09, Undergraduate,courses,Minds and Machines,"Prof. Alex Byrne, ","Engineering, Science, Computer Science","Lecture Notes, Instructor Insights , assignment, Multiple Assignment Types"
https://ocw.mit.edu/courses/2-75-precision-machine-design-fall-2001/,2.75, Graduate,courses,Precision Machine Design,"Prof. Martin Culpepper, Prof. Alex Slocum","Engineering, Mechanical Engineering, Systems Engineering","Lecture Notes, Instructor Insights , assignment, Multiple Assignment Types"
https://ocw.mit.edu/courses/4-511-digital-mock-up-workshop-spring-2006/,4.511, Graduate,courses,Digital Mock-Up Workshop,"Prof. Lawrence Sass, ","Engineering, Architecture, Systems Engineering","Lecture Notes, Instructor Insights , assignment, Multiple Assignment Types"
https://ocw.mit.edu/courses/6-101-introductory-analog-electronics-laboratory-spring-2007/,6.101, Undergraduate,courses,Introductory Analog Electronics Laboratory,"Dr. Ron Roscoe, ","Engineering, Electronics, Electrical Engineering","Lecture Notes, Instructor Insights , assignment, Multiple Assignment Types"
https://ocw.mit.edu/courses/1-264j-database-internet-and-systems-integration-technologies-fall-2013/,1.264J , Graduate,courses,"Database, Internet, and Systems Integration Technologies","Dr. George Kocur, ","Engineering, Computer Science, Business","Lecture Notes, Instructor Insights , assignment, Multiple Assignment Types"
https://ocw.mit.edu/courses/11-384-malaysia-sustainable-cities-practicum-spring-2018/,11.384, Graduate,courses,Malaysia Sustainable Cities Practicum,"Prof. Lawrence Susskind, ","Humanities, History, Social Science","Lecture Notes, Instructor Insights , assignment, Multiple Assignment Types"
https://ocw.mit.edu/courses/11-439-revitalizing-urban-main-streets-st-claude-avenue-new-orleans-spring-2009/,11.439, Graduate,courses,"Revitalizing Urban Main Streets: St. Claude Avenue, New Orleans","Prof. Karl Seidman, Prof. Susan Silberberg","Architecture, Social Science, Public Administration","Lecture Notes, Instructor Insights , assignment, Multiple Assignment Types"
https://ocw.mit.edu/courses/11-013j-american-urban-history-i-spring-2010/,11.013J , Undergraduate,courses,American Urban History I,"Prof. Robert Fogelson, ","Humanities, History, Social Science","Lecture Notes, Instructor Insights , assignment, Multiple Assignment Types"
https://ocw.mit.edu/courses/18-014-calculus-with-theory-fall-2010/,18.014, Undergraduate,courses,Calculus with Theory,"Christine Breiner, ","Mathematics, Differential Equations, Calculus","Lecture Notes, Instructor Insights , assignment, Multiple Assignment Types"
https://ocw.mit.edu/courses/4-663-history-of-urban-form-locating-capitalism-producing-early-modern-cities-and-objects-spring-2014/,4.663, Graduate,courses,History of Urban Form: Locating Capitalism: Producing Early Modern Cities and Objects,"Lauren Jacobi, ","Humanities, History, Architecture","Lecture Notes, Instructor Insights , assignment, Multiple Assignment Types"
https://ocw.mit.edu/courses/21g-035-topics-in-culture-and-globalization-reggae-as-transnational-culture-fall-2010/,21G.035 , Undergraduate,courses,Topics in Culture and Globalization: Reggae as Transnational Culture,"Dr. Wayne G. Marshall, ","Music, Media Studies, Fine Arts","Lecture Notes, Instructor Insights , assignment, Multiple Assignment Types"
https://ocw.mit.edu/courses/12-620j-classical-mechanics-a-computational-approach-fall-2008/,12.620J , Graduate,courses,Classical Mechanics: A Computational Approach,"Prof. Gerald Sussman, Prof. Jack Wisdom","Engineering, Science, Physics","Lecture Notes, Instructor Insights , assignment, Multiple Assignment Types"
https://ocw.mit.edu/courses/16-61-aerospace-dynamics-spring-2003/,16.61, Undergraduate,courses,Aerospace Dynamics,"Prof. John Deyst, Prof. Jonathan P. How","Engineering, Mechanical Engineering, Aerospace Engineering","Lecture Notes, Instructor Insights , assignment, Multiple Assignment Types"
https://ocw.mit.edu/courses/21w-035-science-writing-and-new-media-science-writing-for-the-public-spring-2018/,21W.035 , Undergraduate,courses,Science Writing and New Media: Science Writing for the Public,"Karen Boiko, ","Communication, Humanities, Literature","Lecture Notes, Instructor Insights , assignment, Multiple Assignment Types"
https://ocw.mit.edu/courses/12-103-science-and-policy-of-natural-hazards-spring-2010/,12.103, Undergraduate,courses,Science and Policy of Natural Hazards,"Jane Connor, Prof. Kerry Emanuel","Science, Social Science, Public Administration","Lecture Notes, Instructor Insights , assignment, Multiple Assignment Types"
https://ocw.mit.edu/courses/17-s950-emotions-and-politics-fall-2018/,17.S950 , Graduate,courses,Emotions and Politics,"Prof. Roger Petersen, ","Social Science, Political Science, Psychology","Lecture Notes, Instructor Insights , assignment, Multiple Assignment Types"
https://ocw.mit.edu/courses/21a-461-what-is-capitalism-fall-2013/,21A.461 , Undergraduate,courses,What is Capitalism?,"Prof. Christine Walley, ","Social Science, Anthropology, Social Anthropology","Lecture Notes, Instructor Insights , assignment, Multiple Assignment Types"
https://ocw.mit.edu/courses/21h-153j-race-and-gender-in-asian-america-spring-2006/,21H.153J , Undergraduate,courses,Race and Gender in Asian America,"Prof. Emma J. Teng, ","Humanities, History, Social Science","Lecture Notes, Instructor Insights , assignment, Multiple Assignment Types"
https://ocw.mit.edu/courses/3-064-polymer-engineering-fall-2003/,3.064, Undergraduate,courses,Polymer Engineering,"Prof. David Roylance, ","Engineering, Materials Science and Engineering, Chemical Engineering","Lecture Notes, Instructor Insights , assignment, Multiple Assignment Types"
https://ocw.mit.edu/courses/6-253-convex-analysis-and-optimization-spring-2012/,6.253, Graduate,courses,Convex Analysis and Optimization,"Prof. Dimitri Bertsekas, ","Engineering, Computer Science, Mathematics","Lecture Notes, Instructor Insights , assignment, Multiple Assignment Types"
https://ocw.mit.edu/courses/6-825-techniques-in-artificial-intelligence-sma-5504-fall-2002/,6.825, Graduate,courses,Techniques in Artificial Intelligence (SMA 5504),"Prof. Leslie Kaelbling, Prof. Tomás Lozano-Pérez","Engineering, Science, Computer Science","Lecture Notes, Instructor Insights , assignment, Multiple Assignment Types"
https://ocw.mit.edu/courses/pe-920-pe-for-me-spring-2005/,PE.920 , Undergraduate,courses,PE for ME,"Aline Newton, Noah Riskin","Engineering, Mechanical Engineering, Health and Medicine","Lecture Notes, Instructor Insights , assignment, Multiple Assignment Types"
https://ocw.mit.edu/courses/18-901-introduction-to-topology-fall-2004/,18.901, Undergraduate,courses,Introduction to Topology,"Prof. James Munkres, ","Mathematics, Topology and Geometry, ","Lecture Notes, Instructor Insights , assignment, Multiple Assignment Types"
https://ocw.mit.edu/courses/1-46-strategic-management-in-the-design-and-construction-value-chain-fall-2003/,1.46, Graduate,courses,Strategic Management in the Design and Construction Value Chain,"Dr. John Macomber, ","Engineering, Business, Supply Chain Management","Lecture Notes, Instructor Insights , assignment, Multiple Assignment Types"
https://ocw.mit.edu/courses/11-479j-water-and-sanitation-infrastructure-in-developing-countries-spring-2007/,11.479J , Graduate,courses,Water and Sanitation Infrastructure in Developing Countries,"Susan Murcott, ","Engineering, Social Science, Public Administration","Lecture Notes, Instructor Insights , assignment, Multiple Assignment Types"
https://ocw.mit.edu/courses/11-128-information-technology-and-the-labor-market-spring-2005/,11.128, Undergraduate,courses,Information Technology and the Labor Market,"Prof. Frank Levy, ","Economics, Social Science, Public Administration","Lecture Notes, Instructor Insights , assignment, Multiple Assignment Types"
https://ocw.mit.edu/courses/7-342-a-double-edged-sword-cellular-immunity-in-health-and-disease-fall-2018/,7.342, Undergraduate,courses,A Double-Edged Sword: Cellular Immunity in Health and Disease,"Dr. Haiting Ma, ","Science, Health and Medicine, Biology","Lecture Notes, Instructor Insights , assignment, Multiple Assignment Types"
https://ocw.mit.edu/courses/15-810-marketing-management-analytics-frameworks-and-applications-fall-2015/,15.81, Graduate,courses,"Marketing Management: Analytics, Frameworks, and Applications","Prof. John Hauser, ","Management, Business, Marketing","Lecture Notes, Instructor Insights , assignment, Multiple Assignment Types"
https://ocw.mit.edu/courses/17-181-sustainability-political-economy-science-and-policy-fall-2016/,17.181, Undergraduate,courses,"Sustainability: Political Economy, Science, and Policy","Prof. Nazli Choucri, ","Science, Economics, Social Science","Lecture Notes, Instructor Insights , assignment, Multiple Assignment Types"
https://ocw.mit.edu/courses/16-522-space-propulsion-spring-2015/,16.522, Graduate,courses,Space Propulsion,"Prof. Paulo Lozano, Prof. Manuel Martinez-Sanchez","Engineering, Aerospace Engineering, Propulsion Systems","Lecture Notes, Instructor Insights , assignment, Multiple Assignment Types"
https://ocw.mit.edu/courses/15-083j-integer-programming-and-combinatorial-optimization-fall-2009/,15.083J , Graduate,courses,Integer Programming and Combinatorial Optimization,"Prof. Dimitris Bertsimas, Prof. Andreas Schulz","Engineering, Mathematics, Systems Engineering","Lecture Notes, Instructor Insights , assignment, Multiple Assignment Types"
https://ocw.mit.edu/courses/21g-820-the-beat-of-brazil-brazilian-society-through-its-music-fall-2016/,21G.820 , Undergraduate,courses,The Beat of Brazil: Brazilian Society Through Its Music,"Dr. Nilma Dominique, ","Humanities, History, Music","Lecture Notes, Instructor Insights , assignment, Multiple Assignment Types"
https://ocw.mit.edu/courses/21m-351-music-composition-fall-2008/,21M.351 ," Undergraduate, Graduate",courses,Music Composition,"Prof. Peter Child, ","Music, Fine Arts, Music History","Lecture Notes, Instructor Insights , assignment, Multiple Assignment Types"
https://ocw.mit.edu/courses/21w-747-rhetoric-spring-2015/,21W.747 , Undergraduate,courses,Rhetoric,"Dr. Steven Strang, ","Humanities, Literature, Rhetoric","Lecture Notes, Instructor Insights , assignment, Multiple Assignment Types"
https://ocw.mit.edu/courses/24-231-ethics-fall-2009/,24.231, Undergraduate,courses,Ethics,"Prof. Julia Markovits, ","Humanities, Ethics, Philosophy","Lecture Notes, Instructor Insights , assignment, Multiple Assignment Types"
https://ocw.mit.edu/courses/3-20-materials-at-equilibrium-sma-5111-fall-2003/,3.2, Graduate,courses,Materials at Equilibrium (SMA 5111),"Prof. Gerbrand Ceder, Dr. Anton Van der Ven","Engineering, Science, Physics","Lecture Notes, Instructor Insights , assignment, Multiple Assignment Types"
https://ocw.mit.edu/courses/5-112-principles-of-chemical-science-fall-2005/,5.112, Undergraduate,courses,Principles of Chemical Science,"Prof. Sylvia Ceyer, Prof. Christopher Cummins","Science, Chemistry, ","Lecture Notes, Instructor Insights , assignment, Multiple Assignment Types"
https://ocw.mit.edu/courses/6-867-machine-learning-fall-2006/,6.867, Graduate,courses,Machine Learning,"Prof. Tommi Jaakkola, Ali Mohammad","Engineering, Science, Computer Science","Lecture Notes, Instructor Insights , assignment, Multiple Assignment Types"
https://ocw.mit.edu/courses/7-013-introductory-biology-spring-2018/,7.013, Undergraduate,courses,Introductory Biology,"Prof. Angelika Amon, Dr. Diviya Ray","Science, Biology, Genetics","Lecture Notes, Instructor Insights , assignment, Multiple Assignment Types"
https://ocw.mit.edu/courses/8-033-relativity-fall-2006/,8.033, Undergraduate,courses,Relativity,"Prof. Max Tegmark, ","Science, Physics, Particle Physics","Lecture Notes, Instructor Insights , assignment, Multiple Assignment Types"
https://ocw.mit.edu/courses/8-311-electromagnetic-theory-spring-2004/,8.311, Graduate,courses,Electromagnetic Theory,"Prof. Leonid Levitov, ","Science, Physics, Theoretical Physics","Lecture Notes, Instructor Insights , assignment, Multiple Assignment Types"
https://ocw.mit.edu/courses/es-291-learning-seminar-experiments-in-education-spring-2003/,ES.291 , Undergraduate,courses,Learning Seminar: Experiments in Education,"James Rising, ","Teaching and Education, , ","Lecture Notes, Instructor Insights , assignment, Multiple Assignment Types"
https://ocw.mit.edu/courses/es-292-writing-workshop-spring-2008/,ES.292 , Undergraduate,courses,Writing Workshop,"Jessica Young, ","Humanities, Literature, Creative Writing","Lecture Notes, Instructor Insights , assignment, Multiple Assignment Types"
https://ocw.mit.edu/courses/hst-935-narrative-ethics-literary-texts-and-moral-issues-in-medicine-january-iap-2007/,HST.935 , Graduate,courses,Narrative Ethics: Literary Texts and Moral Issues in Medicine,"Prof. Martha Montello, ","Humanities, Ethics, Literature","Lecture Notes, Instructor Insights , assignment, Multiple Assignment Types"
https://ocw.mit.edu/courses/sts-011-american-science-ethical-conflicts-and-political-choices-fall-2007/,STS.011 , Undergraduate,courses,American Science: Ethical Conflicts and Political Choices,"Dr. Brendan Foley, ","Humanities, Ethics, History","Lecture Notes, Instructor Insights , assignment, Multiple Assignment Types"
https://ocw.mit.edu/courses/3-22-mechanical-behavior-of-materials-spring-2008/,3.22, Graduate,courses,Mechanical Behavior of Materials,"Prof. Krystyn van Vliet, ","Engineering, Science, Physics","Lecture Notes, Instructor Insights , assignment, Multiple Assignment Types"
https://ocw.mit.edu/courses/2-852-manufacturing-systems-analysis-spring-2010/,2.852, Graduate,courses,Manufacturing Systems Analysis,"Dr. Stanley Gershwin, ","Engineering, Mathematics, Systems Engineering","Lecture Notes, Instructor Insights , assignment, Multiple Assignment Types"
https://ocw.mit.edu/courses/18-175-theory-of-probability-spring-2014/,18.175, Graduate,courses,Theory of Probability,"Prof. Scott Sheffield, ","Mathematics, Probability and Statistics, Mathematical Analysis","Lecture Notes, Instructor Insights , assignment, Multiple Assignment Types"
https://ocw.mit.edu/courses/6-701-introduction-to-nanoelectronics-spring-2010/,6.701, Undergraduate,courses,Introduction to Nanoelectronics,"Prof. Marc  Baldo, ","Engineering, Science, Physics","Lecture Notes, Instructor Insights , assignment, Multiple Assignment Types"
https://ocw.mit.edu/courses/mas-962-special-topics-new-textiles-spring-2010/,MAS.962 , Graduate,courses,Special Topics: New Textiles,"Prof. Leah Buechley, ","Engineering, Visual Arts, Media Studies","Lecture Notes, Instructor Insights , assignment, Multiple Assignment Types"
https://ocw.mit.edu/courses/18-212-algebraic-combinatorics-spring-2019/,18.212, Undergraduate,courses,Algebraic Combinatorics,"Prof. Alexander Postnikov, ","Mathematics, Algebra and Number Theory, Discrete Mathematics","Lecture Notes, Instructor Insights , assignment, Multiple Assignment Types"
https://ocw.mit.edu/courses/4-111-introduction-to-architecture-environmental-design-spring-2014/,4.111, Undergraduate,courses,Introduction to Architecture & Environmental Design,"Lorena Bello Gomez, ","Architecture, Fine Arts, Architectural Design","Lecture Notes, Instructor Insights , assignment, Multiple Assignment Types"
https://ocw.mit.edu/courses/6-111-introductory-digital-systems-laboratory-spring-2006/,6.111, Undergraduate,courses,Introductory Digital Systems Laboratory,"Prof. Anantha Chandrakasan, ","Engineering, Computer Science, Electronics","Lecture Notes, Instructor Insights , assignment, Multiple Assignment Types"
https://ocw.mit.edu/courses/21h-134j-medieval-economic-history-in-comparative-perspective-spring-2012/,21H.134J , Undergraduate,courses,Medieval Economic History in Comparative Perspective,"Prof. Anne McCants, ","Humanities, History, European History","Lecture Notes, Instructor Insights , assignment, Multiple Assignment Types"
https://ocw.mit.edu/courses/5-301-chemistry-laboratory-techniques-january-iap-2012/,5.301, Undergraduate,courses,Chemistry Laboratory Techniques,"Dr. John J. Dolhun, ","Science, Chemistry, ","Lecture Notes, Instructor Insights , assignment, Multiple Assignment Types"
https://ocw.mit.edu/courses/10-40-chemical-engineering-thermodynamics-fall-2003/,10.4, Graduate,courses,Chemical Engineering Thermodynamics,"Prof. Jefferson W. Tester, Prof. Bernhardt Trout","Engineering, Science, Physics","Lecture Notes, Instructor Insights , assignment, Multiple Assignment Types"
https://ocw.mit.edu/courses/2-a35-biomimetic-principles-and-design-fall-2013/,2.A35 , Undergraduate,courses,Biomimetic Principles and Design,"Prof. Michael Triantafyllou, ","Engineering, Science, Mechanical Engineering","Lecture Notes, Instructor Insights , assignment, Multiple Assignment Types"
https://ocw.mit.edu/courses/9-07-statistics-for-brain-and-cognitive-science-fall-2016/,9.07, Undergraduate,courses,Statistics for Brain and Cognitive Science,"Emery N Brown, ","Science, Mathematics, Probability and Statistics","Lecture Notes, Instructor Insights , assignment, Multiple Assignment Types"
https://ocw.mit.edu/courses/11-006-poverty-and-economic-security-fall-2016/,11.006, Undergraduate,courses,Poverty and Economic Security,"Prof. Amy Glasmeier, ","Social Science, Society, Sociology","Lecture Notes, Instructor Insights , assignment, Multiple Assignment Types"
https://ocw.mit.edu/courses/11-482j-regional-socioeconomic-impact-analyses-and-modeling-fall-2008/,11.482J , Graduate,courses,Regional Socioeconomic Impact Analyses and Modeling,"Prof. Karen R. Polenske, ","Economics, Social Science, Urban Studies","Lecture Notes, Instructor Insights , assignment, Multiple Assignment Types"
https://ocw.mit.edu/courses/18-034-honors-differential-equations-spring-2009/,18.034, Undergraduate,courses,Honors Differential Equations,"Dr. Vera Mikyoung Hur, ","Mathematics, Linear Algebra, Differential Equations","Lecture Notes, Instructor Insights , assignment, Multiple Assignment Types"
https://ocw.mit.edu/courses/16-13-aerodynamics-of-viscous-fluids-fall-2003/,16.13, Graduate,courses,Aerodynamics of Viscous Fluids,"Prof. Mark Drela, Dr. Ali Merchant","Engineering, Mechanical Engineering, Fluid Mechanics","Lecture Notes, Instructor Insights , assignment, Multiple Assignment Types"
https://ocw.mit.edu/courses/21w-755-writing-and-reading-short-stories-spring-2012/,21W.755 , Undergraduate,courses,Writing and Reading Short Stories,"Shariann Lewitt, ","Humanities, Literature, Criticism","Lecture Notes, Instructor Insights , assignment, Multiple Assignment Types"
https://ocw.mit.edu/courses/18-781-theory-of-numbers-spring-2012/,18.781, Undergraduate,courses,Theory of Numbers,"Prof. Abhinav Kumar, ","Mathematics, Algebra and Number Theory, ","Lecture Notes, Instructor Insights , assignment, Multiple Assignment Types"
https://ocw.mit.edu/courses/2-141-modeling-and-simulation-of-dynamic-systems-fall-2006/,2.141, Graduate,courses,Modeling and Simulation of Dynamic Systems,"Prof. Neville Hogan, ","Engineering, Mechanical Engineering, Systems Engineering","Lecture Notes, Instructor Insights , assignment, Multiple Assignment Types"
https://ocw.mit.edu/courses/21a-245j-power-interpersonal-organizational-and-global-dimensions-fall-2005/,21A.245J , Undergraduate,courses,"Power: Interpersonal, Organizational and Global Dimensions","Prof. Susan S. Silbey, ","Humanities, Social Science, Business","Lecture Notes, Instructor Insights , assignment, Multiple Assignment Types"
https://ocw.mit.edu/courses/21l-009-shakespeare-spring-2004/,21L.009 , Undergraduate,courses,Shakespeare,"Prof. Peter S. Donaldson, Prof. Diana Henderson","Humanities, Literature, Criticism","Lecture Notes, Instructor Insights , assignment, Multiple Assignment Types"
https://ocw.mit.edu/courses/21m-291-music-of-india-spring-2007/,21M.291 , Undergraduate,courses,Music of India,"Prof. George Ruckert, ","Music, Fine Arts, Society","Lecture Notes, Instructor Insights , assignment, Multiple Assignment Types"
https://ocw.mit.edu/courses/22-38-probability-and-its-applications-to-reliability-quality-control-and-risk-assessment-fall-2005/,22.38, Graduate,courses,"Probability And Its Applications To Reliability, Quality Control, And Risk Assessment","Prof. Michael Golay, ","Engineering, Mathematics, Systems Engineering","Lecture Notes, Instructor Insights , assignment, Multiple Assignment Types"
https://ocw.mit.edu/courses/24-251-introduction-to-philosophy-of-language-fall-2011/,24.251, Undergraduate,courses,Introduction to Philosophy of Language,"Prof. Stephen Yablo, ","Humanities, Linguistics, Philosophy","Lecture Notes, Instructor Insights , assignment, Multiple Assignment Types"
https://ocw.mit.edu/courses/8-09-classical-mechanics-iii-fall-2014/,8.09, Undergraduate,courses,Classical Mechanics III,"Prof. Iain Stewart, ","Science, Physics, Classical Mechanics","Lecture Notes, Instructor Insights , assignment, Multiple Assignment Types"
https://ocw.mit.edu/courses/6-050j-information-and-entropy-spring-2008/,6.050J , Undergraduate,courses,Information and Entropy,"Prof. Seth Lloyd, Prof. Paul Penfield","Engineering, Computer Science, Mathematics","Lecture Notes, Instructor Insights , assignment, Multiple Assignment Types"
https://ocw.mit.edu/courses/cms-608-game-design-spring-2014/,CMS.608 , Undergraduate,courses,Game Design,"Richard Eberhardt, Philip B. Tan","Media Studies, Fine Arts, Game Design","Lecture Notes, Instructor Insights , assignment, Multiple Assignment Types"
https://ocw.mit.edu/courses/esd-s51-systems-leadership-and-management-praxis-summer-2014/,ESD.S51 , Graduate,courses,Systems Leadership and Management Praxis,"Michael A. M. Davies, ","Innovation, Management, Leadership","Lecture Notes, Instructor Insights , assignment, Multiple Assignment Types"
https://ocw.mit.edu/courses/21g-730-hispanic-america-one-hundred-years-of-literature-and-film-spring-2014/,21G.730 , Undergraduate,courses,Hispanic America: One Hundred Years of Literature and Film,"Prof. Elizabeth Garrels, ","Humanities, Literature, History","Lecture Notes, Instructor Insights , assignment, Multiple Assignment Types"
https://ocw.mit.edu/courses/14-20-industrial-organization-and-public-policy-spring-2003/,14.2, Undergraduate,courses,Industrial Organization and Public Policy,"Prof. Nancy Rose, ","Economics, Social Science, Public Administration","Lecture Notes, Instructor Insights , assignment, Multiple Assignment Types"
https://ocw.mit.edu/courses/1-050-engineering-mechanics-i-fall-2007/,1.05, Undergraduate,courses,Engineering Mechanics I,"Prof. Markus Buehler, Prof. Franz-Josef Ulm","Engineering, Mechanical Engineering, Civil Engineering","Lecture Notes, Instructor Insights , assignment, Multiple Assignment Types"
https://ocw.mit.edu/courses/mas-742-industrial-design-intelligence-a-cognitive-approach-to-engineering-fall-2003/,MAS.742 , Graduate,courses,Industrial Design Intelligence: A Cognitive Approach to Engineering,"Prof. Ted Selker, ","Engineering, Science, Electronics","Lecture Notes, Instructor Insights , assignment, Multiple Assignment Types"
https://ocw.mit.edu/courses/15-093j-optimization-methods-fall-2009/,15.093J , Graduate,courses,Optimization Methods,"Prof. Dimitris Bertsimas, ","Engineering, Mathematics, Systems Engineering","Lecture Notes, Instructor Insights , assignment, Multiple Assignment Types"
https://ocw.mit.edu/courses/14-15j-networks-spring-2018/,14.15J , Undergraduate,courses,Networks,"Dr. Mardavij Roozbehani, Dr. Evan Sadler","Engineering, Computer Science, Economics","Lecture Notes, Instructor Insights , assignment, Multiple Assignment Types"
https://ocw.mit.edu/courses/15-676-work-employment-and-industrial-relations-theory-spring-2008/,15.676, Graduate,courses,"Work, Employment, and Industrial Relations Theory","Prof. Thomas A. Kochan, ","Economics, Social Science, Business","Lecture Notes, Instructor Insights , assignment, Multiple Assignment Types"
https://ocw.mit.edu/courses/14-54-international-trade-fall-2016/,14.54, Undergraduate,courses,International Trade,"Prof. Arnaud Costinot, ","Economics, Social Science, Business","Lecture Notes, Instructor Insights , assignment, Multiple Assignment Types"
https://ocw.mit.edu/courses/15-015-macro-and-international-economics-fall-2011/,15.015, Graduate,courses,Macro and International Economics,"Prof. Simon Johnson, ","Economics, Social Science, Business","Lecture Notes, Instructor Insights , assignment, Multiple Assignment Types"
https://ocw.mit.edu/courses/18-354j-nonlinear-dynamics-ii-continuum-systems-spring-2015/,18.354J , Graduate,courses,Nonlinear Dynamics II: Continuum Systems,"Prof. Jörn Dunkel, ","Science, Physics, Mathematics","Lecture Notes, Instructor Insights , assignment, Multiple Assignment Types"
https://ocw.mit.edu/courses/4-366-advanced-projects-in-the-visual-arts-personal-narrative-spring-2004/,4.366, Undergraduate,courses,Advanced Projects in the Visual Arts: Personal Narrative,"Prof. Joe Gibbons, ","Visual Arts, Media Studies, Fine Arts","Lecture Notes, Instructor Insights , assignment, Multiple Assignment Types"
https://ocw.mit.edu/courses/4-144-architectural-design-level-ii-new-orleans-studio-spring-2006/,4.144, Graduate,courses,"Architectural Design, Level II: New Orleans Studio","Prof. Jan Wampler, ","Architecture, Fine Arts, Architectural Design","Lecture Notes, Instructor Insights , assignment, Multiple Assignment Types"
https://ocw.mit.edu/courses/6-336j-introduction-to-numerical-simulation-sma-5211-fall-2003/,6.336J , Graduate,courses,Introduction to Numerical Simulation (SMA 5211),"Prof. Luca Daniel, Prof. Nicholas Hadjiconstantinou","Engineering, Systems Engineering, Numerical Simulation","Lecture Notes, Instructor Insights , assignment, Multiple Assignment Types"
https://ocw.mit.edu/courses/11-947-urbanization-and-development-spring-2009/,11.947, Graduate,courses,Urbanization and Development,"Dr. Daniel Esser, ","Humanities, Social Science, Public Administration","Lecture Notes, Instructor Insights , assignment, Multiple Assignment Types"
https://ocw.mit.edu/courses/11-s196-global-freshwater-crisis-spring-2011/,11.S196 , Undergraduate,courses,Global Freshwater Crisis,"Susan Murcott, ","Engineering, Economics, Social Science","Lecture Notes, Instructor Insights , assignment, Multiple Assignment Types"
https://ocw.mit.edu/courses/11-s943-development-planning-and-implementation-the-dialectic-of-theory-and-practice-fall-2017/,11.S943 , Graduate,courses,"Development, Planning, and Implementation: The Dialectic of Theory and Practice","Cauam Ferreira Cardoso, Prof. Bishwapriya Sanyal","Social Science, Public Administration, Urban Studies","Lecture Notes, Instructor Insights , assignment, Multiple Assignment Types"
https://ocw.mit.edu/courses/2-00aj-exploring-sea-space-earth-fundamentals-of-engineering-design-spring-2009/,2.00AJ , Undergraduate,courses,"Exploring Sea, Space, & Earth: Fundamentals of Engineering Design","Prof. Alexandra Techet, ","Engineering, Mechanical Engineering, Systems Engineering","Lecture Notes, Instructor Insights , assignment, Multiple Assignment Types"
https://ocw.mit.edu/courses/2-007-design-and-manufacturing-i-spring-2009/,2.007, Undergraduate,courses,Design and Manufacturing I,"Prof. Daniel Frey, Prof. David Gossard","Engineering, Mechanical Engineering, Electrical Engineering","Lecture Notes, Instructor Insights , assignment, Multiple Assignment Types"
https://ocw.mit.edu/courses/2-086-numerical-computation-for-mechanical-engineers-fall-2014/,2.086, Undergraduate,courses,Numerical Computation for Mechanical Engineers,"Prof. Nicolas G. Hadjiconstantinou, Prof. Anthony T. Patera","Engineering, Computer Science, Mathematics","Lecture Notes, Instructor Insights , assignment, Multiple Assignment Types"
https://ocw.mit.edu/courses/24-973-advanced-semantics-spring-2009/,24.973, Graduate,courses,Advanced Semantics,"Prof. Kai von Fintel, ","Humanities, Linguistics, Semantics","Lecture Notes, Instructor Insights , assignment, Multiple Assignment Types"
https://ocw.mit.edu/courses/2-tha-undergraduate-thesis-for-course-2-a-january-iap-2007/,2.THA , Undergraduate,courses,Undergraduate Thesis for Course 2-A,"David Custer, ","Engineering, Humanities, Literature","Lecture Notes, Instructor Insights , assignment, Multiple Assignment Types"
https://ocw.mit.edu/courses/3-40j-physical-metallurgy-fall-2009/,3.40J , Graduate,courses,Physical Metallurgy,"Prof. Chris Schuh, ","Engineering, Materials Science and Engineering, Metallurgical Engineering","Lecture Notes, Instructor Insights , assignment, Multiple Assignment Types"
https://ocw.mit.edu/courses/6-436j-fundamentals-of-probability-fall-2018/,6.436J , Graduate,courses,Fundamentals of Probability,"Prof. Yury Polyanskiy, ","Mathematics, Probability and Statistics, ","Lecture Notes, Instructor Insights , assignment, Multiple Assignment Types"
https://ocw.mit.edu/courses/6-450-principles-of-digital-communication-i-fall-2009/,6.45, Graduate,courses,Principles of Digital Communication I,"Soheil Feizi-Khankandi, Prof. Muriel Médard","Engineering, Electrical Engineering, Telecommunications","Lecture Notes, Instructor Insights , assignment, Multiple Assignment Types"
https://ocw.mit.edu/courses/8-512-theory-of-solids-ii-spring-2009/,8.512, Graduate,courses,Theory of Solids II,"Prof. Patrick Lee, ","Engineering, Science, Physics","Lecture Notes, Instructor Insights , assignment, Multiple Assignment Types"
https://ocw.mit.edu/courses/24-213-philosophy-of-film-fall-2004/,24.213, Undergraduate,courses,Philosophy of Film,"Prof. Irving Singer, ","Humanities, Visual Arts, Fine Arts","Lecture Notes, Instructor Insights , assignment, Multiple Assignment Types"
https://ocw.mit.edu/courses/16-333-aircraft-stability-and-control-fall-2004/,16.333, Graduate,courses,Aircraft Stability and Control,"Prof. Jonathan P. How, ","Engineering, Aerospace Engineering, Guidance and Control Systems","Lecture Notes, Instructor Insights , assignment, Multiple Assignment Types"
https://ocw.mit.edu/courses/4-210-precedents-in-critical-practice-fall-2012/,4.21, Graduate,courses,Precedents in Critical Practice,"Prof. Ana Miljački, ","Architecture, Fine Arts, Architectural Design","Lecture Notes, Instructor Insights , assignment, Multiple Assignment Types"
https://ocw.mit.edu/courses/sts-062j-drugs-politics-and-culture-spring-2006/,STS.062J , Undergraduate,courses,"Drugs, Politics, and Culture","Prof. Hugh Gusterson, ","Social Science, Health and Medicine, Public Health","Lecture Notes, Instructor Insights , assignment, Multiple Assignment Types"
https://ocw.mit.edu/courses/12-005-applications-of-continuum-mechanics-to-earth-atmospheric-and-planetary-sciences-spring-2006/,12.005, Undergraduate,courses,"Applications of Continuum Mechanics to Earth, Atmospheric, and Planetary Sciences","Prof. Bradford Hager, ","Engineering, Science, Mechanical Engineering","Lecture Notes, Instructor Insights , assignment, Multiple Assignment Types"
https://ocw.mit.edu/courses/11-016j-the-once-and-future-city-spring-2015/,11.016J , Undergraduate,courses,The Once and Future City,"Prof. Anne Whiston Spirn, ","Humanities, History, Architecture","Lecture Notes, Instructor Insights , assignment, Multiple Assignment Types"
https://ocw.mit.edu/courses/11-800-doctoral-research-seminar-knowledge-in-the-public-arena-spring-2007/,11.8, Graduate,courses,Doctoral Research Seminar: Knowledge in the Public Arena,"Prof. Xavier de Souza Briggs, Prof. Frank Levy","Communication, Social Science, Public Administration","Lecture Notes, Instructor Insights , assignment, Multiple Assignment Types"
https://ocw.mit.edu/courses/7-a12-freshman-seminar-structural-basis-of-genetic-material-nucleic-acids-fall-2005/,7.A12 , Undergraduate,courses,Freshman Seminar: Structural Basis of Genetic Material: Nucleic Acids,"Prof. Shuguang Zhang, ","Science, Biology, Genetics","Lecture Notes, Instructor Insights , assignment, Multiple Assignment Types"
https://ocw.mit.edu/courses/14-384-time-series-analysis-fall-2013/,14.384, Graduate,courses,Time Series Analysis,"Prof. Anna Mikusheva, ","Mathematics, Probability and Statistics, Economics","Lecture Notes, Instructor Insights , assignment, Multiple Assignment Types"
https://ocw.mit.edu/courses/22-01-introduction-to-nuclear-engineering-and-ionizing-radiation-fall-2016/,22.01, Undergraduate,courses,Introduction to Nuclear Engineering and Ionizing Radiation,"Prof. Michael Short, ","Engineering, Science, Physics","Lecture Notes, Instructor Insights , assignment, Multiple Assignment Types"
https://ocw.mit.edu/courses/14-02-principles-of-macroeconomics-spring-2014/,14.02, Undergraduate,courses,Principles of Macroeconomics,"Prof. Francesco Giavazzi, ","Economics, Social Science, Political Economy","Lecture Notes, Instructor Insights , assignment, Multiple Assignment Types"
https://ocw.mit.edu/courses/5-111sc-principles-of-chemical-science-fall-2014/,5.111SC , Undergraduate,courses,Principles of Chemical Science,"Prof. Catherine Drennan, ","Science, Chemistry, Organic Chemistry","Lecture Notes, Instructor Insights , assignment, Multiple Assignment Types"
https://ocw.mit.edu/courses/17-261-congress-and-the-american-political-system-ii-fall-2005/,17.261," Undergraduate, Graduate",courses,Congress and the American Political System II,"Prof. Charles Stewart, ","Social Science, Political Science, Business","Lecture Notes, Instructor Insights , assignment, Multiple Assignment Types"
https://ocw.mit.edu/courses/22-091-nuclear-reactor-safety-spring-2008/,22.091," Undergraduate, Graduate",courses,Nuclear Reactor Safety,"Prof. Andrew Kadak, ","Engineering, Science, Physics","Lecture Notes, Instructor Insights , assignment, Multiple Assignment Types"
https://ocw.mit.edu/courses/17-441-international-politics-and-climate-change-fall-2007/,17.441," Undergraduate, Graduate",courses,International Politics and Climate Change,"Prof. Nazli Choucri, ","Engineering, Science, Social Science","Lecture Notes, Instructor Insights , assignment, Multiple Assignment Types"
https://ocw.mit.edu/courses/17-265-public-opinion-and-american-democracy-spring-2007/,17.265, Undergraduate,courses,Public Opinion and American Democracy,"Prof. Adam Berinsky, ","Social Science, Public Administration, Political Science","Lecture Notes, Instructor Insights , assignment, Multiple Assignment Types"
https://ocw.mit.edu/courses/8-421-atomic-and-optical-physics-i-spring-2014/,8.421, Graduate,courses,Atomic and Optical Physics I,"Prof. Wolfgang Ketterle, ","Science, Physics, Atomic, Molecular, Optical Physics","Lecture Notes, Instructor Insights , assignment, Multiple Assignment Types"
https://ocw.mit.edu/courses/8-05-quantum-physics-ii-fall-2013/,8.05, Undergraduate,courses,Quantum Physics II,"Prof. Barton Zwiebach, ","Science, Physics, Quantum Mechanics","Lecture Notes, Instructor Insights , assignment, Multiple Assignment Types"
https://ocw.mit.edu/courses/21g-228-advanced-workshop-in-writing-for-social-sciences-and-architecture-els-spring-2007/,21G.228 , Undergraduate,courses,Advanced Workshop in Writing for Social Sciences and Architecture (ELS),"Patricia Brennecke, ","Humanities, Literature, Language","Lecture Notes, Instructor Insights , assignment, Multiple Assignment Types"
https://ocw.mit.edu/courses/15-328-team-project-fall-2003/,15.328, Graduate,courses,Team Project,"Prof. John Carroll, ","Innovation, Management, Leadership","Lecture Notes, Instructor Insights , assignment, Multiple Assignment Types"
https://ocw.mit.edu/courses/18-013a-calculus-with-applications-spring-2005/,18.013A , Undergraduate,courses,Calculus with Applications,"Daniel Kleitman, ","Mathematics, Applied Mathematics, Differential Equations","Lecture Notes, Instructor Insights , assignment, Multiple Assignment Types"
https://ocw.mit.edu/courses/18-969-topics-in-geometry-mirror-symmetry-spring-2009/,18.969, Graduate,courses,Topics in Geometry: Mirror Symmetry,"Prof. Denis Auroux, ","Science, Physics, Mathematics","Lecture Notes, Instructor Insights , assignment, Multiple Assignment Types"
https://ocw.mit.edu/courses/20-400j-perspectives-in-biological-engineering-spring-2006/,20.400J , Graduate,courses,Perspectives in Biological Engineering,"Prof. Peter Dedon, Prof. Douglas Lauffenburger","Engineering, Science, Biological Engineering","Lecture Notes, Instructor Insights , assignment, Multiple Assignment Types"
https://ocw.mit.edu/courses/1-033-mechanics-of-material-systems-an-energy-approach-fall-2003/,1.033, Undergraduate,courses,Mechanics of Material Systems: An Energy Approach,"Prof. Franz-Josef Ulm, ","Engineering, Science, Physics","Lecture Notes, Instructor Insights , assignment, Multiple Assignment Types"
https://ocw.mit.edu/courses/21g-347-contemporary-short-french-fiction-social-and-literary-trends-since-1990-fall-2013/,21G.347 , Undergraduate,courses,Contemporary Short French Fiction: Social and Literary Trends since 1990,"Prof. Bruno Perreau, ","Humanities, Literature, Language","Lecture Notes, Instructor Insights , assignment, Multiple Assignment Types"
https://ocw.mit.edu/courses/21l-004-reading-poetry-spring-2018/,21L.004 , Undergraduate,courses,Reading Poetry,"Prof. Mary Fuller, ","Humanities, Literature, American Literature","Lecture Notes, Instructor Insights , assignment, Multiple Assignment Types"
https://ocw.mit.edu/courses/9-250-evolutionary-psychology-spring-1999/,9.25, Graduate,courses,Evolutionary Psychology,"Prof. Steven Pinker, ","Science, Social Science, Cognitive Science","Lecture Notes, Instructor Insights , assignment, Multiple Assignment Types"
https://ocw.mit.edu/courses/21w-747-2-rhetoric-rhetoric-of-science-spring-2006/,21W.747-2 , Undergraduate,courses,Rhetoric: Rhetoric of Science,"Dr. Mya Poe, ","Communication, Humanities, Literature","Lecture Notes, Instructor Insights , assignment, Multiple Assignment Types"
https://ocw.mit.edu/courses/3-a26-freshman-seminar-the-nature-of-engineering-fall-2005/,3.A26 , Undergraduate,courses,Freshman Seminar: The Nature of Engineering,"Lorna Gibson, ","Engineering, Biological Engineering, Materials Science and Engineering","Lecture Notes, Instructor Insights , assignment, Multiple Assignment Types"
https://ocw.mit.edu/courses/9-57j-language-acquisition-fall-2001/,9.57J , Undergraduate,courses,Language Acquisition,"Prof. Ken Wexler, ","Science, Humanities, Linguistics","Lecture Notes, Instructor Insights , assignment, Multiple Assignment Types"
https://ocw.mit.edu/courses/hst-582j-biomedical-signal-and-image-processing-spring-2007/,HST.582J , Graduate,courses,Biomedical Signal and Image Processing,"Dr. Gari Clifford, Dr. John Fisher","Engineering, Electrical Engineering, Health and Medicine","Lecture Notes, Instructor Insights , assignment, Multiple Assignment Types"
https://ocw.mit.edu/courses/sts-038-energy-and-environment-in-american-history-1705-2005-fall-2006/,STS.038 , Undergraduate,courses,Energy and Environment in American History: 1705-2005,"Prof. Peter Shulman, ","Humanities, History, Social Science","Lecture Notes, Instructor Insights , assignment, Multiple Assignment Types"
https://ocw.mit.edu/courses/11-203-microeconomics-fall-2010/,11.203, Graduate,courses,Microeconomics,"Prof. Frank Levy, ","Economics, Social Science, Microeconomics","Lecture Notes, Instructor Insights , assignment, Multiple Assignment Types"
https://ocw.mit.edu/courses/17-914-international-politics-in-the-new-century-via-simulation-interactive-gaming-and-edutainment-january-iap-2005/,17.914, Undergraduate,courses,"International Politics in the New Century - via Simulation, Interactive Gaming, and  'Edutainment'","Prof. Nazli Choucri, ","Engineering, Computer Science, Systems Engineering","Lecture Notes, Instructor Insights , assignment, Multiple Assignment Types"
https://ocw.mit.edu/courses/18-727-topics-in-algebraic-geometry-algebraic-surfaces-spring-2008/,18.727, Graduate,courses,Topics in Algebraic Geometry: Algebraic Surfaces,"Prof. Abhinav Kumar, ","Mathematics, Algebra and Number Theory, Topology and Geometry","Lecture Notes, Instructor Insights , assignment, Multiple Assignment Types"
https://ocw.mit.edu/courses/1-101-introduction-to-civil-and-environmental-engineering-design-i-fall-2006/,1.101, Undergraduate,courses,Introduction to Civil and Environmental Engineering Design I,"Prof. Louis Bucciarelli, Prof. Herbert Einstein","Engineering, Civil Engineering, Environmental Engineering","Lecture Notes, Instructor Insights , assignment, Multiple Assignment Types"
https://ocw.mit.edu/courses/24-964-topics-in-phonology-phonetic-realization-fall-2006/,24.964, Graduate,courses,Topics in Phonology: Phonetic Realization,"Prof. Edward Flemming, ","Humanities, Linguistics, Phonology","Lecture Notes, Instructor Insights , assignment, Multiple Assignment Types"
https://ocw.mit.edu/courses/4-131-architectural-design-level-ii-material-essence-the-glass-house-fall-2003/,4.131, Graduate,courses,"Architectural Design, Level II: Material Essence: The Glass House","Prof. Andrew Scott, ","Architecture, Fine Arts, Architectural Design","Lecture Notes, Instructor Insights , assignment, Multiple Assignment Types"
https://ocw.mit.edu/courses/2-737-mechatronics-fall-2014/,2.737, Graduate,courses,Mechatronics,"Prof. David Trumper, ","Engineering, Electronics, Mechanical Engineering","Lecture Notes, Instructor Insights , assignment, Multiple Assignment Types"
https://ocw.mit.edu/courses/6-852j-distributed-algorithms-fall-2009/,6.852J , Graduate,courses,Distributed Algorithms,"Prof. Nancy Lynch, ","Engineering, Computer Science, Algorithms and Data Structures","Lecture Notes, Instructor Insights , assignment, Multiple Assignment Types"
https://ocw.mit.edu/courses/5-111-principles-of-chemical-science-fall-2008/,5.111, Undergraduate,courses,Principles of Chemical Science,"Prof. Catherine Drennan, Dr. Elizabeth Vogel Taylor","Science, Chemistry, ","Lecture Notes, Instructor Insights , assignment, Multiple Assignment Types"
https://ocw.mit.edu/courses/20-330j-fields-forces-and-flows-in-biological-systems-spring-2007/,20.330J , Undergraduate,courses,"Fields, Forces and Flows in Biological Systems","Prof. Jongyoon Han, Prof. Scott Manalis","Engineering, Science, Mechanical Engineering","Lecture Notes, Instructor Insights , assignment, Multiple Assignment Types"
https://ocw.mit.edu/courses/1-963-a-sustainable-transportation-plan-for-mit-spring-2007/,1.963, Graduate,courses,A Sustainable Transportation Plan for MIT,"John Attanucci, Lawrence Brutti","Science, Social Science, Public Administration","Lecture Notes, Instructor Insights , assignment, Multiple Assignment Types"
https://ocw.mit.edu/courses/15-975-u-lab-leading-profound-innovation-for-a-more-sustainable-world-fall-2010/,15.975, Graduate,courses,U-Lab: Leading Profound Innovation for a More Sustainable World,"Dr. Claus Otto Scharmer, ","Communication, Science, Innovation","Lecture Notes, Instructor Insights , assignment, Multiple Assignment Types"
https://ocw.mit.edu/courses/16-07-dynamics-fall-2009/,16.07, Undergraduate,courses,Dynamics,"Prof. John Deyst, Prof. Edward Greitzer","Engineering, Science, Physics","Lecture Notes, Instructor Insights , assignment, Multiple Assignment Types"
https://ocw.mit.edu/courses/1-85-water-and-wastewater-treatment-engineering-spring-2006/,1.85, Graduate,courses,Water and Wastewater Treatment Engineering,"Dr. Peter Shanahan, ","Engineering, Environmental Engineering, Hydrology and Water Resource Systems","Lecture Notes, Instructor Insights , assignment, Multiple Assignment Types"
https://ocw.mit.edu/courses/21h-326-the-making-of-russia-in-the-worlds-of-byzantium-mongolia-and-europe-spring-1998/,21H.326 , Undergraduate,courses,"The Making of Russia in the Worlds of Byzantium, Mongolia, and Europe","Prof. Elizabeth A. Wood, ","Humanities, History, Social Science","Lecture Notes, Instructor Insights , assignment, Multiple Assignment Types"
https://ocw.mit.edu/courses/9-913-pattern-recognition-for-machine-vision-fall-2004/,9.913, Graduate,courses,Pattern Recognition for Machine Vision,"Dr. Bernd Heisele, Dr. Yuri Ivanov","Engineering, Science, Computer Science","Lecture Notes, Instructor Insights , assignment, Multiple Assignment Types"
https://ocw.mit.edu/courses/hst-021-musculoskeletal-pathophysiology-january-iap-2006/,HST.021 , Graduate,courses,Musculoskeletal Pathophysiology,"Dr. Dwight R. Robinson, ","Engineering, Biological Engineering, Health and Medicine","Lecture Notes, Instructor Insights , assignment, Multiple Assignment Types"
https://ocw.mit.edu/courses/21g-027-asia-in-the-modern-world-images-representations-fall-2016/,21G.027 , Undergraduate,courses,Asia in the Modern World: Images & Representations,"Prof. Shigeru Miyagawa, ","Humanities, History, Visual Arts","Lecture Notes, Instructor Insights , assignment, Multiple Assignment Types"
https://ocw.mit.edu/courses/17-200-graduate-seminar-in-american-politics-i-political-behavior-fall-2016/,17.2, Graduate,courses,Graduate Seminar in American Politics I: Political Behavior,"Prof. Ariel White, ","Social Science, Political Science, American Politics","Lecture Notes, Instructor Insights , assignment, Multiple Assignment Types"
https://ocw.mit.edu/courses/11-304j-site-and-infrastructure-systems-planning-spring-2009/,11.304J , Graduate,courses,Site and Infrastructure Systems Planning,"Prof. Eran Ben-Joseph, ","Engineering, Architecture, Social Science","Lecture Notes, Instructor Insights , assignment, Multiple Assignment Types"
https://ocw.mit.edu/courses/11-486j-economic-institutions-and-growth-policy-analysis-fall-2005/,11.486J , Graduate,courses,Economic Institutions and Growth Policy Analysis,"Prof. Alice Amsden, Prof. Michael Piore","Economics, Social Science, Public Administration","Lecture Notes, Instructor Insights , assignment, Multiple Assignment Types"
https://ocw.mit.edu/courses/9-04-sensory-systems-fall-2013/,9.04, Undergraduate,courses,Sensory Systems,"Prof. M. Christian Brown, Prof. Peter H. Schiller","Science, Health and Medicine, Anatomy and Physiology","Lecture Notes, Instructor Insights , assignment, Multiple Assignment Types"
https://ocw.mit.edu/courses/1-203j-logistical-and-transportation-planning-methods-fall-2006/,1.203J , Graduate,courses,Logistical and Transportation Planning Methods,"Prof. Arnold Barnett, Richard C. Larson","Engineering, Mathematics, Systems Engineering","Lecture Notes, Instructor Insights , assignment, Multiple Assignment Types"
https://ocw.mit.edu/courses/4-493-natural-light-in-design-january-iap-2006/,4.493, Graduate,courses,Natural Light in Design,"Prof. Marilyne Andersen, ","Engineering, Architecture, Systems Engineering","Lecture Notes, Instructor Insights , assignment, Multiple Assignment Types"
https://ocw.mit.edu/courses/6-441-information-theory-spring-2016/,6.441, Graduate,courses,Information Theory,"Prof. Yury Polyanskiy, ","Engineering, Computer Science, Mathematics","Lecture Notes, Instructor Insights , assignment, Multiple Assignment Types"
https://ocw.mit.edu/courses/21h-411-history-of-western-thought-500-1300-fall-2004/,21H.411 , Undergraduate,courses,"History of Western Thought, 500-1300","Prof. Anne McCants, ","Humanities, History, European History","Lecture Notes, Instructor Insights , assignment, Multiple Assignment Types"
https://ocw.mit.edu/courses/18-152-introduction-to-partial-differential-equations-fall-2011/,18.152, Undergraduate,courses,Introduction to Partial Differential Equations,"Prof. Jared  Speck, ","Mathematics, Differential Equations, ","Lecture Notes, Instructor Insights , assignment, Multiple Assignment Types"
https://ocw.mit.edu/courses/18-704-seminar-in-algebra-and-number-theory-computational-commutative-algebra-and-algebraic-geometry-fall-2008/,18.704, Undergraduate,courses,Seminar in Algebra and Number Theory: Computational Commutative Algebra and Algebraic Geometry,"Prof. Steven Kleiman, ","Mathematics, Computation, Algebra and Number Theory","Lecture Notes, Instructor Insights , assignment, Multiple Assignment Types"
https://ocw.mit.edu/courses/21g-714-spanish-for-bilingual-students-spring-2003/,21G.714 , Undergraduate,courses,Spanish for Bilingual Students,"Douglas Morgenstern, ","Humanities, Literature, Language","Lecture Notes, Instructor Insights , assignment, Multiple Assignment Types"
https://ocw.mit.edu/courses/21h-311-the-renaissance-1300-1600-fall-2004/,21H.311 , Undergraduate,courses,"The Renaissance, 1300-1600","Prof. Jeffrey S. Ravel, ","Humanities, History, Social Science","Lecture Notes, Instructor Insights , assignment, Multiple Assignment Types"
https://ocw.mit.edu/courses/21m-715-the-craft-of-costume-design-fall-2009/,21M.715 , Undergraduate,courses,The Craft of Costume Design,"Leslie Cocuzzo Held, ","Fine Arts, Performance Arts, Theatrical Design","Lecture Notes, Instructor Insights , assignment, Multiple Assignment Types"
https://ocw.mit.edu/courses/6-831-user-interface-design-and-implementation-spring-2011/,6.831, Graduate,courses,User Interface Design and Implementation,"Prof. Robert Miller, ","Engineering, Computer Science, Visual Arts","Lecture Notes, Instructor Insights , assignment, Multiple Assignment Types"
https://ocw.mit.edu/courses/cms-300-introduction-to-videogame-studies-fall-2011/,CMS.300 , Undergraduate,courses,Introduction to Videogame Studies,"Clara Fernandez-Vara, ","Media Studies, Fine Arts, Digital Media","Lecture Notes, Instructor Insights , assignment, Multiple Assignment Types"
https://ocw.mit.edu/courses/hst-035-principle-and-practice-of-human-pathology-spring-2003/,HST.035 , Graduate,courses,Principle and Practice of Human Pathology,"Prof. Kamran Badizadegan, Prof. Gary Tearney","Health and Medicine, Pathology and Pathophysiology, ","Lecture Notes, Instructor Insights , assignment, Multiple Assignment Types"
https://ocw.mit.edu/courses/esd-933-technology-policy-negotiations-and-dispute-resolution-spring-2005/,ESD.933 , Graduate,courses,Technology Policy Negotiations and Dispute Resolution,"Prof. Joel Cutcher-Gershenfeld, ","Communication, Social Science, Public Administration","Lecture Notes, Instructor Insights , assignment, Multiple Assignment Types"
https://ocw.mit.edu/courses/mas-964-common-sense-reasoning-for-interactive-applications-fall-2002/,MAS.964 , Graduate,courses,Common Sense Reasoning for Interactive Applications,"Prof. Henry Lieberman, ","Engineering, Computer Science, Artificial Intelligence","Lecture Notes, Instructor Insights , assignment, Multiple Assignment Types"
https://ocw.mit.edu/courses/wgs-151-gender-health-and-society-spring-2016/,WGS.151 , Undergraduate,courses,"Gender, Health, and Society","Dr. Brittany Charlton, ","Health and Medicine, Society, Women's Studies","Lecture Notes, Instructor Insights , assignment, Multiple Assignment Types"
https://ocw.mit.edu/courses/17-s914-conversations-you-cant-have-on-campus-race-ethnicity-gender-and-identity-spring-2012/,17.S914 , Undergraduate,courses,"Conversations You Can't Have on Campus: Race, Ethnicity, Gender and Identity","Tobie Weiner, ","Social Science, Political Science, Society","Lecture Notes, Instructor Insights , assignment, Multiple Assignment Types"
https://ocw.mit.edu/courses/3-021j-introduction-to-modeling-and-simulation-spring-2012/,3.021J , Undergraduate,courses,Introduction to Modeling and Simulation,"Prof. Markus Buehler, Prof. Jeffrey Grossman","Engineering, Science, Physics","Lecture Notes, Instructor Insights , assignment, Multiple Assignment Types"
https://ocw.mit.edu/courses/9-012-the-brain-and-cognitive-sciences-ii-spring-2006/,9.012, Graduate,courses,The Brain and Cognitive Sciences II,"Prof. Edward Gibson, Prof. Pawan Sinha","Science, Social Science, Biology","Lecture Notes, Instructor Insights , assignment, Multiple Assignment Types"
https://ocw.mit.edu/courses/11-237-practice-of-participatory-action-research-par-spring-2016/,11.237, Graduate,courses,Practice of Participatory Action Research (PAR),"Dayna Cunningham, Esq., Prof. Lawrence Susskind","Social Science, Public Administration, Sociology","Lecture Notes, Instructor Insights , assignment, Multiple Assignment Types"
https://ocw.mit.edu/courses/15-660-strategic-hr-management-spring-2003/,15.66, Graduate,courses,Strategic HR Management,"Prof. Diane Burton, Prof. Paul Osterman","Business, Industrial Relations and Human Resource Management, ","Lecture Notes, Instructor Insights , assignment, Multiple Assignment Types"
https://ocw.mit.edu/courses/2-72-elements-of-mechanical-design-spring-2009/,2.72, Undergraduate,courses,Elements of Mechanical Design,"Prof. Martin Culpepper, ","Engineering, Mechanical Engineering, Business","Lecture Notes, Instructor Insights , assignment, Multiple Assignment Types"
https://ocw.mit.edu/courses/15-567-the-economics-of-information-strategy-structure-and-pricing-fall-2010/,15.567, Graduate,courses,"The Economics of Information: Strategy, Structure and Pricing","Prof. Erik Brynjolfsson, ","Economics, Social Science, Business","Lecture Notes, Instructor Insights , assignment, Multiple Assignment Types"
https://ocw.mit.edu/courses/mas-963-technological-tools-for-school-reform-fall-2005/,MAS.963 , Graduate,courses,Technological Tools for School Reform,"Prof. Bakhtiar Mikhak, ","Teaching and Education, Educational Technology, Curriculum and Teaching","Lecture Notes, Instructor Insights , assignment, Multiple Assignment Types"
https://ocw.mit.edu/courses/esd-34-system-architecture-january-iap-2007/,ESD.34 , Graduate,courses,System Architecture,"Prof. Edward Crawley, ","Engineering, Systems Engineering, Systems Design","Lecture Notes, Instructor Insights , assignment, Multiple Assignment Types"
https://ocw.mit.edu/courses/15-912-technology-strategy-fall-2008/,15.912, Graduate,courses,Technology Strategy,"Prof. Jason Davis, ","Management, Leadership, Business","Lecture Notes, Instructor Insights , assignment, Multiple Assignment Types"
https://ocw.mit.edu/courses/17-410-globalization-migration-and-international-relations-spring-2006/,17.41, Graduate,courses,"Globalization, Migration, and International Relations","Prof. Nazli Choucri, ","Economics, Social Science, Public Administration","Lecture Notes, Instructor Insights , assignment, Multiple Assignment Types"
https://ocw.mit.edu/courses/1-221j-transportation-systems-fall-2004/,1.221J , Graduate,courses,Transportation Systems,"Prof. Joseph Sussman, ","Engineering, Social Science, Urban Studies","Lecture Notes, Instructor Insights , assignment, Multiple Assignment Types"
https://ocw.mit.edu/courses/15-571-generating-business-value-from-information-technology-spring-2009/,15.571, Graduate,courses,Generating Business Value from Information Technology,"Prof. Jeanne Ross, ","Management, Business, Information Technology","Lecture Notes, Instructor Insights , assignment, Multiple Assignment Types"
https://ocw.mit.edu/courses/11-124-introduction-to-education-looking-forward-and-looking-back-on-education-fall-2011/,11.124, Undergraduate,courses,Introduction to Education: Looking Forward and Looking Back on Education,"Jo-Ann Graziano, Jason Haas","Teaching and Education, Educational Technology, Curriculum and Teaching","Lecture Notes, Instructor Insights , assignment, Multiple Assignment Types"
https://ocw.mit.edu/courses/16-682-technology-in-transportation-spring-2011/,16.682, Undergraduate,courses,Technology in Transportation,"Prof. Sanjay Sarma, ","Engineering, Mechanical Engineering, Aerospace Engineering","Lecture Notes, Instructor Insights , assignment, Multiple Assignment Types"
https://ocw.mit.edu/courses/11-s945-equity-inclusion-local-policy-driven-strategies-for-economic-development-the-just-city-spring-2019/,11.S945 , Graduate,courses,Equity & Inclusion: Local Policy-Driven Strategies for Economic Development & the Just City,"Dr. Karilyn Crockett, ","Social Science, Public Administration, Sociology","Lecture Notes, Instructor Insights , assignment, Multiple Assignment Types"
https://ocw.mit.edu/courses/21g-232-advanced-speaking-and-critical-listening-skills-els-spring-2007/,21G.232 , Undergraduate,courses,Advanced Speaking and Critical Listening Skills (ELS),"Jane Dunphy, ","Humanities, Language, English as a Second Language","Lecture Notes, Instructor Insights , assignment, Multiple Assignment Types"
https://ocw.mit.edu/courses/21h-983-gender-spring-2017/,21H.983 , Graduate,courses,Gender,"Prof. Lerna Ekmekcioglu, Prof. Elizabeth A. Wood","Humanities, History, Social Science","Lecture Notes, Instructor Insights , assignment, Multiple Assignment Types"
https://ocw.mit.edu/courses/21l-021-comedy-spring-2016/,21L.021 , Undergraduate,courses,Comedy,"Rosa Martínez, ","Humanities, Literature, Classics","Lecture Notes, Instructor Insights , assignment, Multiple Assignment Types"
https://ocw.mit.edu/courses/2-875-mechanical-assembly-and-its-role-in-product-development-fall-2004/,2.875, Graduate,courses,Mechanical Assembly and Its Role in Product Development,"Dr. Daniel E. Whitney, ","Engineering, Mechanical Engineering, Systems Engineering","Lecture Notes, Instructor Insights , assignment, Multiple Assignment Types"
https://ocw.mit.edu/courses/3-052-nanomechanics-of-materials-and-biomaterials-spring-2007/,3.052, Undergraduate,courses,Nanomechanics of Materials and Biomaterials,"Prof. Christine Ortiz, ","Engineering, Science, Physics","Lecture Notes, Instructor Insights , assignment, Multiple Assignment Types"
https://ocw.mit.edu/courses/6-231-dynamic-programming-and-stochastic-control-fall-2015/,6.231, Graduate,courses,Dynamic Programming and Stochastic Control,"Prof. Dimitri Bertsekas, ","Engineering, Computer Science, Mathematics","Lecture Notes, Instructor Insights , assignment, Multiple Assignment Types"
https://ocw.mit.edu/courses/6-772-compound-semiconductor-devices-spring-2003/,6.772, Graduate,courses,Compound Semiconductor Devices,"Prof. Clifton Fonstad, ","Engineering, Science, Physics","Lecture Notes, Instructor Insights , assignment, Multiple Assignment Types"
https://ocw.mit.edu/courses/6-720j-integrated-microelectronic-devices-spring-2007/,6.720J , Graduate,courses,Integrated Microelectronic Devices,"Prof. Jesús del Alamo, ","Engineering, Science, Physics","Lecture Notes, Instructor Insights , assignment, Multiple Assignment Types"
https://ocw.mit.edu/courses/8-044-statistical-physics-i-spring-2013/,8.044, Undergraduate,courses,Statistical Physics I,"Prof. Thomas Greytak, ","Science, Physics, Mathematics","Lecture Notes, Instructor Insights , assignment, Multiple Assignment Types"
https://ocw.mit.edu/courses/es-261-poetry-in-translation-spring-2006/,ES.261 , Undergraduate,courses,Poetry in Translation,"Alevtina Asarina, David Custer","Humanities, Literature, Criticism","Lecture Notes, Instructor Insights , assignment, Multiple Assignment Types"
https://ocw.mit.edu/courses/esd-290-special-topics-in-supply-chain-management-spring-2005/,ESD.290 , Graduate,courses,Special Topics in Supply Chain Management,"Prof. Sanjay Sarma, Prof. Brian Subirana","Engineering, Systems Engineering, Business","Lecture Notes, Instructor Insights , assignment, Multiple Assignment Types"
https://ocw.mit.edu/courses/wgs-301j-feminist-thought-fall-2014/,WGS.301J ," Undergraduate, Graduate",courses,Feminist Thought,"Prof. Sally Haslanger, ","Society, Gender Studies, Women's Studies","Lecture Notes, Instructor Insights , assignment, Multiple Assignment Types"
https://ocw.mit.edu/courses/21l-995-special-topics-in-literature-miltons-paradise-lost-january-iap-2008/,21L.995 , Undergraduate,courses,"Special Topics in Literature: Milton's ""Paradise Lost""","Prof. Mary Fuller, ","Humanities, Literature, Criticism","Lecture Notes, Instructor Insights , assignment, Multiple Assignment Types"
https://ocw.mit.edu/courses/4-351-introduction-to-video-spring-2004/,4.351, Undergraduate,courses,Introduction to Video,"Prof. Joe Gibbons, ","Visual Arts, Media Studies, Fine Arts","Lecture Notes, Instructor Insights , assignment, Multiple Assignment Types"
https://ocw.mit.edu/courses/11-005-introduction-to-international-development-spring-2015/,11.005, Undergraduate,courses,Introduction to International Development,"Cauam Ferreira Cardoso, ","Humanities, History, Economics","Lecture Notes, Instructor Insights , assignment, Multiple Assignment Types"
https://ocw.mit.edu/courses/2-800-tribology-fall-2004/,2.8, Graduate,courses,Tribology,"Dr. Nannaji Saka, Prof. Nam Suh","Engineering, Science, Physics","Lecture Notes, Instructor Insights , assignment, Multiple Assignment Types"
https://ocw.mit.edu/courses/11-943-special-studies-in-urban-studies-and-planning-the-cardener-river-corridor-workshop-fall-2001/,11.943, Graduate,courses,Special Studies in Urban Studies and Planning - The Cardener River Corridor Workshop,"Prof. Eran Ben-Joseph, ","Engineering, Science, Architecture","Lecture Notes, Instructor Insights , assignment, Multiple Assignment Types"
https://ocw.mit.edu/courses/12-102-environmental-earth-science-fall-2005/,12.102, Undergraduate,courses,Environmental Earth Science,"Prof. Samuel Bowring, ","Science, Earth Science, Environmental Science","Lecture Notes, Instructor Insights , assignment, Multiple Assignment Types"
https://ocw.mit.edu/courses/15-822-strategic-marketing-measurement-fall-2002/,15.822, Graduate,courses,Strategic Marketing Measurement,"Prof. Drazen Prelec, ","Business, Marketing, ","Lecture Notes, Instructor Insights , assignment, Multiple Assignment Types"
https://ocw.mit.edu/courses/es-333-producing-educational-videos-spring-2015/,ES.333 , Undergraduate,courses,Producing Educational Videos,"David Custer, Graham Gordon Ramsay","Teaching and Education, Visual Arts, Educational Technology","Lecture Notes, Instructor Insights , assignment, Multiple Assignment Types"
https://ocw.mit.edu/courses/9-03-neural-basis-of-learning-and-memory-fall-2007/,9.03, Undergraduate,courses,Neural Basis of Learning and Memory,"Prof. Suzanne Corkin, Prof. Matt Wilson","Science, Biology, Cognitive Science","Lecture Notes, Instructor Insights , assignment, Multiple Assignment Types"
https://ocw.mit.edu/courses/11-370-brownfields-policy-and-practice-fall-2005/,11.37, Graduate,courses,Brownfields Policy and Practice,"James Hamilton, ","Architecture, Social Science, Public Administration","Lecture Notes, Instructor Insights , assignment, Multiple Assignment Types"
https://ocw.mit.edu/courses/6-163-strobe-project-laboratory-fall-2005/,6.163, Undergraduate,courses,Strobe Project Laboratory,"Dr. James Bales, ","Engineering, Science, Physics","Lecture Notes, Instructor Insights , assignment, Multiple Assignment Types"
https://ocw.mit.edu/courses/12-001-introduction-to-geology-fall-2013/,12.001, Undergraduate,courses,Introduction to Geology,"Prof. Oliver Jagoutz, Prof. Taylor Perron","Science, Earth Science, Geology","Lecture Notes, Instructor Insights , assignment, Multiple Assignment Types"
https://ocw.mit.edu/courses/11-942-regional-energy-environmental-economic-modeling-spring-2007/,11.942, Graduate,courses,Regional Energy-Environmental Economic Modeling,"Prof. Karen R. Polenske, ","Science, Economics, Social Science","Lecture Notes, Instructor Insights , assignment, Multiple Assignment Types"
https://ocw.mit.edu/courses/14-124-microeconomic-theory-iv-spring-2017/,14.124, Graduate,courses,Microeconomic Theory IV,"Prof. Bengt Holmstrom, ","Economics, Social Science, Microeconomics","Lecture Notes, Instructor Insights , assignment, Multiple Assignment Types"
https://ocw.mit.edu/courses/11-229-advanced-writing-seminar-spring-2004/,11.229, Graduate,courses,Advanced Writing Seminar,"Cherie Miot Abbanat, ","Humanities, Literature, Nonfiction Prose","Lecture Notes, Instructor Insights , assignment, Multiple Assignment Types"
https://ocw.mit.edu/courses/2-04a-systems-and-controls-spring-2013/,2.04A , Undergraduate,courses,Systems and Controls,"Prof. George Barbastathis, ","Engineering, Mechanical Engineering, Dynamics and Control","Lecture Notes, Instructor Insights , assignment, Multiple Assignment Types"
https://ocw.mit.edu/courses/16-89j-space-systems-engineering-spring-2007/,16.89J , Graduate,courses,Space Systems Engineering,"Prof. Edward Crawley, Prof. Olivier de Weck","Engineering, Systems Engineering, Business","Lecture Notes, Instructor Insights , assignment, Multiple Assignment Types"
https://ocw.mit.edu/courses/17-428-american-foreign-policy-theory-and-method-fall-2004/,17.428, Graduate,courses,American Foreign Policy: Theory and Method,"Prof. Stephen Van Evera, ","Humanities, History, Social Science","Lecture Notes, Instructor Insights , assignment, Multiple Assignment Types"
https://ocw.mit.edu/courses/2-062j-wave-propagation-spring-2017/,2.062J , Graduate,courses,Wave Propagation,"Prof. Triantaphyllos Akylas, ","Engineering, Science, Physics","Lecture Notes, Instructor Insights , assignment, Multiple Assignment Types"
https://ocw.mit.edu/courses/21a-506-the-anthropology-of-politics-persuasion-and-power-spring-2019/,21A.506 , Undergraduate,courses,The Anthropology of Politics: Persuasion and Power,"Dr. Xenia Cherkaev, ","Social Science, Political Science, Anthropology","Lecture Notes, Instructor Insights , assignment, Multiple Assignment Types"
https://ocw.mit.edu/courses/21h-907-trials-in-history-fall-2000/,21H.907 , Undergraduate,courses,Trials in History,"Prof. Elizabeth A. Wood, ","Humanities, History, Social Science","Lecture Notes, Instructor Insights , assignment, Multiple Assignment Types"
https://ocw.mit.edu/courses/21h-405j-the-ancient-city-spring-2005/,21H.405J , Undergraduate,courses,The Ancient City,"Prof. William Broadhead, ","Humanities, History, Architecture","Lecture Notes, Instructor Insights , assignment, Multiple Assignment Types"
https://ocw.mit.edu/courses/22-05-neutron-science-and-reactor-physics-fall-2009/,22.05, Undergraduate,courses,Neutron Science and Reactor Physics,"Prof. Benoit Forget, ","Engineering, Science, Physics","Lecture Notes, Instructor Insights , assignment, Multiple Assignment Types"
https://ocw.mit.edu/courses/24-902-language-and-its-structure-ii-syntax-fall-2015/,24.902," Undergraduate, Graduate",courses,Language and its Structure II: Syntax,"Prof. Sabine Iatridou, ","Humanities, Linguistics, Syntax","Lecture Notes, Instructor Insights , assignment, Multiple Assignment Types"
https://ocw.mit.edu/courses/4-110j-design-across-scales-disciplines-and-problem-contexts-spring-2013/,4.110J , Undergraduate,courses,"Design Across Scales, Disciplines and Problem Contexts","Prof. Neri Oxman, Prof. Meejin Yoon","Visual Arts, Media Studies, Fine Arts","Lecture Notes, Instructor Insights , assignment, Multiple Assignment Types"
https://ocw.mit.edu/courses/6-161-modern-optics-project-laboratory-fall-2005/,6.161, Undergraduate,courses,Modern Optics Project Laboratory,"David Dunmeyer, Prof. Cardinal Warde","Engineering, Science, Physics","Lecture Notes, Instructor Insights , assignment, Multiple Assignment Types"
https://ocw.mit.edu/courses/6-897-selected-topics-in-cryptography-spring-2004/,6.897, Graduate,courses,Selected Topics in Cryptography,"Prof. Ran Canetti, ","Engineering, Computer Science, Cryptography","Lecture Notes, Instructor Insights , assignment, Multiple Assignment Types"
https://ocw.mit.edu/courses/1-253j-transportation-policy-and-environmental-limits-spring-2004/,1.253J , Graduate,courses,Transportation Policy and Environmental Limits,"Prof. Joseph Coughlin, Frederick Salvucci","Engineering, Science, Social Science","Lecture Notes, Instructor Insights , assignment, Multiple Assignment Types"
https://ocw.mit.edu/courses/16-225-computational-mechanics-of-materials-fall-2003/,16.225, Graduate,courses,Computational Mechanics of Materials,"Prof. Raúl Radovitzky, ","Engineering, Systems Engineering, Computational Science and Engineering","Lecture Notes, Instructor Insights , assignment, Multiple Assignment Types"
https://ocw.mit.edu/courses/15-760a-operations-management-spring-2002/,15.760A , Graduate,courses,Operations Management,"Prof. Charles H. Fine, ","Business, Supply Chain Management, Operations Management","Lecture Notes, Instructor Insights , assignment, Multiple Assignment Types"
https://ocw.mit.edu/courses/res-2-006-girls-who-build-cameras-summer-2016/,RES.2-006 , High School,courses,Girls Who Build Cameras,"Carol Carveth, Olivia Glennon","Engineering, Teaching and Education, Energy","Lecture Notes, Instructor Insights , assignment, Multiple Assignment Types"
https://ocw.mit.edu/courses/14-64-labor-economics-and-public-policy-fall-2009/,14.64, Undergraduate,courses,Labor Economics and Public Policy,"Prof. Joshua Angrist, ","Economics, Social Science, Public Administration","Lecture Notes, Instructor Insights , assignment, Multiple Assignment Types"
https://ocw.mit.edu/courses/2-27-turbulent-flow-and-transport-spring-2002/,2.27, Graduate,courses,Turbulent Flow and Transport,"Prof. Ain Sonin, ","Engineering, Science, Physics","Lecture Notes, Instructor Insights , assignment, Multiple Assignment Types"
https://ocw.mit.edu/courses/12-540-principles-of-the-global-positioning-system-spring-2012/,12.54, Graduate,courses,Principles of the Global Positioning System,"Prof. Thomas Herring, ","Engineering, Science, Social Science","Lecture Notes, Instructor Insights , assignment, Multiple Assignment Types"
https://ocw.mit.edu/courses/15-598-it-and-business-transformation-spring-2003/,15.598, Graduate,courses,IT and Business Transformation,"Prof. Cyrus Gibson, ","Innovation, Management, Business","Lecture Notes, Instructor Insights , assignment, Multiple Assignment Types"
https://ocw.mit.edu/courses/6-541j-speech-communication-spring-2004/,6.541J , Graduate,courses,Speech Communication,"Prof. Kenneth Stevens, ","Engineering, Humanities, Electrical Engineering","Lecture Notes, Instructor Insights , assignment, Multiple Assignment Types"
https://ocw.mit.edu/courses/14-72-capitalism-and-its-critics-fall-2013/,14.72, Undergraduate,courses,Capitalism and Its Critics,"Prof. Michael Piore, ","Humanities, Economics, Social Science","Lecture Notes, Instructor Insights , assignment, Multiple Assignment Types"
https://ocw.mit.edu/courses/22-616-plasma-transport-theory-fall-2003/,22.616, Graduate,courses,Plasma Transport Theory,"Prof. Kim Molvig, ","Engineering, Science, Physics","Lecture Notes, Instructor Insights , assignment, Multiple Assignment Types"
https://ocw.mit.edu/courses/21a-260-culture-embodiment-and-the-senses-fall-2005/,21A.260 , Undergraduate,courses,"Culture, Embodiment and the Senses","Prof. Erica James, ","Humanities, Social Science, Anthropology","Lecture Notes, Instructor Insights , assignment, Multiple Assignment Types"
https://ocw.mit.edu/courses/10-32-separation-processes-spring-2005/,10.32, Undergraduate,courses,Separation Processes,"Dr. William Dalzell, ","Engineering, Science, Chemistry","Lecture Notes, Instructor Insights , assignment, Multiple Assignment Types"
https://ocw.mit.edu/courses/15-992-s-lab-laboratory-for-sustainable-business-spring-2008/,15.992, Graduate,courses,S-Lab: Laboratory for Sustainable Business,"Prof. Rebecca Henderson, Prof. Richard Locke","Science, Entrepreneurship, Innovation","Lecture Notes, Instructor Insights , assignment, Multiple Assignment Types"
https://ocw.mit.edu/courses/18-655-mathematical-statistics-spring-2016/,18.655, Graduate,courses,Mathematical Statistics,"Dr. Peter Kempthorne, ","Mathematics, Probability and Statistics, Social Science","Lecture Notes, Instructor Insights , assignment, Multiple Assignment Types"
https://ocw.mit.edu/courses/21g-322j-frenchness-in-an-era-of-globalization-fall-2016/,21G.322J , Undergraduate,courses,Frenchness in an Era of Globalization,"Catherine E Clark, ","Humanities, Literature, Language","Lecture Notes, Instructor Insights , assignment, Multiple Assignment Types"
https://ocw.mit.edu/courses/21l-702-studies-in-fiction-rethinking-the-american-masterpiece-fall-2007/,21L.702 , Undergraduate,courses,Studies in Fiction: Rethinking the American Masterpiece,"Dr. Wyn Kelley, ","Humanities, Literature, American Literature","Lecture Notes, Instructor Insights , assignment, Multiple Assignment Types"
https://ocw.mit.edu/courses/21m-735-technical-design-scenery-mechanisms-and-special-effects-spring-2004/,21M.735 , Undergraduate,courses,"Technical Design: Scenery, Mechanisms, and Special Effects","Michael Katz, ","Engineering, Mechanical Engineering, Fine Arts","Lecture Notes, Instructor Insights , assignment, Multiple Assignment Types"
https://ocw.mit.edu/courses/24-209-philosophy-in-film-and-other-media-spring-2004/,24.209, Undergraduate,courses,Philosophy In Film and Other Media,"Prof. Irving Singer, ","Humanities, Literature, Visual Arts","Lecture Notes, Instructor Insights , assignment, Multiple Assignment Types"
https://ocw.mit.edu/courses/24-979-topics-in-semantics-negative-polarity-items-fall-2018/,24.979, Graduate,courses,Topics in Semantics: Negative Polarity Items,"Prof. Luka Crnic, ","Humanities, Linguistics, Semantics","Lecture Notes, Instructor Insights , assignment, Multiple Assignment Types"
https://ocw.mit.edu/courses/5-62-physical-chemistry-ii-spring-2008/,5.62, Undergraduate,courses,Physical Chemistry II,"Prof. Robert Field, Prof. Robert Guy Griffin","Engineering, Science, Physics","Lecture Notes, Instructor Insights , assignment, Multiple Assignment Types"
https://ocw.mit.edu/courses/6-034-artificial-intelligence-fall-2010/,6.034, Undergraduate,courses,Artificial Intelligence,"Patrick Henry Winston, ","Engineering, Computer Science, Artificial Intelligence","Lecture Notes, Instructor Insights , assignment, Multiple Assignment Types"
https://ocw.mit.edu/courses/11-001j-introduction-to-urban-design-and-development-spring-2006/,11.001J , Undergraduate,courses,Introduction to Urban Design and Development,"Prof. Susan Silberberg, ","Architecture, Social Science, Fine Arts","Lecture Notes, Instructor Insights , assignment, Multiple Assignment Types"
https://ocw.mit.edu/courses/14-27-economics-and-e-commerce-fall-2014/,14.27, Undergraduate,courses,Economics and E-Commerce,"Dr. Sara Ellison, ","Economics, Social Science, Industrial Organization","Lecture Notes, Instructor Insights , assignment, Multiple Assignment Types"
https://ocw.mit.edu/courses/15-348-doctoral-seminar-in-research-methods-ii-spring-2004/,15.348, Graduate,courses,Doctoral Seminar in Research Methods II,"Prof. Jesper B. Sorensen, ","Mathematics, Probability and Statistics, Social Science","Lecture Notes, Instructor Insights , assignment, Multiple Assignment Types"
https://ocw.mit.edu/courses/mas-622j-pattern-recognition-and-analysis-fall-2006/,MAS.622J , Graduate,courses,Pattern Recognition and Analysis,"Media Lab Faculty and Staff, Bo Morgan","Engineering, Science, Mathematics","Lecture Notes, Instructor Insights , assignment, Multiple Assignment Types"
https://ocw.mit.edu/courses/21l-449-end-of-nature-spring-2002/,21L.449 , Undergraduate,courses,End of Nature,"Prof. Alvin Kibel, ","Humanities, Literature, History","Lecture Notes, Instructor Insights , assignment, Multiple Assignment Types"
https://ocw.mit.edu/courses/16-400-human-factors-engineering-fall-2011/,16.4, Undergraduate,courses,Human Factors Engineering,"Dr. Divya C. Chandra, Dr. Laurence R. Young","Engineering, Computer Science, Aerospace Engineering","Lecture Notes, Instructor Insights , assignment, Multiple Assignment Types"
https://ocw.mit.edu/courses/18-443-statistics-for-applications-spring-2015/,18.650 (formerly 18.443) , Undergraduate,courses,Statistics for Applications,"Dr. Peter Kempthorne, ","Mathematics, Probability and Statistics, Applied Mathematics","Lecture Notes, Instructor Insights , assignment, Multiple Assignment Types"
https://ocw.mit.edu/courses/17-433-international-relations-of-east-asia-spring-2011/,17.433, Undergraduate,courses,International Relations of East Asia,"Prof. M. Taylor Fravel, ","Humanities, History, Social Science","Lecture Notes, Instructor Insights , assignment, Multiple Assignment Types"
https://ocw.mit.edu/courses/12-s990-quantifying-uncertainty-fall-2012/,12.S990 ," Undergraduate, Graduate",courses,Quantifying Uncertainty,"Dr. Sai Ravela, ","Engineering, Computer Science, Mathematics","Lecture Notes, Instructor Insights , assignment, Multiple Assignment Types"
https://ocw.mit.edu/courses/4-671-nationalism-internationalism-and-globalism-in-modern-art-spring-2016/,4.671," Undergraduate, Graduate",courses,"Nationalism, Internationalism, and Globalism in Modern Art","Prof. Caroline Jones, ","Humanities, History, Architecture","Lecture Notes, Instructor Insights , assignment, Multiple Assignment Types"
https://ocw.mit.edu/courses/15-082j-network-optimization-fall-2010/,15.082J , Graduate,courses,Network Optimization,"Prof. James Orlin, ","Engineering, Computer Science, Mathematics","Lecture Notes, Instructor Insights , assignment, Multiple Assignment Types"
https://ocw.mit.edu/courses/17-586-warlords-terrorists-and-militias-theorizing-on-violent-non-state-actors-spring-2009/,17.586, Graduate,courses,"Warlords, Terrorists, and Militias: Theorizing on Violent Non-State Actors","Prof. Fotini Christia, ","Social Science, Public Administration, Political Science","Lecture Notes, Instructor Insights , assignment, Multiple Assignment Types"
https://ocw.mit.edu/courses/18-335j-introduction-to-numerical-methods-spring-2019/,18.335J , Graduate,courses,Introduction to Numerical Methods,"Prof. Steven G. Johnson, ","Engineering, Computer Science, Mathematics","Lecture Notes, Instructor Insights , assignment, Multiple Assignment Types"
https://ocw.mit.edu/courses/15-521-management-accounting-and-control-spring-2003/,15.521, Graduate,courses,Management Accounting and Control,"Prof. Joseph Weber, ","Business, Operations Management, Organizational Behavior","Lecture Notes, Instructor Insights , assignment, Multiple Assignment Types"
https://ocw.mit.edu/courses/16-100-aerodynamics-fall-2005/,16.1, Undergraduate,courses,Aerodynamics,"Prof. David Darmofal, ","Engineering, Mechanical Engineering, Fluid Mechanics","Lecture Notes, Instructor Insights , assignment, Multiple Assignment Types"
https://ocw.mit.edu/courses/11-491j-economic-development-policy-analysis-and-industrialization-fall-2004/,11.491J , Graduate,courses,"Economic Development, Policy Analysis, and Industrialization","Prof. Alice Amsden, ","Economics, Social Science, Public Administration","Lecture Notes, Instructor Insights , assignment, Multiple Assignment Types"
https://ocw.mit.edu/courses/21g-049-french-photography-spring-2017/,21G.049 , Undergraduate,courses,French Photography,"Catherine E Clark, ","Humanities, Literature, Language","Lecture Notes, Instructor Insights , assignment, Multiple Assignment Types"
https://ocw.mit.edu/courses/21g-504-japanese-iv-spring-2020/,21G.504 , Undergraduate,courses,Japanese IV,"Dr. Takako Aikawa, Masami Ikeda-Lamm","Humanities, Language, Japanese","Lecture Notes, Instructor Insights , assignment, Multiple Assignment Types"
https://ocw.mit.edu/courses/21g-717-introduction-to-spanish-culture-fall-2004/,21G.717 , Undergraduate,courses,Introduction to Spanish Culture,"Prof. Margery Resnick, ","Social Science, Society, Anthropology","Lecture Notes, Instructor Insights , assignment, Multiple Assignment Types"
https://ocw.mit.edu/courses/21h-381j-women-and-war-in-the-20th-century-fall-2015/,21H.381J , Undergraduate,courses,Women and War in the 20th Century,"Prof. Lerna Ekmekcioglu, ","Humanities, History, Society","Lecture Notes, Instructor Insights , assignment, Multiple Assignment Types"
https://ocw.mit.edu/courses/21l-422-tragedy-fall-2002/,21L.422 , Undergraduate,courses,Tragedy,"Prof. Alvin Kibel, ","Humanities, Literature, Classics","Lecture Notes, Instructor Insights , assignment, Multiple Assignment Types"
https://ocw.mit.edu/courses/21l-432-understanding-television-spring-2003/,21L.432 , Undergraduate,courses,Understanding Television,"Prof. David Thorburn, ","Humanities, Literature, Social Science","Lecture Notes, Instructor Insights , assignment, Multiple Assignment Types"
https://ocw.mit.edu/courses/21m-775-hip-hop-fall-2007/,21M.775 , Undergraduate,courses,Hip Hop,"Prof. Thomas DeFrantz, ","Music, Social Science, Fine Arts","Lecture Notes, Instructor Insights , assignment, Multiple Assignment Types"
https://ocw.mit.edu/courses/22-55j-principles-of-radiation-interactions-fall-2004/,22.55J , Graduate,courses,Principles of Radiation Interactions,"Prof. Jeffrey Coderre, ","Engineering, Science, Physics","Lecture Notes, Instructor Insights , assignment, Multiple Assignment Types"
https://ocw.mit.edu/courses/7-27-principles-of-human-disease-spring-2006/,7.27, Undergraduate,courses,Principles of Human Disease,"Prof. David Housman, Prof. Jacqueline Lees","Health and Medicine, Pathology and Pathophysiology, Cancer","Lecture Notes, Instructor Insights , assignment, Multiple Assignment Types"
https://ocw.mit.edu/courses/9-15-biochemistry-and-pharmacology-of-synaptic-transmission-fall-2007/,9.15, Undergraduate,courses,Biochemistry and Pharmacology of Synaptic Transmission,"Prof. Richard Wurtman, ","Science, Health and Medicine, Biology","Lecture Notes, Instructor Insights , assignment, Multiple Assignment Types"
https://ocw.mit.edu/courses/mas-s63-engineering-health-towards-the-tricorder-fall-2013/,MAS.S63 , Graduate,courses,Engineering Health: Towards the Tricorder,"Jose Gomez-Marquez, Prof. Ramesh Raskar","Health and Medicine, Biomedical Signal and Image Processing, Biomedical Instrumentation","Lecture Notes, Instructor Insights , assignment, Multiple Assignment Types"
https://ocw.mit.edu/courses/11-943j-urban-transportation-land-use-and-the-environment-spring-2002/,11.943J , Graduate,courses,"Urban Transportation, Land Use, and the Environment","Prof. Pericles (Chris) Zegras, ","Science, Social Science, Public Administration","Lecture Notes, Instructor Insights , assignment, Multiple Assignment Types"
https://ocw.mit.edu/courses/18-117-topics-in-several-complex-variables-spring-2005/,18.117, Graduate,courses,Topics in Several Complex Variables,"Prof. Victor Guillemin, ","Mathematics, Algebra and Number Theory, Topology and Geometry","Lecture Notes, Instructor Insights , assignment, Multiple Assignment Types"
https://ocw.mit.edu/courses/21m-873-theater-arts-topics-suburbia-january-iap-2008/,21M.873 , Undergraduate,courses,Theater Arts Topics - Suburbia,"David R. Gammons, Leslie Cocuzzo Held","Fine Arts, Performance Arts, Theater","Lecture Notes, Instructor Insights , assignment, Multiple Assignment Types"
https://ocw.mit.edu/courses/2-003j-dynamics-and-control-i-fall-2007/,2.003J , Undergraduate,courses,Dynamics and Control I,"Prof. Nicholas Makris, Dr. Yahya Modarres-Sadeghi","Engineering, Mathematics, Mechanical Engineering","Lecture Notes, Instructor Insights , assignment, Multiple Assignment Types"
https://ocw.mit.edu/courses/17-565-israel-history-politics-culture-identity-spring-2019/,17.565, Undergraduate,courses,"Israel: History, Politics, Culture, Identity","Dr. Nahum Karlinsky, ","Humanities, History, Social Science","Lecture Notes, Instructor Insights , assignment, Multiple Assignment Types"
https://ocw.mit.edu/courses/15-677j-urban-labor-markets-and-employment-policy-spring-2005/,15.677J , Graduate,courses,Urban Labor Markets and Employment Policy,"Prof. Paul Osterman, ","Economics, Social Science, Business","Lecture Notes, Instructor Insights , assignment, Multiple Assignment Types"
https://ocw.mit.edu/courses/11-235-analyzing-projects-and-organizations-fall-2009/,11.235, Graduate,courses,Analyzing Projects and Organizations,"Prof. Judith Tendler, ","Social Science, Public Administration, Political Science","Lecture Notes, Instructor Insights , assignment, Multiple Assignment Types"
https://ocw.mit.edu/courses/15-301-managerial-psychology-fall-2006/,15.301, Undergraduate,courses,Managerial Psychology,"Prof. John Carroll, Prof. Li Tao","Management, Social Science, Business","Lecture Notes, Instructor Insights , assignment, Multiple Assignment Types"
https://ocw.mit.edu/courses/15-067-competitive-decision-making-and-negotiation-spring-2011/,15.067, Graduate,courses,Competitive Decision-Making and Negotiation,"Prof. Gordon Kaufman, ","Management, Business, Business Ethics","Lecture Notes, Instructor Insights , assignment, Multiple Assignment Types"
https://ocw.mit.edu/courses/9-913-a-intensive-neuroanatomy-january-iap-2002/,9.913-A , Graduate,courses,Intensive Neuroanatomy,"Prof. Elly Nedivi, ","Science, Health and Medicine, Anatomy and Physiology","Lecture Notes, Instructor Insights , assignment, Multiple Assignment Types"
https://ocw.mit.edu/courses/14-123-microeconomic-theory-iii-spring-2015/,14.123, Graduate,courses,Microeconomic Theory III,"Prof. Muhamet Yildiz, ","Economics, Social Science, Game Theory","Lecture Notes, Instructor Insights , assignment, Multiple Assignment Types"
https://ocw.mit.edu/courses/9-52-a-investigating-the-neural-substrates-of-remote-memory-using-fmri-spring-2003/,9.52-A , Undergraduate,courses,Investigating the Neural Substrates of Remote Memory using fMRI,"Prof. Suzanne Corkin, ","Science, Biology, Cognitive Science","Lecture Notes, Instructor Insights , assignment, Multiple Assignment Types"
https://ocw.mit.edu/courses/16-891j-space-policy-seminar-spring-2003/,16.891J , Graduate,courses,Space Policy Seminar,"Prof. Daniel Hastings, Prof. Jeffrey Hoffman","Humanities, History, Social Science","Lecture Notes, Instructor Insights , assignment, Multiple Assignment Types"
https://ocw.mit.edu/courses/17-20-introduction-to-american-politics-spring-2013/,17.2, Undergraduate,courses,Introduction to American Politics,"Prof. Devin Caughey, ","Social Science, Political Science, American Politics","Lecture Notes, Instructor Insights , assignment, Multiple Assignment Types"
https://ocw.mit.edu/courses/18-101-analysis-ii-fall-2005/,18.101, Undergraduate,courses,Analysis II,"Prof. Victor Guillemin, ","Mathematics, Topology and Geometry, Calculus","Lecture Notes, Instructor Insights , assignment, Multiple Assignment Types"
https://ocw.mit.edu/courses/2-034j-nonlinear-dynamics-and-waves-spring-2007/,2.034J , Graduate,courses,Nonlinear Dynamics and Waves,"Prof. Triantaphyllos Akylas, ","Engineering, Science, Physics","Lecture Notes, Instructor Insights , assignment, Multiple Assignment Types"
https://ocw.mit.edu/courses/20-420j-biomolecular-kinetics-and-cellular-dynamics-be-420j-fall-2004/,20.420J , Graduate,courses,Biomolecular Kinetics and Cellular Dynamics (BE.420J),"Prof. Bruce Tidor, Prof. Karl Wittrup","Engineering, Science, Biological Engineering","Lecture Notes, Instructor Insights , assignment, Multiple Assignment Types"
https://ocw.mit.edu/courses/21a-442j-violence-human-rights-and-justice-fall-2014/,21A.442J , Undergraduate,courses,"Violence, Human Rights, and Justice","Prof. Erica James, ","Humanities, Social Science, Sociology","Lecture Notes, Instructor Insights , assignment, Multiple Assignment Types"
https://ocw.mit.edu/courses/21m-299-the-beatles-fall-2017/,21M.299 , Undergraduate,courses,The Beatles,"Teresa M Neff, ","Music, Visual Arts, Fine Arts","Lecture Notes, Instructor Insights , assignment, Multiple Assignment Types"
https://ocw.mit.edu/courses/21w-775-writing-about-nature-and-environmental-issues-spring-2017/,21W.775 , Undergraduate,courses,Writing about Nature and Environmental Issues,"Dr. Cynthia Taft, ","Humanities, Literature, History","Lecture Notes, Instructor Insights , assignment, Multiple Assignment Types"
https://ocw.mit.edu/courses/4-367-studio-seminar-in-public-art-spring-2006/,4.367, Graduate,courses,Studio Seminar in Public Art,"Prof. Antonio Muntadas, ","Architecture, Visual Arts, Fine Arts","Lecture Notes, Instructor Insights , assignment, Multiple Assignment Types"
https://ocw.mit.edu/courses/6-334-power-electronics-spring-2007/,6.334, Graduate,courses,Power Electronics,"Prof. David Perreault, ","Engineering, Electronics, Electrical Engineering","Lecture Notes, Instructor Insights , assignment, Multiple Assignment Types"
https://ocw.mit.edu/courses/mas-110-fundamentals-of-computational-media-design-fall-2008/,MAS.110 , Undergraduate,courses,Fundamentals of Computational Media Design,"Dr. V. Michael Bove, Dr. Henry Holtzman","Visual Arts, Media Studies, Fine Arts","Lecture Notes, Instructor Insights , assignment, Multiple Assignment Types"
https://ocw.mit.edu/courses/12-000-solving-complex-problems-fall-2009/,12, Undergraduate,courses,Solving Complex Problems,"Prof. Samuel Bowring, ","Engineering, Science, Social Science","Lecture Notes, Instructor Insights , assignment, Multiple Assignment Types"
https://ocw.mit.edu/courses/hst-535-principles-and-practice-of-tissue-engineering-fall-2004/,HST.535 , Graduate,courses,Principles and Practice of Tissue Engineering,"Prof. Fu-Zhai Cui, Prof. Myron Spector","Engineering, Biological Engineering, Cell and Tissue Engineering","Lecture Notes, Instructor Insights , assignment, Multiple Assignment Types"
https://ocw.mit.edu/courses/15-667-negotiation-and-conflict-management-spring-2001/,15.667, Graduate,courses,Negotiation and Conflict Management,"Prof. Mary Rowe, ","Communication, Management, Social Science","Lecture Notes, Instructor Insights , assignment, Multiple Assignment Types"
https://ocw.mit.edu/courses/21h-357-south-asian-migrations-spring-2018/,21H.357 , Undergraduate,courses,South Asian Migrations,"Prof. Sana Aiyar, ","Humanities, History, American History","Lecture Notes, Instructor Insights , assignment, Multiple Assignment Types"
https://ocw.mit.edu/courses/15-565j-integrating-esystems-global-information-systems-spring-2002/,15.565J ," Undergraduate, Graduate",courses,Integrating eSystems & Global Information Systems,"Prof. Stuart Madnick, ","Engineering, Computer Science, Electrical Engineering","Lecture Notes, Instructor Insights , assignment, Multiple Assignment Types"
https://ocw.mit.edu/courses/15-974-practical-leadership-fall-2004/,15.974, Graduate,courses,Practical Leadership,"Pat Bentley, ","Communication, Leadership, Social Science","Lecture Notes, Instructor Insights , assignment, Multiple Assignment Types"
https://ocw.mit.edu/courses/12-746-marine-organic-geochemistry-spring-2005/,12.746, Graduate,courses,Marine Organic Geochemistry,"Prof. Timothy Eglinton, Prof. Daniel Repeta","Science, Chemistry, Earth Science","Lecture Notes, Instructor Insights , assignment, Multiple Assignment Types"
https://ocw.mit.edu/courses/18-03sc-differential-equations-fall-2011/,18.03SC , Undergraduate,courses,Differential Equations,"Dr. John Lewis, Prof. Arthur Mattuck","Mathematics, Linear Algebra, Differential Equations","Lecture Notes, Instructor Insights , assignment, Multiple Assignment Types"
https://ocw.mit.edu/courses/18-413-error-correcting-codes-laboratory-spring-2004/,18.413, Undergraduate,courses,Error-Correcting Codes Laboratory,"Prof. Daniel Spielman, ","Engineering, Computer Science, Mathematics","Lecture Notes, Instructor Insights , assignment, Multiple Assignment Types"
https://ocw.mit.edu/courses/2-087-engineering-math-differential-equations-and-linear-algebra-fall-2014/,2.087, Undergraduate,courses,Engineering Math: Differential Equations and Linear Algebra,"Prof. Daniel Frey, Prof. Gilbert Strang","Engineering, Mathematics, Mechanical Engineering","Lecture Notes, Instructor Insights , assignment, Multiple Assignment Types"
https://ocw.mit.edu/courses/21g-031j-topics-in-the-avant-garde-in-literature-and-cinema-spring-2003/,21G.031J , Undergraduate,courses,Topics in the Avant-Garde in Literature and Cinema,"Prof. Charity Scribner, ","Humanities, Literature, Social Science","Lecture Notes, Instructor Insights , assignment, Multiple Assignment Types"
https://ocw.mit.edu/courses/21l-010-writing-with-shakespeare-fall-2010/,21L.010 , Undergraduate,courses,Writing with Shakespeare,"Prof. Diana Henderson, ","Humanities, Literature, Criticism","Lecture Notes, Instructor Insights , assignment, Multiple Assignment Types"
https://ocw.mit.edu/courses/21w-758-genre-fiction-workshop-fantasy-fall-2016/,21W.758 , Undergraduate,courses,Genre Fiction Workshop: Fantasy,"Shariann Lewitt, ","Humanities, Literature, Fiction","Lecture Notes, Instructor Insights , assignment, Multiple Assignment Types"
https://ocw.mit.edu/courses/24-08j-philosophical-issues-in-brain-science-spring-2009/,24.08J , Undergraduate,courses,Philosophical Issues in Brain Science,"Prof. Alex Byrne, Prof. Pawan Sinha","Science, Humanities, Social Science","Lecture Notes, Instructor Insights , assignment, Multiple Assignment Types"
https://ocw.mit.edu/courses/4-163j-urban-design-studio-providence-spring-2005/,4.163J , Graduate,courses,Urban Design Studio: Providence,"Prof. Michael Dennis, Prof. Greg Morrow","Architecture, Social Science, Fine Arts","Lecture Notes, Instructor Insights , assignment, Multiple Assignment Types"
https://ocw.mit.edu/courses/8-01x-physics-i-classical-mechanics-with-an-experimental-focus-fall-2002/,8.01X , Undergraduate,courses,Physics I: Classical Mechanics with an Experimental Focus,"Dr. Peter Dourmashkin, Prof. Kate Scholberg","Science, Physics, Classical Mechanics","Lecture Notes, Instructor Insights , assignment, Multiple Assignment Types"
https://ocw.mit.edu/courses/esd-57-technology-based-business-transformation-fall-2007/,ESD.57 , Graduate,courses,Technology-based Business Transformation,"Prof. Irving Wladawsky-Berger, ","Engineering, Innovation, Systems Engineering","Lecture Notes, Instructor Insights , assignment, Multiple Assignment Types"
https://ocw.mit.edu/courses/hst-176-cellular-and-molecular-immunology-fall-2005/,HST.176 , Graduate,courses,Cellular and Molecular Immunology,"Dr. Shiv Pillai, ","Health and Medicine, Cellular and Molecular Medicine, Immunology","Lecture Notes, Instructor Insights , assignment, Multiple Assignment Types"
https://ocw.mit.edu/courses/ids-900-doctoral-seminar-in-engineering-systems-fall-2011/,IDS.900 , Graduate,courses,Doctoral Seminar in Engineering Systems,"Dr. Christopher L. Magee, Rebecca Saari","Engineering, Systems Engineering, ","Lecture Notes, Instructor Insights , assignment, Multiple Assignment Types"
https://ocw.mit.edu/courses/21l-487-modern-poetry-spring-2002/,21L.487 , Undergraduate,courses,Modern Poetry,"Prof. Stephen Tapscott, ","Humanities, Literature, American Literature","Lecture Notes, Instructor Insights , assignment, Multiple Assignment Types"
https://ocw.mit.edu/courses/21a-501j-art-craft-science-spring-2013/,21A.501J , Undergraduate,courses,"Art, Craft, Science","Prof. Heather Paxson, ","Economics, Social Science, Fine Arts","Lecture Notes, Instructor Insights , assignment, Multiple Assignment Types"
https://ocw.mit.edu/courses/4-430-daylighting-spring-2012/,4.43, Graduate,courses,Daylighting,"Prof. Christoph Reinhart, ","Architecture, Fine Arts, Energy","Lecture Notes, Instructor Insights , assignment, Multiple Assignment Types"
https://ocw.mit.edu/courses/2-12-introduction-to-robotics-fall-2005/,2.12, Undergraduate,courses,Introduction to Robotics,"Prof. Harry Asada, Prof. John Leonard","Engineering, Science, Physics","Lecture Notes, Instructor Insights , assignment, Multiple Assignment Types"
https://ocw.mit.edu/courses/6-041sc-probabilistic-systems-analysis-and-applied-probability-fall-2013/,6.041SC , Undergraduate,courses,Probabilistic Systems Analysis and Applied Probability,"Prof. John Tsitsiklis, ","Engineering, Mathematics, Systems Engineering","Lecture Notes, Instructor Insights , assignment, Multiple Assignment Types"
https://ocw.mit.edu/courses/15-040-game-theory-for-managers-spring-2004/,15.04, Graduate,courses,Game Theory for Managers,"Prof. David McAdams, ","Management, Social Science, Business","Lecture Notes, Instructor Insights , assignment, Multiple Assignment Types"
https://ocw.mit.edu/courses/4-406-ecologies-of-construction-spring-2007/,4.406, Graduate,courses,Ecologies of Construction,"Prof. John Fernandez, ","Architecture, Fine Arts, Environmental Design","Lecture Notes, Instructor Insights , assignment, Multiple Assignment Types"
https://ocw.mit.edu/courses/17-478-great-power-military-intervention-fall-2013/,17.478, Graduate,courses,Great Power Military Intervention,"Prof. Roger Petersen, Prof. Barry Posen","Social Science, Political Science, International Relations","Lecture Notes, Instructor Insights , assignment, Multiple Assignment Types"
https://ocw.mit.edu/courses/18-330-introduction-to-numerical-analysis-spring-2012/,18.33, Undergraduate,courses,Introduction to Numerical Analysis,"Prof. Laurent Demanet, ","Mathematics, Applied Mathematics, Computation","Lecture Notes, Instructor Insights , assignment, Multiple Assignment Types"
https://ocw.mit.edu/courses/2-154-maneuvering-and-control-of-surface-and-underwater-vehicles-13-49-fall-2004/,2.154, Graduate,courses,Maneuvering and Control of Surface and Underwater Vehicles (13.49),"Prof. Michael Triantafyllou, ","Engineering, Mechanical Engineering, Systems Engineering","Lecture Notes, Instructor Insights , assignment, Multiple Assignment Types"
https://ocw.mit.edu/courses/21h-225j-gender-and-the-law-in-u-s-history-spring-2004/,21H.225J , Undergraduate,courses,Gender and the Law in U.S. History,"Prof. Christopher Capozzola, ","Humanities, History, Social Science","Lecture Notes, Instructor Insights , assignment, Multiple Assignment Types"
https://ocw.mit.edu/courses/22-251-systems-analysis-of-the-nuclear-fuel-cycle-fall-2009/,22.251, Graduate,courses,Systems Analysis of the Nuclear Fuel Cycle,"Prof. Mujid S. Kazimi, Dr. Edward E. Pilat","Engineering, Systems Engineering, Social Science","Lecture Notes, Instructor Insights , assignment, Multiple Assignment Types"
https://ocw.mit.edu/courses/6-301-solid-state-circuits-fall-2010/,6.301, Graduate,courses,Solid-State Circuits,"James Roberge, ","Engineering, Electronics, Electrical Engineering","Lecture Notes, Instructor Insights , assignment, Multiple Assignment Types"
https://ocw.mit.edu/courses/6-863j-natural-language-and-the-computer-representation-of-knowledge-spring-2003/,6.863J , Graduate,courses,Natural Language and the Computer Representation of Knowledge,"Prof. Robert Berwick, ","Engineering, Science, Computer Science","Lecture Notes, Instructor Insights , assignment, Multiple Assignment Types"
https://ocw.mit.edu/courses/res-2-002-finite-element-procedures-for-solids-and-structures-spring-2010/,RES.2-002 , Graduate,courses,Finite Element Procedures for Solids and Structures,"Klaus-Jürgen Bathe, ","Engineering, Mechanical Engineering, Systems Engineering","Lecture Notes, Instructor Insights , assignment, Multiple Assignment Types"
https://ocw.mit.edu/courses/11-220-quantitative-reasoning-statistical-methods-for-planners-i-spring-2009/,11.22, Graduate,courses,Quantitative Reasoning & Statistical Methods for Planners I,"Ezra Haber Glenn, ","Mathematics, Probability and Statistics, Social Science","Lecture Notes, Instructor Insights , assignment, Multiple Assignment Types"
https://ocw.mit.edu/courses/2-160-identification-estimation-and-learning-spring-2006/,2.16, Graduate,courses,"Identification, Estimation, and Learning","Prof. Harry Asada, ","Engineering, Computer Science, Artificial Intelligence","Lecture Notes, Instructor Insights , assignment, Multiple Assignment Types"
https://ocw.mit.edu/courses/21m-250-beethoven-to-mahler-spring-2014/,21M.250 , Undergraduate,courses,Beethoven to Mahler,"Teresa M Neff, ","Music, Fine Arts, Music History","Lecture Notes, Instructor Insights , assignment, Multiple Assignment Types"
https://ocw.mit.edu/courses/17-418-field-seminar-international-relations-theory-fall-2011/,17.418," Graduate, Undergraduate",courses,Field Seminar: International Relations Theory,"Prof. M. Taylor Fravel, ","Social Science, Political Science, International Relations","Lecture Notes, Instructor Insights , assignment, Multiple Assignment Types"
https://ocw.mit.edu/courses/11-437-financing-economic-development-fall-2016/,11.437, Graduate,courses,Financing Economic Development,"Prof. Karl Seidman, ","Economics, Social Science, Public Administration","Lecture Notes, Instructor Insights , assignment, Multiple Assignment Types"
https://ocw.mit.edu/courses/14-42-environmental-policy-and-economics-spring-2011/,14.42, Undergraduate,courses,Environmental Policy and Economics,"Dr. Hunt Allcott, ","Science, Economics, Social Science","Lecture Notes, Instructor Insights , assignment, Multiple Assignment Types"
https://ocw.mit.edu/courses/22-14-materials-in-nuclear-engineering-spring-2015/,22.14, Graduate,courses,Materials in Nuclear Engineering,"Prof. Michael Short, ","Engineering, Materials Science and Engineering, Nuclear Engineering","Lecture Notes, Instructor Insights , assignment, Multiple Assignment Types"
https://ocw.mit.edu/courses/sts-427-the-civil-war-and-the-emergence-of-modern-america-1861-1890-spring-2015/,STS.427 , Graduate,courses,"The Civil War and the Emergence of Modern America, 1861-1890","Prof. Merritt Roe Smith, ","Humanities, History, American History","Lecture Notes, Instructor Insights , assignment, Multiple Assignment Types"
https://ocw.mit.edu/courses/15-229-managing-global-integration-spring-2012/,15.229, Graduate,courses,Managing Global Integration,"Prof. José Santos, ","Management, Business, Globalization","Lecture Notes, Instructor Insights , assignment, Multiple Assignment Types"
https://ocw.mit.edu/courses/6-241j-dynamic-systems-and-control-spring-2011/,6.241J , Graduate,courses,Dynamic Systems and Control,"Prof. Munther Dahleh, Prof. Emilio Frazzoli","Engineering, Computer Science, Mathematics","Lecture Notes, Instructor Insights , assignment, Multiple Assignment Types"
https://ocw.mit.edu/courses/11-488-urban-development-in-conflict-cities-planning-challenges-and-policy-innovations-fall-2015/,11.488, Graduate,courses,Urban Development in Conflict Cities: Planning Challenges and Policy Innovations,"Jota Samper, ","Humanities, Social Science, Public Administration","Lecture Notes, Instructor Insights , assignment, Multiple Assignment Types"
https://ocw.mit.edu/courses/2-003sc-engineering-dynamics-fall-2011/,2.003SC , Undergraduate,courses,Engineering Dynamics,"Prof. David Gossard, Prof. J. Kim Vandiver","Engineering, Science, Physics","Lecture Notes, Instructor Insights , assignment, Multiple Assignment Types"
https://ocw.mit.edu/courses/2-06-fluid-dynamics-spring-2013/,2.06, Undergraduate,courses,Fluid Dynamics,"Prof. Kripa K Varanasi, ","Engineering, Mechanical Engineering, Fluid Mechanics","Lecture Notes, Instructor Insights , assignment, Multiple Assignment Types"
https://ocw.mit.edu/courses/1-224j-carrier-systems-fall-2003/,1.224J , Graduate,courses,Carrier Systems,"Prof. Cynthia Barnhart, Prof. Nigel Wilson","Engineering, Social Science, Business","Lecture Notes, Instructor Insights , assignment, Multiple Assignment Types"
https://ocw.mit.edu/courses/17-522-politics-and-religion-fall-2006/,17.522, Graduate,courses,Politics and Religion,"Prof. Lily Tsai, ","Humanities, Social Science, Political Science","Lecture Notes, Instructor Insights , assignment, Multiple Assignment Types"
https://ocw.mit.edu/courses/21g-013-out-of-ground-zero-catastrophe-and-memory-fall-2005/,21G.013 , Undergraduate,courses,Out of Ground Zero: Catastrophe and Memory,"Prof. Charity Scribner, ","Humanities, Literature, Social Science","Lecture Notes, Instructor Insights , assignment, Multiple Assignment Types"
https://ocw.mit.edu/courses/21g-225-advanced-workshop-in-writing-for-science-and-engineering-els-spring-2016/,21G.225 , Graduate,courses,Advanced Workshop in Writing for Science and Engineering (ELS),"Jane Dunphy, ","Humanities, Literature, Language","Lecture Notes, Instructor Insights , assignment, Multiple Assignment Types"
https://ocw.mit.edu/courses/21l-005-introduction-to-drama-fall-2016/,21L.005 , Undergraduate,courses,Introduction to Drama,"Dr. Anne Fleche, ","Humanities, Literature, Fine Arts","Lecture Notes, Instructor Insights , assignment, Multiple Assignment Types"
https://ocw.mit.edu/courses/21m-271-symphony-and-concerto-spring-2007/,21M.271 , Undergraduate,courses,Symphony and Concerto,"Prof. Lowell Lindgren, ","Music, Fine Arts, Music History","Lecture Notes, Instructor Insights , assignment, Multiple Assignment Types"
https://ocw.mit.edu/courses/21m-710-script-analysis-fall-2011/,21M.710 , Undergraduate,courses,Script Analysis,"Prof. Alan Brody, ","Humanities, Literature, Fine Arts","Lecture Notes, Instructor Insights , assignment, Multiple Assignment Types"
https://ocw.mit.edu/courses/2-24-ocean-wave-interaction-with-ships-and-offshore-energy-systems-13-022-spring-2002/,2.24, Graduate,courses,Ocean Wave Interaction with Ships and Offshore Energy Systems (13.022),"Prof. Paul D. Sclavounos, ","Engineering, Mechanical Engineering, Energy","Lecture Notes, Instructor Insights , assignment, Multiple Assignment Types"
https://ocw.mit.edu/courses/24-211-theory-of-knowledge-spring-2014/,24.211, Undergraduate,courses,Theory of Knowledge,"Prof. Declan Smithies, ","Humanities, Philosophy, Epistemology","Lecture Notes, Instructor Insights , assignment, Multiple Assignment Types"
https://ocw.mit.edu/courses/esd-932-engineering-ethics-spring-2006/,ESD.932 , Graduate,courses,Engineering Ethics,"Dr. Taft Broome, ","Engineering, Humanities, Ethics","Lecture Notes, Instructor Insights , assignment, Multiple Assignment Types"
https://ocw.mit.edu/courses/21h-211-the-united-states-in-the-nuclear-age-spring-2016/,21H.211 , Undergraduate,courses,The United States in the Nuclear Age,"Prof. Caley Horan, ","Humanities, History, American History","Lecture Notes, Instructor Insights , assignment, Multiple Assignment Types"
https://ocw.mit.edu/courses/8-284-modern-astrophysics-spring-2006/,8.284, Undergraduate,courses,Modern Astrophysics,"Prof. Paul Schechter, ","Science, Physics, Astrophysics","Lecture Notes, Instructor Insights , assignment, Multiple Assignment Types"
https://ocw.mit.edu/courses/15-012-applied-macro-and-international-economics-spring-2011/,15.012, Graduate,courses,Applied Macro- and International Economics,"Prof. Alberto Cavallo, Prof. Roberto Rigobon","Economics, Social Science, Industrial Organization","Lecture Notes, Instructor Insights , assignment, Multiple Assignment Types"
https://ocw.mit.edu/courses/6-801-machine-vision-fall-2004/,6.801, Undergraduate,courses,Machine Vision,"Prof. Berthold Horn, ","Engineering, Computer Science, Artificial Intelligence","Lecture Notes, Instructor Insights , assignment, Multiple Assignment Types"
https://ocw.mit.edu/courses/15-023j-global-climate-change-economics-science-and-policy-spring-2008/,15.023J , Graduate,courses,"Global Climate Change: Economics, Science, and Policy","Travis Franck, Prof. Henry Jacoby","Science, Economics, Social Science","Lecture Notes, Instructor Insights , assignment, Multiple Assignment Types"
https://ocw.mit.edu/courses/15-835-entrepreneurial-marketing-spring-2002/,15.835, Graduate,courses,Entrepreneurial Marketing,"Prof. Jin Gyo Kim, ","Entrepreneurship, Business, Marketing","Lecture Notes, Instructor Insights , assignment, Multiple Assignment Types"
https://ocw.mit.edu/courses/15-s07-globalhealth-lab-spring-2013/,15.S07 , Graduate,courses,GlobalHealth Lab,"Dr. Anjali Sastry, ","Health Care Management, Health and Medicine, Public Health","Lecture Notes, Instructor Insights , assignment, Multiple Assignment Types"
https://ocw.mit.edu/courses/6-263j-data-communication-networks-fall-2002/,6.263J , Graduate,courses,Data Communication Networks,"Prof. Dimitri Bertsekas, Prof. Eytan Modiano","Engineering, Computer Science, Electrical Engineering","Lecture Notes, Instructor Insights , assignment, Multiple Assignment Types"
https://ocw.mit.edu/courses/21l-017-the-art-of-the-probable-literature-and-probability-spring-2008/,21L.017 , Undergraduate,courses,The Art of the Probable: Literature and Probability,"Prof. Noel Jackson, Prof. Alvin Kibel","Humanities, Literature, History","Lecture Notes, Instructor Insights , assignment, Multiple Assignment Types"
https://ocw.mit.edu/courses/16-30-feedback-control-systems-fall-2010/,16.3, Undergraduate,courses,Feedback Control Systems,"Prof. Emilio Frazzoli, Prof. Jonathan P. How","Engineering, Aerospace Engineering, Guidance and Control Systems","Lecture Notes, Instructor Insights , assignment, Multiple Assignment Types"
https://ocw.mit.edu/courses/12-307-weather-and-climate-laboratory-spring-2009/,12.307, Undergraduate,courses,Weather and Climate Laboratory,"Dr. Lodovica Illari, Prof. John Marshall","Science, Earth Science, Oceanography","Lecture Notes, Instructor Insights , assignment, Multiple Assignment Types"
https://ocw.mit.edu/courses/20-219-becoming-the-next-bill-nye-writing-and-hosting-the-educational-show-january-iap-2015/,20.219, Undergraduate,courses,Becoming the Next Bill Nye: Writing and Hosting the Educational Show,"Chris Boebel, Elizabeth Choe","Communication, Social Science, Teaching and Education","Lecture Notes, Instructor Insights , assignment, Multiple Assignment Types"
https://ocw.mit.edu/courses/21g-705-oral-communication-in-spanish-spring-2004/,21G.705 , Undergraduate,courses,Oral Communication in Spanish,"Douglas Morgenstern, ","Humanities, Language, Spanish","Lecture Notes, Instructor Insights , assignment, Multiple Assignment Types"
https://ocw.mit.edu/courses/21m-385-interactive-music-systems-fall-2016/,21M.385 , Undergraduate,courses,Interactive Music Systems,"Eran Egozy, ","Engineering, Computer Science, Music","Lecture Notes, Instructor Insights , assignment, Multiple Assignment Types"
https://ocw.mit.edu/courses/esd-141-technology-policy-negotiations-spring-2006/,ESD.141 , Graduate,courses,Technology Policy Negotiations,"Prof. Joel Cutcher-Gershenfeld, ","Engineering, Systems Engineering, Social Science","Lecture Notes, Instructor Insights , assignment, Multiple Assignment Types"
https://ocw.mit.edu/courses/hst-525j-tumor-pathophysiology-and-transport-phenomena-fall-2005/,HST.525J , Graduate,courses,Tumor Pathophysiology and Transport Phenomena,"Dr. Rakesh Jain, ","Engineering, Health and Medicine, Transport Processes","Lecture Notes, Instructor Insights , assignment, Multiple Assignment Types"
https://ocw.mit.edu/courses/mas-961-networks-complexity-and-its-applications-spring-2011/,MAS.961 , Graduate,courses,"Networks, Complexity and Its Applications","Prof. Cesar Hidalgo, ","Engineering, Mathematics, Systems Engineering","Lecture Notes, Instructor Insights , assignment, Multiple Assignment Types"
https://ocw.mit.edu/courses/res-2-005-girls-who-build-make-your-own-wearables-workshop-spring-2015/,RES.2-005 , High School,courses,Girls Who Build: Make Your Own Wearables Workshop,"Elisabeth Astle, Mike Gibson","Engineering, Computer Science, Mechanical Engineering","Lecture Notes, Instructor Insights , assignment, Multiple Assignment Types"
https://ocw.mit.edu/courses/15-322-leading-organizations-ii-fall-2003/,15.322, Graduate,courses,Leading Organizations II,"Prof. John Van Maanen, ","Management, Leadership, Social Science","Lecture Notes, Instructor Insights , assignment, Multiple Assignment Types"
https://ocw.mit.edu/courses/9-641j-introduction-to-neural-networks-spring-2005/,9.641J , Graduate,courses,Introduction to Neural Networks,"Prof. Sebastian Seung, ","Science, Biology, Cognitive Science","Lecture Notes, Instructor Insights , assignment, Multiple Assignment Types"
https://ocw.mit.edu/courses/11-949-city-visions-past-and-future-spring-2004/,11.949, Graduate,courses,City Visions: Past and Future,"Prof. Diane Davis, Prof. Lawrence Vale","Humanities, History, Architecture","Lecture Notes, Instructor Insights , assignment, Multiple Assignment Types"
https://ocw.mit.edu/courses/9-70-social-psychology-spring-2013/,9.7, Undergraduate,courses,Social Psychology,"Stephan L. Chorover, ","Social Science, Psychology, ","Lecture Notes, Instructor Insights , assignment, Multiple Assignment Types"
https://ocw.mit.edu/courses/12-744-marine-isotope-chemistry-fall-2012/,12.744, Graduate,courses,Marine Isotope Chemistry,"Kyrstin Fornace, Dr. Bill Jenkins","Science, Earth Science, Geochemistry","Lecture Notes, Instructor Insights , assignment, Multiple Assignment Types"
https://ocw.mit.edu/courses/15-840-special-seminar-in-marketing-marketing-management-spring-2004/,15.84, Graduate,courses,Special Seminar in Marketing: Marketing Management,"Prof. Dan Ariely, Prof. Michael Norton","Business, Marketing, ","Lecture Notes, Instructor Insights , assignment, Multiple Assignment Types"
https://ocw.mit.edu/courses/11-011-the-art-and-science-of-negotiation-spring-2006/,11.011, Undergraduate,courses,The Art and Science of Negotiation,"Prof. David Laws, ","Leadership, Social Science, Business","Lecture Notes, Instructor Insights , assignment, Multiple Assignment Types"
https://ocw.mit.edu/courses/14-454-economic-crises-spring-2011/,14.454, Graduate,courses,Economic Crises,"Prof. Ricardo Caballero, ","Economics, Social Science, Political Economy","Lecture Notes, Instructor Insights , assignment, Multiple Assignment Types"
https://ocw.mit.edu/courses/18-100c-real-analysis-fall-2012/,18.100C , Undergraduate,courses,Real Analysis,"Prof. Paul Seidel, ","Mathematics, Calculus, Mathematical Analysis","Lecture Notes, Instructor Insights , assignment, Multiple Assignment Types"
https://ocw.mit.edu/courses/cms-361-networked-social-movements-media-mobilization-spring-2014/,CMS.361 , Undergraduate,courses,Networked Social Movements: Media & Mobilization,"Prof. Sasha Costanza-Chock, ","Communication, Social Science, Media Studies","Lecture Notes, Instructor Insights , assignment, Multiple Assignment Types"
https://ocw.mit.edu/courses/6-728-applied-quantum-and-statistical-physics-fall-2006/,6.728, Graduate,courses,Applied Quantum and Statistical Physics,"Prof. Terry Orlando, ","Science, Physics, Mathematics","Lecture Notes, Instructor Insights , assignment, Multiple Assignment Types"
https://ocw.mit.edu/courses/16-459-bioengineering-journal-article-seminar-fall-2011/,16.459, Graduate,courses,Bioengineering Journal Article Seminar,"Dr. Alan Natapoff, Dr. Charles M. Oman","Engineering, Computer Science, Aerospace Engineering","Lecture Notes, Instructor Insights , assignment, Multiple Assignment Types"
https://ocw.mit.edu/courses/8-231-physics-of-solids-i-fall-2006/,8.231, Undergraduate,courses,Physics of Solids I,"Prof. Xiao-Gang Wen, ","Science, Physics, Condensed Matter Physics","Lecture Notes, Instructor Insights , assignment, Multiple Assignment Types"
https://ocw.mit.edu/courses/18-306-advanced-partial-differential-equations-with-applications-fall-2009/,18.306, Graduate,courses,Advanced Partial Differential Equations with Applications,"Prof. Rodolfo Rosales, ","Mathematics, Applied Mathematics, Differential Equations","Lecture Notes, Instructor Insights , assignment, Multiple Assignment Types"
https://ocw.mit.edu/courses/20-181-computation-for-biological-engineers-fall-2006/,20.181, Undergraduate,courses,Computation for Biological Engineers,"Prof. Eric Alm, Prof. Andrew Endy","Engineering, Science, Systems Engineering","Lecture Notes, Instructor Insights , assignment, Multiple Assignment Types"
https://ocw.mit.edu/courses/20-430j-fields-forces-and-flows-in-biological-systems-fall-2015/,20.430J , Graduate,courses,"Fields, Forces, and Flows in Biological Systems","Prof. Mark Bathe, Prof. Alan Grodzinsky","Engineering, Science, Mechanical Engineering","Lecture Notes, Instructor Insights , assignment, Multiple Assignment Types"
https://ocw.mit.edu/courses/21g-301-french-i-fall-2004/,21G.301 , Undergraduate,courses,French I,"Laura Ceia-Minjares, Cathy Culot","Humanities, Language, French","Lecture Notes, Instructor Insights , assignment, Multiple Assignment Types"
https://ocw.mit.edu/courses/21l-460-medieval-literature-love-sex-and-marriage-spring-2015/,21L.460 , Undergraduate,courses,"Medieval Literature: Love, Sex, and Marriage","Dr. Emily Griffiths Jones, ","Humanities, Literature, Criticism","Lecture Notes, Instructor Insights , assignment, Multiple Assignment Types"
https://ocw.mit.edu/courses/21l-706-studies-in-film-fall-2005/,21L.706 , Undergraduate,courses,Studies in Film,"Prof. Alvin Kibel, ","Humanities, Literature, Visual Arts","Lecture Notes, Instructor Insights , assignment, Multiple Assignment Types"
https://ocw.mit.edu/courses/9-520-a-networks-for-learning-regression-and-classification-spring-2001/,9.520-A , Graduate,courses,Networks for Learning: Regression and Classification,"Prof. Tomaso Poggio, Dr. Alessandro Verri","Science, Mathematics, Probability and Statistics","Lecture Notes, Instructor Insights , assignment, Multiple Assignment Types"
https://ocw.mit.edu/courses/es-269-passing-flexibility-in-race-and-gender-spring-2009/,ES.269 , Undergraduate,courses,Passing: Flexibility in Race and Gender,"Rachel Elizabeth Dillon, ","Humanities, Literature, Society","Lecture Notes, Instructor Insights , assignment, Multiple Assignment Types"
https://ocw.mit.edu/courses/hst-951j-medical-decision-support-fall-2005/,HST.951J , Graduate,courses,Medical Decision Support,"Prof. Lucila Ohno-Machado, Prof. Staal Vinterbo","Engineering, Computer Science, Artificial Intelligence","Lecture Notes, Instructor Insights , assignment, Multiple Assignment Types"
https://ocw.mit.edu/courses/8-871-selected-topics-in-theoretical-particle-physics-branes-and-gauge-theory-dynamics-fall-2004/,8.871, Graduate,courses,Selected Topics in Theoretical Particle Physics: Branes and Gauge Theory Dynamics,"Prof. Amihay Hanany, ","Science, Physics, Theoretical Physics","Lecture Notes, Instructor Insights , assignment, Multiple Assignment Types"
https://ocw.mit.edu/courses/4-001j-cityscope-new-orleans-spring-2007/,4.001J , Undergraduate,courses,CityScope: New Orleans,"Cherie Miot Abbanat, Prof. John Fernandez","Engineering, Architecture, Social Science","Lecture Notes, Instructor Insights , assignment, Multiple Assignment Types"
https://ocw.mit.edu/courses/4-343-photography-and-related-media-fall-2002/,4.343, Graduate,courses,Photography and Related Media,"Prof. Reiner Leist, ","Visual Arts, Media Studies, Fine Arts","Lecture Notes, Instructor Insights , assignment, Multiple Assignment Types"
https://ocw.mit.edu/courses/9-591j-language-processing-fall-2004/,9.591J , Graduate,courses,Language Processing,"Prof. Edward Gibson, ","Science, Humanities, Linguistics","Lecture Notes, Instructor Insights , assignment, Multiple Assignment Types"
https://ocw.mit.edu/courses/24-222-decisions-games-and-rational-choice-spring-2008/,24.222, Undergraduate,courses,"Decisions, Games, and Rational Choice","Prof. Robert Stalnaker, ","Humanities, Social Science, Philosophy","Lecture Notes, Instructor Insights , assignment, Multiple Assignment Types"
https://ocw.mit.edu/courses/15-515-financial-accounting-fall-2003/,15.515, Graduate,courses,Financial Accounting,"Prof. Richard Frankel, Prof. Kin Lo","Management, Business, Finance","Lecture Notes, Instructor Insights , assignment, Multiple Assignment Types"
https://ocw.mit.edu/courses/ec-050-recreate-experiments-from-history-inform-the-future-from-the-past-galileo-january-iap-2010/,EC.050 , Undergraduate,courses,Recreate Experiments from History: Inform the Future from the Past: Galileo,"Dr. Elizabeth Cavicchi, ","Humanities, History, Intellectual History","Lecture Notes, Instructor Insights , assignment, Multiple Assignment Types"
https://ocw.mit.edu/courses/ec-s01-internet-technology-in-local-and-global-communities-spring-2005-summer-2005/,EC.S01 , Undergraduate,courses,Internet Technology in Local and Global Communities,"Mr. Manish Gaudi, Prof. Paul Gray","Engineering, Entrepreneurship, Electrical Engineering","Lecture Notes, Instructor Insights , assignment, Multiple Assignment Types"
https://ocw.mit.edu/courses/15-289-communication-skills-for-academics-spring-2002/,15.289, Graduate,courses,Communication Skills for Academics,"Prof. Joanne Yates, ","Communication, Humanities, Literature","Lecture Notes, Instructor Insights , assignment, Multiple Assignment Types"
https://ocw.mit.edu/courses/11-467j-property-rights-in-transition-spring-2005/,11.467J , Graduate,courses,Property Rights in Transition,"Prof. Annette M. Kim, ","Humanities, Social Science, Public Administration","Lecture Notes, Instructor Insights , assignment, Multiple Assignment Types"
https://ocw.mit.edu/courses/10-492-2-integrated-chemical-engineering-topics-i-introduction-to-biocatalysis-fall-2004/,10.492-2 , Undergraduate,courses,Integrated Chemical Engineering Topics I: Introduction to Biocatalysis,"Prof. Kristala L. Jones Prather, ","Engineering, Science, Chemistry","Lecture Notes, Instructor Insights , assignment, Multiple Assignment Types"
https://ocw.mit.edu/courses/15-879-research-seminar-in-system-dynamics-spring-2014/,15.879, Graduate,courses,Research Seminar in System Dynamics,"Prof. Hazhir Rahmandad, ","Engineering, Management, Systems Engineering","Lecture Notes, Instructor Insights , assignment, Multiple Assignment Types"
https://ocw.mit.edu/courses/cms-951-workshop-ii-qualitative-social-science-methods-for-media-studies-spring-2015/,CMS.951 , Graduate,courses,Workshop II: Qualitative Social Science Methods for Media Studies,"Prof. Ian Condry, Prof. T. L. Taylor","Communication, Social Science, Media Studies","Lecture Notes, Instructor Insights , assignment, Multiple Assignment Types"
https://ocw.mit.edu/courses/6-088-introduction-to-c-memory-management-and-c-object-oriented-programming-january-iap-2010/,6.088, Undergraduate,courses,Introduction to C Memory Management and C++ Object-Oriented Programming,"Eunsuk Kang, Jean Yang","Engineering, Computer Science, Software Design and Engineering","Lecture Notes, Instructor Insights , assignment, Multiple Assignment Types"
https://ocw.mit.edu/courses/21g-068j-the-invention-of-french-theory-a-history-of-transatlantic-intellectual-life-since-1945-spring-2012/,21G.068J , Undergraduate,courses,The Invention of French Theory: A History of Transatlantic Intellectual Life since 1945,"Prof. Bruno Perreau, ","Humanities, Literature, Language","Lecture Notes, Instructor Insights , assignment, Multiple Assignment Types"
https://ocw.mit.edu/courses/21h-331-julius-caesar-and-the-fall-of-the-roman-republic-spring-2016/,21H.331 , Undergraduate,courses,Julius Caesar and the Fall of the Roman Republic,"Prof. William Broadhead, ","Humanities, History, European History","Lecture Notes, Instructor Insights , assignment, Multiple Assignment Types"
https://ocw.mit.edu/courses/21h-968j-nature-environment-and-empire-spring-2010/,21H.968J , Graduate,courses,"Nature, Environment, and Empire","Prof. Harriet Ritvo, ","Science, Humanities, History","Lecture Notes, Instructor Insights , assignment, Multiple Assignment Types"
https://ocw.mit.edu/courses/21l-003-2-reading-fiction-spring-2007/,21L.003-2 , Undergraduate,courses,Reading Fiction,"Prof. Alisa Braithwaite, ","Humanities, Literature, Criticism","Lecture Notes, Instructor Insights , assignment, Multiple Assignment Types"
https://ocw.mit.edu/courses/21l-423j-introduction-to-anglo-american-folk-music-fall-2005/,21L.423J , Undergraduate,courses,Introduction to Anglo-American Folk Music,"Prof. Ruth Perry, Prof. George Ruckert","Music, Fine Arts, Performance Arts","Lecture Notes, Instructor Insights , assignment, Multiple Assignment Types"
https://ocw.mit.edu/courses/21w-742-writing-about-race-spring-2013/,21W.742 , Undergraduate,courses,Writing About Race,"Dr. Sarah King, ","Humanities, History, Social Science","Lecture Notes, Instructor Insights , assignment, Multiple Assignment Types"
https://ocw.mit.edu/courses/4-273-introduction-to-design-inquiry-fall-2004/,4.273, Graduate,courses,Introduction to Design Inquiry,"Prof. Terry Knight, ","Architecture, Fine Arts, Architectural Design","Lecture Notes, Instructor Insights , assignment, Multiple Assignment Types"
https://ocw.mit.edu/courses/4-296-furniture-making-spring-2005/,4.296, Graduate,courses,Furniture Making,"Christopher Dewart, ","Engineering, Architecture, Mechanical Engineering","Lecture Notes, Instructor Insights , assignment, Multiple Assignment Types"
https://ocw.mit.edu/courses/4-a21-stories-without-words-photographing-the-first-year-fall-2006/,4.A21 , Undergraduate,courses,Stories Without Words: Photographing the First Year,"Mr. Keith McCluskey, ","Visual Arts, Fine Arts, Photography","Lecture Notes, Instructor Insights , assignment, Multiple Assignment Types"
https://ocw.mit.edu/courses/6-045j-automata-computability-and-complexity-spring-2011/,6.045J , Undergraduate,courses,"Automata, Computability, and Complexity","Prof. Scott Aaronson, ","Engineering, Computer Science, Mathematics","Lecture Notes, Instructor Insights , assignment, Multiple Assignment Types"
https://ocw.mit.edu/courses/hst-720-physiology-of-the-ear-fall-2004/,HST.720 , Graduate,courses,Physiology of the Ear,"Prof. John Guinan, Prof. John Rosowski","Science, Health and Medicine, Anatomy and Physiology","Lecture Notes, Instructor Insights , assignment, Multiple Assignment Types"
https://ocw.mit.edu/courses/wgs-700-changing-life-reading-the-intersections-of-gender-race-biology-and-literature-spring-2017/,WGS.700 , Graduate,courses,"Changing Life: Reading the Intersections of Gender, Race, Biology, and Literature","Prof. Mary Baine Campbell, Prof. Peter Taylor","Science, Earth Science, Society","Lecture Notes, Instructor Insights , assignment, Multiple Assignment Types"
https://ocw.mit.edu/courses/1-022-introduction-to-network-models-fall-2018/,1.022, Undergraduate,courses,Introduction to Network Models,"Dr. Amir Ajorlou, ","Engineering, Systems Engineering, Computational Modeling and Simulation","Lecture Notes, Instructor Insights , assignment, Multiple Assignment Types"
https://ocw.mit.edu/courses/11-122-environment-and-society-fall-2002/,11.122, Undergraduate,courses,Environment and Society,"Prof. Dara O’Rourke, ","Engineering, Social Science, Public Administration","Lecture Notes, Instructor Insights , assignment, Multiple Assignment Types"
https://ocw.mit.edu/courses/11-431j-real-estate-finance-and-investment-fall-2006/,11.431J , Graduate,courses,Real Estate Finance and Investment,"Prof. David Geltner, Prof. Tod McGrath","Business, Finance, Real Estate","Lecture Notes, Instructor Insights , assignment, Multiple Assignment Types"
https://ocw.mit.edu/courses/15-094j-systems-optimization-models-and-computation-sma-5223-spring-2004/,15.094J , Graduate,courses,Systems Optimization: Models and Computation (SMA 5223),"Prof. Robert Freund, Prof. Thomas Magnanti","Engineering, Computer Science, Mathematics","Lecture Notes, Instructor Insights , assignment, Multiple Assignment Types"
https://ocw.mit.edu/courses/15-967-managing-and-volunteering-in-the-non-profit-sector-spring-2005/,15.967, Graduate,courses,Managing and Volunteering In the Non-Profit Sector,"Prof. Paul Osterman, ","Management, Social Science, Public Administration","Lecture Notes, Instructor Insights , assignment, Multiple Assignment Types"
https://ocw.mit.edu/courses/24-01-classics-of-western-philosophy-spring-2016/,24.01, Undergraduate,courses,Classics of Western Philosophy,"Prof. Sally Haslanger, Milo Phillips-Brown","Humanities, Literature, History","Lecture Notes, Instructor Insights , assignment, Multiple Assignment Types"
https://ocw.mit.edu/courses/12-002-physics-and-chemistry-of-the-terrestrial-planets-fall-2008/,12.002, Undergraduate,courses,Physics and Chemistry of the Terrestrial Planets,"Prof. Leigh Royden, Prof. Benjamin Weiss","Science, Earth Science, Geophysics","Lecture Notes, Instructor Insights , assignment, Multiple Assignment Types"
https://ocw.mit.edu/courses/wgs-693-gender-race-and-the-complexities-of-science-and-technology-a-problem-based-learning-experiment-spring-2009/,WGS.693 , Graduate,courses,"Gender, Race, and the Complexities of Science and Technology: A Problem-Based Learning Experiment","Prof. Anne Fausto-Sterling, Prof. Peter Taylor","Teaching and Education, Society, Gender Studies","Lecture Notes, Instructor Insights , assignment, Multiple Assignment Types"
https://ocw.mit.edu/courses/4-520-computational-design-i-theory-and-applications-fall-2005/,4.52, Undergraduate,courses,Computational Design I: Theory and Applications,"Prof. Terry Knight, ","Engineering, Architecture, Systems Engineering","Lecture Notes, Instructor Insights , assignment, Multiple Assignment Types"
https://ocw.mit.edu/courses/11-208-introduction-to-computers-in-public-management-ii-january-iap-2002/,11.208, Graduate,courses,Introduction to Computers in Public Management II,"Prof. Joseph Ferreira, Thomas Grayson","Engineering, Systems Engineering, Social Science","Lecture Notes, Instructor Insights , assignment, Multiple Assignment Types"
https://ocw.mit.edu/courses/16-412j-cognitive-robotics-spring-2016/,16.412J , Graduate,courses,Cognitive Robotics,"Prof. Brian Charles Williams, ","Engineering, Computer Science, Artificial Intelligence","Lecture Notes, Instructor Insights , assignment, Multiple Assignment Types"
https://ocw.mit.edu/courses/11-952-gaoming-studio-china-spring-2005/,11.952, Graduate,courses,Gaoming Studio - China,"Prof. Eran Ben-Joseph, Prof. Tunney Lee","Engineering, Architecture, Economics","Lecture Notes, Instructor Insights , assignment, Multiple Assignment Types"
https://ocw.mit.edu/courses/11-958-getting-things-implemented-strategy-people-performance-and-leadership-january-iap-2009/,11.958, Graduate,courses,"Getting Things Implemented: Strategy, People, Performance, and Leadership","Prof. Xavier de Souza Briggs, ","Management, Leadership, Social Science","Lecture Notes, Instructor Insights , assignment, Multiple Assignment Types"
https://ocw.mit.edu/courses/12-009j-theoretical-environmental-analysis-spring-2015/,12.009J , Undergraduate,courses,Theoretical Environmental Analysis,"Prof. Daniel Rothman, ","Science, Earth Science, Biology","Lecture Notes, Instructor Insights , assignment, Multiple Assignment Types"
https://ocw.mit.edu/courses/17-584-civil-military-relations-spring-2003/,17.584, Graduate,courses,Civil-Military Relations,"Prof. Roger Petersen, ","Humanities, Social Science, Public Administration","Lecture Notes, Instructor Insights , assignment, Multiple Assignment Types"
https://ocw.mit.edu/courses/1-782-environmental-engineering-masters-of-engineering-project-fall-2007-spring-2008/,1.782, Graduate,courses,Environmental Engineering Masters of Engineering Project,"Dr. Eric Adams, Susan Murcott","Engineering, Environmental Engineering, Hydrology and Water Resource Systems","Lecture Notes, Instructor Insights , assignment, Multiple Assignment Types"
https://ocw.mit.edu/courses/22-tht-undergraduate-thesis-tutorial-fall-2015/,22.THT , Undergraduate,courses,Undergraduate Thesis Tutorial,"Jane Kokernak, Christine Sherratt","Engineering, Humanities, Literature","Lecture Notes, Instructor Insights , assignment, Multiple Assignment Types"
https://ocw.mit.edu/courses/21g-106-chinese-vi-regular-discovering-chinese-cultures-and-societies-spring-2003/,21G.106 , Undergraduate,courses,Chinese VI (Regular): Discovering Chinese Cultures and Societies,"Tong Chen, ","Humanities, Language, Society","Lecture Notes, Instructor Insights , assignment, Multiple Assignment Types"
https://ocw.mit.edu/courses/21g-712-spanish-conversation-and-composition-fall-2003/,21G.712 , Undergraduate,courses,Spanish Conversation and Composition,"Douglas Morgenstern, ","Humanities, Language, Spanish","Lecture Notes, Instructor Insights , assignment, Multiple Assignment Types"
https://ocw.mit.edu/courses/21l-708-technologies-of-humanism-spring-2003/,21L.708 , Undergraduate,courses,Technologies of Humanism,"Dr. Kurt Fendt, ","Humanities, Literature, Media Studies","Lecture Notes, Instructor Insights , assignment, Multiple Assignment Types"
https://ocw.mit.edu/courses/21m-603-principles-of-design-fall-2005/,21M.603 , Undergraduate,courses,Principles of Design,"William Fregosi, Leslie Cocuzzo Held","Fine Arts, Performance Arts, Theater","Lecture Notes, Instructor Insights , assignment, Multiple Assignment Types"
https://ocw.mit.edu/courses/22-615-mhd-theory-of-fusion-systems-spring-2007/,22.615, Graduate,courses,MHD Theory of Fusion Systems,"Prof. Jeffrey Freidberg, ","Science, Physics, Chemistry","Lecture Notes, Instructor Insights , assignment, Multiple Assignment Types"
https://ocw.mit.edu/courses/7-29j-cellular-neurobiology-spring-2012/,7.29J , Undergraduate,courses,Cellular Neurobiology,"Prof. Troy Littleton, Prof. William Quinn","Science, Biology, Cognitive Science","Lecture Notes, Instructor Insights , assignment, Multiple Assignment Types"
https://ocw.mit.edu/courses/7-51-graduate-biochemistry-fall-2001/,7.51, Graduate,courses,Graduate Biochemistry,"Prof. Tania Baker, Prof. Bob Sauer","Science, Biology, Biochemistry","Lecture Notes, Instructor Insights , assignment, Multiple Assignment Types"
https://ocw.mit.edu/courses/cc-111-modern-conceptions-of-freedom-spring-2013/,CC.111 , Undergraduate,courses,Modern Conceptions of Freedom,"Dr. Linda Rabieh, ","Humanities, Philosophy, Political Philosophy","Lecture Notes, Instructor Insights , assignment, Multiple Assignment Types"
https://ocw.mit.edu/courses/cms-615-games-for-social-change-fall-2013/,CMS.615 , Undergraduate,courses,Games for Social Change,"Scot Osterweil, ","Media Studies, Fine Arts, Digital Media","Lecture Notes, Instructor Insights , assignment, Multiple Assignment Types"
https://ocw.mit.edu/courses/es-s10-drugs-and-the-brain-spring-2013/,ES.S10 , Undergraduate,courses,Drugs and the Brain,"Zak Fallows, ","Science, Health and Medicine, Biology","Lecture Notes, Instructor Insights , assignment, Multiple Assignment Types"
https://ocw.mit.edu/courses/hst-934j-introduction-to-global-medicine-bioscience-technologies-disparities-strategies-spring-2010/,HST.934J , Graduate,courses,"Introduction to Global Medicine: Bioscience, Technologies, Disparities, Strategies","Prof. Mary-Jo DelVecchio Good, Prof. Michael M.J. Fischer","Engineering, Humanities, Ethics","Lecture Notes, Instructor Insights , assignment, Multiple Assignment Types"
https://ocw.mit.edu/courses/mas-632-conversational-computer-systems-fall-2008/,MAS.632 , Graduate,courses,Conversational Computer Systems,"Mr. Christopher Schmandt, ","Engineering, Science, Computer Science","Lecture Notes, Instructor Insights , assignment, Multiple Assignment Types"
https://ocw.mit.edu/courses/sts-009-evolution-and-society-spring-2012/,STS.009 , Undergraduate,courses,Evolution and Society,"Prof. John Durant, Michaela Thompson","Humanities, History, History of Science and Technology","Lecture Notes, Instructor Insights , assignment, Multiple Assignment Types"
https://ocw.mit.edu/courses/12-113-structural-geology-fall-2005/,12.113, Undergraduate,courses,Structural Geology,"Prof. B. Clark Burchfiel, Christopher Studnicki-Gizbert","Science, Earth Science, Geophysics","Lecture Notes, Instructor Insights , assignment, Multiple Assignment Types"
https://ocw.mit.edu/courses/1-84j-atmospheric-chemistry-fall-2013/,1.84J , Graduate,courses,Atmospheric Chemistry,"Prof. Jesse Kroll, ","Science, Earth Science, Energy","Lecture Notes, Instructor Insights , assignment, Multiple Assignment Types"
https://ocw.mit.edu/courses/14-01-principles-of-microeconomics-fall-2018/,14.01, Undergraduate,courses,Principles of Microeconomics,"Prof. Jonathan Gruber, ","Economics, Social Science, Microeconomics","Lecture Notes, Instructor Insights , assignment, Multiple Assignment Types"
https://ocw.mit.edu/courses/18-726-algebraic-geometry-spring-2009/,18.726, Graduate,courses,Algebraic Geometry,"Prof. Kiran Kedlaya, ","Mathematics, Algebra and Number Theory, Topology and Geometry","Lecture Notes, Instructor Insights , assignment, Multiple Assignment Types"
https://ocw.mit.edu/courses/15-356-how-to-develop-breakthrough-products-and-services-spring-2012/,15.356, Graduate,courses,How to Develop Breakthrough Products and Services,"Prof. Eric von Hippel, ","Entrepreneurship, Innovation, Business","Lecture Notes, Instructor Insights , assignment, Multiple Assignment Types"
https://ocw.mit.edu/courses/15-668-people-and-organizations-fall-2010/,15.668, Undergraduate,courses,People and Organizations,"Prof. Thomas A. Kochan, ","Management, Leadership, Business","Lecture Notes, Instructor Insights , assignment, Multiple Assignment Types"
https://ocw.mit.edu/courses/pe-910-physical-intelligence-january-iap-2002/,PE.910 , Undergraduate,courses,Physical Intelligence,"Noah Riskin, ","Science, Health and Medicine, Physical Education and Recreation","Lecture Notes, Instructor Insights , assignment, Multiple Assignment Types"
https://ocw.mit.edu/courses/15-616-innovative-businesses-and-breakthrough-technologies-the-legal-issues-fall-2004/,15.616, Graduate,courses,Innovative Businesses and Breakthrough Technologies - The Legal Issues,"Dr. John Akula, ","Entrepreneurship, Innovation, Management","Lecture Notes, Instructor Insights , assignment, Multiple Assignment Types"
https://ocw.mit.edu/courses/18-098-street-fighting-mathematics-january-iap-2008/,18.098, Undergraduate,courses,Street-Fighting Mathematics,"Sanjoy Mahajan, ","Mathematics, Computation, Calculus","Lecture Notes, Instructor Insights , assignment, Multiple Assignment Types"
https://ocw.mit.edu/courses/12-803-quasi-balanced-circulations-in-oceans-and-atmospheres-fall-2009/,12.803, Graduate,courses,Quasi-Balanced Circulations in Oceans and Atmospheres,"Prof. Kerry Emanuel, ","Engineering, Science, Physics","Lecture Notes, Instructor Insights , assignment, Multiple Assignment Types"
https://ocw.mit.edu/courses/11-328j-urban-design-skills-observing-interpreting-and-representing-the-city-fall-2004/,11.328J , Graduate,courses,"Urban Design Skills: Observing, Interpreting, and Representing the City","Prof. Eran Ben-Joseph, ","Architecture, Social Science, Fine Arts","Lecture Notes, Instructor Insights , assignment, Multiple Assignment Types"
https://ocw.mit.edu/courses/1-34-waste-containment-and-remediation-technology-spring-2004/,1.34, Graduate,courses,Waste Containment and Remediation Technology,"Dr. Peter Shanahan, ","Engineering, Civil Engineering, Environmental Engineering","Lecture Notes, Instructor Insights , assignment, Multiple Assignment Types"
https://ocw.mit.edu/courses/20-102-macroepidemiology-be-102-spring-2005/,20.102, Undergraduate,courses,Macroepidemiology (BE.102),"Prof. William Thilly, ","Science, Health and Medicine, Public Health","Lecture Notes, Instructor Insights , assignment, Multiple Assignment Types"
https://ocw.mit.edu/courses/21g-213-high-intermediate-academic-communication-spring-2004/,21G.213 , Graduate,courses,High-Intermediate Academic Communication,"Isaiah WonHo Yoo, ","Communication, Humanities, Literature","Lecture Notes, Instructor Insights , assignment, Multiple Assignment Types"
https://ocw.mit.edu/courses/21a-801j-cross-cultural-investigations-technology-and-development-fall-2012/,21A.801J ," Undergraduate, Graduate",courses,Cross-Cultural Investigations: Technology and Development,"Prof. Heather Paxson, ","Social Science, Anthropology, Ethnography","Lecture Notes, Instructor Insights , assignment, Multiple Assignment Types"
https://ocw.mit.edu/courses/21h-104j-riots-strikes-and-conspiracies-in-american-history-fall-2010/,21H.104J , Undergraduate,courses,"Riots, Strikes, and Conspiracies in American History","Prof. Robert Fogelson, Prof. Pauline Maier","Humanities, History, Philosophy","Lecture Notes, Instructor Insights , assignment, Multiple Assignment Types"
https://ocw.mit.edu/courses/21h-319-race-crime-and-citizenship-in-american-law-fall-2014/,21H.319 , Undergraduate,courses,"Race, Crime, and Citizenship in American Law","Prof. Malick Ghachem, ","Humanities, History, Social Science","Lecture Notes, Instructor Insights , assignment, Multiple Assignment Types"
https://ocw.mit.edu/courses/21h-601-islam-the-middle-east-and-the-west-fall-2006/,21H.601 , Undergraduate,courses,"Islam, the Middle East, and the West","Dr. Mériam Belli, ","Humanities, History, Society","Lecture Notes, Instructor Insights , assignment, Multiple Assignment Types"
https://ocw.mit.edu/courses/21l-016-learning-from-the-past-drama-science-performance-spring-2009/,21L.016 , Undergraduate,courses,"Learning from the Past: Drama, Science, Performance","Prof. Diana Henderson, Prof. Janet Sonenberg","Humanities, Literature, History","Lecture Notes, Instructor Insights , assignment, Multiple Assignment Types"
https://ocw.mit.edu/courses/21m-542-interdisciplinary-approaches-to-musical-time-january-iap-2010/,21M.542 , Undergraduate,courses,Interdisciplinary Approaches to Musical Time,"Dr. Martin Marks, Prof. Charles Shadle","Science, Humanities, Music","Lecture Notes, Instructor Insights , assignment, Multiple Assignment Types"
https://ocw.mit.edu/courses/4-107-march-portfolio-seminar-fall-2003/,4.107, Graduate,courses,MArch Portfolio Seminar,"Prof. Mark Jarzombek, Prof. Meejin Yoon","Architecture, Fine Arts, Architectural Design","Lecture Notes, Instructor Insights , assignment, Multiple Assignment Types"
https://ocw.mit.edu/courses/4-619-historiography-of-islamic-architecture-fall-2014/,4.619, Graduate,courses,Historiography of Islamic Architecture,"Prof. Nasser Rabbat, ","Humanities, History, Architecture","Lecture Notes, Instructor Insights , assignment, Multiple Assignment Types"
https://ocw.mit.edu/courses/4-696-a-global-history-of-architecture-writing-seminar-spring-2008/,4.696, Graduate,courses,A Global History of Architecture Writing Seminar,"Prof. Mark Jarzombek, ","Humanities, Literature, Architecture","Lecture Notes, Instructor Insights , assignment, Multiple Assignment Types"
https://ocw.mit.edu/courses/6-661-receivers-antennas-and-signals-spring-2003/,6.661, Graduate,courses,"Receivers, Antennas, and Signals","Prof. David Staelin, ","Engineering, Electronics, Electrical Engineering","Lecture Notes, Instructor Insights , assignment, Multiple Assignment Types"
https://ocw.mit.edu/courses/ec-s02-water-jet-technologies-spring-2005/,EC.S02 , Undergraduate,courses,Water Jet Technologies,"Kenneth Stone, Alea Teeters","Engineering, Mechanical Engineering, Mechanical Design","Lecture Notes, Instructor Insights , assignment, Multiple Assignment Types"
https://ocw.mit.edu/courses/hst-723j-neural-coding-and-perception-of-sound-spring-2005/,HST.723J , Graduate,courses,Neural Coding and Perception of Sound,"Prof. M. Christian Brown, Dr. Bertrand Delgutte","Science, Health and Medicine, Biology","Lecture Notes, Instructor Insights , assignment, Multiple Assignment Types"
https://ocw.mit.edu/courses/21g-019-communicating-across-cultures-spring-2005/,21G.019 ," Undergraduate, Graduate",courses,Communicating Across Cultures,"Dr. Lori Breslow, Prof. Bernd Widdig","Communication, Social Science, Anthropology","Lecture Notes, Instructor Insights , assignment, Multiple Assignment Types"
https://ocw.mit.edu/courses/20-104j-chemicals-in-the-environment-toxicology-and-public-health-be-104j-spring-2005/,20.104J , Undergraduate,courses,Chemicals in the Environment: Toxicology and Public Health (BE.104J),"Dr. Laura Green, Prof. James Sherley","Engineering, Science, Biological Engineering","Lecture Notes, Instructor Insights , assignment, Multiple Assignment Types"
https://ocw.mit.edu/courses/8-01sc-classical-mechanics-fall-2016/,8.01SC , Undergraduate,courses,Classical Mechanics,"Prof. Deepto Chakrabarty, Dr. Peter Dourmashkin","Science, Physics, Classical Mechanics","Lecture Notes, Instructor Insights , assignment, Multiple Assignment Types"
https://ocw.mit.edu/courses/15-062-data-mining-spring-2003/,15.062, Graduate,courses,Data Mining,"Prof. Nitin Patel, ","Engineering, Computer Science, Management","Lecture Notes, Instructor Insights , assignment, Multiple Assignment Types"
https://ocw.mit.edu/courses/2-672-project-laboratory-spring-2009/,2.672, Undergraduate,courses,Project Laboratory,"Prof. Wai Cheng, Prof. Douglas Hart","Engineering, Mechanical Engineering, ","Lecture Notes, Instructor Insights , assignment, Multiple Assignment Types"
https://ocw.mit.edu/courses/hst-512-genomic-medicine-spring-2004/,HST.512 , Graduate,courses,Genomic Medicine,"Prof. Isaac Kohane, ","Science, Health and Medicine, Biomedicine","Lecture Notes, Instructor Insights , assignment, Multiple Assignment Types"
https://ocw.mit.edu/courses/15-501-introduction-to-financial-and-managerial-accounting-spring-2004/,15.501, Undergraduate,courses,Introduction to Financial and Managerial Accounting,"Prof. Sugata Roychowdhury, ","Management, Business, Finance","Lecture Notes, Instructor Insights , assignment, Multiple Assignment Types"
https://ocw.mit.edu/courses/21g-114-chinese-vi-streamlined-spring-2005/,21G.114 , Undergraduate,courses,Chinese VI (Streamlined),"Jin Zhang, ","Humanities, Language, Chinese","Lecture Notes, Instructor Insights , assignment, Multiple Assignment Types"
https://ocw.mit.edu/courses/11-953-comparative-land-use-and-transportation-planning-spring-2006/,11.953, Graduate,courses,Comparative Land Use and Transportation Planning,"Prof. Pericles (Chris) Zegras, ","Social Science, Urban Studies, Urban Planning","Lecture Notes, Instructor Insights , assignment, Multiple Assignment Types"
https://ocw.mit.edu/courses/11-959-reforming-natural-resources-governance-failings-of-scientific-rationalism-and-alternatives-for-building-common-ground-january-iap-2007/,11.959, Graduate,courses,Reforming Natural Resources Governance: Failings of Scientific Rationalism and Alternatives for Building Common Ground,"Dr. Herman Karl, Dr. David Mattson","Engineering, Social Science, Public Administration","Lecture Notes, Instructor Insights , assignment, Multiple Assignment Types"
https://ocw.mit.edu/courses/17-473-the-politics-of-nuclear-proliferation-nuclear-history-strategy-and-statecraft-fall-2015/,17.473, Undergraduate,courses,"The Politics of Nuclear Proliferation: Nuclear History, Strategy, and Statecraft","Prof. Francis J. Gavin, ","Engineering, Humanities, History","Lecture Notes, Instructor Insights , assignment, Multiple Assignment Types"
https://ocw.mit.edu/courses/18-102-introduction-to-functional-analysis-spring-2009/,18.102, Undergraduate,courses,Introduction to Functional Analysis,"Prof. Richard Melrose, ","Mathematics, Linear Algebra, Mathematical Analysis","Lecture Notes, Instructor Insights , assignment, Multiple Assignment Types"
https://ocw.mit.edu/courses/18-s097-applied-category-theory-january-iap-2019/,18.S097 , Undergraduate,courses,Applied Category Theory,"Dr. Brendan Fong, Dr. David I. Spivak","Mathematics, Applied Mathematics, Topology and Geometry","Lecture Notes, Instructor Insights , assignment, Multiple Assignment Types"
https://ocw.mit.edu/courses/1-012-introduction-to-civil-engineering-design-spring-2002/,1.012, Undergraduate,courses,Introduction to Civil Engineering Design,"Prof. Herbert Einstein, ","Engineering, Civil Engineering, Construction Management","Lecture Notes, Instructor Insights , assignment, Multiple Assignment Types"
https://ocw.mit.edu/courses/2-171-analysis-and-design-of-digital-control-systems-fall-2006/,2.171, Graduate,courses,Analysis and Design of Digital Control Systems,"Prof. David Trumper, ","Engineering, Computer Science, Mechanical Engineering","Lecture Notes, Instructor Insights , assignment, Multiple Assignment Types"
https://ocw.mit.edu/courses/21a-441-the-conquest-of-america-spring-2004/,21A.441 , Undergraduate,courses,The Conquest of America,"Prof. James Howe, ","Humanities, History, Social Science","Lecture Notes, Instructor Insights , assignment, Multiple Assignment Types"
https://ocw.mit.edu/courses/21l-002-foundations-of-western-culture-the-making-of-the-modern-world-spring-2010/,21L.002 , Undergraduate,courses,Foundations of Western Culture: The Making of the Modern World,"Dr. Howard Eiland, ","Humanities, Literature, History","Lecture Notes, Instructor Insights , assignment, Multiple Assignment Types"
https://ocw.mit.edu/courses/21l-020j-globalization-the-good-the-bad-and-the-in-between-fall-2016/,21L.020J , Undergraduate,courses,"Globalization: The Good, the Bad and the In-Between","Prof. Margery Resnick, Dr. Joaquín Terrones","Humanities, Literature, History","Lecture Notes, Instructor Insights , assignment, Multiple Assignment Types"
https://ocw.mit.edu/courses/4-463-building-technology-iii-building-structural-systems-fall-2004/,4.463, Graduate,courses,Building Technology III: Building Structural Systems,"Prof. John Fernandez, ","Engineering, Architecture, Fine Arts","Lecture Notes, Instructor Insights , assignment, Multiple Assignment Types"
https://ocw.mit.edu/courses/4-602-modern-art-and-mass-culture-spring-2012/,4.602, Undergraduate,courses,Modern Art and Mass Culture,"Prof. Caroline Jones, ","Humanities, History, Visual Arts","Lecture Notes, Instructor Insights , assignment, Multiple Assignment Types"
https://ocw.mit.edu/courses/4-s67-landscape-experience-seminar-in-land-art-fall-2016/,4.S67 , Graduate,courses,Landscape Experience: Seminar in Land/Art,"Prof. Caroline Jones, Dr. Rebecca K. Uchill","Humanities, History, Architecture","Lecture Notes, Instructor Insights , assignment, Multiple Assignment Types"
https://ocw.mit.edu/courses/es-114-non-violence-as-a-way-of-life-fall-2018/,ES.114 , Undergraduate,courses,Non-violence as a Way of Life,"Dr. Lee Perlman, ","Humanities, Ethics, Literature","Lecture Notes, Instructor Insights , assignment, Multiple Assignment Types"
https://ocw.mit.edu/courses/mas-863-how-to-make-almost-anything-fall-2002/,MAS.863 , Graduate,courses,How to Make (Almost) Anything,"Prof. Isaac Chuang, Prof. Neil Gershenfeld","Engineering, Systems Engineering, Electrical Engineering","Lecture Notes, Instructor Insights , assignment, Multiple Assignment Types"
https://ocw.mit.edu/courses/11-020-poverty-public-policy-and-controversy-fall-2003/,11.02, Undergraduate,courses,"Poverty, Public Policy and Controversy","Prof. Martin Rein, ","Humanities, Economics, Social Science","Lecture Notes, Instructor Insights , assignment, Multiple Assignment Types"
https://ocw.mit.edu/courses/15-988-system-dynamics-self-study-fall-1998-spring-1999/,15.988, Graduate,courses,System Dynamics Self Study,"Prof. Jay Forrester, ","Engineering, Management, Systems Engineering","Lecture Notes, Instructor Insights , assignment, Multiple Assignment Types"
https://ocw.mit.edu/courses/1-364-advanced-geotechnical-engineering-fall-2003/,1.364, Graduate,courses,Advanced Geotechnical Engineering,"Prof. Andrew Whittle, ","Engineering, Civil Engineering, Structural Engineering","Lecture Notes, Instructor Insights , assignment, Multiple Assignment Types"
https://ocw.mit.edu/courses/24-236-topics-in-social-theory-and-practice-race-and-racism-fall-2014/,24.236," Undergraduate, Graduate",courses,Topics in Social Theory and Practice: Race and Racism,"Prof. Sally Haslanger, ","Humanities, History, Social Science","Lecture Notes, Instructor Insights , assignment, Multiple Assignment Types"
https://ocw.mit.edu/courses/4-123-architectural-design-level-i-perceptions-and-processes-fall-2003/,4.123, Graduate,courses,"Architectural Design, Level I: Perceptions and Processes","Prof. Meejin Yoon, ","Architecture, Fine Arts, Architectural Design","Lecture Notes, Instructor Insights , assignment, Multiple Assignment Types"
https://ocw.mit.edu/courses/21a-219-law-and-society-spring-2003/,21A.219 , Undergraduate,courses,Law and Society,"Prof. Susan S. Silbey, ","Humanities, Social Science, Sociology","Lecture Notes, Instructor Insights , assignment, Multiple Assignment Types"
https://ocw.mit.edu/courses/15-649-the-law-of-mergers-and-acquisitions-spring-2003/,15.649, Graduate,courses,The Law of Mergers and Acquisitions,"Dr. John Akula, ","Social Science, Business, Finance","Lecture Notes, Instructor Insights , assignment, Multiple Assignment Types"
https://ocw.mit.edu/courses/1-054-mechanics-and-design-of-concrete-structures-spring-2004/,1.054, Undergraduate,courses,Mechanics and Design of Concrete Structures,"Prof. Oral Buyukozturk, ","Engineering, Mechanical Engineering, Civil Engineering","Lecture Notes, Instructor Insights , assignment, Multiple Assignment Types"
https://ocw.mit.edu/courses/6-080-great-ideas-in-theoretical-computer-science-spring-2008/,6.08, Undergraduate,courses,Great Ideas in Theoretical Computer Science,"Prof. Scott Aaronson, ","Engineering, Computer Science, Mathematics","Lecture Notes, Instructor Insights , assignment, Multiple Assignment Types"
https://ocw.mit.edu/courses/12-812-general-circulation-of-the-earths-atmosphere-fall-2005/,12.812, Graduate,courses,General Circulation of the Earth's Atmosphere,"Prof. Peter Stone, ","Engineering, Science, Earth Science","Lecture Notes, Instructor Insights , assignment, Multiple Assignment Types"
https://ocw.mit.edu/courses/6-071j-introduction-to-electronics-signals-and-measurement-spring-2006/,6.071J , Undergraduate,courses,"Introduction to Electronics, Signals, and Measurement","Prof. Manos Chaniotakis, Prof. David Cory","Engineering, Electronics, Mathematics","Lecture Notes, Instructor Insights , assignment, Multiple Assignment Types"
https://ocw.mit.edu/courses/18-997-topics-in-combinatorial-optimization-spring-2004/,18.997, Graduate,courses,Topics in Combinatorial Optimization,"Prof. Michel Goemans, ","Engineering, Computer Science, Mathematics","Lecture Notes, Instructor Insights , assignment, Multiple Assignment Types"
https://ocw.mit.edu/courses/16-540-internal-flows-in-turbomachines-spring-2006/,16.54, Graduate,courses,Internal Flows in Turbomachines,"Prof. Edward Greitzer, Dr. Choon Tan","Engineering, Mechanical Engineering, Fluid Mechanics","Lecture Notes, Instructor Insights , assignment, Multiple Assignment Types"
https://ocw.mit.edu/courses/15-070j-advanced-stochastic-processes-fall-2013/,15.070J , Graduate,courses,Advanced Stochastic Processes,"Prof. David Gamarnik, ","Mathematics, Probability and Statistics, ","Lecture Notes, Instructor Insights , assignment, Multiple Assignment Types"
https://ocw.mit.edu/courses/18-318-topics-in-algebraic-combinatorics-spring-2006/,18.318, Graduate,courses,Topics in Algebraic Combinatorics,"Prof. Richard Stanley, ","Mathematics, Algebra and Number Theory, Linear Algebra","Lecture Notes, Instructor Insights , assignment, Multiple Assignment Types"
https://ocw.mit.edu/courses/16-20-structural-mechanics-fall-2002/,16.2, Undergraduate,courses,Structural Mechanics,"Prof. Paul A. Lagace, ","Engineering, Mechanical Engineering, Solid Mechanics","Lecture Notes, Instructor Insights , assignment, Multiple Assignment Types"
https://ocw.mit.edu/courses/1-225j-transportation-flow-systems-fall-2002/,1.225J , Graduate,courses,Transportation Flow Systems,"Prof. Ismail Chabini, Prof. Amedeo R. Odoni","Engineering, Systems Engineering, Social Science","Lecture Notes, Instructor Insights , assignment, Multiple Assignment Types"
https://ocw.mit.edu/courses/12-453-crosby-lectures-in-geology-history-of-africa-fall-2005/,12.453, Graduate,courses,Crosby Lectures in Geology: History of Africa,"Prof. Kevin Burke, ","Science, Humanities, History","Lecture Notes, Instructor Insights , assignment, Multiple Assignment Types"
https://ocw.mit.edu/courses/1-72-groundwater-hydrology-fall-2005/,1.72, Graduate,courses,Groundwater Hydrology,"Prof. Charles Harvey, ","Engineering, Science, Earth Science","Lecture Notes, Instructor Insights , assignment, Multiple Assignment Types"
https://ocw.mit.edu/courses/20-380j-biological-engineering-design-spring-2010/,20.380J , Undergraduate,courses,Biological Engineering Design,"Dr. Atissa Banuazizi, Mr. Harlan Breindel","Engineering, Biological Engineering, Health and Medicine","Lecture Notes, Instructor Insights , assignment, Multiple Assignment Types"
https://ocw.mit.edu/courses/21a-01-how-culture-works-fall-2019/,21A.01 , Undergraduate,courses,How Culture Works,"Dr. Xenia Cherkaev, ","Social Science, Anthropology, Ethnography","Lecture Notes, Instructor Insights , assignment, Multiple Assignment Types"
https://ocw.mit.edu/courses/21a-460j-medicine-religion-and-politics-in-africa-and-the-african-diaspora-spring-2005/,21A.460J , Undergraduate,courses,"Medicine, Religion and Politics in Africa and the African Diaspora","Prof. Erica James, ","Humanities, History, Social Science","Lecture Notes, Instructor Insights , assignment, Multiple Assignment Types"
https://ocw.mit.edu/courses/22-313j-thermal-hydraulics-in-power-technology-spring-2007/,22.313J , Graduate,courses,Thermal Hydraulics in Power Technology,"Prof. Jacopo Buongiorno, ","Engineering, Science, Physics","Lecture Notes, Instructor Insights , assignment, Multiple Assignment Types"
https://ocw.mit.edu/courses/22-903-photon-and-neutron-scattering-spectroscopy-and-its-applications-in-condensed-matter-spring-2005/,22.903, Graduate,courses,Photon and Neutron Scattering Spectroscopy and Its Applications in Condensed Matter,"Prof. Sow-Hsin Chen, ","Engineering, Science, Physics","Lecture Notes, Instructor Insights , assignment, Multiple Assignment Types"
https://ocw.mit.edu/courses/2-58j-radiative-transfer-spring-2006/,2.58J , Graduate,courses,Radiative Transfer,"Prof. Gang Chen, ","Engineering, Science, Physics","Lecture Notes, Instructor Insights , assignment, Multiple Assignment Types"
https://ocw.mit.edu/courses/3-071-amorphous-materials-fall-2015/,3.071, Undergraduate,courses,Amorphous Materials,"Juejun Hu, ","Engineering, Materials Science and Engineering, Polymeric Materials","Lecture Notes, Instructor Insights , assignment, Multiple Assignment Types"
https://ocw.mit.edu/courses/3-024-electronic-optical-and-magnetic-properties-of-materials-spring-2013/,3.024, Undergraduate,courses,"Electronic, Optical and Magnetic Properties of Materials","Prof. Polina Anikeeva, Prof. Geoffrey Beach","Engineering, Science, Physics","Lecture Notes, Instructor Insights , assignment, Multiple Assignment Types"
https://ocw.mit.edu/courses/6-001-structure-and-interpretation-of-computer-programs-spring-2005/,6.001, Undergraduate,courses,Structure and Interpretation of Computer Programs,"Prof. Trevor Darrell, Prof. Eric Grimson","Engineering, Computer Science, Mathematics","Lecture Notes, Instructor Insights , assignment, Multiple Assignment Types"
https://ocw.mit.edu/courses/6-774-physics-of-microfabrication-front-end-processing-fall-2004/,6.774, Graduate,courses,Physics of Microfabrication: Front End Processing,"Prof. Judy Hoyt, Prof. L. Rafael Reif","Engineering, Science, Physics","Lecture Notes, Instructor Insights , assignment, Multiple Assignment Types"
https://ocw.mit.edu/courses/6-933j-the-structure-of-engineering-revolutions-fall-2001/,6.933J , Graduate,courses,The Structure of Engineering Revolutions,"Prof. David Mindell, ","Engineering, Entrepreneurship, Innovation","Lecture Notes, Instructor Insights , assignment, Multiple Assignment Types"
https://ocw.mit.edu/courses/8-282j-introduction-to-astronomy-spring-2006/,8.282J , Undergraduate,courses,Introduction to Astronomy,"Prof. Saul Rappaport, ","Science, Physics, Astrophysics","Lecture Notes, Instructor Insights , assignment, Multiple Assignment Types"
https://ocw.mit.edu/courses/9-912-special-topics-in-brain-and-cognitive-sciences-fall-2001/,9.912, Graduate,courses,Special Topics in Brain and Cognitive Sciences,"Prof. Anthony Wagner, ","Science, Biology, Cognitive Science","Lecture Notes, Instructor Insights , assignment, Multiple Assignment Types"
https://ocw.mit.edu/courses/es-293-lego-robotics-spring-2007/,ES.293 , Undergraduate,courses,Lego Robotics,"James Rising, ","Engineering, Computer Science, Electronics","Lecture Notes, Instructor Insights , assignment, Multiple Assignment Types"
https://ocw.mit.edu/courses/mas-865j-quantum-information-science-spring-2006/,MAS.865J , Graduate,courses,Quantum Information Science,"Prof. Isaac Chuang, Prof. Peter Shor","Engineering, Science, Computer Science","Lecture Notes, Instructor Insights , assignment, Multiple Assignment Types"
https://ocw.mit.edu/courses/wgs-110j-sexual-and-gender-identities-spring-2016/,WGS.110J , Undergraduate,courses,Sexual and Gender Identities,"Prof. Caley Horan, ","Humanities, History, Society","Lecture Notes, Instructor Insights , assignment, Multiple Assignment Types"
https://ocw.mit.edu/courses/15-778-management-of-supply-networks-for-products-and-services-summer-2004/,15.778, Graduate,courses,Management of Supply Networks for Products and Services,"Prof. Gabriel Bitran, ","Business, Supply Chain Management, Operations Management","Lecture Notes, Instructor Insights , assignment, Multiple Assignment Types"
https://ocw.mit.edu/courses/24-947-language-disorders-in-children-spring-2013/,24.947, Graduate,courses,Language Disorders in Children,"Prof. Suzanne Flynn, ","Humanities, Language, Linguistics","Lecture Notes, Instructor Insights , assignment, Multiple Assignment Types"
https://ocw.mit.edu/courses/1-204-computer-algorithms-in-systems-engineering-spring-2010/,1.204, Graduate,courses,Computer Algorithms in Systems Engineering,"Dr. George Kocur, ","Engineering, Computer Science, Systems Engineering","Lecture Notes, Instructor Insights , assignment, Multiple Assignment Types"
https://ocw.mit.edu/courses/12-163-surface-processes-and-landscape-evolution-fall-2004/,12.163, Undergraduate,courses,Surface Processes and Landscape Evolution,"Ben Crosby, Prof. Kelin Whipple","Science, Earth Science, Environmental Science","Lecture Notes, Instructor Insights , assignment, Multiple Assignment Types"
https://ocw.mit.edu/courses/14-75-political-economy-and-economic-development-fall-2012/,14.75, Undergraduate,courses,Political Economy and Economic Development,"Prof. Benjamin Olken, ","Economics, Social Science, Political Economy","Lecture Notes, Instructor Insights , assignment, Multiple Assignment Types"
https://ocw.mit.edu/courses/7-15-experimental-molecular-genetics-spring-2015/,7.15, Undergraduate,courses,Experimental Molecular Genetics,"Dr. Nelly Cruz, Prof. Jing-Ke Weng","Science, Humanities, Literature","Lecture Notes, Instructor Insights , assignment, Multiple Assignment Types"
https://ocw.mit.edu/courses/4-125a-architecture-studio-building-in-landscapes-fall-2005/,4.125A , Undergraduate,courses,Architecture Studio: Building in Landscapes,"Prof. Alan Joslin, ","Architecture, Fine Arts, Architectural Design","Lecture Notes, Instructor Insights , assignment, Multiple Assignment Types"
https://ocw.mit.edu/courses/11-421-housing-and-human-services-spring-2005/,11.421, Graduate,courses,Housing and Human Services,"Prof. Langley Keyes, Prof. Martin Rein","Social Science, Public Administration, Sociology","Lecture Notes, Instructor Insights , assignment, Multiple Assignment Types"
https://ocw.mit.edu/courses/16-83x-space-systems-engineering-spring-2002-spring-2003/,16.83X , Undergraduate,courses,Space Systems Engineering,"Col. John Keesee, Prof. David Miller","Engineering, Business, Aerospace Engineering","Lecture Notes, Instructor Insights , assignment, Multiple Assignment Types"
https://ocw.mit.edu/courses/2-092-finite-element-analysis-of-solids-and-fluids-i-fall-2009/,2.092, Undergraduate,courses,Finite Element Analysis of Solids and Fluids I,"Klaus-Jürgen Bathe, ","Engineering, Mathematics, Mechanical Engineering","Lecture Notes, Instructor Insights , assignment, Multiple Assignment Types"
https://ocw.mit.edu/courses/21a-157-the-meaning-of-life-spring-2019/,21A.157 , Undergraduate,courses,The Meaning of Life,"Prof. Graham Jones, Prof. Heather Paxson","Social Science, Anthropology, Social Anthropology","Lecture Notes, Instructor Insights , assignment, Multiple Assignment Types"
https://ocw.mit.edu/courses/21h-112-the-american-revolution-spring-2006/,21H.112 , Undergraduate,courses,The American Revolution,"Prof. Pauline Maier, ","Humanities, History, Social Science","Lecture Notes, Instructor Insights , assignment, Multiple Assignment Types"
https://ocw.mit.edu/courses/24-960-syntactic-models-spring-2006/,24.96, Graduate,courses,Syntactic Models,"Prof. David Pesetsky, ","Humanities, Linguistics, Syntax","Lecture Notes, Instructor Insights , assignment, Multiple Assignment Types"
https://ocw.mit.edu/courses/5-07sc-biological-chemistry-i-fall-2013/,5.07SC , Undergraduate,courses,Biological Chemistry I,"Prof. John Essigmann, Dr. Bogdan Fedeles","Science, Biology, Biochemistry","Lecture Notes, Instructor Insights , assignment, Multiple Assignment Types"
https://ocw.mit.edu/courses/6-438-algorithms-for-inference-fall-2014/,6.438, Graduate,courses,Algorithms for Inference,"Prof. Devavrat Shah, ","Engineering, Computer Science, Mathematics","Lecture Notes, Instructor Insights , assignment, Multiple Assignment Types"
https://ocw.mit.edu/courses/6-844-computability-theory-of-and-with-scheme-spring-2003/,6.844, Graduate,courses,Computability Theory of and with Scheme,"Prof. Albert R. Meyer, ","Engineering, Computer Science, Mathematics","Lecture Notes, Instructor Insights , assignment, Multiple Assignment Types"
https://ocw.mit.edu/courses/8-821-string-theory-and-holographic-duality-fall-2014/,8.821, Graduate,courses,String Theory and Holographic Duality,"Prof. Hong Liu, ","Science, Physics, Theoretical Physics","Lecture Notes, Instructor Insights , assignment, Multiple Assignment Types"
https://ocw.mit.edu/courses/hst-722j-brain-mechanisms-for-hearing-and-speech-fall-2005/,HST.722J , Graduate,courses,Brain Mechanisms for Hearing and Speech,"Prof. Joe C. Adams, Prof. M. Christian Brown","Science, Health and Medicine, Anatomy and Physiology","Lecture Notes, Instructor Insights , assignment, Multiple Assignment Types"
https://ocw.mit.edu/courses/sts-360-ethnography-spring-2003/,STS.360 , Graduate,courses,Ethnography,"Prof. Joseph Dumit, Prof. Michael M.J. Fischer","Social Science, Anthropology, Ethnography","Lecture Notes, Instructor Insights , assignment, Multiple Assignment Types"
https://ocw.mit.edu/courses/sts-032-energy-environment-and-society-global-politics-technologies-and-ecologies-of-the-water-energy-food-crises-spring-2018/,STS.032 , Undergraduate,courses,"Energy, Environment, and Society: Global Politics, Technologies, and Ecologies of the Water-Energy-Food Crises","Dr. William San Martin Aedo, ","Social Science, Public Administration, The Developing World","Lecture Notes, Instructor Insights , assignment, Multiple Assignment Types"
https://ocw.mit.edu/courses/6-012-microelectronic-devices-and-circuits-fall-2005/,6.012, Undergraduate,courses,Microelectronic Devices and Circuits,"Prof. Jesús del Alamo, ","Engineering, Computer Science, Electronics","Lecture Notes, Instructor Insights , assignment, Multiple Assignment Types"
https://ocw.mit.edu/courses/21l-310-bestsellers-the-memoir-spring-2010/,21L.310 , Undergraduate,courses,Bestsellers: The Memoir,"Dr. Wyn Kelley, ","Humanities, Literature, Criticism","Lecture Notes, Instructor Insights , assignment, Multiple Assignment Types"
https://ocw.mit.edu/courses/6-820-fundamentals-of-program-analysis-fall-2015/,6.82, Undergraduate,courses,Fundamentals of Program Analysis,"Prof. Armando Solar-Lezama, ","Engineering, Computer Science, Software Design and Engineering","Lecture Notes, Instructor Insights , assignment, Multiple Assignment Types"
https://ocw.mit.edu/courses/21g-053-understanding-contemporary-french-politics-spring-2014/,21G.053 , Undergraduate,courses,Understanding Contemporary French Politics,"Prof. Bruno Perreau, ","Social Science, Political Science, Society","Lecture Notes, Instructor Insights , assignment, Multiple Assignment Types"
https://ocw.mit.edu/courses/14-451-macroeconomic-theory-i-spring-2007/,14.451, Graduate,courses,Macroeconomic Theory I,"Prof. George-Marios Angeletos, ","Economics, Social Science, Macroeconomics","Lecture Notes, Instructor Insights , assignment, Multiple Assignment Types"
https://ocw.mit.edu/courses/12-340-global-warming-science-spring-2012/,12.34, Undergraduate,courses,Global Warming Science,"Prof. Daniel Cziczo, Prof. Kerry Emanuel","Science, Earth Science, Energy","Lecture Notes, Instructor Insights , assignment, Multiple Assignment Types"
https://ocw.mit.edu/courses/wgs-160j-science-activism-gender-race-and-power-fall-2019/,WGS.160J , Undergraduate,courses,"Science Activism: Gender, Race, and Power","Prof. Edmund Bertschinger, ","Science, Earth Science, Society","Lecture Notes, Instructor Insights , assignment, Multiple Assignment Types"
https://ocw.mit.edu/courses/17-541-japanese-politics-and-society-fall-2008/,17.541," Undergraduate, Graduate",courses,Japanese Politics and Society,"Patricia Gercik, Prof. Richard J. Samuels","Humanities, History, Economics","Lecture Notes, Instructor Insights , assignment, Multiple Assignment Types"
https://ocw.mit.edu/courses/21a-155-food-culture-politics-fall-2019/,21A.155 , Undergraduate,courses,"Food, Culture & Politics","Prof. Heather Paxson, ","Social Science, Anthropology, Social Anthropology","Lecture Notes, Instructor Insights , assignment, Multiple Assignment Types"
https://ocw.mit.edu/courses/6-012-microelectronic-devices-and-circuits-spring-2009/,6.012, Undergraduate,courses,Microelectronic Devices and Circuits,"Prof. Akintunde Akinwande, Prof. Jesús del Alamo","Engineering, Computer Science, Electronics","Lecture Notes, Instructor Insights , assignment, Multiple Assignment Types"
https://ocw.mit.edu/courses/11-965-reflective-practice-an-approach-for-expanding-your-learning-frontiers-january-iap-2007/,11.965, Graduate,courses,Reflective Practice: An Approach for Expanding Your Learning Frontiers,"Claudia Canepa, Sebastiao Ferriera","Innovation, Social Science, Business","Lecture Notes, Instructor Insights , assignment, Multiple Assignment Types"
https://ocw.mit.edu/courses/18-600-probability-and-random-variables-fall-2019/,18.6, Undergraduate,courses,Probability and Random Variables,"Prof. Scott Sheffield, ","Mathematics, Probability and Statistics, Discrete Mathematics","Lecture Notes, Instructor Insights , assignment, Multiple Assignment Types"
https://ocw.mit.edu/courses/2-004-systems-modeling-and-control-ii-fall-2007/,2.004, Undergraduate,courses,"Systems, Modeling, and Control II","Prof. George Barbastathis, Prof. David Gossard","Engineering, Mathematics, Mechanical Engineering","Lecture Notes, Instructor Insights , assignment, Multiple Assignment Types"
https://ocw.mit.edu/courses/21a-217-anthropology-of-war-and-peace-fall-2004/,21A.217 , Undergraduate,courses,Anthropology of War and Peace,"Prof. Hugh Gusterson, ","Humanities, History, Social Science","Lecture Notes, Instructor Insights , assignment, Multiple Assignment Types"
https://ocw.mit.edu/courses/21a-336-marketing-microchips-and-mcdonalds-debating-globalization-spring-2004/,21A.336 , Undergraduate,courses,"Marketing, Microchips and McDonalds: Debating Globalization","Prof. Christine Walley, ","Humanities, History, Social Science","Lecture Notes, Instructor Insights , assignment, Multiple Assignment Types"
https://ocw.mit.edu/courses/21h-234j-downtown-spring-2005/,21H.234J ," Undergraduate, Graduate",courses,Downtown,"Prof. Robert Fogelson, Prof. Bernard Frieden","Humanities, History, Architecture","Lecture Notes, Instructor Insights , assignment, Multiple Assignment Types"
https://ocw.mit.edu/courses/6-432-stochastic-processes-detection-and-estimation-spring-2004/,6.432, Graduate,courses,"Stochastic Processes, Detection, and Estimation","Prof. Alan Willsky, Prof. Gregory Wornell","Engineering, Mathematics, Probability and Statistics","Lecture Notes, Instructor Insights , assignment, Multiple Assignment Types"
https://ocw.mit.edu/courses/7-00-covid-19-sars-cov-2-and-the-pandemic-fall-2020/,7, Undergraduate,courses,"COVID-19, SARS-CoV-2 and the Pandemic","MIT Department of Biology, ","Science, Biology, Molecular Biology","Lecture Notes, Instructor Insights , assignment, Multiple Assignment Types"
https://ocw.mit.edu/courses/21l-015-introduction-to-media-studies-fall-2003/,21L.015 , Undergraduate,courses,Introduction to Media Studies,"Dr. Andrea Walsh, ","Humanities, Literature, Social Science","Lecture Notes, Instructor Insights , assignment, Multiple Assignment Types"
https://ocw.mit.edu/courses/11-945-springfield-studio-spring-2004/,11.945, Graduate,courses,Springfield Studio,"Prof. Ceasar McDowell, Prof. Susan Silberberg","Architecture, Social Science, Fine Arts","Lecture Notes, Instructor Insights , assignment, Multiple Assignment Types"
https://ocw.mit.edu/courses/21l-704-studies-in-poetry-gender-and-lyric-renaissance-men-and-women-writing-about-love-spring-2003/,21L.704 , Undergraduate,courses,Studies in Poetry: Gender and Lyric -- Renaissance Men and Women Writing about Love,"Prof. Mary Fuller, ","Humanities, Literature, Society","Lecture Notes, Instructor Insights , assignment, Multiple Assignment Types"
https://ocw.mit.edu/courses/6-092-bioinformatics-and-proteomics-january-iap-2005/,6.092, Undergraduate,courses,Bioinformatics and Proteomics,"Prof. Gil Alterovitz, Prof. Manolis Kellis","Engineering, Science, Computer Science","Lecture Notes, Instructor Insights , assignment, Multiple Assignment Types"
https://ocw.mit.edu/courses/2-003j-dynamics-and-control-i-spring-2007/,2.003J , Undergraduate,courses,Dynamics and Control I,"Prof. Nicholas Hadjiconstantinou, Prof. Thomas Peacock","Engineering, Mathematics, Mechanical Engineering","Lecture Notes, Instructor Insights , assignment, Multiple Assignment Types"
https://ocw.mit.edu/courses/8-04-quantum-physics-i-spring-2013/,8.04, Undergraduate,courses,Quantum Physics I,"Prof. Allan Adams, Prof. Matthew Evans","Science, Physics, Quantum Mechanics","Lecture Notes, Instructor Insights , assignment, Multiple Assignment Types"
https://ocw.mit.edu/courses/9-93-cognitive-neuroscience-of-remembering-creating-and-controlling-memory-january-iap-2002/,9.93, Undergraduate,courses,Cognitive Neuroscience of Remembering: Creating and Controlling Memory,"Prof. Anthony Wagner, ","Science, Biology, Cognitive Science","Lecture Notes, Instructor Insights , assignment, Multiple Assignment Types"
https://ocw.mit.edu/courses/14-271-industrial-organization-i-fall-2005/,14.271, Graduate,courses,Industrial Organization I,"Prof. Glenn Ellison, Prof. Stephen Ryan","Economics, Social Science, Industrial Organization","Lecture Notes, Instructor Insights , assignment, Multiple Assignment Types"
https://ocw.mit.edu/courses/16-810-engineering-design-and-rapid-prototyping-january-iap-2005/,16.81, Undergraduate,courses,Engineering Design and Rapid Prototyping,"Prof. Olivier de Weck, Prof. David Wallace","Engineering, Mechanical Engineering, Systems Engineering","Lecture Notes, Instructor Insights , assignment, Multiple Assignment Types"
https://ocw.mit.edu/courses/8-06-quantum-physics-iii-spring-2005/,8.06, Undergraduate,courses,Quantum Physics III,"Prof. Krishna Rajagopal, ","Science, Physics, Quantum Mechanics","Lecture Notes, Instructor Insights , assignment, Multiple Assignment Types"
https://ocw.mit.edu/courses/15-s50-poker-theory-and-analytics-january-iap-2015/,15.S50 , Graduate,courses,Poker Theory and Analytics,"Kevin Desmond, ","Mathematics, Management, Probability and Statistics","Lecture Notes, Instructor Insights , assignment, Multiple Assignment Types"
https://ocw.mit.edu/courses/6-370-robocraft-programming-competition-january-iap-2005/,6.37, Undergraduate,courses,Robocraft Programming Competition,"Prof. Michael Ernst, ","Engineering, Computer Science, Artificial Intelligence","Lecture Notes, Instructor Insights , assignment, Multiple Assignment Types"
https://ocw.mit.edu/courses/21l-003-introduction-to-fiction-fall-2003/,21L.003 , Undergraduate,courses,Introduction to Fiction,"Dr. Wyn Kelley, ","Humanities, Literature, Fiction","Lecture Notes, Instructor Insights , assignment, Multiple Assignment Types"
https://ocw.mit.edu/courses/21l-002-foundations-of-western-culture-ii-fall-2002/,21L.002 , Undergraduate,courses,Foundations of Western Culture II,"Prof. Mary Fuller, ","Humanities, Literature, History","Lecture Notes, Instructor Insights , assignment, Multiple Assignment Types"
https://ocw.mit.edu/courses/21l-003-introduction-to-fiction-spring-2002/,21L.003 , Undergraduate,courses,Introduction to Fiction,"Dr. Howard Eiland, Dr. Elizabeth M. Fox","Humanities, Literature, Criticism","Lecture Notes, Instructor Insights , assignment, Multiple Assignment Types"
https://ocw.mit.edu/courses/21l-005-introduction-to-drama-fall-2004/,21L.005 , Undergraduate,courses,Introduction to Drama,"Prof. Diana Henderson, ","Humanities, Literature, Fine Arts","Lecture Notes, Instructor Insights , assignment, Multiple Assignment Types"
https://ocw.mit.edu/courses/21l-471-major-english-novels-reading-romantic-fiction-spring-2002/,21L.471 , Undergraduate,courses,Major English Novels: Reading Romantic Fiction,"Prof. Noel Jackson, ","Humanities, Literature, Criticism","Lecture Notes, Instructor Insights , assignment, Multiple Assignment Types"
https://ocw.mit.edu/courses/21l-471-major-english-novels-spring-2004/,21L.471 , Undergraduate,courses,Major English Novels,"Prof. James Buzard, ","Humanities, Literature, Criticism","Lecture Notes, Instructor Insights , assignment, Multiple Assignment Types"
https://ocw.mit.edu/courses/21l-704-studies-in-poetry-does-poetry-matter-fall-2002/,21L.704 , Undergraduate,courses,"Studies in Poetry: ""Does Poetry Matter""","Prof. John Hildebidle, ","Humanities, Literature, Criticism","Lecture Notes, Instructor Insights , assignment, Multiple Assignment Types"
https://ocw.mit.edu/courses/21w-035-science-writing-and-new-media-communicating-science-to-the-public-fall-2016/,21W.035 , Undergraduate,courses,Science Writing and New Media: Communicating Science to the Public,"Jared David Berezin, ","Humanities, Literature, History","Lecture Notes, Instructor Insights , assignment, Multiple Assignment Types"
https://ocw.mit.edu/courses/5-61-physical-chemistry-fall-2007/,5.61, Undergraduate,courses,Physical Chemistry,"Prof. Robert Guy Griffin, Prof. Troy Van Voorhis","Science, Physics, Chemistry","Lecture Notes, Instructor Insights , assignment, Multiple Assignment Types"
https://ocw.mit.edu/courses/7-341-the-microbiome-and-drug-delivery-cross-species-communication-in-health-and-disease-spring-2018/,7.341, Undergraduate,courses,The Microbiome and Drug Delivery: Cross-species Communication in Health and Disease,"Dr. Ali Beyzavi, Dr. Miguel Jimenez","Engineering, Science, Biological Engineering","Lecture Notes, Instructor Insights , assignment, Multiple Assignment Types"
https://ocw.mit.edu/courses/8-06-quantum-physics-iii-spring-2016/,8.06, Undergraduate,courses,Quantum Physics III,"Prof. Aram Harrow, ","Science, Physics, Theoretical Physics","Lecture Notes, Instructor Insights , assignment, Multiple Assignment Types"
https://ocw.mit.edu/courses/9-916-the-neural-basis-of-visual-object-recognition-in-monkeys-and-humans-spring-2005/,9.916, Graduate,courses,The Neural Basis of Visual Object Recognition in Monkeys and Humans,"Prof. James DiCarlo, Prof. Nancy Kanwisher","Science, Social Science, Health and Medicine","Lecture Notes, Instructor Insights , assignment, Multiple Assignment Types"
https://ocw.mit.edu/courses/17-951-special-graduate-topic-in-political-science-public-opinion-spring-2004/,17.951, Graduate,courses,Special Graduate Topic in Political Science: Public Opinion,"Prof. Adam Berinsky, ","Social Science, Public Administration, Political Science","Lecture Notes, Instructor Insights , assignment, Multiple Assignment Types"
https://ocw.mit.edu/courses/5-74-introductory-quantum-mechanics-ii-spring-2004/,5.74, Graduate,courses,Introductory Quantum Mechanics II,"Prof. Robert Field, Prof. Andrei Tokmakoff","Science, Physics, Health and Medicine","Lecture Notes, Instructor Insights , assignment, Multiple Assignment Types"
https://ocw.mit.edu/courses/21l-703-studies-in-drama-too-hot-to-handle-forbidden-plays-in-modern-america-fall-2008/,21L.703 , Undergraduate,courses,Studies in Drama: Too Hot to Handle: Forbidden Plays in Modern America,"Dr. Anne Fleche, ","Humanities, Ethics, Literature","Lecture Notes, Instructor Insights , assignment, Multiple Assignment Types"
https://ocw.mit.edu/courses/11-439-revitalizing-urban-main-streets-mission-hill-egleston-square-boston-spring-2003/,11.439, Graduate,courses,"Revitalizing Urban Main Streets: Mission Hill & Egleston Square, Boston","Prof. Karl Seidman, Prof. Susan Silberberg","Architecture, Social Science, Public Administration","Lecture Notes, Instructor Insights , assignment, Multiple Assignment Types"
https://ocw.mit.edu/courses/15-974-leadership-lab-spring-2003/,15.974, Graduate,courses,Leadership Lab,"Dr. Claus Otto Scharmer, ","Innovation, Leadership, Business","Lecture Notes, Instructor Insights , assignment, Multiple Assignment Types"
https://ocw.mit.edu/courses/21a-506-the-anthropology-of-politics-u-s-presidential-election-edition-fall-2016/,21A.506 , Undergraduate,courses,The Anthropology of Politics: U.S. Presidential Election Edition,"Maria Vidart-Delgado, ","Social Science, Political Science, Anthropology","Lecture Notes, Instructor Insights , assignment, Multiple Assignment Types"
https://ocw.mit.edu/courses/12-753-geodynamics-seminar-spring-2005/,12.753, Graduate,courses,Geodynamics Seminar,"Prof. Glenn Gaetani, Prof. Laurent Montesi","Science, Earth Science, Geophysics","Lecture Notes, Instructor Insights , assignment, Multiple Assignment Types"
https://ocw.mit.edu/courses/11-947-imaging-the-city-the-place-of-media-in-city-design-and-development-fall-1998/,11.947, Graduate,courses,Imaging the City: The Place of Media in City Design and Development,"Prof. Lawrence Vale, Prof. Sam Warner","Architecture, Social Science, Media Studies","Lecture Notes, Instructor Insights , assignment, Multiple Assignment Types"
https://ocw.mit.edu/courses/18-330-introduction-to-numerical-analysis-spring-2004/,18.33, Undergraduate,courses,Introduction to Numerical Analysis,"Prof. Alar Toomre, ","Engineering, Computer Science, Mathematics","Lecture Notes, Instructor Insights , assignment, Multiple Assignment Types"
https://ocw.mit.edu/courses/11-360-community-growth-and-land-use-planning-fall-2006/,11.36, Graduate,courses,Community Growth and Land Use Planning,"Prof. Eran Ben-Joseph, Prof. Terry Szold","Social Science, Public Administration, Sociology","Lecture Notes, Instructor Insights , assignment, Multiple Assignment Types"
https://ocw.mit.edu/courses/mas-961-special-topics-designing-sociable-media-spring-2008/,MAS.961 , Graduate,courses,Special Topics: Designing Sociable Media,"Prof. Judith Donath, ","Communication, Engineering, Computer Science","Lecture Notes, Instructor Insights , assignment, Multiple Assignment Types"
https://ocw.mit.edu/courses/11-701-introduction-to-planning-institutional-processes-in-developing-countries-fall-2003/,11.701, Graduate,courses,Introduction to Planning & Institutional Processes in Developing Countries,"Prof. Judith Tendler, ","Economics, Social Science, Public Administration","Lecture Notes, Instructor Insights , assignment, Multiple Assignment Types"
https://ocw.mit.edu/courses/11-947-new-century-cities-real-estate-digital-technology-and-design-fall-2004/,11.947, Graduate,courses,"New Century Cities: Real Estate, Digital Technology, and Design","Prof. Dennis Frenchman, Prof. David Geltner","Architecture, Social Science, Media Studies","Lecture Notes, Instructor Insights , assignment, Multiple Assignment Types"
https://ocw.mit.edu/courses/17-951-intelligence-practice-problems-and-prospects-spring-2005/,17.951, Graduate,courses,"Intelligence: Practice, Problems and Prospects","Prof. Barry Posen, Prof. Harvey Sapolsky","Social Science, Public Administration, Political Science","Lecture Notes, Instructor Insights , assignment, Multiple Assignment Types"
https://ocw.mit.edu/courses/18-435j-quantum-computation-fall-2003/,18.435J , Graduate,courses,Quantum Computation,"Prof. Peter Shor, ","Engineering, Science, Computer Science","Lecture Notes, Instructor Insights , assignment, Multiple Assignment Types"
https://ocw.mit.edu/courses/21h-931-seminar-in-historical-methods-spring-2003/,21H.931 , Undergraduate,courses,Seminar in Historical Methods,"Prof. Jeffrey S. Ravel, ","Humanities, History, Modern History","Lecture Notes, Instructor Insights , assignment, Multiple Assignment Types"
https://ocw.mit.edu/courses/21l-460-medieval-literature-dante-boccaccio-chaucer-spring-2005/,21L.460 , Undergraduate,courses,"Medieval Literature: Dante, Boccaccio, Chaucer","Prof. James Cain, ","Humanities, Literature, History","Lecture Notes, Instructor Insights , assignment, Multiple Assignment Types"
https://ocw.mit.edu/courses/21l-460-medieval-literature-medieval-women-writers-spring-2004/,21L.460 , Undergraduate,courses,Medieval Literature: Medieval Women Writers,"Prof. James Cain, ","Humanities, Literature, History","Lecture Notes, Instructor Insights , assignment, Multiple Assignment Types"
https://ocw.mit.edu/courses/21l-701-literary-interpretation-beyond-the-limits-of-the-lyric-fall-2006/,21L.701 , Undergraduate,courses,Literary Interpretation: Beyond the Limits of the Lyric,"Prof. Stephen Tapscott, ","Humanities, Literature, Criticism","Lecture Notes, Instructor Insights , assignment, Multiple Assignment Types"
https://ocw.mit.edu/courses/21l-703-english-renaissance-drama-theatre-and-society-in-the-age-of-shakespeare-fall-2003/,21L.703 , Undergraduate,courses,English Renaissance Drama: Theatre and Society in the Age of Shakespeare,"Prof. Shankar Raman, ","Humanities, Literature, Fine Arts","Lecture Notes, Instructor Insights , assignment, Multiple Assignment Types"
https://ocw.mit.edu/courses/21l-703-studies-in-drama-theater-and-science-in-a-time-of-war-spring-2005/,21L.703 , Undergraduate,courses,Studies in Drama: Theater and Science in a Time of War,"Prof. Diana Henderson, Prof. Janet Sonenberg","Humanities, Literature, History","Lecture Notes, Instructor Insights , assignment, Multiple Assignment Types"
https://ocw.mit.edu/courses/21w-747-rhetoric-spring-2005/,21W.747 , Undergraduate,courses,Rhetoric,"Prof. Aden Evens, ","Communication, Humanities, Literature","Lecture Notes, Instructor Insights , assignment, Multiple Assignment Types"
https://ocw.mit.edu/courses/4-493-emergent-materials-ii-spring-2005/,4.493, Graduate,courses,Emergent Materials II,"Prof. John Fernandez, ","Engineering, Architecture, Fine Arts","Lecture Notes, Instructor Insights , assignment, Multiple Assignment Types"
https://ocw.mit.edu/courses/mas-965-social-visualization-fall-2004/,MAS.965 , Graduate,courses,Social Visualization,"Prof. Judith Donath, ","Engineering, Computer Science, Social Science","Lecture Notes, Instructor Insights , assignment, Multiple Assignment Types"
https://ocw.mit.edu/courses/mas-965-special-topics-in-media-technology-cooperative-machines-fall-2003/,MAS.965 , Graduate,courses,Special Topics in Media Technology: Cooperative Machines,"Prof. Cynthia Breazeal, ","Engineering, Computer Science, Artificial Intelligence","Lecture Notes, Instructor Insights , assignment, Multiple Assignment Types"
https://ocw.mit.edu/courses/21l-705-major-authors-oscar-wilde-and-the-90s-spring-2003/,21L.705 , Undergraduate,courses,Major Authors: Oscar Wilde and the '90's,"Prof. Stephen Tapscott, ","Humanities, Literature, Criticism","Lecture Notes, Instructor Insights , assignment, Multiple Assignment Types"
https://ocw.mit.edu/courses/21l-315-prizewinners-spring-2007/,21L.315 , Undergraduate,courses,Prizewinners,"Prof. Mary Fuller, ","Humanities, Literature, Criticism","Lecture Notes, Instructor Insights , assignment, Multiple Assignment Types"
https://ocw.mit.edu/courses/21w-758-genre-fiction-workshop-spring-2013/,21W.758 , Undergraduate,courses,Genre Fiction Workshop,"Shariann Lewitt, ","Humanities, Literature, American Literature","Lecture Notes, Instructor Insights , assignment, Multiple Assignment Types"
https://ocw.mit.edu/courses/11-027-city-to-city-comparing-researching-and-writing-about-cities-new-orleans-spring-2011/,11.027, Undergraduate,courses,"City to City: Comparing, Researching and Writing about Cities: New Orleans","Cherie Miot Abbanat, ","Social Science, Urban Studies, Urban Planning","Lecture Notes, Instructor Insights , assignment, Multiple Assignment Types"
https://ocw.mit.edu/courses/12-091-trace-element-analysis-of-geological-biological-environmental-materials-by-neutron-activation-analysis-an-exposure-january-iap-2005/,12.091, Undergraduate,courses,"Trace Element Analysis of Geological, Biological & Environmental Materials by Neutron Activation Analysis: An Exposure","Dr. Ila Pillalamarri, ","Science, Physics, Chemistry","Lecture Notes, Instructor Insights , assignment, Multiple Assignment Types"
https://ocw.mit.edu/courses/21l-705-major-authors-john-milton-spring-2008/,21L.705 , Undergraduate,courses,Major Authors: John Milton,"Prof. Mary Fuller, ","Humanities, Literature, Criticism","Lecture Notes, Instructor Insights , assignment, Multiple Assignment Types"
https://ocw.mit.edu/courses/hst-951j-medical-decision-support-spring-2003/,HST.951J , Graduate,courses,Medical Decision Support,"Prof. Isaac Kohane, Prof. Lucila Ohno-Machado","Engineering, Computer Science, Artificial Intelligence","Lecture Notes, Instructor Insights , assignment, Multiple Assignment Types"
https://ocw.mit.edu/courses/21l-430-popular-culture-and-narrative-literature-comics-and-culture-fall-2010/,21L.430 , Undergraduate,courses,"Popular Culture and Narrative: Literature, Comics, and Culture","Prof. John Picker, ","Humanities, Literature, Fiction","Lecture Notes, Instructor Insights , assignment, Multiple Assignment Types"
https://ocw.mit.edu/courses/11-027-city-to-city-comparing-researching-and-writing-about-cities-spring-2006/,11.027, Undergraduate,courses,"City to City: Comparing, Researching and Writing about Cities","Cherie Miot Abbanat, ","Social Science, Urban Studies, Urban Planning","Lecture Notes, Instructor Insights , assignment, Multiple Assignment Types"
https://ocw.mit.edu/courses/12-091-basics-of-impact-cratering-geological-geophysical-geochemical-environmental-studies-of-some-impact-craters-of-the-earth-january-iap-2008/,12.091, Undergraduate,courses,"Basics of Impact Cratering & Geological, Geophysical, Geochemical, Environmental Studies of Some Impact Craters of the Earth","Dr. Ila Pillalamarri, ","Science, Earth Science, Environmental Science","Lecture Notes, Instructor Insights , assignment, Multiple Assignment Types"
https://ocw.mit.edu/courses/6-035-computer-language-engineering-sma-5502-fall-2005/,6.035, Undergraduate,courses,Computer Language Engineering (SMA 5502),"Prof. Saman Amarasinghe, Prof. Martin Rinard","Engineering, Computer Science, Software Design and Engineering","Lecture Notes, Instructor Insights , assignment, Multiple Assignment Types"
https://ocw.mit.edu/courses/21l-004-major-poets-fall-2005/,21L.004 , Undergraduate,courses,Major Poets,"Prof. Stephen Tapscott, ","Humanities, Literature, Criticism","Lecture Notes, Instructor Insights , assignment, Multiple Assignment Types"
https://ocw.mit.edu/courses/wgs-s10-special-topics-in-women-gender-studies-seminar-latina-womens-voices-spring-2010/,WGS.S10 , Undergraduate,courses,Special Topics in Women & Gender Studies Seminar: Latina Women's Voices,"Dr. Sarah King, ","Society, Latin and Caribbean Studies, Gender Studies","Lecture Notes, Instructor Insights , assignment, Multiple Assignment Types"
https://ocw.mit.edu/courses/18-303-linear-partial-differential-equations-fall-2006/,18.303, Undergraduate,courses,Linear Partial Differential Equations,"Dr. Matthew Hancock, ","Mathematics, Applied Mathematics, Differential Equations","Lecture Notes, Instructor Insights , assignment, Multiple Assignment Types"
https://ocw.mit.edu/courses/18-786-topics-in-algebraic-number-theory-spring-2010/,18.786, Graduate,courses,Topics in Algebraic Number Theory,"Prof. Abhinav Kumar, ","Mathematics, Algebra and Number Theory, ","Lecture Notes, Instructor Insights , assignment, Multiple Assignment Types"
https://ocw.mit.edu/courses/21l-004-major-poets-fall-2001/,21L.004 , Undergraduate,courses,Major Poets,"Prof. Alvin Kibel, ","Humanities, Literature, Criticism","Lecture Notes, Instructor Insights , assignment, Multiple Assignment Types"
https://ocw.mit.edu/courses/21l-430-popular-narrative-masterminds-fall-2004/,21L.430 , Graduate,courses,Popular Narrative: Masterminds,"Prof. John Hildebidle, ","Humanities, Literature, Media Studies","Lecture Notes, Instructor Insights , assignment, Multiple Assignment Types"
https://ocw.mit.edu/courses/21l-707-writing-early-american-lives-gender-race-nation-faith-fall-2005/,21L.707 , Undergraduate,courses,"Writing Early American Lives: Gender, Race, Nation, Faith","Prof. Mary Fuller, ","Humanities, Literature, Society","Lecture Notes, Instructor Insights , assignment, Multiple Assignment Types"
https://ocw.mit.edu/courses/4-303-dialogue-in-art-architecture-and-urbanism-fall-2003/,4.303, Graduate,courses,"Dialogue in Art, Architecture, and Urbanism","Prof. Antonio Muntadas, ","Architecture, Social Science, Visual Arts","Lecture Notes, Instructor Insights , assignment, Multiple Assignment Types"
https://ocw.mit.edu/courses/10-34-numerical-methods-applied-to-chemical-engineering-fall-2005/,10.34, Graduate,courses,Numerical Methods Applied to Chemical Engineering,"Prof. Kenneth Beers, ","Engineering, Computer Science, Mathematics","Lecture Notes, Instructor Insights , assignment, Multiple Assignment Types"
https://ocw.mit.edu/courses/11-307-beijing-urban-design-studio-summer-2006/,11.307, Graduate,courses,Beijing Urban Design Studio,"Prof. Yung Ho Chang, Prof. Juan Du","Architecture, Economics, Social Science","Lecture Notes, Instructor Insights , assignment, Multiple Assignment Types"
https://ocw.mit.edu/courses/8-821-string-theory-fall-2008/,8.821, Graduate,courses,String Theory,"Prof. John McGreevy, ","Science, Physics, Theoretical Physics","Lecture Notes, Instructor Insights , assignment, Multiple Assignment Types"
https://ocw.mit.edu/courses/18-465-topics-in-statistics-nonparametrics-and-robustness-spring-2005/,18.465, Graduate,courses,Topics in Statistics: Nonparametrics and Robustness,"Prof. Richard Dudley, ","Mathematics, Probability and Statistics, ","Lecture Notes, Instructor Insights , assignment, Multiple Assignment Types"
https://ocw.mit.edu/courses/6-046j-design-and-analysis-of-algorithms-spring-2012/,6.046J , Undergraduate,courses,Design and Analysis of Algorithms,"Prof. Dana Moshkovitz, Prof. Bruce Tidor","Engineering, Computer Science, Algorithms and Data Structures","Lecture Notes, Instructor Insights , assignment, Multiple Assignment Types"
https://ocw.mit.edu/courses/14-452-macroeconomic-theory-ii-spring-2007/,14.452, Graduate,courses,Macroeconomic Theory II,"Prof. Olivier Blanchard, ","Economics, Social Science, Macroeconomics","Lecture Notes, Instructor Insights , assignment, Multiple Assignment Types"
https://ocw.mit.edu/courses/12-110-sedimentary-geology-fall-2004/,12.11, Undergraduate,courses,Sedimentary Geology,"Prof. David Mohrig, ","Science, Earth Science, Geochemistry","Lecture Notes, Instructor Insights , assignment, Multiple Assignment Types"
https://ocw.mit.edu/courses/18-02-multivariable-calculus-spring-2006/,18.02, Undergraduate,courses,Multivariable Calculus,"Prof. David Jerison, Prof. Arthur Mattuck","Mathematics, Linear Algebra, Differential Equations","Lecture Notes, Instructor Insights , assignment, Multiple Assignment Types"
https://ocw.mit.edu/courses/21l-488-contemporary-literature-literature-development-and-human-rights-spring-2008/,21L.488 , Undergraduate,courses,"Contemporary Literature: Literature, Development, and Human Rights","Prof. Sarah Brouillette, ","Humanities, Literature, Social Science","Lecture Notes, Instructor Insights , assignment, Multiple Assignment Types"
https://ocw.mit.edu/courses/15-810-marketing-management-fall-2004/,15.81, Graduate,courses,Marketing Management,"Prof. Duncan Simester, ","Innovation, Management, Business","Lecture Notes, Instructor Insights , assignment, Multiple Assignment Types"
https://ocw.mit.edu/courses/16-682-prototyping-avionics-spring-2006/,16.682, Undergraduate,courses,Prototyping Avionics,"Dr. Alvar Saenz-Otero, ","Engineering, Electrical Engineering, Aerospace Engineering","Lecture Notes, Instructor Insights , assignment, Multiple Assignment Types"
https://ocw.mit.edu/courses/21g-412-texts-topics-and-times-in-german-literature-fall-2009/,21G.412 , Undergraduate,courses,"Texts, Topics, and Times in German Literature","Dagmar Jaeger, ","Humanities, Literature, Language","Lecture Notes, Instructor Insights , assignment, Multiple Assignment Types"
https://ocw.mit.edu/courses/21l-715-media-in-cultural-context-popular-readerships-fall-2007/,21L.715 , Undergraduate,courses,Media in Cultural Context: Popular Readerships,"Prof. Sarah Brouillette, ","Humanities, Literature, History","Lecture Notes, Instructor Insights , assignment, Multiple Assignment Types"
https://ocw.mit.edu/courses/21m-380-music-and-technology-sound-design-spring-2016/,21M.380 , Undergraduate,courses,Music and Technology: Sound Design,"Dr. Florian Hollerweger, ","Engineering, Music, Electrical Engineering","Lecture Notes, Instructor Insights , assignment, Multiple Assignment Types"
https://ocw.mit.edu/courses/21m-710-script-analysis-fall-2005/,21M.710 , Undergraduate,courses,Script Analysis,"Michael Ouellette, ","Humanities, Literature, Fine Arts","Lecture Notes, Instructor Insights , assignment, Multiple Assignment Types"
https://ocw.mit.edu/courses/4-104-architectural-design-intentions-spring-2004/,4.104, Undergraduate,courses,Architectural Design: Intentions,"Prof. Paul Lukez, ","Architecture, Fine Arts, Architectural Design","Lecture Notes, Instructor Insights , assignment, Multiple Assignment Types"
https://ocw.mit.edu/courses/6-011-introduction-to-communication-control-and-signal-processing-spring-2010/,6.011, Undergraduate,courses,"Introduction to Communication, Control, and Signal Processing","Prof. Alan V. Oppenheim, Prof. George Verghese","Engineering, Electrical Engineering, Signal Processing","Lecture Notes, Instructor Insights , assignment, Multiple Assignment Types"
https://ocw.mit.edu/courses/6-977-semiconductor-optoelectronics-theory-and-design-fall-2002/,6.977, Graduate,courses,Semiconductor Optoelectronics: Theory and Design,"Prof. Rajeev Ram, ","Engineering, Science, Physics","Lecture Notes, Instructor Insights , assignment, Multiple Assignment Types"
https://ocw.mit.edu/courses/esd-932-technology-policy-organizations-spring-2005/,ESD.932 , Graduate,courses,Technology Policy Organizations,"Prof. Joel Cutcher-Gershenfeld, ","Business, Organizational Behavior, ","Lecture Notes, Instructor Insights , assignment, Multiple Assignment Types"
https://ocw.mit.edu/courses/mas-962-digital-typography-fall-1997/,MAS.962 , Graduate,courses,Digital Typography,"Prof. John Maeda, ","Humanities, Linguistics, Visual Arts","Lecture Notes, Instructor Insights , assignment, Multiple Assignment Types"
https://ocw.mit.edu/courses/mas-962-common-sense-reasoning-for-interactive-applications-fall-2006/,MAS.962 , Graduate,courses,Common Sense Reasoning for Interactive Applications,"Prof. Henry Lieberman, ","Engineering, Science, Computer Science","Lecture Notes, Instructor Insights , assignment, Multiple Assignment Types"
https://ocw.mit.edu/courses/mas-962-special-topics-in-media-technology-computational-semantics-fall-2002/,MAS.962 , Graduate,courses,Special Topics in Media Technology: Computational Semantics,"Prof. Deb Roy, ","Humanities, Mathematics, Linguistics","Lecture Notes, Instructor Insights , assignment, Multiple Assignment Types"
https://ocw.mit.edu/courses/11-205-introduction-to-spatial-analysis-fall-2019/,11.205, Graduate,courses,Introduction to Spatial Analysis,"Eric Robsky Huntley, Prof. Sarah Williams","Engineering, Computer Science, Social Science","Lecture Notes, Instructor Insights , assignment, Multiple Assignment Types"
https://ocw.mit.edu/courses/8-371x-quantum-information-science-ii-spring-2018/,8.371x , Graduate,courses,Quantum Information Science II,"Prof. Isaac Chuang, Prof. Aram Harrow","Engineering, Science, Computer Science","Lecture Notes, Instructor Insights , assignment, Multiple Assignment Types"
https://ocw.mit.edu/courses/5-310-laboratory-chemistry-fall-2019/,5.31, Undergraduate,courses,Laboratory Chemistry,"Dr. John J. Dolhun, Dr. Sarah Hewett","Science, Chemistry, ","Lecture Notes, Instructor Insights , assignment, Multiple Assignment Types"
https://ocw.mit.edu/courses/11-405-just-money-banking-as-if-society-mattered-spring-2021/,11.405, Graduate,courses,Just Money: Banking as if Society Mattered,"Dr. Katrin Käufer, Prof. J. Phillip Thompson","Social Science, Business, Sociology","Lecture Notes, Instructor Insights , assignment, Multiple Assignment Types"
https://ocw.mit.edu/courses/8-370x-quantum-information-science-i-spring-2018/,8.370x , Graduate,courses,Quantum Information Science I,"Prof. Isaac Chuang, Prof. Peter Shor","Engineering, Science, Computer Science","Lecture Notes, Instructor Insights , assignment, Multiple Assignment Types"
https://ocw.mit.edu/courses/7-342-the-seeds-and-the-soil-roles-of-tumor-heterogeneity-and-the-tumor-microenvironment-in-cancer-metastasis-fall-2020/,7.342, Undergraduate,courses,The Seeds and the Soil: Roles of Tumor Heterogeneity and the Tumor Microenvironment in Cancer Metastasis,"Arthur Lambert, Yun Zhang","Science, Health and Medicine, Biology","Lecture Notes, Instructor Insights , assignment, Multiple Assignment Types"
https://ocw.mit.edu/courses/7-013-introductory-biology-spring-2013/,7.013, Undergraduate,courses,Introductory Biology,"Prof. Tyler Jacks, Dr. Diviya Sinha","Science, Biology, Genetics","Lecture Notes, Instructor Insights , assignment, Multiple Assignment Types"
https://ocw.mit.edu/courses/21h-266-apartheid-and-south-africa-spring-2020/,21H.266 , Undergraduate,courses,Apartheid and South Africa,"Prof. Kenda Mutongi, ","Humanities, History, African History","Lecture Notes, Instructor Insights , assignment, Multiple Assignment Types"
https://ocw.mit.edu/courses/17-271-mass-incarceration-in-the-united-states-fall-2020/,17.271, Undergraduate,courses,Mass Incarceration in the United States,"Prof. Ariel White, ","Social Science, Sociology, Legal Studies","Lecture Notes, Instructor Insights , assignment, Multiple Assignment Types"
https://ocw.mit.edu/courses/18-404j-theory-of-computation-fall-2020/,18.404J ," Undergraduate, Graduate",courses,Theory of Computation,"Prof. Michael Sipser, ","Engineering, Computer Science, Mathematics","Lecture Notes, Instructor Insights , assignment, Multiple Assignment Types"
https://ocw.mit.edu/courses/18-031-system-functions-and-the-laplace-transform-spring-2019/,18.031, Undergraduate,courses,System Functions and the Laplace Transform,"Dr. Philip Pearce, ","Mathematics, Applied Mathematics, Calculus","Lecture Notes, Instructor Insights , assignment, Multiple Assignment Types"
https://ocw.mit.edu/courses/18-085-computational-science-and-engineering-i-summer-2020/,18.085, Undergraduate,courses,Computational Science and Engineering I,"Dr. Chengzhao (Richard)  Zhang, ","Engineering, Mathematics, Systems Engineering","Lecture Notes, Instructor Insights , assignment, Multiple Assignment Types"
https://ocw.mit.edu/courses/11-312-engaging-community-models-and-methods-for-designers-and-planners-spring-2020/,11.312, Graduate,courses,Engaging Community: Models and Methods for Designers and Planners,"Prof. Ceasar McDowell, ","Social Science, Sociology, Urban Studies","Lecture Notes, Instructor Insights , assignment, Multiple Assignment Types"
https://ocw.mit.edu/courses/17-s916-all-the-presidents-generals-civil-military-relations-in-the-us-and-beyond-january-iap-2020/,17.S916 , Undergraduate,courses,All the President's Generals: Civil-Military Relations in the US and Beyond,"Sara Plana, ","Social Science, Public Administration, Military Studies","Lecture Notes, Instructor Insights , assignment, Multiple Assignment Types"
https://ocw.mit.edu/courses/16-s498-risk-aware-and-robust-nonlinear-planning-fall-2019/,16.S498 , Graduate,courses,Risk Aware and Robust Nonlinear Planning,"Dr. Ashkan Jasour, ","Engineering, Systems Engineering, Electrical Engineering","Lecture Notes, Instructor Insights , assignment, Multiple Assignment Types"
https://ocw.mit.edu/courses/18-s191-introduction-to-computational-thinking-fall-2020/,18.S191 , Undergraduate,courses,Introduction to Computational Thinking,"Henri Drake, Prof. Alan Edelman","Engineering, Computer Science, Mathematics","Lecture Notes, Instructor Insights , assignment, Multiple Assignment Types"
https://ocw.mit.edu/courses/21h-983j-gender-historical-perspectives-fall-2020/,21H.983J ," Graduate, Undergraduate",courses,Gender: Historical Perspectives,"Prof. Lerna Ekmekcioglu, Prof. Elizabeth A. Wood","Humanities, History, Social Science","Lecture Notes, Instructor Insights , assignment, Multiple Assignment Types"
https://ocw.mit.edu/courses/7-05-general-biochemistry-spring-2020/,7.05, Undergraduate,courses,General Biochemistry,"Prof. Matthew Vander Heiden, Prof. Michael Yaffe","Science, Chemistry, Biology","Lecture Notes, Instructor Insights , assignment, Multiple Assignment Types"
https://ocw.mit.edu/courses/cms-362-civic-media-codesign-studio-fall-2020/,CMS.362 , Undergraduate,courses,Civic Media Codesign Studio,"Prof. Eric Gordon, ","Communication, Social Science, Public Administration","Lecture Notes, Instructor Insights , assignment, Multiple Assignment Types"
https://ocw.mit.edu/courses/ec-715-d-lab-water-sanitation-and-hygiene-fall-2019/,EC.715 , Undergraduate,courses,"D-Lab: Water, Sanitation, and Hygiene","Libby Hsu, Susan Murcott","Engineering, Science, Health and Medicine","Lecture Notes, Instructor Insights , assignment, Multiple Assignment Types"
https://ocw.mit.edu/courses/hst-953-collaborative-data-science-for-healthcare-fall-2020/,HST.953 , Graduate,courses,Collaborative Data Science for Healthcare,"Dr. Louis  Agha-Mir-Salim, Dr. Leo A Celi","Engineering, Computer Science, Artificial Intelligence","Lecture Notes, Instructor Insights , assignment, Multiple Assignment Types"
https://ocw.mit.edu/courses/8-02-physics-ii-electricity-and-magnetism-spring-2019/,8.02, Undergraduate,courses,Physics II: Electricity and Magnetism,"Analia Barrantes, Dr. Peter Dourmashkin","Science, Physics, Electromagnetism","Lecture Notes, Instructor Insights , assignment, Multiple Assignment Types"
https://ocw.mit.edu/courses/18-783-elliptic-curves-spring-2021/,18.783, Undergraduate,courses,Elliptic Curves,"Dr. Andrew Sutherland, ","Engineering, Computer Science, Mathematics","Lecture Notes, Instructor Insights , assignment, Multiple Assignment Types"
https://ocw.mit.edu/courses/7-341-turning-evolutionary-dials-directed-evolution-techniques-for-climate-change-and-beyond-spring-2022/,7.341, Undergraduate,courses,Turning Evolutionary Dials: Directed Evolution Techniques for Climate Change and Beyond,"Dr. Megan Kizer, Dr. Robbie Wilson","Science, Biology, Molecular Biology","Lecture Notes, Instructor Insights , assignment, Multiple Assignment Types"
https://ocw.mit.edu/courses/2-00b-toy-product-design-spring-2021/,2.00B , Undergraduate,courses,Toy Product Design,"Prof. David Wallace, ","Engineering, Mechanical Engineering, Systems Engineering","Lecture Notes, Instructor Insights , assignment, Multiple Assignment Types"
https://ocw.mit.edu/courses/21a-859j-social-theory-and-analysis-spring-2021/,21A.859J , Graduate,courses,Social Theory and Analysis,"Prof. Stefan Helmreich, ","Humanities, History, Economics","Lecture Notes, Instructor Insights , assignment, Multiple Assignment Types"
https://ocw.mit.edu/courses/21w-780-communicating-in-technical-organizations-fall-2001/,21W.780 , Undergraduate,courses,Communicating in Technical Organizations,"Dr. Edward C. Barrett, ","Communication, Humanities, Literature","Lecture Notes, Instructor Insights , assignment, Multiple Assignment Types"
https://ocw.mit.edu/courses/6-832-underactuated-robotics-spring-2022/,6.832, Graduate,courses,Underactuated Robotics,"Prof. Russell Tedrake, ","Engineering, Computer Science, Artificial Intelligence","Lecture Notes, Instructor Insights , assignment, Multiple Assignment Types"
https://ocw.mit.edu/courses/cms-s63-playful-augmented-reality-audio-design-exploration-fall-2019/,CMS.S63 , Undergraduate,courses,Playful Augmented Reality Audio Design Exploration,"Mikael Jakobsson, Philip B. Tan","Social Science, Media Studies, Fine Arts","Lecture Notes, Instructor Insights , assignment, Multiple Assignment Types"
https://ocw.mit.edu/courses/12-340x-global-warming-science-spring-2020/,12.340x , Undergraduate,courses,Global Warming Science,"Prof. Daniel Cziczo, Prof. Kerry Emanuel","Science, Earth Science, Energy","Lecture Notes, Instructor Insights , assignment, Multiple Assignment Types"
https://ocw.mit.edu/courses/24-900-introduction-to-linguistics-spring-2022/,24.9, Undergraduate,courses,Introduction to Linguistics,"Prof. Norvin W. Richards, ","Humanities, Linguistics, ","Lecture Notes, Instructor Insights , assignment, Multiple Assignment Types"
https://ocw.mit.edu/courses/24-s96-linguistics-and-social-justice-language-education-and-human-rights-fall-2021/,24.S96 , Graduate,courses,"Linguistics and Social Justice: Language, Education, and Human Rights","Prof. Michel DeGraff, ","Humanities, Social Science, Linguistics","Lecture Notes, Instructor Insights , assignment, Multiple Assignment Types"
https://ocw.mit.edu/courses/8-s271-nuclear-weapons-history-and-future-prospects-spring-2022/,8.S271 , Undergraduate,courses,Nuclear Weapons – History and Future Prospects,"MIT Interdisciplinary Team: Robert P. Redwine, Professor of Physics Emeritus (Coordinator), ","Science, Physics, Humanities","Lecture Notes, Instructor Insights , assignment, Multiple Assignment Types"
https://ocw.mit.edu/courses/21a-303j-the-anthropology-of-biology-spring-2022/,21A.303J , Undergraduate,courses,The Anthropology of Biology,"Prof. Stefan Helmreich, ","Social Science, Anthropology, Biological Anthropology","Lecture Notes, Instructor Insights , assignment, Multiple Assignment Types"
https://ocw.mit.edu/courses/21a-461-what-is-capitalism-fall-2021/,21A.461 , Undergraduate,courses,What is Capitalism?,"Prof. Christine Walley, ","Social Science, Anthropology, Social Anthropology","Lecture Notes, Instructor Insights , assignment, Multiple Assignment Types"
https://ocw.mit.edu/courses/21a-505j-the-anthropology-of-sound-spring-2022/,21A.505J , Undergraduate,courses,The Anthropology of Sound,"Prof. Ian Condry, Prof. Stefan Helmreich","Social Science, Anthropology, Social Anthropology","Lecture Notes, Instructor Insights , assignment, Multiple Assignment Types"
https://ocw.mit.edu/courses/6-s062-generative-artificial-intelligence-in-k12-education-fall-2023/,6.S062 , Undergraduate,courses,Generative Artificial Intelligence in K–12 Education,"Prof. Harold Abelson, Safinah Ali","Engineering, Computer Science, Artificial Intelligence","Lecture Notes, Instructor Insights , assignment, Multiple Assignment Types"
https://ocw.mit.edu/courses/6-5830-database-systems-fall-2023/,6.583," Graduate, Undergraduate",courses,Database Systems,"Prof. Tim Kraska, Prof. Samuel Madden","Engineering, Computer Science, Algorithms and Data Structures","Lecture Notes, Instructor Insights , assignment, Multiple Assignment Types"
https://ocw.mit.edu/courses/21h-154-inventing-the-samurai-fall-2022/,21H.154 , Undergraduate,courses,Inventing the Samurai,"Prof. Hiromu Nagahara, ","Humanities, History, Asian History","Lecture Notes, Instructor Insights , assignment, Multiple Assignment Types"
https://ocw.mit.edu/courses/wgs-225-science-and-race-sex-and-gender-spring-2023/,WGS.225J , Undergraduate,courses,"Science of Race, Sex, and Gender","Prof. Stefan Helmreich, Abha Sur Abha Sur","Humanities, History, Social Science","Lecture Notes, Instructor Insights , assignment, Multiple Assignment Types"
https://ocw.mit.edu/courses/11-165j-urban-energy-systems-and-policy-fall-2022/,11.165J ," Undergraduate, Graduate",courses,Urban Energy Systems and Policy,"Prof. David Hsu, ","Social Science, Energy, Urban Studies","Lecture Notes, Instructor Insights , assignment, Multiple Assignment Types"
https://ocw.mit.edu/courses/18-706-noncommutative-algebra-spring-2023/,18.706, Graduate,courses,Noncommutative Algebra,"Prof. Roman Bezrukavnikov, ","Mathematics, Algebra and Number Theory, ","Lecture Notes, Instructor Insights , assignment, Multiple Assignment Types"
https://ocw.mit.edu/courses/12-000-solving-complex-problems-fall-2003/,12, Undergraduate,courses,Solving Complex Problems,"Prof. Rafael Bras, Prof. Kip Hodges","Engineering, Science, Social Science","Lecture Notes, Instructor Insights , assignment, Multiple Assignment Types"
https://ocw.mit.edu/courses/14-462-advanced-macroeconomics-ii-spring-2007/,14.462, Graduate,courses,Advanced Macroeconomics II,"Prof. Olivier Blanchard, Prof. Guido Lorenzoni","Economics, Social Science, Labor Economics","Lecture Notes, Instructor Insights , assignment, Multiple Assignment Types"
https://ocw.mit.edu/courses/14-06-intermediate-macroeconomic-theory-spring-2004/,14.06, Undergraduate,courses,Intermediate Macroeconomic Theory,"Prof. George-Marios Angeletos, ","Engineering, Systems Engineering, Economics","Lecture Notes, Instructor Insights , assignment, Multiple Assignment Types"
https://ocw.mit.edu/courses/6-152j-micro-nano-processing-technology-fall-2005/,6.152J , Undergraduate,courses,Micro/Nano Processing Technology,"Dr. Robert O’Handley, Susan Ruff","Engineering, Mechanical Engineering, Electrical Engineering","Lecture Notes, Instructor Insights , assignment, Multiple Assignment Types"
https://ocw.mit.edu/courses/24-942-grammar-of-a-less-familiar-language-spring-2003/,24.942, Graduate,courses,Grammar of a Less Familiar Language,"Prof. Michael Kenstowicz, Prof. Norvin W. Richards","Humanities, Linguistics, ","Lecture Notes, Instructor Insights , assignment, Multiple Assignment Types"
https://ocw.mit.edu/courses/15-511-financial-accounting-summer-2004/,15.511, Graduate,courses,Financial Accounting,"Prof. S. P. Kothari, ","Management, Business, Finance","Lecture Notes, Instructor Insights , assignment, Multiple Assignment Types"
https://ocw.mit.edu/courses/15-769-operations-strategy-fall-2010/,15.769, Graduate,courses,Operations Strategy,"Prof. Charles H. Fine, Prof. Donald Rosenfield","Business, Supply Chain Management, Globalization","Lecture Notes, Instructor Insights , assignment, Multiple Assignment Types"
https://ocw.mit.edu/courses/18-024-multivariable-calculus-with-theory-spring-2011/,18.024, Undergraduate,courses,Multivariable Calculus with Theory,"Christine Breiner, ","Mathematics, Linear Algebra, Differential Equations","Lecture Notes, Instructor Insights , assignment, Multiple Assignment Types"
https://ocw.mit.edu/courses/18-336-numerical-methods-for-partial-differential-equations-spring-2009/,18.336, Graduate,courses,Numerical Methods for Partial Differential Equations,"Dr. Benjamin Seibold, ","Engineering, Computer Science, Mathematics","Lecture Notes, Instructor Insights , assignment, Multiple Assignment Types"
https://ocw.mit.edu/courses/3-60-symmetry-structure-and-tensor-properties-of-materials-fall-2005/,3.6, Graduate,courses,"Symmetry, Structure, and Tensor Properties of Materials","Prof. Bernhardt Wuensch, ","Engineering, Mechanical Engineering, Materials Science and Engineering","Lecture Notes, Instructor Insights , assignment, Multiple Assignment Types"
https://ocw.mit.edu/courses/3-003-principles-of-engineering-practice-spring-2010/,3.003, Undergraduate,courses,Principles of Engineering Practice,"Prof. Lionel C. Kimerling, ","Engineering, Management, Electrical Engineering","Lecture Notes, Instructor Insights , assignment, Multiple Assignment Types"
https://ocw.mit.edu/courses/22-033-nuclear-systems-design-project-fall-2011/,22.033," Undergraduate, Graduate",courses,Nuclear Systems Design Project,"Prof. Michael Short, ","Engineering, Science, Physics","Lecture Notes, Instructor Insights , assignment, Multiple Assignment Types"
https://ocw.mit.edu/courses/15-615-law-for-the-entrepreneur-and-manager-spring-2003/,15.615, Undergraduate,courses,Law for the Entrepreneur and Manager,"Dr. John Akula, ","Entrepreneurship, Management, Social Science","Lecture Notes, Instructor Insights , assignment, Multiple Assignment Types"
https://ocw.mit.edu/courses/16-687-private-pilot-ground-school-january-iap-2019/,16.687, Undergraduate,courses,Private Pilot Ground School,"Dr. Philip Greenspun, Dr. Tina Srivastava","Engineering, Aerospace Engineering, ","Lecture Notes, Instructor Insights , assignment, Multiple Assignment Types"
https://ocw.mit.edu/courses/21w-021-writing-and-experience-mit-inside-live-fall-2013/,21W.021 , Undergraduate,courses,"Writing and Experience: MIT: Inside, Live","Lucy Marx, ","Humanities, Literature, Media Studies","Lecture Notes, Instructor Insights , assignment, Multiple Assignment Types"
https://ocw.mit.edu/courses/21h-433-the-age-of-reason-europe-from-the-17th-to-the-early-19th-centuries-spring-2011/,21H.433 , Undergraduate,courses,The Age of Reason: Europe from the 17th to the Early 19th Centuries,"Prof. Jeffrey S. Ravel, ","Humanities, History, European History","Lecture Notes, Instructor Insights , assignment, Multiple Assignment Types"
https://ocw.mit.edu/courses/21l-007j-after-columbus-fall-2003/,21L.007J , Undergraduate,courses,After Columbus,"Prof. Mary Fuller, ","Humanities, Literature, American Literature","Lecture Notes, Instructor Insights , assignment, Multiple Assignment Types"
https://ocw.mit.edu/courses/21l-463-renaissance-literature-fall-2008/,21L.463 , Undergraduate,courses,Renaissance Literature,"Prof. Mary Fuller, ","Humanities, Literature, History","Lecture Notes, Instructor Insights , assignment, Multiple Assignment Types"
https://ocw.mit.edu/courses/6-868j-the-society-of-mind-fall-2011/,6.868J , Graduate,courses,The Society of Mind,"Prof. Marvin Minsky, ","Engineering, Computer Science, Humanities","Lecture Notes, Instructor Insights , assignment, Multiple Assignment Types"
https://ocw.mit.edu/courses/8-324-relativistic-quantum-field-theory-ii-fall-2010/,8.324, Graduate,courses,Relativistic Quantum Field Theory II,"Prof. Hong Liu, ","Science, Physics, Theoretical Physics","Lecture Notes, Instructor Insights , assignment, Multiple Assignment Types"
https://ocw.mit.edu/courses/9-17-systems-neuroscience-lab-spring-2013/,9.17, Undergraduate,courses,Systems Neuroscience Lab,"Prof. James DiCarlo, Prof. Kay Tye","Science, Biology, Neurobiology","Lecture Notes, Instructor Insights , assignment, Multiple Assignment Types"
https://ocw.mit.edu/courses/9-46-neuroscience-of-morality-fall-2017/,9.46, Undergraduate,courses,Neuroscience of Morality,"Prof. Rebecca Saxe, ","Science, Social Science, Cognitive Science","Lecture Notes, Instructor Insights , assignment, Multiple Assignment Types"
https://ocw.mit.edu/courses/esd-00-introduction-to-engineering-systems-spring-2011/,ESD.00 , Undergraduate,courses,Introduction to Engineering Systems,"Regina Clewlow, Dr. Afreen Siddiqi","Engineering, Systems Engineering, ","Lecture Notes, Instructor Insights , assignment, Multiple Assignment Types"
https://ocw.mit.edu/courses/6-4210-robotic-manipulation-fall-2022/,6.421," Undergraduate, Graduate",courses,Robotic Manipulation,"Prof. Russell Tedrake, ","Engineering, Computer Science, Artificial Intelligence","Lecture Notes, Instructor Insights , assignment, Multiple Assignment Types"
https://ocw.mit.edu/courses/18-821-project-laboratory-in-mathematics-spring-2013/,18.821, Undergraduate,courses,Project Laboratory in Mathematics,"Saul Glasman, Prof. Haynes Miller","Mathematics, , ","Lecture Notes, Instructor Insights , assignment, Multiple Assignment Types"
https://ocw.mit.edu/courses/res-8-008-nuclear-weapons-education-project-spring-2022/,RES.8-008 , Non-Credit,courses,Nuclear Weapons Education Project,"MIT Interdisciplinary Team: Robert P. Redwine, Professor of Physics Emeritus (Coordinator), ","Science, Physics, Humanities","Lecture Notes, Instructor Insights , assignment, Multiple Assignment Types"
https://ocw.mit.edu/courses/18-s096-matrix-calculus-for-machine-learning-and-beyond-january-iap-2023/,18.S096 , Undergraduate,courses,Matrix Calculus for Machine Learning and Beyond,"Prof. Alan Edelman, Prof. Steven G. Johnson","Mathematics, Applied Mathematics, Linear Algebra","Lecture Notes, Instructor Insights , assignment, Multiple Assignment Types"
https://ocw.mit.edu/courses/18-01-calculus-i-single-variable-calculus-fall-2020/,18.01, Undergraduate,courses,Calculus I: Single Variable Calculus,"Prof. David Jerison, Dr. Jennifer French Kamrin","Mathematics, Calculus, ","Lecture Notes, Instructor Insights , assignment, Multiple Assignment Types"
https://ocw.mit.edu/courses/res-2-008-thermodynamics-and-climate-change-summer-2020/,RES.2-008 , High School,courses,Thermodynamics and Climate Change,"Dr. Peter Godart, ","Science, Physics, Earth Science","Lecture Notes, Instructor Insights , assignment, Multiple Assignment Types"
https://ocw.mit.edu/courses/11-941-use-of-joint-fact-finding-in-science-intensive-policy-disputes-part-i-fall-2003/,11.941, Graduate,courses,"Use of Joint Fact Finding in Science Intensive Policy Disputes, Part I","Dr. Herman Karl, Prof. Lawrence Susskind","Engineering, Social Science, Public Administration","Lecture Notes, Instructor Insights , assignment, Multiple Assignment Types"
https://ocw.mit.edu/courses/21h-237-the-city-of-athens-in-the-age-of-pericles-fall-2014/,21H.237 , Undergraduate,courses,The City of Athens in the Age of Pericles,"Prof. William Broadhead, ","Humanities, Literature, History","Lecture Notes, Instructor Insights , assignment, Multiple Assignment Types"
https://ocw.mit.edu/courses/3-014-materials-laboratory-fall-2006/,3.014, Undergraduate,courses,Materials Laboratory,"Prof. Silvija Gradecak, Prof. Linn Hobbs","Engineering, Science, Physics","Lecture Notes, Instructor Insights , assignment, Multiple Assignment Types"
https://ocw.mit.edu/courses/11-255-negotiation-and-dispute-resolution-in-the-public-sector-spring-2021/,11.255, Graduate,courses,Negotiation and Dispute Resolution in the Public Sector,"Lidia Cano Pecharroman, Prof. Lawrence Susskind","Social Science, Public Administration, Public Policy","Lecture Notes, Instructor Insights , assignment, Multiple Assignment Types"
https://ocw.mit.edu/courses/21h-390-theories-and-methods-in-the-study-of-history-fall-2022/,21H.390 ," Undergraduate, Graduate",courses,Theories and Methods in the Study of History,"Prof. Kenda Mutongi, ","Humanities, History, Historical Methods","Lecture Notes, Instructor Insights , assignment, Multiple Assignment Types"
https://ocw.mit.edu/courses/15-025-game-theory-for-strategic-advantage-spring-2015/,15.025, Graduate,courses,Game Theory for Strategic Advantage,"Alessandro Bonatti, ","Management, Social Science, Business","Lecture Notes, Instructor Insights , assignment, Multiple Assignment Types"
https://ocw.mit.edu/courses/2-00b-toy-product-design-spring-2008/,2.00B , Undergraduate,courses,Toy Product Design,"Barry Kudrowitz, Prof. David Wallace","Engineering, Mechanical Engineering, Systems Engineering","Lecture Notes, Instructor Insights , assignment, Multiple Assignment Types"
https://ocw.mit.edu/courses/res-18-012-algebra-ii-student-notes-spring-2022/,RES.18-012 , Undergraduate,courses,Algebra II Student Notes,", ","Mathematics, Algebra and Number Theory, ","Lecture Notes, Instructor Insights , assignment, Multiple Assignment Types"
https://ocw.mit.edu/courses/6-189-multicore-programming-primer-january-iap-2007/,6.189, Undergraduate,courses,Multicore Programming Primer,"Prof. Saman Amarasinghe, Dr. Rodric Rabbah","Engineering, Computer Science, Software Design and Engineering","Lecture Notes, Instructor Insights , assignment, Multiple Assignment Types"
https://ocw.mit.edu/courses/11-309j-sites-in-sight-photography-as-inquiry-fall-2003/,11.309J , Graduate,courses,Sites in Sight: Photography as Inquiry,"Prof. Anne Whiston Spirn, ","Architecture, Social Science, Visual Arts","Lecture Notes, Instructor Insights , assignment, Multiple Assignment Types"
https://ocw.mit.edu/courses/11-948-power-of-place-media-technology-youth-and-city-design-and-development-spring-2001/,11.948, Graduate,courses,"Power of Place: Media Technology, Youth, and City Design and Development","Prof. Anne Whiston Spirn, ","Architecture, Social Science, Teaching and Education","Lecture Notes, Instructor Insights , assignment, Multiple Assignment Types"
https://ocw.mit.edu/courses/wgs-109-women-and-global-activism-in-art-media-and-politics-fall-2023/,WGS.109 , Undergraduate,courses,"Women and Global Activism in Art, Media and Politics","Abha Sur Abha Sur, ","Social Science, Political Science, The Developing World","Lecture Notes, Instructor Insights , assignment, Multiple Assignment Types"
https://ocw.mit.edu/courses/11-308j-ecological-urbanism-spring-2024/,11.308J , Graduate,courses,Ecological Urbanism,"Prof. Anne Whiston Spirn, ","Social Science, Urban Studies, Urban Planning","Lecture Notes, Instructor Insights , assignment, Multiple Assignment Types"
https://ocw.mit.edu/courses/11-309j-sensing-place-photography-as-inquiry-spring-2024/,11.309J , Graduate,courses,Sensing Place: Photography as Inquiry,"Prof. Anne Whiston Spirn, ","Architecture, Social Science, Visual Arts","Lecture Notes, Instructor Insights , assignment, Multiple Assignment Types"
https://ocw.mit.edu/courses/21m-262-modern-music-1900-1960-fall-2006/,21M.262 , Undergraduate,courses,Modern Music: 1900-1960,"Prof. Michael Scott Asato Cuthbert, ","Humanities, History, Music","Lecture Notes, Instructor Insights , assignment, Multiple Assignment Types"
https://ocw.mit.edu/courses/21m-220-early-music-fall-2010/,21M.220 , Undergraduate,courses,Early Music,"Prof. Michael Scott Asato Cuthbert, ","Humanities, History, Music","Lecture Notes, Instructor Insights , assignment, Multiple Assignment Types"
https://ocw.mit.edu/courses/21m-269-studies-in-western-music-history-quantitative-and-computational-approaches-to-music-history-spring-2012/,21M.269 , Undergraduate,courses,Studies in Western Music History: Quantitative and Computational Approaches to Music History,"Prof. Michael Scott Asato Cuthbert, ","Music, Fine Arts, Music History","Lecture Notes, Instructor Insights , assignment, Multiple Assignment Types"
https://ocw.mit.edu/courses/24-904-language-acquisition-spring-2022/,24.904, Undergraduate,courses,Language Acquisition,"Prof. Athulya Aravind, ","Humanities, Linguistics, ","Lecture Notes, Instructor Insights , assignment, Multiple Assignment Types"
https://ocw.mit.edu/courses/21g-s56-japanese-vi-spring-2023/,21G.S56 , Undergraduate,courses,Japanese VI,"Dr. Takako Aikawa, ","Humanities, Language, Japanese","Lecture Notes, Instructor Insights , assignment, Multiple Assignment Types"
https://ocw.mit.edu/courses/14-02-principles-of-macroeconomics-spring-2023/,14.02, Undergraduate,courses,Principles of Macroeconomics,"Prof. Ricardo Caballero, ","Economics, Social Science, Macroeconomics","Lecture Notes, Instructor Insights , assignment, Multiple Assignment Types"
https://ocw.mit.edu/courses/18-755-lie-groups-and-lie-algebras-ii-spring-2024/,18.755, Graduate,courses,Lie Groups and Lie Algebras II,"Prof. Pavel Etingof, ","Mathematics, Algebra and Number Theory, ","Lecture Notes, Instructor Insights , assignment, Multiple Assignment Types"
https://ocw.mit.edu/courses/res-6-003-electromechanical-dynamics-spring-2009/,RES.6-003 , Undergraduate,courses,Electromechanical Dynamics,"James R. Melcher, Herbert H. Woodson","Engineering, Science, Physics","Lecture Notes, Instructor Insights , assignment, Multiple Assignment Types"
https://ocw.mit.edu/courses/res-10-001-making-science-and-engineering-pictures-a-practical-guide-to-presenting-your-work-spring-2016/,RES.10-001 , Undergraduate,courses,Making Science and Engineering Pictures: A Practical Guide to Presenting Your Work,"Felice C. Frankel, ","Engineering, Science, Physics","Lecture Notes, Instructor Insights , assignment, Multiple Assignment Types"
https://ocw.mit.edu/courses/res-11-002-intentional-public-disruptions-art-responsibility-and-pedagogy-fall-2017/,RES.11-002 , Undergraduate,courses,"Intentional Public Disruptions: Art, Responsibility, and Pedagogy","B. Stephen Carpenter II, Prof. Lawrence Susskind","Social Science, Public Administration, Teaching and Education","Lecture Notes, Instructor Insights , assignment, Multiple Assignment Types"
https://ocw.mit.edu/courses/res-18-004-the-torch-or-the-firehose-a-guide-to-section-teaching-spring-2009/,RES.18-004 , Undergraduate,courses,The Torch or The Firehose: A Guide to Section Teaching,"Prof. Arthur Mattuck, ","Teaching and Education, Curriculum and Teaching, Higher Education","Lecture Notes, Instructor Insights , assignment, Multiple Assignment Types"
https://ocw.mit.edu/courses/res-18-003-calculus-for-beginners-and-artists-spring-2005/,RES.18-003 , Undergraduate,courses,Calculus for Beginners and Artists,"Daniel Kleitman, ","Mathematics, Differential Equations, Calculus","Lecture Notes, Instructor Insights , assignment, Multiple Assignment Types"
https://ocw.mit.edu/courses/res-18-009-learn-differential-equations-up-close-with-gilbert-strang-and-cleve-moler-fall-2015/,RES.18-009 , Undergraduate,courses,Learn Differential Equations: Up Close with Gilbert Strang and Cleve Moler,"Dr. Cleve Moler, Prof. Gilbert Strang","Engineering, Computer Science, Mathematics","Lecture Notes, Instructor Insights , assignment, Multiple Assignment Types"
https://ocw.mit.edu/courses/res-21g-01-kana-spring-2010/,RES.21G-01 , Undergraduate,courses,Kana,"Tomoko Graham, Masami Ikeda-Lamm","Humanities, Language, Japanese","Lecture Notes, Instructor Insights , assignment, Multiple Assignment Types"
https://ocw.mit.edu/courses/res-21w-01-angles-fall-2015/,RES.21W-01 , Non-Credit,courses,Angles,"Jared David Berezin, Karen Boiko","Communication, Humanities, Literature","Lecture Notes, Instructor Insights , assignment, Multiple Assignment Types"
https://ocw.mit.edu/courses/res-15-004-system-dynamics-systems-thinking-and-modeling-for-a-complex-world-january-iap-2020/,RES.15-004 , Graduate,courses,System Dynamics: Systems Thinking and Modeling for a Complex World,"James E. Paine, ","Management, Business, Operations Management","Lecture Notes, Instructor Insights , assignment, Multiple Assignment Types"
https://ocw.mit.edu/courses/res-6-011-the-art-of-insight-in-science-and-engineering-mastering-complexity-fall-2014/,RES.6-011 , Undergraduate,courses,The Art of Insight in Science and Engineering: Mastering Complexity,"Sanjoy Mahajan, ","Engineering, Science, Mathematics","Lecture Notes, Instructor Insights , assignment, Multiple Assignment Types"
https://ocw.mit.edu/courses/res-8-007-cosmic-origin-of-the-chemical-elements-fall-2019/,RES.8-007 , Undergraduate,courses,Cosmic Origin of the Chemical Elements,"Prof. Anna Frebel, ","Science, Physics, Chemistry","Lecture Notes, Instructor Insights , assignment, Multiple Assignment Types"
https://ocw.mit.edu/courses/res-6-005-understanding-lasers-and-fiberoptics-spring-2008/,RES.6-005 , Undergraduate,courses,Understanding Lasers and Fiberoptics,"Prof. Shaoul Ezekiel, ","Science, Physics, Atomic, Molecular, Optical Physics","Lecture Notes, Instructor Insights , assignment, Multiple Assignment Types"
https://ocw.mit.edu/courses/res-6-003-electromechanical-dynamics-spring-2009/,RES.6-003 , Undergraduate,courses,Electromechanical Dynamics,"James R. Melcher, Herbert H. Woodson","Engineering, Science, Physics","Lecture Notes, Instructor Insights , assignment, Multiple Assignment Types"
https://ocw.mit.edu/courses/res-3-004-visualizing-materials-science-fall-2017/,RES.3-004 , Undergraduate,courses,Visualizing Materials Science,"Prof. W. Craig Carter, ","Engineering, Mathematics, Applied Mathematics","Lecture Notes, Instructor Insights , assignment, Multiple Assignment Types"
https://ocw.mit.edu/courses/res-6-011-the-art-of-insight-in-science-and-engineering-mastering-complexity-fall-2014/,RES.6-011 , Undergraduate,courses,The Art of Insight in Science and Engineering: Mastering Complexity,"Sanjoy Mahajan, ","Engineering, Science, Mathematics","Lecture Notes, Instructor Insights , assignment, Multiple Assignment Types"
https://ocw.mit.edu/courses/res-11-002-intentional-public-disruptions-art-responsibility-and-pedagogy-fall-2017/,RES.11-002 , Undergraduate,courses,"Intentional Public Disruptions: Art, Responsibility, and Pedagogy","B. Stephen Carpenter II, Prof. Lawrence Susskind","Social Science, Public Administration, Teaching and Education","Lecture Notes, Instructor Insights , assignment, Multiple Assignment Types"
https://ocw.mit.edu/courses/res-17-001-mit-election-data-science-lab-fall-2020/,RES.17-001 , Non-Credit,courses,MIT Election Data + Science Lab,"MIT Election Lab, ","Social Science, Political Science, American Politics","Lecture Notes, Instructor Insights , assignment, Multiple Assignment Types"
https://ocw.mit.edu/courses/18-a34-mathematical-problem-solving-putnam-seminar-fall-2018/,18.A34 , Undergraduate,courses,Mathematical Problem Solving (Putnam Seminar),"Prof. Yufei Zhao, ","Mathematics, , ","Lecture Notes, Instructor Insights , assignment, Multiple Assignment Types"
https://ocw.mit.edu/courses/res-10-s95-physics-of-covid-19-transmission-fall-2020/,RES.10-S95 , Undergraduate,courses,Physics of COVID-19 Transmission,"Prof. Martin Bazant, Alex Cohen","Engineering, Science, Physics","Lecture Notes, Instructor Insights , assignment, Multiple Assignment Types"
https://ocw.mit.edu/courses/res-18-009-learn-differential-equations-up-close-with-gilbert-strang-and-cleve-moler-fall-2015/,RES.18-009 , Undergraduate,courses,Learn Differential Equations: Up Close with Gilbert Strang and Cleve Moler,"Dr. Cleve Moler, Prof. Gilbert Strang","Engineering, Computer Science, Mathematics","Lecture Notes, Instructor Insights , assignment, Multiple Assignment Types"
https://ocw.mit.edu/courses/res-18-004-the-torch-or-the-firehose-a-guide-to-section-teaching-spring-2009/,RES.18-004 , Undergraduate,courses,The Torch or The Firehose: A Guide to Section Teaching,"Prof. Arthur Mattuck, ","Teaching and Education, Curriculum and Teaching, Higher Education","Lecture Notes, Instructor Insights , assignment, Multiple Assignment Types"
https://ocw.mit.edu/courses/res-21g-01-kana-spring-2010/,RES.21G-01 , Undergraduate,courses,Kana,"Tomoko Graham, Masami Ikeda-Lamm","Humanities, Language, Japanese","Lecture Notes, Instructor Insights , assignment, Multiple Assignment Types"
https://ocw.mit.edu/courses/res-18-003-calculus-for-beginners-and-artists-spring-2005/,RES.18-003 , Undergraduate,courses,Calculus for Beginners and Artists,"Daniel Kleitman, ","Mathematics, Differential Equations, Calculus","Lecture Notes, Instructor Insights , assignment, Multiple Assignment Types"
https://ocw.mit.edu/courses/res-18-009-learn-differential-equations-up-close-with-gilbert-strang-and-cleve-moler-fall-2015/,RES.18-009 , Undergraduate,courses,Learn Differential Equations: Up Close with Gilbert Strang and Cleve Moler,"Dr. Cleve Moler, Prof. Gilbert Strang","Engineering, Computer Science, Mathematics","Lecture Notes, Instructor Insights , assignment, Multiple Assignment Types"
https://ocw.mit.edu/courses/res-18-004-the-torch-or-the-firehose-a-guide-to-section-teaching-spring-2009/,RES.18-004 , Undergraduate,courses,The Torch or The Firehose: A Guide to Section Teaching,"Prof. Arthur Mattuck, ","Teaching and Education, Curriculum and Teaching, Higher Education","Lecture Notes, Instructor Insights , assignment, Multiple Assignment Types"
https://ocw.mit.edu/courses/res-21g-01-kana-spring-2010/,RES.21G-01 , Undergraduate,courses,Kana,"Tomoko Graham, Masami Ikeda-Lamm","Humanities, Language, Japanese","Lecture Notes, Instructor Insights , assignment, Multiple Assignment Types"
https://ocw.mit.edu/courses/res-21w-01-angles-fall-2015/,RES.21W-01 , Non-Credit,courses,Angles,"Jared David Berezin, Karen Boiko","Communication, Humanities, Literature","Lecture Notes, Instructor Insights , assignment, Multiple Assignment Types"
https://ocw.mit.edu/courses/res-17-002-mit-governance-lab-spring-2023/,RES.17-002 , Non-Credit,courses,MIT Governance Lab,"MIT Governance Lab, ","Social Science, Political Science, ","Lecture Notes, Instructor Insights , assignment, Multiple Assignment Types"
https://ocw.mit.edu/courses/res-10-s95-physics-of-covid-19-transmission-fall-2020/,RES.10-S95 , Undergraduate,courses,Physics of COVID-19 Transmission,"Prof. Martin Bazant, Alex Cohen","Engineering, Science, Physics","Lecture Notes, Instructor Insights , assignment, Multiple Assignment Types"
https://ocw.mit.edu/courses/res-hs-001-chandra-astrophysics-institute/,RES.HS-001 , High School,courses,Chandra Astrophysics Institute,"Shakib Ahmed, CAI Intern, Peter Ashton, Assistant Instructor","Science, Physics, ","Lecture Notes, Instructor Insights , assignment, Multiple Assignment Types"
https://ocw.mit.edu/courses/res-str-001-geographic-information-system-gis-tutorial-january-iap-2022/,RES.STR-001 , Non-Credit,courses,Geographic Information System (GIS) Tutorial,"MIT Libraries GIS Services Group, ","Social Science, Geography, ","Lecture Notes, Instructor Insights , assignment, Multiple Assignment Types"
https://ocw.mit.edu/courses/res-11-003-climate-justice-instructional-toolkit-fall-2023/,RES.11-003 , Non-Credit,courses,Climate Justice Instructional Toolkit,"Prof. John Fernandez, Sarah Meyers","Humanities, Energy, Philosophy","Lecture Notes, Instructor Insights , assignment, Multiple Assignment Types"
https://ocw.mit.edu/courses/res-hs-001-chandra-astrophysics-institute/,RES.HS-001 , High School,courses,Chandra Astrophysics Institute,"Shakib Ahmed, CAI Intern, Peter Ashton, Assistant Instructor","Science, Physics, ","Lecture Notes, Instructor Insights , assignment, Multiple Assignment Types"
https://ocw.mit.edu/courses/res-8-009-introduction-to-oscillations-and-waves-summer-2017/,RES.8-009 , High School,courses,Introduction to Oscillations and Waves,"Dr. Mobolaji Williams, ","Science, Physics, Atomic, Molecular, Optical Physics","Lecture Notes, Instructor Insights , assignment, Multiple Assignment Types"
https://ocw.mit.edu/courses/res-21g-3003-marguerite-de-roberval-a-web-based-approach-to-teaching-a-renaissance-heroine-fall-2023/,RES.21G-3003 , Non-Credit,courses,Marguerite de Roberval: A Web-Based Approach to Teaching a Renaissance Heroine,"Prof. Leanna B. Rezvani, ","Humanities, Literature, Language","Lecture Notes, Instructor Insights , assignment, Multiple Assignment Types"
https://ocw.mit.edu/courses/res-11-003-climate-justice-instructional-toolkit-fall-2023/,RES.11-003 , Non-Credit,courses,Climate Justice Instructional Toolkit,"Prof. John Fernandez, Sarah Meyers","Humanities, Energy, Philosophy","Lecture Notes, Instructor Insights , assignment, Multiple Assignment Types"
https://ocw.mit.edu/courses/res.ll-004-ll-educate-introduction-to-engineering-concepts-spring-2022/,RES.LL-004 , Non-Credit,courses,LL EduCATE: Introduction to Engineering Concepts,"Juliana Furgala, Cristina Gath","Engineering, , ","Lecture Notes, Instructor Insights , assignment, Multiple Assignment Types"
https://ocw.mit.edu/courses/res-env-003-earthdnas-climate-101-fall-2019/,RES.ENV-003 , Non-Credit,courses,EarthDNA's Climate 101,"Brandon Leshchinskiy, Dava Newman","Science, Earth Science, Environmental Science","Lecture Notes, Instructor Insights , assignment, Multiple Assignment Types"
https://ocw.mit.edu/courses/21l-004-reading-poetry-social-poetics-spring-2023/,21L.004 , Undergraduate,courses,Reading Poetry: Social Poetics,"Prof. Joshua Bennett, ","Humanities, Literature, Society","Lecture Notes, Instructor Insights , assignment, Multiple Assignment Types"
https://ocw.mit.edu/courses/6-832-underactuated-robotics-spring-2009/,6.832, Graduate,courses,Underactuated Robotics,"Prof. Russell Tedrake, ","Engineering, Computer Science, Artificial Intelligence","Lecture Notes, Instructor Insights , assignment, Multiple Assignment Types"
https://ocw.mit.edu/courses/introduction-to-r-and-gis-fall-2023/,RES.1-002 , Non-Credit,courses,Introduction to R and Geographic Information Systems (GIS),"Dr. Helena Vallicrosa, ","Engineering, Computer Science, Environmental Engineering","Lecture Notes, Instructor Insights , assignment, Multiple Assignment Types"
https://ocw.mit.edu/courses/res-ll-005-mathematics-of-big-data-and-machine-learning-january-iap-2020/,RES.LL-005 , Undergraduate,courses,Mathematics of Big Data and Machine Learning,"Dr. Vijay Gadepally, Dr. Jeremy Kepner","Engineering, Computer Science, Business","Lecture Notes, Instructor Insights , assignment, Multiple Assignment Types"
https://ocw.mit.edu/courses/res-21g-3003-marguerite-de-roberval-a-web-based-approach-to-teaching-a-renaissance-heroine-fall-2023/,RES.21G-3003 , Non-Credit,courses,Marguerite de Roberval: A Web-Based Approach to Teaching a Renaissance Heroine,"Prof. Leanna B. Rezvani, ","Humanities, Literature, Language","Lecture Notes, Instructor Insights , assignment, Multiple Assignment Types"
https://ocw.mit.edu/courses/res.ll-004-ll-educate-introduction-to-engineering-concepts-spring-2022/,RES.LL-004 , Non-Credit,courses,LL EduCATE: Introduction to Engineering Concepts,"Juliana Furgala, Cristina Gath","Engineering, , ","Lecture Notes, Instructor Insights , assignment, Multiple Assignment Types"
https://ocw.mit.edu/courses/6-832-underactuated-robotics-spring-2009/,6.832, Graduate,courses,Underactuated Robotics,"Prof. Russell Tedrake, ","Engineering, Computer Science, Artificial Intelligence","Lecture Notes, Instructor Insights , assignment, Multiple Assignment Types"
https://ocw.mit.edu/courses/res-tll-008-social-and-ethical-responsibilities-of-computing-serc/,RES.TLL-008 , Non-Credit,courses,Social and Ethical Responsibilities of Computing (SERC),"SERC Contributors, ","Engineering, Computer Science, Artificial Intelligence","Lecture Notes, Instructor Insights , assignment, Multiple Assignment Types"
