Link,Name,Availability,Mode,About Course,Duration,Number of meetings
https://www.conted.ox.ac.uk/courses/advanced-writing-lives-online?code=O24P651CRV,Advanced Writing Lives (Online),Available,Online - flexible- Short courses,"Every day we meet people with interesting life stories.  Our lives are made up of tragic, uplifting and humorous experiences which shape us as individuals.  We love, fight, apologise, account for and endure through whatever comes our way.","Mon 09 Sep 2024- 22 Nov 2024, ",NA
https://www.conted.ox.ac.uk/courses/analysing-classical-music-an-introduction-online?code=O24P504MSV,Analysing Classical Music: An Introduction (Online),Available,Online - flexible- Short courses,The aim of musical analysis is to understand how music exerts such a powerful effect on us. This course introduces some of the main approaches as we attempt to bridge the gap between our intuitions about music and our intellectual knowledge of it.,"Mon 09 Sep 2024- 22 Nov 2024, ",NA
https://www.conted.ox.ac.uk/courses/animal-behaviour-an-introduction-online?code=O24P387BIV,Animal Behaviour: An Introduction (Online),Available,Online - flexible- Short courses,"Why do animals behave the way they do? In this course we will look at the full range of behaviours found in the animal kingdom, from simple escape behaviours to complex tool use and their evolution.","Mon 09 Sep 2024- 22 Nov 2024, ",NA
https://www.conted.ox.ac.uk/courses/britain-and-its-empire-online?code=O24P384HIV,Britain and Its Empire (Online),Available,Online - flexible- Short courses,This course examines the rise and fall of the British Empire and its manifold legacies in Britain and beyond.,"Mon 09 Sep 2024- 22 Nov 2024, ",NA
https://www.conted.ox.ac.uk/courses/fiction-by-victorian-women-george-eliot-elizabeth-gaskell-online?code=O24P315LTV,"Fiction by Victorian Women: George Eliot, Elizabeth Gaskell (Online)",Available,Online - flexible- Short courses,Some of the great writers of the Victorian period were women. Find out how they portrayed women's issues and lives in such compelling fiction.,"Mon 09 Sep 2024- 22 Nov 2024, ",NA
https://www.conted.ox.ac.uk/courses/introduction-to-philosophy-online?code=O24P322PHV,Introduction to Philosophy (Online),Available,Online - flexible- Short courses,"We think we know, but do we? We think we are free, but are we? We think our actions are moral, but are they? What is this reality we take ourselves to live in?  The oldest questions meet the newest technology in this online introduction to philosophy.","Mon 09 Sep 2024- 29 Nov 2024, ",NA
https://www.conted.ox.ac.uk/courses/microeconomics-an-introduction-online?code=O24P344SOV,Microeconomics: An Introduction (Online),Available,Online - flexible- Short courses,"This course provides a detailed introduction to microeconomics. On completion of the course, students will have the ability to understand and apply the principles of microeconomics at first-year undergraduate level.","Mon 09 Sep 2024- 22 Nov 2024, ",NA
https://www.conted.ox.ac.uk/courses/psychology-an-introduction-online?code=O24P382PCV,Psychology: An Introduction (Online),Available,Online - flexible- Short courses,"This course introduces the science of psychology, exploring the richness of human functions, uncovering the brain's secrets and revealing its complexities. Studies from biological, psychodynamic, cognitive, behavioural and social approaches are presented.","Mon 09 Sep 2024- 22 Nov 2024, ",NA
https://www.conted.ox.ac.uk/courses/what-is-local-history?code=O24P489LHW,What is Local History?,Available,In-person weekly- Short courses,"The course introduces students to approaches, methods and sources for English local history, with an emphasis on the documentary evidence available for studying manors, parishes, towns and populations.","Mon 09 Sep 2024- Thu 26 Sep 2024, 7:00 - 9:00pm",6 meetings
https://www.conted.ox.ac.uk/courses/ancient-egypt-an-introduction-online?code=O24P371AHV,Ancient Egypt: An Introduction (Online),Available,Online - flexible- Short courses,"From royal pyramids, court artisans and powerful pharaohs, to grandiose temples, mysterious gods and foreign invasions, participants will experience the world of ancient Egypt, its highs and lows, and the rich tapestry of its culture.","Wed 11 Sep 2024- 22 Nov 2024, ",NA
https://www.conted.ox.ac.uk/courses/churchill-soldier-politician-and-statesman-online?code=O24P361HIV,"Churchill: Soldier, Politician and Statesman (Online)",Available,Online - flexible- Short courses,"Sir Winston Churchill, regarded as one of Britain's greatest statesmen, still provokes controversy and debate. The aim of this course is to study his life in detail, assess his successes and failures and to gain some insights into the complex personality.","Wed 11 Sep 2024- 22 Nov 2024, ",NA
https://www.conted.ox.ac.uk/courses/critical-reading-online?code=O24P302LTV,Critical Reading (Online),Available,Online - flexible- Short courses,"This course is for anyone who would like to learn to read beneath the surface, pay attention to language and form, and become a critical reader.","Wed 11 Sep 2024- 22 Nov 2024, ",NA
https://www.conted.ox.ac.uk/courses/getting-started-in-creative-writing-online?code=O24P358CRV,Getting Started in Creative Writing (Online),Available,Online - flexible- Short courses,This course introduces the key characteristics of creative writing. You will be supported with stage-by-stage guidance as you assimilate and employ a range of critical and creative methods. The course includes tutor feedback and participant discussion.,"Wed 11 Sep 2024- 22 Nov 2024, ",NA
https://www.conted.ox.ac.uk/courses/literary-theory-an-introduction-online?code=O24P365LTV,Literary Theory: An Introduction (Online),Available,Online - flexible- Short courses,"Although literary theory might sometimes seem intimidating, it can be very accessible and exciting. This course aims to demystify literary theory, showing how it illuminates literary texts and enriches our understanding and enjoyment of literature.","Wed 11 Sep 2024- 22 Nov 2024, ",NA
https://www.conted.ox.ac.uk/courses/middle-english-literature-online?code=O24P432LTV,Middle English Literature (Online),Available,Online - flexible- Short courses,"Middle English literature is not all prayer and piety and men in armour. Find a rich cultural heritage in Middle English poems, plays and prose.","Wed 11 Sep 2024- 22 Nov 2024, ",NA
https://www.conted.ox.ac.uk/courses/philosophy-of-religion-online?code=O24P325PHV,Philosophy of Religion (Online),Available,Online - flexible- Short courses,"The course looks at what, if anything, it is that Jews, Christians and Muslims are agreeing about when they claim that there is a God; and we shall look at what, if any, prospects there are for rationally defending or attacking this claim.","Wed 11 Sep 2024- 29 Nov 2024, ",NA
https://www.conted.ox.ac.uk/courses/social-entrepreneurship-online?code=O24P333SOV,Social Entrepreneurship (Online),Available,Online - flexible- Short courses,"Students on this course will gain knowledge about social entrepreneurs, and how to develop creative solutions to address social problems utilising Gandhi's model of 'be the change you wish to see in the world' to make a difference in the lives of others.","Wed 11 Sep 2024- 22 Nov 2024, ",NA
https://www.conted.ox.ac.uk/courses/art-nouveau-across-europe-online?code=O24P363ARV,Art Nouveau across Europe (Online),Available,Online - flexible- Short courses,"From Paris to Moscow, Glasgow to Barcelona, this course examines the richness and variety of European art nouveau.","Mon 16 Sep 2024- 29 Nov 2024, ",NA
https://www.conted.ox.ac.uk/courses/civil-war-and-revolution-britain-divided-1640-1660-online?code=O24P353HIV,"Civil War and Revolution: Britain Divided, 1640-1660 (Online)",Available,Online - flexible- Short courses,"The civil wars that swept across the British Isles in the 17th century left few lives untouched. This course will explore the causes, conduct and significance of the English civil wars.","Mon 16 Sep 2024- 29 Nov 2024, ",NA
https://www.conted.ox.ac.uk/courses/exploring-the-universe-online?code=O24P352PYV,Exploring the Universe (Online),Available,Online - flexible- Short courses,"How old is the universe? How unusual is the Solar System? How will it all end? Oxford astronomers Chris Lintott and Robert Simpson provide an overview of the last 13.7 billion years of cosmic evolution, answering these questions and more.","Mon 16 Sep 2024- 29 Nov 2024, ",NA
https://www.conted.ox.ac.uk/courses/globalisation-online?code=O24P369SOV,Globalisation (Online),Available,Online - flexible- Short courses,Everybody is talking about 'globalisation' - but what does it really mean? What factors drive globalisation and what are the consequences for all of us? How can and should we govern processes of globalisation?,"Mon 16 Sep 2024- 29 Nov 2024, ",NA
https://www.conted.ox.ac.uk/courses/henry-viii-online?code=O24P334HIV,Henry VIII (Online),Available,Online - flexible- Short courses,"The reign of Henry VIII transformed British history. This course charts the political, religious and cultural changes of the period.","Mon 16 Sep 2024- 29 Nov 2024, ",NA
https://www.conted.ox.ac.uk/courses/jane-austen-online?code=O24P317LTV,Jane Austen (Online),Available,Online - flexible- Short courses,"Many readers enjoy Austen's novels, but what makes them so special and enduring?","Mon 16 Sep 2024- 29 Nov 2024, ",NA
https://www.conted.ox.ac.uk/courses/learning-to-look-at-modern-art-online?code=O24P309ARV,Learning to Look at Modern Art (Online),Available,Online - flexible- Short courses,"This course will seek to provide guidelines about how to look at modern art in an open-minded, critical and analytical way.","Mon 16 Sep 2024- 29 Nov 2024, ",NA
https://www.conted.ox.ac.uk/courses/learning-to-look-at-the-visual-arts-online?code=O24P301ARV,Learning to Look at the Visual Arts (Online),Available,Online - flexible- Short courses,"This course offers you the opportunity to learn how to study and analyse paintings, drawings and prints, and learn the 'language of looking'.","Mon 16 Sep 2024- 29 Nov 2024, ",NA
https://www.conted.ox.ac.uk/courses/origins-of-human-behaviour-online?code=O24P520AHV,Origins of Human Behaviour (Online),Available,Online - flexible- Short courses,What makes humans different from other primates? When did we become human? This course will chart the development of human behaviour.,"Mon 16 Sep 2024- 29 Nov 2024, ",NA
https://www.conted.ox.ac.uk/courses/public-policy-economics-online?code=O24P375SOV,Public Policy Economics (Online),Available,Online - flexible- Short courses,"All of us are affected by government policies, and governments place particular emphasis on economic policies. This course will equip you to evaluate the economic arguments made about public policy choices.","Mon 16 Sep 2024- 29 Nov 2024, ",NA
https://www.conted.ox.ac.uk/courses/ritual-and-religion-in-prehistory-online?code=O24P304AHV,Ritual and Religion in Prehistory (Online),Available,Online - flexible- Short courses,How can we begin to understand the spiritual lives of prehistoric people? When do religious ideologies first appear on the human evolutionary timescale? Using both anthropology and archaeological evidence these and many other questions are examined.,"Mon 16 Sep 2024- 29 Nov 2024, ",NA
https://www.conted.ox.ac.uk/courses/social-anthropology-an-introduction-online?code=O24P332AHV,Social Anthropology: An Introduction (Online),Available,Online - flexible- Short courses,"Social anthropology is the study of how humans give meaning to the world through different social norms, values, practices and means of organisation. This course provides an exciting and dynamic introduction to the world of social anthropology.","Mon 16 Sep 2024- 29 Nov 2024, ",NA
https://www.conted.ox.ac.uk/courses/the-wars-of-the-roses-power-politics-and-personalities-online?code=O24P378HIV,"The Wars of The Roses: Power, Politics and Personalities (Online)",Available,Online - flexible- Short courses,The recent discovery of Richard III's remains in Leicester highlights the dynamic new research being conducted into the period known as the Wars of the Roses. This course asks students to engage with the latest work on this exciting and tumultuous period.,"Mon 16 Sep 2024- 29 Nov 2024, ",NA
https://www.conted.ox.ac.uk/courses/theory-of-knowledge-online?code=O24P323PHV,Theory of Knowledge (Online),Available,Online - flexible- Short courses,The theory of knowledge is one of the most central areas of philosophy. In this online course you will cover the key issues in epistemology while also learning to think for yourself and develop your own answers to the core questions in this area.,"Mon 16 Sep 2024- 29 Nov 2024, ",NA
https://www.conted.ox.ac.uk/courses/mapping-the-spatial-structure-of-historic-cities?code=O24P291PAR,Mapping the Spatial Structure of Historic Cities,Available,Online - live- Short courses- Professional development- Hybrid - in person or online,"Delve into historic urban landscapes, mastering spatial analysis techniques in this 2-day course. Uncover layers of history and culture, enriching your professional skill set. Learn how the layout of cities helps to shape movement, interaction and trade.","Tue 17 Sep 2024- 18 Sep 2024, 13.00pm Tues - 5pm Wed",2 meetings
https://www.conted.ox.ac.uk/courses/academic-literacy-online?code=O24P329SKV,Academic Literacy: An Introduction (Online),Available,Online - flexible- Short courses,"If you are new to higher education, or have not studied for some time, you may find it useful to brush up your reading, note-making and essay-writing skills, and to revisit the basic rules of punctuation and grammar.","Wed 18 Sep 2024- 29 Nov 2024, ",NA
https://www.conted.ox.ac.uk/courses/brontes-online?code=O24P341LTV,Brontës (Online),Available,Online - flexible- Short courses,"How did three sisters living apparently secluded, eventless lives write such original, passionate and dramatic literature?","Wed 18 Sep 2024- 29 Nov 2024, ",NA
https://www.conted.ox.ac.uk/courses/contemporary-british-fiction-online?code=O24P313LTV,Contemporary British Fiction (Online),Available,Online - flexible- Short courses,"If you have ever been daunted by terms such as 'modernism', 'magic realism' or 'postmodern', this is the course for you.","Wed 18 Sep 2024- 29 Nov 2024, ",NA
https://www.conted.ox.ac.uk/courses/ethics-an-introduction-online?code=O24P320PHV,Ethics: An Introduction (Online),Available,Online - flexible- Short courses,"In this introduction to ethics, we shall examine four important ethical theories, applying them to two practical questions: the rights of animals and euthanasia. There will be plenty of opportunity to engage in debate and test your own thinking.","Wed 18 Sep 2024- 29 Nov 2024, ",NA
https://www.conted.ox.ac.uk/courses/inequality-and-labour-markets-online?code=O24P517SOV,Inequality and Labour Markets (Online),Available,Online - flexible- Short courses,"Labour market inequality is a defining issue of the 21st century. This course examines the effect of globalisation and technology on inequality, and what we can do to reduce it.","Wed 18 Sep 2024- 29 Nov 2024, ",NA
https://www.conted.ox.ac.uk/courses/investigating-the-elizabethans-online?code=O24P399LHV,Investigating the Elizabethans (Online),Available,Online - flexible- Short courses,"The Elizabethan world witnessed some of the most momentous and memorable events in English history. Investigate the experiences and reactions of individuals to these changes, events and issues.","Wed 18 Sep 2024- 29 Nov 2024, ",NA
https://www.conted.ox.ac.uk/courses/islamic-art-and-architecture-online?code=O24P308ARV,Islamic Art and Architecture (Online),Available,Online - flexible- Short courses,"This course is for anyone interested in understanding Islamic art and culture, and examines the relationship between faith and art forms.","Wed 18 Sep 2024- 29 Nov 2024, ",NA
https://www.conted.ox.ac.uk/courses/philosophy-of-science-online?code=O24P326PHV,Philosophy of Science (Online),Available,Online - flexible- Short courses,"This course introduces key issues in the philosophy of science, including debates about the nature of the scientific method, theories of confirmation, the demarcation of science from non-science, the rationality of theory change, and scientific realism.","Wed 18 Sep 2024- 29 Nov 2024, ",NA
https://www.conted.ox.ac.uk/courses/political-philosophy-an-introduction-online?code=O24P303PHV,Political Philosophy: An Introduction (Online),Available,Online - flexible- Short courses,"Political philosophy contains some of the greatest writings in the Western intellectual tradition. This online course introduces you to the central questions concerning the state, by means of classical and contemporary texts.","Wed 18 Sep 2024- 29 Nov 2024, ",NA
https://www.conted.ox.ac.uk/courses/shakespeare-online?code=O24P225LTV,Shakespeare (Online),Available,Online - flexible- Short courses,"This course focuses on five Shakespeare plays, covering a range of genres and periods of his writing.","Wed 18 Sep 2024- 29 Nov 2024, ",NA
https://www.conted.ox.ac.uk/courses/western-architecture-the-modern-era-online?code=O24P370HCV,Western Architecture: The Modern Era (Online),Available,Online - flexible- Short courses,"Beginning with the vital structural innovations of the late Victorian era, this course traces the rise and spread of modernism in European and American architecture, and concludes by examining contemporary architecture and future possibilities.","Wed 18 Sep 2024- 29 Nov 2024, ",NA
https://www.conted.ox.ac.uk/courses/writing-fiction-for-young-adults-online?code=O24P397CRV,Writing Fiction for Young Adults (Online),Available,Online - flexible- Short courses,"Find your own voice and your own niche in writing for young adults, in sub-genres from realism to the supernatural.","Wed 18 Sep 2024- 29 Nov 2024, ",NA
https://www.conted.ox.ac.uk/courses/van-gogh-today?code=O24P115ARJ,Van Gogh Today,Available,Online - live- Short courses- Hybrid - in person or online,"On the occasion of the National Gallery’s upcoming exhibition 'Vincent Van Gogh: Poets and Lovers', we will consider the enduring interest of this painter and how his relevance is being framed anew.","Sat 21 Sep 2024, 9:45am - 5:00pm",NA
https://www.conted.ox.ac.uk/courses/machine-learning-biomedical?code=O24I410RML,Machine Learning of Wearables in Large Scale Biomedical Studies,Available,Short intensive- Professional development,"A residential short course on machine learning of wearables datasets, connecting post-graduate and post-doctoral researchers from academia and industry with experts at Oxford's Big Data Institute and Nuffield Department of Population Health.","Sun 22 Sep 2024- 27 Sep 2024, ",NA
https://www.conted.ox.ac.uk/courses/ancestral-voices-the-earliest-english-literature-online?code=O24P318LTV,Ancestral Voices: The Earliest English Literature (Online),Available,Online - flexible- Short courses,"This course introduces you to Old English literature: from tales of heroism, courage and fellowship, to poignant elegies of love and loss.","Mon 23 Sep 2024- 06 Dec 2024, ",NA
https://www.conted.ox.ac.uk/courses/artificial-intelligence-introduction-to-machine-learning?code=O24P646COV,Artificial Intelligence Concepts: Introduction to Machine Learning (Online),Available,Online - flexible- Short courses,"Machine Learning methods lie at the heart of the Artificial Intelligence revolution. This course introduces fundamental concepts to explain Machine Learning methods, potential, and pitfalls to a general audience.","Mon 23 Sep 2024- 06 Dec 2024, ",NA
https://www.conted.ox.ac.uk/courses/critical-reasoning-a-romp-through-the-foothills-of-logic-online?code=O24P381PHV,Critical Reasoning: A Romp through the Foothills of Logic (Online),Available,Online - flexible- Short courses,"Reasoning enables us to acquire knowledge, to persuade others and to evaluate their arguments. But only if we reason well. We shall be learning how to recognise, evaluate, construct and analyse arguments, and how to recognise common fallacies.","Mon 23 Sep 2024- 06 Dec 2024, ",NA
https://www.conted.ox.ac.uk/courses/europe-of-the-dictators-online?code=O24P379HIV,Europe of the Dictators (Online),Available,Online - flexible- Short courses,Why were the inter-war years a period of such political extremism and dictatorial rule across Europe?,"Mon 23 Sep 2024- 06 Dec 2024, ",NA
https://www.conted.ox.ac.uk/courses/financial-investment-principles-online?code=O24C046N5Y,Financial Investment Principles (online),Available,Online - live- Short courses- Professional development,"This online course will provide you with a thorough introduction to finance, financial markets and how financial markets interact with the wider economy.","Mon 23 Sep 2024- 04 Oct 2024, 19:00 - 20:30 (UK time)",4 meetings
https://www.conted.ox.ac.uk/courses/international-labour-migration-economics-politics-and-ethics-online?code=O24P383SOV,"International Labour Migration: Economics, Politics and Ethics (Online)",Available,Online - flexible- Short courses,This global course analyses one of the most controversial public policy issues of the 21st century: how to regulate international labour migration and the rights of migrant workers.,"Mon 23 Sep 2024- 06 Dec 2024, ",NA
https://www.conted.ox.ac.uk/courses/reality-being-and-existence-an-introduction-to-metaphysics-online?code=O24P324PHV,"Reality, Being and Existence: An Introduction to Metaphysics (Online)",Available,Online - flexible- Short courses,"An introduction to metaphysics, the most general investigation of reality. It has been at the centre of philosophy since the beginning of the Western tradition in ancient Greece, and many of its concerns are the same as those of Plato and Aristotle.","Mon 23 Sep 2024- 06 Dec 2024, ",NA
https://www.conted.ox.ac.uk/courses/architecture-of-the-english-medieval-cathedral-online?code=O24P546HCV,The Architecture of the English Medieval Cathedral (Online),Available,Online - flexible- Short courses,"This course will explore the English medieval cathedral as a developing institution which survived over a thousand years of religious upheaval and historical change, focusing on the multifaceted architecture of a range of truly great churches.","Mon 23 Sep 2024- 06 Dec 2024, ",NA
https://www.conted.ox.ac.uk/courses/history-of-economic-thought-online?code=O24P396SOV,The History of Economic Thought (Online),Available,Online - flexible- Short courses,"This course evaluates the development of economic thought through the eyes of Greek, Chinese, Indian and European traditions before exploring economic thought in the context of the 20th century.","Mon 23 Sep 2024- 06 Dec 2024, ",NA
https://www.conted.ox.ac.uk/courses/the-making-of-modern-britain-online?code=O24P351HIV,The Making of Modern Britain (Online),Available,Online - flexible- Short courses,"A modern, democratic, multicultural Britain developed throughout the twentieth century. This course will examine the key social, economic and political influences that have shaped modern Britain.","Mon 23 Sep 2024- 06 Dec 2024, ",NA
https://www.conted.ox.ac.uk/courses/who-are-the-celts-online?code=O24P435AHV,Who are the Celts? (Online),Available,Online - flexible- Short courses,"What do we really know about the Celtic world? These ancient communities left us  captivating artefacts and imposing earthworks, but also with more subtle clues from which we can tease out the origins of the peoples who have come to be known as the Celts.","Mon 23 Sep 2024- 06 Dec 2024, ",NA
https://www.conted.ox.ac.uk/courses/managing-workplace-behaviour-for-better-performance-online?code=O24C036N3Y,Managing Workplace Behaviour for Better Performance (online),Available,Online - live- Short courses- Professional development,Learn how to make the work system work and explore the ways in which you can create a more successful physical and psychological workplace.,"Tue 24 Sep 2024- 27 Sep 2024, 11:00-12:30 (UK time)",4 meetings
https://www.conted.ox.ac.uk/courses/understanding-the-self-personality-theories?code=O24P195PCJ,Understanding the Self: Personality Theories,Available,Online - live- Short courses,Who am I? Why am I this way? Why do I make certain choices? Can I change? This online day school presents the main psychological theories of personality and explains how psychologists measure it.,"Tue 24 Sep 2024, 10:00am - 5:00pm",NA
https://www.conted.ox.ac.uk/courses/artificial-intelligence-applications?code=O24P602COV,Artificial Intelligence Concepts: Practical Applications (Online),Available,Online - flexible- Short courses,"Understanding the impact of Artificial Intelligence, now and in the future, is a key skill in the knowledge economy. This course develops a critical understanding of real-world AI applications by introducing various case studies to a general audience.","Wed 25 Sep 2024- 06 Dec 2024, ",NA
https://www.conted.ox.ac.uk/courses/bioethics-for-beginners-online?code=O24P346PHV,Bioethics for Beginners (Online),Available,Online - flexible- Short courses,Do you think reproductive cloning is morally permissible? Do you check food labels to exclude buying any with GM ingredients? Would you worry if the government introduced compulsory depositing of DNA in the national DNA bank?,"Wed 25 Sep 2024- 06 Dec 2024, ",NA
https://www.conted.ox.ac.uk/courses/elizabeth-i-online?code=O24P338HIV,Elizabeth I (Online),Available,Online - flexible- Short courses,"This course will examine the life and reign of Elizabeth I, from her troubled childhood to the death of the aged Virgin Queen. But what do we really know of this iconic queen? Can her reign be accounted a success?","Wed 25 Sep 2024- 06 Dec 2024, ",NA
https://www.conted.ox.ac.uk/courses/english-landscape-gardens-1650-to-the-present-day-online?code=O24P345LHV,English Landscape Gardens: 1650 to the Present Day (Online),Available,Online - flexible- Short courses,"This course is the ideal introduction to English garden history. It provides an overview of five centuries of development, from baroque formalism through the naturalistic landscape style, right up to contemporary cutting-edge planting style.","Wed 25 Sep 2024- 06 Dec 2024, ",NA
https://www.conted.ox.ac.uk/courses/english-poetry-of-the-first-world-war-online?code=O24P340LTV,English Poetry of the First World War (Online),Available,Online - flexible- Short courses,Some of the most powerful and moving English poetry of the modern period was written during or about the First World War.,"Wed 25 Sep 2024- 06 Dec 2024, ",NA
https://www.conted.ox.ac.uk/courses/inter-culturally-speaking-online?code=O24P395TEV,Inter-culturally Speaking (Online),Available,Online - flexible- Short courses,"Are we just who we think we are, or are we also who others think we are? Are we born prejudiced? Can we talk of 'national characteristics'? How can we best live together on this planet?","Wed 25 Sep 2024- 06 Dec 2024, ",NA
https://www.conted.ox.ac.uk/courses/italian-renaissance-art-c1400-c1600-online?code=O24P312ARV,Italian Renaissance Art c.1400-c.1600 (Online),Available,Online - flexible- Short courses,"From Bellini and Botticelli to tapestry and tableware, the material culture of the Italian Renaissance continues to fascinate us to this day. This course is an opportunity to explore this unique period.","Wed 25 Sep 2024- 06 Dec 2024, ",NA
https://www.conted.ox.ac.uk/courses/learning-to-look-at-western-architecture-online?code=O24P307HCV,Learning to Look at Western Architecture (Online),Available,Online - flexible- Short courses,This course is designed to enable you to 'read' the architecture of the Western world in a critically informed way.,"Wed 25 Sep 2024- 06 Dec 2024, ",NA
https://www.conted.ox.ac.uk/courses/minoans-and-mycenaeans-online?code=O24P509AHV,Minoans and Mycenaeans (Online),Available,Online - flexible- Short courses,"The Minoans and Mycenaeans left us with the intriguing Greek Bronze Age sites of Knossos, Mycenae, Pylos and Akrotiri. The excavation of these sites turned archaeologists into superstars, as stunning architecture, sculpture and weaponry were revealed.","Wed 25 Sep 2024- 06 Dec 2024, ",NA
https://www.conted.ox.ac.uk/courses/the-first-civilization-mesopotamia-online?code=O24P391AHV,The First Civilization: Mesopotamia (Online),Available,Online - flexible- Short courses,"Civilization was born over 5,000 years ago on the fertile plains of southern Mesopotamia.  Using archaeology and textual sources, this course will build a picture of the Sumerian civilization, one that lies at the root of our own world.","Wed 25 Sep 2024- 06 Dec 2024, ",NA
https://www.conted.ox.ac.uk/courses/the-modern-american-novel-an-introduction-online?code=O24P342LTV,The Modern American Novel: An Introduction (Online),Available,Online - flexible- Short courses,"In this course we shall study five key novels of the twentieth century - by Fitzgerald, Faulkner, Silko, Morrison and Roth.","Wed 25 Sep 2024- 06 Dec 2024, ",NA
https://www.conted.ox.ac.uk/courses/van-eyck-to-memling-northern-renaissance-art-c1430-1480-online?code=O24P445ARV,Van Eyck to Memling: Northern Renaissance Art c.1430-1480 (Online),Available,Online - flexible- Short courses,"The work of northern Renaissance artists is often incredibly beautiful, with marvellous colours and textures. But there is much more to their work than simple aesthetics, for it evolved from an intriguing range of religious and cultural beliefs.","Wed 25 Sep 2024- 06 Dec 2024, ",NA
https://www.conted.ox.ac.uk/courses/vikings-raiders-traders-and-settlers-online?code=O24P331AHV,"Vikings: Raiders, Traders and Settlers (Online)",Available,Online - flexible- Short courses,"Ravagers, despoilers, pagans, the Vikings are often regarded as bloodthirsty pirates. Yet they were also traders, settlers and farmers with a thriving artistic culture and legal systems.  Using archaeology we examine the varied aspects of the Viking world","Wed 25 Sep 2024- 06 Dec 2024, ",NA
https://www.conted.ox.ac.uk/courses/britain-france-and-the-middle-east-colonial-perfidy-or-civilising-mission?code=O24P453HIW,"Britain, France and The Middle East: Colonial Perfidy or 'Civilising Mission'?",Available,In-person weekly- Short courses,"Britain and France have colonised the countries of The Middle East since the mid-19th century, claiming to deliver enlightenment and democracy. However, from the conquest of Algeria to the Sykes-Picot agreement many challenge the integrity of such claims.","Mon 30 Sep 2024- Mon 02 Dec 2024, 10:30am - 12:30pm",10 meetings
https://www.conted.ox.ac.uk/courses/introduction-to-calculus?code=O24P770MAZ,Calculus: Introduction,Available,Online - live- Short courses,"Calculus is a 'sine qua non' for studying more advanced mathematics, physics, statistics, machine learning and data science. This course will introduce you to the vocabulary and techniques that open the panorama of science and engineering.","Mon 30 Sep 2024- 02 Dec 2024, 7:30 - 8:30pm",10 meetings
https://www.conted.ox.ac.uk/courses/introduction-to-coaching?code=O24P529PCW,Coaching: An Introduction,Available,In-person weekly- Short courses,"This course will help anyone interested in using coaching, whether professionally, as a life skill, or to achieve better results in their work with others. Thought-provoking and practical, this course explores the theory and skills of good coaching.","Mon 30 Sep 2024- Mon 02 Dec 2024, 6:30 - 9:30pm",10 meetings
https://www.conted.ox.ac.uk/courses/collecting-antiquities-in-britain-the-eighteenth-century-to-today?code=O24P467ARW,Collecting Antiquities in Britain: 18th Century to Today,Available,In-person weekly- Short courses,Dive into the complex history of collecting and exhibiting antiquities in Britain and discover how these eighteenth- and nineteenth-century practices continue to impact us in the present day.,"Mon 30 Sep 2024- Mon 02 Dec 2024, 2:00 - 4:00pm",10 meetings
https://www.conted.ox.ac.uk/courses/discover-your-voice?code=O24P552MSW,Discover Your Voice,Available,In-person weekly- Short courses,"This course is designed for anyone who would like to sing, but feels that they can't. Through a mixture of seminars and workshops, consideration will be given to various common vocal problems and their solutions.","Mon 30 Sep 2024- Mon 02 Dec 2024, 7:00 - 9:00pm",10 meetings
https://www.conted.ox.ac.uk/courses/foundations-of-judaism-christianity-and-islam?code=O24P545THW,"Foundations of Judaism, Christianity and Islam",Available,In-person weekly- Short courses,"This course is an introduction to foundations of three great world religions: Judaism, Christianity and Islam; their origins and early historical development; their key texts; some of their key beliefs and practices; and the bases of their ethics.","Mon 30 Sep 2024- Mon 02 Dec 2024, 2:00 - 4:00pm",10 meetings
https://www.conted.ox.ac.uk/courses/french-lower-intermediate-part-1?code=O24P567XFW,French: Lower Intermediate - Part 1,Available,In-person weekly- Short courses,"Improve your language skills, and understanding of the culture, society and daily life in the French-speaking countries. We will be covering listening, speaking and cultural awareness at lower intermediate level.","Mon 30 Sep 2024- Mon 02 Dec 2024, 7:30 - 9:30pm",10 meetings
https://www.conted.ox.ac.uk/courses/getting-started-writing-your-feature-film-screenplay?code=O24P745CRZ,Getting Started Writing Your Feature Film Screenplay,Available,Online - live- Short courses,"Work actively to understand key screenwriting concepts to build your awareness of the needs of your film idea. Develop this into a riveting outline, populate it with engaging characters, and draw your audience into your story world though genre.","Mon 30 Sep 2024- 02 Dec 2024, 1:30 - 2:30pm",10 meetings
https://www.conted.ox.ac.uk/courses/literature-and-the-climate-emergency?code=O24P475LTW,Literature and the Climate Emergency,Available,In-person weekly- Short courses,"This course will explore the capacity of different literary forms, such as speculative fiction, cli-fi, and creative non-fiction, to represent, explore and address climate change and the ‘slow violence’ of the environmental crisis.","Mon 30 Sep 2024- Mon 02 Dec 2024, 10:30am - 12:30pm",10 meetings
https://www.conted.ox.ac.uk/courses/memoir-begin-writing-your-life?code=O24P436CRW,Memoir: Begin Writing Your Life,Available,In-person weekly- Short courses,Everyone has an interesting life story and this course will enable you to present your own.  We shall consider different ways of exploring the life of an individual in ways which recognise each person as unique.,"Mon 30 Sep 2024- Mon 02 Dec 2024, 10:30am - 12:30pm",10 meetings
https://www.conted.ox.ac.uk/courses/introduction-to-music-theory?code=O24P776MSZ,Music Theory: An Introduction,Available,Online - live- Short courses,"Explore the basics of classical music theory - notation, rhythm, melody, harmony and form - relating theory to practice with examples from over three centuries of repertoire. Also helpful for those preparing for music theory exams.","Mon 30 Sep 2024- 02 Dec 2024, 2:30 - 3:30pm",10 meetings
https://www.conted.ox.ac.uk/courses/peri-to-puccini-the-story-of-italian-opera?code=O24P551MSW,Peri to Puccini: The Story of Italian Opera,Available,In-person weekly- Short courses,"Starting with the birth of Italian opera around 1600, this course charts its development through the masterpieces of Monteverdi, Handel, Mozart, Rossini, Donizetti, Bellini, Verdi and Puccini.","Mon 30 Sep 2024- Mon 02 Dec 2024, 2:00 - 4:00pm",10 meetings
https://www.conted.ox.ac.uk/courses/screenwriting-from-film-idea-to-pitch?code=O24P437CRW,Screenwriting: From Film Idea to Pitch,Available,In-person weekly- Short courses,"Actively develop your film idea to build your awareness of its value and needs in this interactive seminar. Expand this into a pitch, communicate what you bring to the story, and why it is worth turning into a film or TV programme.","Mon 30 Sep 2024- Mon 02 Dec 2024, 7:00 - 9:00pm",10 meetings
https://www.conted.ox.ac.uk/courses/technical-team-communication-online?code=O24C061N3Y,Technical Team Communication (online),Available,Short intensive- Short courses- Professional development,Good communication is key to achieving high performance in the workplace. Technical people need to communicate with multiple stakeholders using multiple communication methods. This course will cover how to excel in written and verbal communication.,"Mon 30 Sep 2024- 03 Oct 2024, 09:30 - 12:30 UK time",4 meetings
https://www.conted.ox.ac.uk/courses/the-orthodox-church-in-the-middle-ages?code=O24P454HIW,The Orthodox Church in the Middle Ages,Available,In-person weekly- Short courses,"Investigating the significant role the Orthodox Church played in the life of the Byzantine Empire, we will discuss its development, spiritual and political power, role in diplomacy, differences with the Church of Rome, and influence on Byzantine art.","Mon 30 Sep 2024- Mon 02 Dec 2024, 11:00am - 1:00pm",10 meetings
https://www.conted.ox.ac.uk/courses/the-practice-of-magic-in-medieval-society?code=O24P765LHZ,The Practice of Magic in Medieval Society,Available,Online - live- Short courses,'Magic' was a wide-ranging concept that affected many aspects of medieval society. This course will consider the actual and perceived practices of magic in the medieval period and their consequences.,"Mon 30 Sep 2024- 02 Dec 2024, 7:00 - 8:00pm",10 meetings
https://www.conted.ox.ac.uk/courses/the-rise-and-fall-of-rome?code=O24P401AHW,The Rise and Fall of Rome,Available,In-person weekly- Short courses,"This course traces the path of Rome, from a small village in Latium vetus, to an emerging power in Italy, and finally the heart of a Mediterranean Empire, exploring the ecological and socio-political factors that underpin its rise and subsequent fall.","Mon 30 Sep 2024- Mon 02 Dec 2024, 2:00 - 4:00pm",10 meetings
https://www.conted.ox.ac.uk/courses/understanding-emotions?code=O24P528PCW,Understanding Emotions,Available,In-person weekly- Short courses,"Explore the definition and history of emotions; the innate/constructed debate; core emotions, positive emotions and psychopathology; provoking their outward expression; role in motivation and behaviour; the connection to wisdom, values, and religion.","Mon 30 Sep 2024- Mon 02 Dec 2024, 2:30 - 4:30pm",10 meetings
https://www.conted.ox.ac.uk/courses/world-archaeology?code=O24P707AHZ,World Archaeology,Available,Online - live- Short courses,"During this short course, we explore the emergence of fascinating past societies from around the world. Some are mysterious and lost in the mists of time, while others form the foundations of cultural traditions that exist in the world today.","Mon 30 Sep 2024- 02 Dec 2024, 4:00 - 5:00pm",10 meetings
https://www.conted.ox.ac.uk/courses/the-pencil-of-nature-a-history-of-the-art-of-photography?code=O24P468ARW,'The Pencil of Nature’: History of the Art of Photography,Available,In-person weekly- Short courses,"Explore the rich and evolving history of photography, from its earliest origins in Georgian France and England, to the present day. How did photography become established as a serious art form in its own right, and what is its future?","Tue 01 Oct 2024- Tue 03 Dec 2024, 2:00 - 4:00pm",10 meetings
https://www.conted.ox.ac.uk/courses/an-archaeology-of-natural-places?code=O24P402AHW,An Archaeology of Natural Places,Available,In-person weekly- Short courses,An archaeology of natural places offers a nuanced way to engage with human connections to the environmental world and of human cultural expressions about it. Our focus is on European prehistory with global anthropological and ethnographic case studies.,"Tue 01 Oct 2024- Tue 03 Dec 2024, 2:00 - 4:00pm",10 meetings
https://www.conted.ox.ac.uk/courses/introduction-to-computer-science-cs50?code=O24P807COZ,CS50: An Introduction to Computer Science,Available,Online - live- Short courses,"Based on the all-conquering Harvard Extension School course, CS50 is now available at Oxford. This course teaches you how to solve problems, both with and without code, with an emphasis on correctness, design, and style.","Tue 01 Oct 2024- 17 Dec 2024, 7:00 - 9:00pm",11 meetings
https://www.conted.ox.ac.uk/courses/chinese-mandarin-beginners-part-1?code=O24P570XCW,Chinese (Mandarin): Beginners - Part 1,Available,In-person weekly- Short courses,Join this interactive course to learn Chinese language and explore its culture. For complete Beginners as well as those who have learnt some Chinese expressions and phrases through travel or socialising.,"Tue 01 Oct 2024- Tue 03 Dec 2024, 5:00 - 7:00pm",10 meetings
https://www.conted.ox.ac.uk/courses/introduction-to-cognitive-behavioural-therapy?code=O24P791PCZ,Cognitive Behavioural Therapy (CBT): An Introduction,Available,Online - live- Short courses,An introduction to Cognitive Behavioural Therapy that will enable both experienced clinicians from other therapeutic traditions and people with a general interest in therapy to gain a foundation in key CBT theory and skills.,"Tue 01 Oct 2024- 03 Dec 2024, 4:30 - 5:30pm",10 meetings
https://www.conted.ox.ac.uk/courses/introduction-to-counselling-young-people?code=O24P531PCW,Counselling Young People: An Introduction,Available,In-person weekly- Short courses,Exploring the way young people form relationships with themselves and others from a therapeutic perspective. The ten week programme provides transferrable skills and a basic introduction for listening to and helping young people in a variety of settings.,"Tue 01 Oct 2024- Tue 03 Dec 2024, 10:30am - 12:30pm",10 meetings
https://www.conted.ox.ac.uk/courses/a-critical-introduction-to-ethical-capitalism?code=O24P521SOW,Ethical Capitalism: A Critical Introduction,Available,In-person weekly- Short courses,"What is capitalism? Can it be truly ethical? We address those crucial questions by looking at economic history and theory, as well as sociology and philosophy. We will study the goods and evils of competition, profits, regulation, and growth.","Tue 01 Oct 2024- Tue 03 Dec 2024, 10:30am - 12:30pm",10 meetings
https://www.conted.ox.ac.uk/courses/ethics-with-aristotle?code=O24P783PHZ,Ethics with Aristotle,Available,Online - live- Short courses,"Why engage with an approach to ethics that is 2,300 years old? Because ethics without Aristotle is inconceivable, and his insights into what is good for humans remain invaluable. Join in to explore and discuss the 'Nicomachean Ethics'.","Tue 01 Oct 2024- 03 Dec 2024, 7:00 - 8:00pm",10 meetings
https://www.conted.ox.ac.uk/courses/introduction-to-existential-therapy?code=O24P794PCZ,Existential Therapy: An Introduction,Available,Online - live- Short courses,This introduction to Existential Therapy will enable both experienced clinicians from other therapeutic traditions and those with a general interest in therapy to gain a foundation in key existential theory and skills.,"Tue 01 Oct 2024- 03 Dec 2024, 11:00am - 12:00pm",10 meetings
https://www.conted.ox.ac.uk/courses/faith-for-rights-empowering-religious-leaders-to-protect-human-rights?code=O24P800THZ,Faith for Rights: Empowering Religious Leaders to Protect Human Rights,Available,Online - live- Short courses,"This course equips leaders and students with tools from the UN's Faith For Rights framework to merge human rights with faith ideals, fostering cohesive communities. It will be delivered through lectures, sharing of case studies and peer-to-peer learning.","Tue 01 Oct 2024- 03 Dec 2024, 4:00 - 5:00pm",10 meetings
https://www.conted.ox.ac.uk/courses/french-intermediate-part-1?code=O24P573XFW,French: Intermediate - Part 1,Available,In-person weekly- Short courses,Consolidate your proficiency in French language and express your opinions on a range of familiar everyday topics. A progression course for students who completed French: Lower Intermediate - Part 2.,"Tue 01 Oct 2024- Tue 03 Dec 2024, 7:30 - 9:30pm",10 meetings
https://www.conted.ox.ac.uk/courses/getting-started-in-nature-writing?code=O24P749CRZ,Getting Started in Nature Writing,Available,Online - live- Short courses,Gain an appreciation of different forms of nature writing and produce your own texts in a supportive environment with this online course.,"Tue 01 Oct 2024- 03 Dec 2024, 12:30 - 1:30pm",10 meetings
https://www.conted.ox.ac.uk/courses/how-to-raise-good-citizens-faith-philosophy-and-authority?code=O24P496PHW,"How To Raise Good Citizens? Faith, Philosophy, and Authority",Available,In-person weekly- Short courses,"If we want to avoid the kind of moral catastrophes that marred the 20th Century - from The Holocaust to Pol Pot's Killing Fields - understanding their root causes, and also what might immunise against them, could not be more important.","Tue 01 Oct 2024- Tue 03 Dec 2024, 2:00 - 4:00pm",10 meetings
https://www.conted.ox.ac.uk/courses/women-in-leadership-increasing-diversity-and-inclusion-online?code=O24C058N3Y,Increasing Diversity and Inclusion: Women in Leadership (online),Available,Online - live- Short courses- Professional development,This course aims to explore the literature on Women in Leadership and uses an evidence-based approach to explore the journey many women negotiate in moving up the organisational hierarchy.,"Tue 01 Oct 2024- 04 Oct 2024, 11:00 - 12:30 (UK time)",4 meetings
https://www.conted.ox.ac.uk/courses/modern-legal-controversies?code=O24P455HIW,Modern Legal Controversies,Available,In-person weekly- Short courses,"Judges are 'enemies of the people', covid restrictions 'unacceptable assaults on individual freedom, law 'inadequate to deal with violence against women'. The law has never been so controversial. But what are the realities behind the  headlines?","Tue 01 Oct 2024- Tue 03 Dec 2024, 2:00 - 4:00pm",10 meetings
https://www.conted.ox.ac.uk/courses/poets-workshop?code=O24P438CRW,Poets' Workshop,Available,In-person weekly- Short courses,"If you write poems as a response to life, you shall enjoy this workshop. In a supportive but disciplined group we will help you build on existing ideas and skills and encourage you to discover and explore new possibilities.","Tue 01 Oct 2024- Tue 03 Dec 2024, 10:30am - 12:30pm",10 meetings
https://www.conted.ox.ac.uk/courses/portuguese-lower-intermediate-part-1?code=O24P572XPW,Portuguese: Lower Intermediate - Part 1,Available,In-person weekly- Short courses,"Improve your language skills, and understanding of the culture, society and daily life in Portuguese-speaking countries. We will be covering listening, speaking and cultural awareness at lower intermediate level.","Tue 01 Oct 2024- Tue 03 Dec 2024, 7:15 - 9:15pm",10 meetings
https://www.conted.ox.ac.uk/courses/prehistoric-art?code=O24P703AHZ,Prehistoric Art,Available,Online - live- Short courses,"The art of prehistoric Europe is rich with imagery such as cave paintings, carvings, body ornamentation and frescoes. This course considers a range of sites and artefacts in our exploration of the unique and creative ways people visualised their world.","Tue 01 Oct 2024- 03 Dec 2024, 11:30am - 12:30pm",10 meetings
https://www.conted.ox.ac.uk/courses/python-programming-for-data-science-introduction?code=O24P434COW,Python Programming for Data Science: Introduction,Available,In-person weekly- Short courses,"Gain insight into the most important programming tools using the Python programming language, for obtaining data, bringing it into a usable form, exploring and modelling it, and for presenting discoveries to a wider audience.","Tue 01 Oct 2024- Tue 03 Dec 2024, 7:00 - 9:00pm",10 meetings
https://www.conted.ox.ac.uk/courses/shakespeares-histories?code=O24P476LTW,Shakespeare’s Histories,Available,In-person weekly- Short courses,"A study of the English History plays, which deal with the century between the closing years of the reign of Richard II, who was deposed and probably murdered in 1399, and the Battle of Bosworth in 1485, which established the Tudor dynasty.","Tue 01 Oct 2024- Tue 03 Dec 2024, 10:30am - 12:30pm",10 meetings
https://www.conted.ox.ac.uk/courses/spanish-lower-intermediate-part-1?code=O24P569XSW,Spanish: Lower Intermediate - Part 1,Available,In-person weekly- Short courses,"Improve your language skills, and understanding of the culture, society and daily life in the Spanish-speaking countries. We will be covering listening, speaking and cultural awareness at lower intermediate level.","Tue 01 Oct 2024- Tue 03 Dec 2024, 5:00 - 7:00pm",10 meetings
https://www.conted.ox.ac.uk/courses/introduction-to-web-applications-using-javascript?code=O24P732COZ,Web Applications Using JavaScript: Introduction,Available,Online - live- Short courses,"An introduction to the essentials of web applications: HTML, CSS and JavaScript. Furthermore PHP, MySQL, React, Python's Django which introduce full-stack and cross-platform web application development.","Tue 01 Oct 2024- 03 Dec 2024, 7:30 - 8:30pm",10 meetings
https://www.conted.ox.ac.uk/courses/writing-psychological-thrillers?code=O24P439CRW,Writing Psychological Thrillers,Available,In-person weekly- Short courses,"A course for aspiring writers of psychological thrillers; whether you are nearly finished or just beginning, these mentor-type sessions will help you gather twisty plots and complex characters into a suspenseful and coherent whole.","Tue 01 Oct 2024- Tue 03 Dec 2024, 10:30am - 12:30pm",10 meetings
https://www.conted.ox.ac.uk/courses/anthropology-applied?code=O24P701AHZ,Anthropology Applied,Available,Online - live- Short courses,"Explore the unique role of applied anthropology in addressing major global challenges of our time. Learn how an integrated understanding of social and cultural dynamics can make the difference between life and death, and change the way you view the world.","Wed 02 Oct 2024- 04 Dec 2024, 7:00 - 8:00pm",10 meetings
https://www.conted.ox.ac.uk/courses/applied-data-science?code=O24P742COZ,Applied Data Science: Introduction,Available,Online - live- Short courses,An intermediate course introducing a blend of data science concepts and technologies in order to enable you to work with everyday data related issues analytically. Gain experience of the entire data science supply chain with a hands-on group project.,"Wed 02 Oct 2024- 04 Dec 2024, 1:00 - 2:00pm",10 meetings
https://www.conted.ox.ac.uk/courses/arabic-beginners-part-1?code=O24P576XBW,Arabic: Beginners - Part 1,Available,In-person weekly- Short courses,Join this interactive course to learn Arabic language and explore its culture. For complete Beginners as well as those who have learnt some Arabic expressions and phrases through travel or socialising.,"Wed 02 Oct 2024- Wed 04 Dec 2024, 5:00 - 7:00pm",10 meetings
https://www.conted.ox.ac.uk/courses/architectural-conservation-history-and-global-practice?code=O24P710HCZ,Architectural Conservation: History and Global Practice,Available,Online - live- Short courses,"Approaches to managing old buildings change across time and between cultures. This course will give historical and global context to architectural conservation practice, and help students broaden their perspective on change in the historic environment.","Wed 02 Oct 2024- 04 Dec 2024, 2:30 - 3:30pm",10 meetings
https://www.conted.ox.ac.uk/courses/architecture-and-glass-stained-glass-in-english-cathedrals?code=O24P417HCW,"Architecture and Glass: Stained Glass in English Cathedrals, Medieval to Modern",Available,In-person weekly- Short courses,"Design of stained glass was intertwined with the developing forms of windows and the stone tracery they contained - seen in Canterbury's twelfth century miracles of St Thomas, York's great east window, work by Edward Burne-Jones and Marc Chagall.","Wed 02 Oct 2024- Wed 04 Dec 2024, 2:00 - 4:00pm",10 meetings
https://www.conted.ox.ac.uk/courses/chaos-theory-an-introduction?code=O24P786PYZ,Chaos Theory: An Introduction,Available,Online - live- Short courses,"An overview of the change of focus from classical physics describing an ideal world to a new approach, modelling nonlinearity and chaotic behaviour. Chaos theory describes a world where the smallest actions might have the greatest consequences.","Wed 02 Oct 2024- 04 Dec 2024, 5:00 - 6:00pm",10 meetings
https://www.conted.ox.ac.uk/courses/an-introduction-to-critical-thinking?code=O24P497PHW,Critical Thinking: An Introduction,Available,In-person weekly- Short courses,Discover the fundamental principles of different types of good reasoning. Learn how to identify reliable sources of information. This will make your own thinking more rational and help you analyse and evaluate others' attempts to persuade you.,"Wed 02 Oct 2024- Wed 04 Dec 2024, 10:30am - 12:30pm",10 meetings
https://www.conted.ox.ac.uk/courses/economics-growth-or-degrowth?code=O24P522SOW,Economics: Growth or Degrowth?,Available,In-person weekly- Short courses,"Economists and politicians mostly assumed that growth was good. In recent years this has been challenged by environmental activists, ecological economists and eco-socialists. Should society no longer aim for economic growth?","Wed 02 Oct 2024- Wed 04 Dec 2024, 7:00 - 9:00pm",10 meetings
https://www.conted.ox.ac.uk/courses/elgar-vaughan-williams-and-the-new-english-renaissance?code=O24P554MSW,"Elgar, Vaughan Williams and the New English Renaissance",Available,In-person weekly- Short courses,"The works of Elgar and Vaughan Williams represent a vibrant resurgence of creativity and innovation in the English musical landscape, inspiring generations of composers, including Holst, Delius and Walton. This course explores their music and legacy.","Wed 02 Oct 2024- Wed 04 Dec 2024, 7:00 - 9:00pm",10 meetings
https://www.conted.ox.ac.uk/courses/exploring-psychology?code=O24P532PCW,Exploring Psychology,Available,In-person weekly- Short courses,"In this introduction to Psychology, studies include memory and forgetting, personality, and aspects of childhood development. We will explore human behaviour, and how and why we are unique, using different perspectives from Freud to Positive Psychology.","Wed 02 Oct 2024- Wed 04 Dec 2024, 4:30 - 6:30pm",10 meetings
https://www.conted.ox.ac.uk/courses/film-studies-an-introduction?code=O24P449FIW,Film Studies: An Introduction,Available,In-person weekly- Short courses,This beginners' course will provide a solid introduction to some of the key concepts in film theory. Students will deepen their knowledge of the medium and develop their critical thinking skills through close analysis of films and individual sequences.,"Wed 02 Oct 2024- Wed 04 Dec 2024, 7:00 - 9:00pm",10 meetings
https://www.conted.ox.ac.uk/courses/flash-fiction-workshop?code=O24P747CRZ,Flash Fiction Workshop,Available,Online - live- Short courses,"Writing flash fiction brings benefits to writers of all stripes. In this hands-on workshop, we'll be writing each week, discussing our work, and developing new skills in brevity, language and form.","Wed 02 Oct 2024- 04 Dec 2024, 3:30 - 4:30pm",10 meetings
https://www.conted.ox.ac.uk/courses/french-beginners-part-1?code=O24P578XFW,French: Beginners - Part 1,Available,In-person weekly- Short courses,Join this interactive course to learn French language and explore its culture. For complete Beginners as well as those who have learnt some French expressions and phrases through travel or socialising.,"Wed 02 Oct 2024- Wed 04 Dec 2024, 7:30 - 9:30pm",10 meetings
https://www.conted.ox.ac.uk/courses/hegels-political-philosophy?code=O24P781PHZ,Hegel's Political Philosophy,Available,Online - live- Short courses,"Apologist for the Prussian state? Proto-totalitarian? Or liberal? This course will cut through the misconceptions and present Hegel's political philosophy in its full complexity and subtlety, by means of a close reading of his Philosophy of Right (1821).","Wed 02 Oct 2024- 04 Dec 2024, 12:30 - 1:30pm",10 meetings
https://www.conted.ox.ac.uk/courses/infectious-disease-modelling-applied-methods-in-r?code=O24P728COZ,Infectious Disease Modelling: Applied Methods in R,Available,Online - live- Short courses,"Infectious disease modelling utilises data and our understanding of disease biology to provide public health insights. Aimed at a general audience, this course will cover methods for modelling disease transmission in statistical programming language R.","Wed 02 Oct 2024- 04 Dec 2024, 3:00 - 4:00pm",10 meetings
https://www.conted.ox.ac.uk/courses/italian-beginners-part-1?code=O24P575XIW,Italian: Beginners - Part 1,Available,In-person weekly- Short courses,Join this interactive course to learn Italian language and explore its culture. For complete Beginners as well as those who have learnt some Italian expressions and phrases through travel or socialising.,"Wed 02 Oct 2024- Wed 04 Dec 2024, 4:30 - 6:30pm",10 meetings
https://www.conted.ox.ac.uk/courses/italian-lower-intermediate-part-1?code=O24P574XIW,Italian: Lower Intermediate - Part 1,Available,In-person weekly- Short courses,"Improve your language skills, and understanding of the culture, society and daily life in the Italian-speaking countries. We will be covering listening, speaking and cultural awareness at lower intermediate level.","Wed 02 Oct 2024- Wed 04 Dec 2024, 2:00 - 4:00pm",10 meetings
https://www.conted.ox.ac.uk/courses/palaeolithic-art?code=O24P403AHW,Palaeolithic Art,Available,In-person weekly- Short courses,Our stone age ancestors have left us a rich legacy of cave art and ornamental objects. This introductory course explores Palaeolithic art from its earliest beginnings to the spectacular artworks created by Upper Palaeolithic modern humans.,"Wed 02 Oct 2024- Wed 04 Dec 2024, 10:30am - 12:30pm",10 meetings
https://www.conted.ox.ac.uk/courses/propaganda-in-the-20th-century?code=O24P753HIZ,Propaganda in the 20th Century,Available,Online - live- Short courses,"Propaganda shaped history throughout the world in the twentieth century. We will explore its roots in mass politics, literacy and media, its consequences for democratic and totalitarian politics and culture, and its challenge to the very idea of truth.","Wed 02 Oct 2024- 04 Dec 2024, 2:00 - 3:00pm",10 meetings
https://www.conted.ox.ac.uk/courses/an-introduction-to-programming-in-r?code=O24P739COZ,R Programming for Data Science: Introduction,Available,Online - live- Short courses,"Learn about R programming with this online course. At an introductory level, this course provides you with a solid foundation of the R programming language. Here you will learn the basics of R and gradually move to data processing and manipulation.","Wed 02 Oct 2024- 04 Dec 2024, 7:30 - 8:30pm",10 meetings
https://www.conted.ox.ac.uk/courses/spanish-intermediate-part-1?code=O24P577XSW,Spanish: Intermediate - Part 1,Available,In-person weekly- Short courses,Consolidate your proficiency in Spanish language and express your opinions on a range of familiar everyday topics. A progression course for students who completed Spanish: Lower Intermediate - Part 2.,"Wed 02 Oct 2024- Wed 04 Dec 2024, 5:00 - 7:00pm",10 meetings
https://www.conted.ox.ac.uk/courses/the-pianists-workshop-i?code=O24P553MSW,The Pianists' Workshop - I,Available,In-person weekly- Short courses,"Explore piano repertoire, interpretation and technique in a lively mixture of talks and workshops, in which all students will have regular opportunities to play. This class is open to players of all levels and you may join the class in any term.","Wed 02 Oct 2024- Wed 04 Dec 2024, 4:30 - 6:30pm",10 meetings
https://www.conted.ox.ac.uk/courses/the-victorian-factory-worker?code=O24P490LHW,The Victorian Factory Worker,Available,In-person weekly- Short courses,This course examines the lives and experiences of the Victorian factory worker as well as how Britain's factories changed the world. We will explore what is was really like to work in Britain's factories and how it impacted upon the lives of so many.,"Wed 02 Oct 2024- Wed 04 Dec 2024, 2:00 - 4:00pm",10 meetings
https://www.conted.ox.ac.uk/courses/waterloo-a-decisive-victory?code=O24P456HIW,Waterloo: A Decisive Victory,Available,In-person weekly- Short courses,"This course will examine Napoleon’s Wars, his abdication and escape, the Campaign of One Hundred Days leading to the epic battle of Waterloo and the far-reaching consequences of that encounter to Europe and beyond.","Wed 02 Oct 2024- Wed 11 Dec 2024, 10:30am - 12:30pm",10 meetings
https://www.conted.ox.ac.uk/courses/writing-fiction-an-introduction?code=O24P440CRW,Writing Fiction: An Introduction,Available,In-person weekly- Short courses,"Want to learn how to write fiction, or hone your skills? This course demystifies the process and craft of fiction writing with many practical tips and tricks. The emphasis is on learning through doing your own writing, in a fun and supportive atmosphere.","Wed 02 Oct 2024- Wed 04 Dec 2024, 10:30am - 12:30pm",10 meetings
https://www.conted.ox.ac.uk/courses/archaeological-survey-using-airborne-lidar?code=O24P292PAR,Archaeological Survey Using Airborne Lidar,Available,Short intensive- Short courses- Professional development,Elevate your professional skills with our one-day course. Unlock the potential of recent advances in lidar technology to better understand how you can apply it in your job. Learn how to use and present lidar data for different purposes.,"Thu 03 Oct 2024, 9:30am - 5:00pm",1 meetings
https://www.conted.ox.ac.uk/courses/crime-and-punishment-in-early-modern-london?code=O24P457HIW,Crime and Punishment in Early Modern London,Available,In-person weekly- Short courses,"Early modern London was viewed as a hotbed of crime & vice, society was thought to be constantly on the verge of crisis. Visitors and locals frequently encountered crime & punishment. This course examines these encounters and the responses they elicited.","Thu 03 Oct 2024- Thu 05 Dec 2024, 10:30am - 12:30pm",10 meetings
https://www.conted.ox.ac.uk/courses/existentialism-and-religion?code=O24P499PHW,Existentialism and Religion,Available,In-person weekly- Short courses,"This course intends to introduce students to existentialist approaches to religious faith and theology. Focusing particularly on human subjectivity rather than dogma, this course seeks to understand what an existential approach to religion involves.","Thu 03 Oct 2024- Thu 05 Dec 2024, 7:00 - 9:00pm",10 meetings
https://www.conted.ox.ac.uk/courses/german-beginners-part-1?code=O24P580XDW,German: Beginners - Part 1,Available,In-person weekly- Short courses,Join this interactive course to learn German language and explore its culture. For complete Beginners as well as those who have learnt some German expressions and phrases through travel or socialising.,"Thu 03 Oct 2024- Thu 05 Dec 2024, 5:00 - 7:00pm",10 meetings
https://www.conted.ox.ac.uk/courses/german-lower-intermediate-part-1?code=O24P582XDW,German: Lower Intermediate - Part 1,Available,In-person weekly- Short courses,"Improve your language skills, and understanding of the culture, society and daily life in the German-speaking countries. We will be covering listening, speaking and cultural awareness at lower intermediate level.","Thu 03 Oct 2024- Thu 05 Dec 2024, 7:15 - 9:15pm",10 meetings
https://www.conted.ox.ac.uk/courses/global-contemporary-art-an-introduction?code=O24P469ARW,Global Contemporary Art: An Introduction,Available,In-person weekly- Short courses,"You will be introduced to contemporary art practices from a global perspective, featuring some of the most ground-breaking artists and exhibitions from the 20th and 21st centuries.","Thu 03 Oct 2024- Thu 05 Dec 2024, 10:30am - 12:30pm",10 meetings
https://www.conted.ox.ac.uk/courses/happiness-the-state-of-mind?code=O24P498PHW,Happiness: The State of Mind,Available,In-person weekly- Short courses,"What is happiness? The feeling of joy? An attitude to life? And can we be worthy of happiness? In this course we will explore a range of philosophically interesting questions raised by happiness, reflecting also on the reasons we have for being happy.","Thu 03 Oct 2024- Thu 05 Dec 2024, 10:30am - 12:30pm",10 meetings
https://www.conted.ox.ac.uk/courses/japanese-lower-intermediate-part-1?code=O24P581XJW,Japanese: Lower Intermediate - Part 1,Available,In-person weekly- Short courses,"Improve your language skills, and understanding of the culture, society and daily life in Japanese-speaking countries. We will be covering listening, speaking and cultural awareness at lower intermediate level.","Thu 03 Oct 2024- Thu 05 Dec 2024, 7:00 - 9:00pm",10 meetings
https://www.conted.ox.ac.uk/courses/korean-beginners-part-1?code=O24P579XKW,Korean: Beginners - Part 1,Available,In-person weekly- Short courses,Join this interactive course to learn Korean language and explore its culture. For complete Beginners as well as those who have learnt some Korean expressions and phrases through travel or socialising.,"Thu 03 Oct 2024- Thu 05 Dec 2024, 5:00 - 7:00pm",10 meetings
https://www.conted.ox.ac.uk/courses/beginning-linear-algebra?code=O24P771MAZ,Linear Algebra: Introduction,Available,Online - live- Short courses,Linear algebra and its matrices appear throughout the sciences and in the mathematical parts of the social sciences. This basic course is a prerequisite to understanding advanced mathematics and myriad closely and distantly related quantitative fields.,"Thu 03 Oct 2024- 05 Dec 2024, 7:30 - 8:30pm",10 meetings
https://www.conted.ox.ac.uk/courses/plants-how-they-grow-develop-and-survive?code=O24P428BIW,"Plants: How They Grow, Develop and Survive",Available,In-person weekly- Short courses,"How does a plant live? The course will cover aspects of plant life from the cellular to the organismal level, understand how plants are affected by other organisms, and survive in the changing global environment.","Thu 03 Oct 2024- Thu 05 Dec 2024, 10:30am - 12:30pm",10 meetings
https://www.conted.ox.ac.uk/courses/poetry-and-place-location-and-dislocation-in-modern-poetry?code=O24P759LTZ,Poetry and Place,Available,Online - live- Short courses,"This course guides you through inherited literary concepts of 'place' - pastoral, landscape, etc. - before addressing contemporary poetry of an age of rapid travel, forced migration, environmental loss, virtual presence, and the centrality of language.","Thu 03 Oct 2024- 05 Dec 2024, 2:00 - 3:00pm",10 meetings
https://www.conted.ox.ac.uk/courses/portuguese-beginners-part-1?code=O24P566XPW,Portuguese: Beginners - Part 1,Available,In-person weekly- Short courses,Join this interactive course to learn Portuguese language and explore its culture. For complete Beginners as well as those who have learnt some Portuguese expressions and phrases through travel or socialising.,"Thu 03 Oct 2024- Thu 05 Dec 2024, 7:15 - 9:15pm",10 meetings
https://www.conted.ox.ac.uk/courses/reading-literature-critically?code=O24P760LTZ,Reading Literature Critically,Available,Online - live- Short courses,"With an emphasis on close critical analysis, this course is designed to enable you to become a more attentive, appreciative and critical reader of literary texts.","Thu 03 Oct 2024- 05 Dec 2024, 3:30 - 4:30pm",10 meetings
https://www.conted.ox.ac.uk/courses/shakespeare-in-his-world?code=O24P762LTZ,Shakespeare in His World,Available,Online - live- Short courses,"William Shakespeare's plays are world-famous. But in what kind of world did he live? Through local rivalries, feuding families, legal disputes and high politics, we investigate everyday life in Shakespeare's England.","Thu 03 Oct 2024- 05 Dec 2024, 3:00 - 4:00pm",10 meetings
https://www.conted.ox.ac.uk/courses/international-ethics-and-global-justice?code=O24P778PHZ,Should We Do More for the Poor Beyond the Borders?,Available,Online - live- Short courses,"Explore the ethical and economic issues arising from an unequal world with borders. Should we focus more on the poorest in the world and less on our fellow citizens? What are the implications for various policies such as trade, aid, tax and immigration?","Thu 03 Oct 2024- 05 Dec 2024, 1:00 - 2:00pm",10 meetings
https://www.conted.ox.ac.uk/courses/the-archaeology-of-the-classical-world-an-introduction?code=O24P705AHZ,The Archaeology of the Classical World: An Introduction,Available,Online - live- Short courses,"This introductory course introduces the Classical World through an exploration of the archaeology of the cities, villages, temples and daily lives of two ancient Mediterranean societies: the Greeks and the Romans.","Thu 03 Oct 2024- 05 Dec 2024, 6:30 - 7:30pm",10 meetings
https://www.conted.ox.ac.uk/courses/the-biochemistry-of-metabolic-disorders?code=O24P427BIW,The Biochemistry of Metabolic Disorders,Available,In-person weekly- Short courses,"Metabolism is the breakdown of food to provide energy in every cell in the body in order to function properly. Metabolic-related conditions arise from factors such as diet, lack of exercise and genetics leading to disorders such as diabetes and cancer.","Thu 03 Oct 2024- Thu 05 Dec 2024, 7:00 - 9:00pm",10 meetings
https://www.conted.ox.ac.uk/courses/the-elements-of-musical-composition?code=O24P555MSW,The Elements of Musical Composition,Available,In-person weekly- Short courses,"This is a practical course for those interested in composing music of any genre and will concentrate upon the skills common to all composition, focussing this term on melody construction, basic harmony and rhythm.","Thu 03 Oct 2024- Thu 05 Dec 2024, 2:00 - 4:00pm",10 meetings
https://www.conted.ox.ac.uk/courses/writing-characters?code=O24P441CRW,Writing Characters,Available,In-person weekly- Short courses,"What makes a compelling character, and how do we write one? In this course we'll look at the characters we love and investigate how to breathe life into characterisation in our own work through a series of practical writing exercises and class discussion.","Thu 03 Oct 2024- Thu 05 Dec 2024, 2:00 - 4:00pm",10 meetings
https://www.conted.ox.ac.uk/courses/exploring-planets-and-exoplanets-an-introduction-to-planetary-sciences?code=O24P787ASZ,Exploring Planets and Exoplanets: An Introduction to Planetary Sciences,Available,Online - live- Short courses,"A conceptual and descriptive exploration of our solar system, and of those around other stars. We will explore the history of planetary discoveries and the exciting prospects for the future, including the search for extraterrestrial life.","Fri 04 Oct 2024- 13 Dec 2024, 3:00 - 4:00pm",10 meetings
https://www.conted.ox.ac.uk/courses/jane-austen-and-the-development-of-the-novel-form?code=O24P478LTW,Jane Austen and the Development of the Novel Form,Available,In-person weekly- Short courses,"This course explores the six major works of Jane Austen whilst focusing on Northanger Abbey (1817), Emma (1815) and Persuasion (1817). By examining her texts and other sources we investigate how she so innovatively developed the novel as a literary form.","Fri 04 Oct 2024- Fri 06 Dec 2024, 10:30am - 12:30pm",10 meetings
https://www.conted.ox.ac.uk/courses/kafka-and-philosophy?code=O24P500PHW,Kafka and Philosophy,Available,In-person weekly- Short courses,"Kafka - beyond the Kafkaesque! A hundred years after Kafka's death, we will read his literary writings and explore their themes, and then assess the interpretations of Kafka provided by philosophers from Walter Benjamin to Jacques Derrida.","Fri 04 Oct 2024- Fri 06 Dec 2024, 2:00 - 4:00pm",10 meetings
https://www.conted.ox.ac.uk/courses/down-to-earth-an-introduction-to-geology?code=O24P165BIJ,Down to Earth: An Introduction to Geology,Available,In-person day/weekend- Short courses,"An introduction to geology, including plate tectonics, volcanoes, earthquakes and mountains; rocks, minerals and fossils; and the geological history of Britain. You will have a chance to study many real geological specimens.","Sat 05 Oct 2024, 9:15am - 5:15pm",NA
https://www.conted.ox.ac.uk/courses/the-black-hole-information-paradox?code=O24P186PYJ,The Black Hole Information Paradox,Available,In-person day/weekend- Short courses,"Dive into the Black Hole Information Paradox, a key puzzle in physics where quantum mechanics and general relativity clash, with this day event in Oxford. For enthusiasts and those with a basic understanding of physics.","Sat 05 Oct 2024, 10:15am - 5:30pm",NA
https://www.conted.ox.ac.uk/courses/down-to-earth-an-introduction-to-geology?code=O24P166BIJ,Down to Earth: An Introduction to Geology,Available,In-person day/weekend- Short courses,"An introduction to geology, including plate tectonics, volcanoes, earthquakes and mountains; rocks, minerals and fossils; and the geological history of Britain. You will have a chance to study many real geological specimens.","Sun 06 Oct 2024, 9:15am - 5:15pm",NA
https://www.conted.ox.ac.uk/courses/developing-online-education-and-resources?code=O24C075B9Y,Developing Online Education and Resources,Available,Online - flexible- Professional development,"This fully online course is designed for educators interested in providing flexible learning opportunities,  specifically for health care professionals in a virtual environment.","Mon 07 Oct 2024- 29 Nov 2024, ",NA
https://www.conted.ox.ac.uk/courses/introduction-to-bionanotechnology?code=O24C545F2Y,Introduction to Bionanotechnology,Available,Short intensive- Short courses- Professional development,"This five-day course introduces physical scientists, engineers and non-scientists to biological systems and terminology relevant to nanotechnology, and showcases current applications and new developments in bionanotechnology.","Mon 07 Oct 2024- 11 Oct 2024, ",NA
https://www.conted.ox.ac.uk/courses/well-being-disability-and-enhancement?code=O24C006V5Y,"Well-Being, Disability and Enhancement",Available,Short intensive- Professional development,"Central philosophical accounts of well-being, disability and the development of enhanced human capacities, including a debate on whether such technologies lead us to a 'post-human' future.","Mon 07 Oct 2024- 11 Oct 2024, ",NA
https://www.conted.ox.ac.uk/courses/clinical-vaccine-development-and-biomanufacturing?code=O24C001C9Y,Clinical Vaccine Development and Biomanufacturing,Available,Short intensive- Short courses- Professional development,"An overview of pre-clinical testing and pathway from pre-clinical testing to field trials, discussions of vaccine immunogenicity, phases of vaccine testing from Phase I to IV, and the development and manufacturing of vaccines with our expert presenters.","Tue 08 Oct 2024- 11 Oct 2024, See programme details",NA
https://www.conted.ox.ac.uk/courses/fossils-and-ancient-life-an-introduction?code=O24P512GEW,Fossils and Ancient Life: An Introduction,Available,In-person weekly- Short courses,"Everything you wanted to know about fossils - from the very first life (the 'weird and wonderfuls') to the multitude of life through geological time. The main groups are covered, how they lived, how they died and environmental information they provide.","Tue 08 Oct 2024- Tue 03 Dec 2024, 2:00 - 4:00pm",10 meetings
https://www.conted.ox.ac.uk/courses/non-destructive-testing-for-archaeology-and-conservation?code=O24P294PAR,Non-Destructive Testing for Archaeology and Conservation,Available,Short intensive- Short courses- Professional development,Join us in Oxford to master non-destructive techniques for built heritage. Get hands-on experience using a range of equipment for assessing archaeology and standing buildings. Learn good practice for informing management and conservation.,"Tue 08 Oct 2024- 09 Oct 2024, 9:00am",2 meetings
https://www.conted.ox.ac.uk/courses/geological-science-an-introduction?code=O24P513GEW,Geological Science: An Introduction,Available,In-person weekly- Short courses,"Discover Earth's origin, its chemical composition, continents and oceans, mountains, earthquakes, volcanoes, the history of life, climate change, energy resources, species diversity and natural disasters: geological science explains all these and more.","Wed 09 Oct 2024- Wed 04 Dec 2024, 7:00 - 9:00pm",10 meetings
https://www.conted.ox.ac.uk/courses/introduction-to-cognitive-behavioural-therapy?code=O24P533PCW,Cognitive Behavioural Therapy (CBT): An Introduction,Available,In-person weekly- Short courses,An introduction to Cognitive Behavioural Therapy that will enable both experienced clinicians from other therapeutic traditions and people with a general interest in therapy to gain a foundation in key CBT theory and skills.,"Thu 10 Oct 2024- Thu 12 Dec 2024, 9:30 - 11:30am",10 meetings
https://www.conted.ox.ac.uk/courses/positive-psychology?code=O24P196PCR,Positive Psychology,Available,Online - live- Short courses,"Positive Psychology offers a direct approach to help people create strategies towards wellbeing. Changing our interpretation of the world can help us feel happier, healthier, more positive, and become more resilient. Learn more at this online workshop.","Thu 10 Oct 2024- 11 Oct 2024, 10:00am - 1:00pm",NA
https://www.conted.ox.ac.uk/courses/death-and-devotion-the-art-of-death-across-the-middle-ages?code=O24P758ARZ,Death and Devotion: The Art of Death across the Middle Ages,Available,Online - live- Short courses,Uncover the mysteries of the medieval afterlife through its art and architecture. Examine a range of objects from across Western Europe and the Mediterranean.,"Fri 11 Oct 2024- 13 Dec 2024, 2:00 - 3:00pm",10 meetings
https://www.conted.ox.ac.uk/courses/a-black-theology-of-liberation-from-social-death-to-black-lives-matter?code=O24P204THJ,A Black Theology of Liberation: From Social Death to Black Lives Matter,Available,Online - live- Short courses,Discover the radical legacy of James H. Cone as the grand patriarch of Black theology. Explore the underlying philosophical and theological ideas that have shaped this discipline and form of religious activism.,"Sat 12 Oct 2024, 10:00am - 5:00pm",NA
https://www.conted.ox.ac.uk/courses/green-skills-for-everyone?code=O24P174SOJ,Green Skills for Everyone,Available,In-person day/weekend- Short courses,"Are you curious about what ‘sustainability’ and ‘net zero’ mean and how they are relevant to you? Join us for an introduction to the key concepts of climate and sustainability, and to develop green skills for living and working in a changing world","Sat 12 Oct 2024, 10:15am - 5:30pm",NA
https://www.conted.ox.ac.uk/courses/machine-learning-and-ai-services-on-aws-amazon-cloud?code=O24P120COJ,Machine Learning and AI Services on AWS (Amazon Cloud),Available,Online - live- Short courses,Amazon Web Services (AWS) is the largest cloud computing service provider and one of the leaders in machine and deep learning. Learn how to use a collection of their powerful cloud-based machine/deep learning services at this online day school.,"Sat 12 Oct 2024, 10:00am - 5:00pm",NA
https://www.conted.ox.ac.uk/courses/the-middle-east-and-victorias-women-1815-1945-camels-corsets-and-consuls?code=O24P173HIJ,"The Middle East and Victoria's Women, 1815-1945: Camels, Corsets and Consuls",Available,In-person day/weekend- Short courses,"Introducing the physical and personal journeys and intercultural collaborations of independent British women as they travelled, and lived, in Ottoman Turkish Arabia and the post-WW1 Middle East at a time of dramatic change (1845-1945).","Sat 12 Oct 2024, 9:45am - 5:00pm",NA
https://www.conted.ox.ac.uk/courses/introduction-to-statistics-for-health-care-research?code=O24C203B9Y,Introduction to Statistics for Health Care Research,Available,Online - flexible- Professional development,A flexible online statistics course for busy health and social care professionals who need to understand the basics of health statistics without becoming statisticians.,"Mon 14 Oct 2024- 06 Dec 2024, ",NA
https://www.conted.ox.ac.uk/courses/practical-steps-for-positive-workplaces-online?code=O24C067N8Y,Practical Steps for Positive Workplaces (online),Available,Online - live- Short courses- Professional development,"This course provides you with the terminology to identify workplace toxicity. You will learn about psychological tools and techniques to recognise and protect yourself, and be introduced to self-repair strategies to facilitate better mental health.","Mon 14 Oct 2024- 17 Oct 2024, 11:00-12:30 (UK time)",4 meetings
https://www.conted.ox.ac.uk/courses/the-wider-context-of-nanotechnology?code=O24C519F2Y,The Wider Context of Nanotechnology,Available,Online - live- Short courses- Professional development,"A seven-week online course introducing the current state of technology and addressing implications for safety, regulation and innovation. It is for professionals worldwide seeking an overview of this important subject.","Mon 14 Oct 2024- 01 Dec 2024, 7 meetings",NA
https://www.conted.ox.ac.uk/courses/law-and-the-historic-environment?code=O24P315PAJ,Law and the Historic Environment,Available,In-person day/weekend- Short courses- Professional development,"Join legal and heritage experts for an intensive 1-day course. If you are responsible for the conservation or investigation of heritage assets, whether in the professional or voluntary sector, this course will help improve your knowledge of the law.","Wed 16 Oct 2024, 9:00am - 5:00pm",1 meetings
https://www.conted.ox.ac.uk/courses/raiders-traders-and-crusaders-a-history-of-the-baltic-rim?code=O24P132HIL,"Raiders, Traders and Crusaders: A History of the Baltic Rim",Available,Online - live- Short courses- Lecture series- Hybrid - in person or online,The people from the sparse populations and inhospitable lands surrounding the Baltic Sea have played a creative and totally disproportionate role in the history of Europe and the world. This lecture series examines their history and influence,"Wed 16 Oct 2024- 20 Nov 2024, 11:00am - 12:15pm",NA
https://www.conted.ox.ac.uk/courses/european-leaders-in-the-cold-war?code=O24P130DSL,European Leaders in the Cold War,Available,Online - live- Short courses- Lecture series- Hybrid - in person or online,The Cold War posed difficult challenges for European countries both East and West. This lecture series analyses how six European leaders navigated their way through this period.,"Fri 18 Oct 2024- 22 Nov 2024, 2:00 - 3:15pm",NA
https://www.conted.ox.ac.uk/courses/khrushchev-eastern-european-clampdown-reveals-limits-of-ideological-reform?code=O24P211DSL,Khrushchev: Eastern European Clampdown Reveals Limits of Ideological Reform,Available,Online - live- Short courses- Lecture series- Hybrid - in person or online,"Acknowledged to be a relative liberal in domestic policy, Nikita Khrushchev’s foreign policy was a complicated mixture of hard-line repression and conciliatory diplomacy with the US and NATO. This lecture examines the contradictions of ‘co-existence’.","Fri 18 Oct 2024, 2:00 - 3:15pm",NA
https://www.conted.ox.ac.uk/courses/green-and-pleasant-land-300-years-of-british-landscape-art?code=O24P112ARJ,Green and Pleasant Land? 300 Years of British Landscape Art,Available,Online - live- Short courses- Hybrid - in person or online,"Landscape is everywhere: an obvious subject for art which has inspired many of Britain’s greatest painters. This day school explores three centuries of struggle and passion that changed the way we look at the world, from landscape painting to Land Art.","Sat 19 Oct 2024, 10:15am - 5:30pm",NA
https://www.conted.ox.ac.uk/courses/introduction-to-study-skills?code=O24P205SKJ,Introduction to Study Skills,Available,In-person day/weekend- Short courses,"A comprehensive introductory workshop covering time management, reading critically and selectively, taking notes, and planning and writing essays for undergraduate-level study.","Sat 19 Oct 2024, 9:45am - 5:00pm",NA
https://www.conted.ox.ac.uk/courses/reading-the-past-medieval-handwriting-and-palaeography?code=O24P155LHR,Reading the Past: Medieval Handwriting and Palaeography,Available,In-person day/weekend- Short courses,"Would you like to learn how to read medieval handwriting in original documents? This weekend takes you through the basics of the most common scripts, covering the history of handwriting and taking practical examples from popular record types.","Sat 19 Oct 2024- 20 Oct 2024, 9.45am Sat - 5.00pm Sun",NA
https://www.conted.ox.ac.uk/courses/shops-and-shopping-the-architecture-of-the-high-street?code=O24P108HCJ,Shops and Shopping: The Architecture of the High Street,Available,In-person day/weekend- Short courses,This day school will examine the social role and architectural development of the High Street since its evolution in the 18th century to the development of the chain store in the late 19th century and the retreat of the High Street in the early 21st.,"Sat 19 Oct 2024, 9:45am - 5:00pm",NA
https://www.conted.ox.ac.uk/courses/digital-signal-processing-online?code=O24C008H7Y,Digital Signal Processing (online),Available,Online - live- Short courses- Professional development,"This online course explores DSP concepts and algorithms to develop your understanding of DSP principles and their implementation, equipping you to put ideas into practice and to tackle advanced aspects of DSP.","Mon 21 Oct 2024- 29 Nov 2024, 13:00-16:30",6 meetings
https://www.conted.ox.ac.uk/courses/technical-team-leadership-online?code=O24C058N2Y,Technical Team Leadership (online),Available,Online - live- Short courses- Professional development,Making the move from technical expert to business leader,"Mon 21 Oct 2024- 25 Oct 2024, 09:30am-11.30am (UK time)",NA
https://www.conted.ox.ac.uk/courses/neuropsychoanalysis?code=O24P197PCJ,Neuropsychoanalysis,Available,Online - live- Short courses,"An online day school presenting experimental and theoretical information for clinical and experimental psychologists, therapists, counsellors, psychiatrists and other clinicians, taking as a starting point that brain and mind are linked and overlapping.","Thu 24 Oct 2024, 10:00am - 5:00pm",NA
https://www.conted.ox.ac.uk/courses/de-gaulle-making-france-great-again?code=O24P212DSL,De Gaulle: Making France Great Again,Available,Online - live- Short courses- Lecture series- Hybrid - in person or online,"This talk focuses on the maverick foreign policy of Charles de Gaulle, which infuriated both superpowers. While showing military independence from the USA, he was no Soviet apologist, gratuitously insulting communism on a visit to Moscow.","Fri 25 Oct 2024, 2:00 - 3:15pm",NA
https://www.conted.ox.ac.uk/courses/six-flemish-masters?code=O24P113ARL,Six Flemish Masters,Available,Online - live- Short courses- Lecture series- Hybrid - in person or online,The Flemish Masters brought major changes to European art in the 15th century. Strong jewel-like colours and attention to minute detail became priorities in the creation of their work. Alice Foster explores the work of six masters in this lecture series.,"Fri 25 Oct 2024- 29 Nov 2024, 11:00am - 12:15pm",NA
https://www.conted.ox.ac.uk/courses/active-influencing-theory-and-practice?code=O24P175PCJ,Active Influencing: Theory and Practice,Available,In-person day/weekend- Short courses,"Providing practical tips and tools to help you to develop your active influencing skills in order to be better understood and more assertive, and to influence others effectively.","Sat 26 Oct 2024, 9:45am - 5:00pm",NA
https://www.conted.ox.ac.uk/courses/philosophy-and-climate-change?code=O24P180PHJ,Philosophy and Climate Change,Available,Online - live- Short courses- Hybrid - in person or online,"What moral responsibilities do we have, if any, to the planet, to future generations, and to protest? Join us in Oxford or online to explore the philosophy of climate change.","Sat 26 Oct 2024, 9:45am - 5:00pm",NA
https://www.conted.ox.ac.uk/courses/reading-the-past-early-modern-handwriting-and-palaeography?code=O24P156LHR,Reading the Past: Early Modern Handwriting and Palaeography,Available,In-person day/weekend- Short courses,"A weekend event in Oxford for those keen to undertake research using original historical documents to begin reading the scripts used in England post 1550. We will cover original sources such as property records, wills, accounts and correspondence.","Sat 26 Oct 2024- 27 Oct 2024, 9.45am Sat - 5.00pm Sun",NA
https://www.conted.ox.ac.uk/courses/human-and-veterinary-vaccinology?code=O24C002C9Y,Human and Veterinary Vaccinology,Available,Short intensive- Short courses- Professional development,"Develop your knowledge of human and veterinary vaccinology as we explore all aspects of vaccinology, from Edward Jenner to modern-day vaccines, with state-of-the-art teaching from leading experts.","Mon 28 Oct 2024- 01 Nov 2024, See programme details",NA
https://www.conted.ox.ac.uk/courses/mixing-it-up-understanding-and-using-mixed-methods-research-in-social-sciences?code=M24G002YOY,Mixing it up: understanding and using mixed methods research in social sciences,Available,Online - flexible- Professional development,An online course for researchers which critically discusses mixed methods approaches to social science analysis.,"Mon 28 Oct 2024- 20 Dec 2024, ",NA
https://www.conted.ox.ac.uk/courses/slori?code=M24G001XOY,The secret life of research interviewing: SLoRI,Available,Online - flexible- Short courses- Hybrid - in person or online,"Gain an understanding of the theoretical, practical and ethical practices an empirical researcher adopts when interviewing participants. Short course for postgraduate students.","Mon 28 Oct 2024- 20 Dec 2024, ",NA
https://www.conted.ox.ac.uk/courses/data-analysis-in-ecology-statistics-for-ecologists-field-biologists-5-week?code=O24C071D2Y,Data Analysis in Ecology: Statistics for Ecologists & Field Biologists (5-week),Available,Online - flexible- Professional development,A five-week tutor-led data analysis course taken entirely online. The course introduces you to the use of QED Statistics and R software.,"Wed 30 Oct 2024- 04 Dec 2024, 5 meetings",NA
https://www.conted.ox.ac.uk/courses/brandt-the-contradictions-of-ostpolitik?code=O24P213DSL,Brandt: The Contradictions of 'Ostpolitik',Available,Online - live- Short courses- Lecture series- Hybrid - in person or online,"Willy Brandt enjoyed electoral success at home and was hailed as a statesman abroad, but his more recent critics have argued that his diplomacy strengthened the repressive East German regime. This talk assesses Brandt’s contested legacy.","Fri 01 Nov 2024, 2:00 - 3:15pm",NA
https://www.conted.ox.ac.uk/courses/learn-to-write-flash-fiction?code=O24P142CRR,Learn to Write Flash Fiction,Available,Online - live- Short courses,"Short enough to write in a single day, flash fiction is an agile, innovative form that brings character, mood and language to the forefront. This online workshop is suitable for beginners and experienced writers.","Fri 01 Nov 2024- 02 Nov 2024, 2:00 - 5:00pm",NA
https://www.conted.ox.ac.uk/courses/the-mozart-string-quartets?code=O24P160MSJ,The Mozart String Quartets,Available,In-person day/weekend- Short courses,"Explore the timeless elegance and profound depth of Mozart's string quartets. This immersive event will provide a comprehensive exploration of the quartets, shedding light on their historical context, compositional techniques and enduring significance.","Sat 02 Nov 2024, 9:45am - 5:00pm",NA
https://www.conted.ox.ac.uk/courses/the-witch-a-history?code=O24P133HIJ,The Witch: A History,Available,Online - live- Short courses- Hybrid - in person or online,"For thousands of years, humans have been fascinated by witches. Through four stimulating lectures, this hybrid day event examines how witches have been represented over time - from the classical world to modern times.","Sat 02 Nov 2024, 9:45am - 5:00pm",NA
https://www.conted.ox.ac.uk/courses/time-travel-and-wormholes-fact-or-fiction?code=O24P187PYJ,Time Travel and Wormholes: Fact or Fiction?,Available,In-person day/weekend- Short courses,"Explore the boundaries of physics and imagination in this day event focused on time travel and wormholes. Delve into spacetime warping, uncover theories like Tipler Cylinders and discuss paradoxes and the theoretical aspects of Einstein-Rosen bridges.","Sat 02 Nov 2024, 10:15am - 5:30pm",NA
https://www.conted.ox.ac.uk/courses/critical-thinking-for-business-online?code=O24C132N1Y,Critical Thinking for Business (online),Available,Online - live- Short courses- Professional development,The critical thinking habit is an essential component of successful business. An organisation whose members think critically is one which will benefit from improved decision-making capacities whilst avoiding costly mistakes.,"Mon 04 Nov 2024- 13 Nov 2024, 09:30 - 11:00 Mon & Wed",NA
https://www.conted.ox.ac.uk/courses/financial-analysis-and-analytics-online?code=O24C045N7Y,Financial Analysis and Analytics (online),Available,Online - live- Short courses- Professional development,Do you want to learn and speak the language of finance? Do you want to build expertise in practical financial analysis applications? Do you want to understand the pros and cons of data analytics and its potential using real-life business cases?,"Mon 04 Nov 2024- 15 Nov 2024, 7.00pm - 8.30pm (UK time)",4 meetings
https://www.conted.ox.ac.uk/courses/health-behaviour-change?code=O24C076B9Y,Health Behaviour Change,Available,Short intensive- Professional development,Exploring health behaviours and behaviour change to inform policy and practice,"Mon 04 Nov 2024- 08 Nov 2024, ",NA
https://www.conted.ox.ac.uk/courses/meta-analysis?code=O24C007B9Y,Meta-analysis,Available,Short intensive- Professional development,Basic and advanced statistical methods for meta-analysis.,"Mon 04 Nov 2024- 08 Nov 2024, ",NA
https://www.conted.ox.ac.uk/courses/qualitative-research-methods?code=O24C199B9Y,Qualitative Research Methods,Available,Short intensive- Professional development,"Bridging the gap between scientific evidence and clinical practice by exploring attitudes, beliefs and preferences of patients and practitioners.","Mon 04 Nov 2024- 08 Nov 2024, ",NA
https://www.conted.ox.ac.uk/courses/architecture-and-conquest-in-11th-century-england?code=O24P114ARL,Architecture and Conquest in 11th-Century England,Available,Online - live- Short courses- Lecture series- Hybrid - in person or online,"The Norman Conquest of England in 1066 brought about immense change, an important aspect of which was architectural. What does 'Anglo-Saxon' or 'Norman' mean when applied to architecture? Learn more at this hybrid lecture series.","Tue 05 Nov 2024- 10 Dec 2024, 11:00am - 12:15pm",NA
https://www.conted.ox.ac.uk/courses/systems-thinking-essentials-for-sustainability-and-social-impact?code=O24P189SOR,Systems Thinking Essentials for Sustainability and Social Impact,Available,Online - live- Short courses,An online workshop ideal for anyone curious to learn more about systems thinking or wanting to explore how systems thinking might help their organisation become more sustainable or enhance its positive social impact.,"Fri 08 Nov 2024- 09 Nov 2024, 10:00am - 1:00pm",NA
https://www.conted.ox.ac.uk/courses/tito-straddling-both-sides-in-the-cold-war?code=O24P214DSL,Tito: Straddling Both Sides in the Cold War,Available,Online - live- Short courses- Lecture series- Hybrid - in person or online,"Tito was a skilful political operator who purged his rivals at home and pursued a non-aligned foreign policy abroad. This lecture explores how, by navigating diplomatically between the Soviets and Americans, he did enough to please both sides.","Fri 08 Nov 2024, 2:00 - 3:15pm",NA
https://www.conted.ox.ac.uk/courses/circumcision-abortion-compulsory-vaccination-philosophy-of-bodily-integrity?code=O24P181PHR,"Circumcision, Abortion, Compulsory Vaccination: Philosophy of Bodily Integrity",Available,In-person day/weekend- Short courses,"What rights do we have over our own bodies? Is it morally acceptable to circumcise young children, perform abortions or compel people to vaccinate? This event with leading philosophers and researchers will explore these and other philosophical puzzles.","Sat 09 Nov 2024- 10 Nov 2024, 10.15am Sat - 1.00pm Sun",NA
https://www.conted.ox.ac.uk/courses/fun-and-games-entertainment-in-early-modern-england?code=O24P157LHJ,Fun and Games: Entertainment in Early Modern England,Available,In-person day/weekend- Short courses,"Join us in Oxford for an introduction to a fascinating and turbulent period of English history, viewed through the lens of what people did for fun and leisure.","Sat 09 Nov 2024, 9:45am - 5:00pm",NA
https://www.conted.ox.ac.uk/courses/literature-and-music-from-romanticism-to-the-jazz-age?code=O24P143LTJ,Literature and Music: From Romanticism to the Jazz Age,Available,In-person day/weekend- Short courses,"Writers and composers have always influenced one another, in every age. Explore these intertwined influences as the Romantic era gives way to the hedonism of the Jazz age in the aftermath of the First World War.","Sat 09 Nov 2024, 9:45am - 5:00pm",NA
https://www.conted.ox.ac.uk/courses/artificial-intelligence-for-cyber-security-online?code=O24C015H6Y,Artificial Intelligence for Cyber Security (online),Available,Online - live- Short courses- Professional development,A pioneering course that blends the domains of cyber security and artificial intelligence (AI). For existing cyber security professionals who want to understand the impact of AI and also for AI professionals who are interested in cyber security.,"Mon 11 Nov 2024- 22 Nov 2024, 14:00 - 18:30 (UK time)",6 meetings
https://www.conted.ox.ac.uk/courses/biological-therapeutics?code=O24C248B9Y,Biological Therapeutics,Available,Short intensive- Short courses- Professional development,"This five-day course focuses on emerging areas of medicine using nucleic acids as drugs and using treatments based on stem cells and bioengineered tissues, including the combined technologies reflecting uses of genetically modified stem cells.","Mon 11 Nov 2024- 15 Nov 2024, ",NA
https://www.conted.ox.ac.uk/courses/complex-reviews?code=O24C008B9Y,Complex Reviews,Available,Short intensive- Professional development,Developing a better understanding of the broader forms of evidence synthesis,"Mon 11 Nov 2024- 15 Nov 2024, ",NA
https://www.conted.ox.ac.uk/courses/emotional-intelligence-online?code=O24C026N3Y,Effective Leadership through Emotional Intelligence (online),Available,Online - live- Short courses- Professional development,"Emotional Intelligence (EI) is particularly relevant in today's commercial environment where change is inevitable and uncertainty is common. EI skills are shown to facilitate higher resilience levels, both in leaders and their teams.","Tue 12 Nov 2024- 15 Nov 2024, 11:00am - 12:30pm",4 meetings
https://www.conted.ox.ac.uk/courses/design-coding-for-sustainable-development?code=O24P320PAR,Design Coding for Sustainable Development,Available,Online - live- Short courses- Professional development- Hybrid - in person or online,How can design codes support more popular and sustainable development? How can local character be used to enhance cities? This course explains the concept of design codes and gives practical advice creating successful codes. Join us online or in Oxford.,"Wed 13 Nov 2024, 09:00- 16:30",1 meetings
https://www.conted.ox.ac.uk/courses/psychological-disorders?code=O24P198PCJ,Psychological Disorders,Available,Online - live- Short courses,"What is normal? What is psychopathological? This online day school will present theories about the origins of psychological disorders, symptoms and syndromes, historical perspectives and current treatment practices.","Thu 14 Nov 2024, 10:00am - 5:00pm",NA
https://www.conted.ox.ac.uk/courses/franco-from-axis-collaborator-to-unofficial-member-of-nato?code=O24P215DSL,Franco: From Axis Collaborator to Unofficial Member of NATO,Available,Online - live- Short courses- Lecture series- Hybrid - in person or online,"After the Allied victory in 1945, Francisco Franco sought to reinvent his foreign policy, achieving friendly terms with the US under the Eisenhower administration and pursuing economic ties with Europe. But did this move undermine his regime at home?","Fri 15 Nov 2024, 2:00 - 3:15pm",NA
https://www.conted.ox.ac.uk/courses/chipping-norton-archaeology-history-and-buildings?code=O24P100AHJ,"Chipping Norton: Archaeology, History and Buildings",Available,In-person day/weekend- Short courses,"Chipping Norton (Oxon) is a Cotswolds market town with a rich history, recently the subject of a major study by the Victoria County History. This day provides an overview of the latest research on the town’s archaeology, history and historic buildings.","Sat 16 Nov 2024, 9:45am - 5:15pm",NA
https://www.conted.ox.ac.uk/courses/creative-writing-story-development?code=O24P144CRR,Creative Writing: Story Development,Available,In-person day/weekend- Short courses,"A weekend exploring novel and short-story writing: genre, character development, research, plot development, scene-setting, metaphor, narrative voice, first-draft completion. A fun, interactive course for writers with some previous experience.","Sat 16 Nov 2024- 17 Nov 2024, 9.45am Sat - 5.00pm Sun",NA
https://www.conted.ox.ac.uk/courses/networks-and-cyber-security-an-introduction?code=O24P121COJ,Networks and Cyber Security: An Introduction,Available,In-person day/weekend- Short courses,"Discover the fundamental concepts, tools and techniques required to secure computer networks and data from cyber threats. For anyone seeking to gain the essential skills to secure their computer network and protect sensitive data from cyber-attacks.","Sat 16 Nov 2024, 9:45am - 5:00pm",NA
https://www.conted.ox.ac.uk/courses/advanced-emotional-intelligence-skills-for-business-online?code=O24C054N3Y,Advanced Emotional Intelligence Skills for Business (online),Available,Online - live- Short courses- Professional development,"This advanced course aims to develop individual emotional intelligence skills, facilitating new ways of looking at others around you, and, ultimately, help you to make better decisions, build more stable, creative teams, and increase revenue.","Tue 19 Nov 2024- 22 Nov 2024, 11:00-12:30 (UK time)",4 meetings
https://www.conted.ox.ac.uk/courses/technical-team-leadership?code=O24C058N4Y,Technical Team Leadership,Available,Short intensive- Short courses- Professional development,Making the move from technical expert to business leader,"Tue 19 Nov 2024- 20 Nov 2024, 09:00 - 17:00",NA
https://www.conted.ox.ac.uk/courses/technical-team-communication?code=O24C059N3Y,Technical Team Communication,Available,Short intensive- Short courses- Professional development,Good communication is key to achieving high performance in the workplace. Technical people need to communicate with multiple stakeholders using multiple communication methods. This course will cover how to excel in written and verbal communication.,"Thu 21 Nov 2024- 22 Nov 2024, 09:00 - 17:00",NA
https://www.conted.ox.ac.uk/courses/wilson-juggling-decolonisation-nato-and-eec-application?code=O24P216DSL,"Wilson: Juggling Decolonisation, NATO and EEC Application",Available,Online - live- Short courses- Lecture series- Hybrid - in person or online,"Harold Wilson’s foreign policy exemplified a transition from hard to soft power, at a time when Britain was prioritising domestic affairs. This lecture looks at Wilson’s foreign policy balancing act, and his decision to seek membership of the EEC.","Fri 22 Nov 2024, 2:00 - 3:15pm",NA
https://www.conted.ox.ac.uk/courses/history-of-oxford-from-early-medieval-settlement-to-post-industrial-city?code=O24P134HIJ,History of Oxford: From Early Medieval Settlement to Post-Industrial City,Available,In-person day/weekend- Short courses,"An intellectually stimulating survey of Oxford’s history, with an emphasis on economic change. Topics will include: urban origins, economic development before the University, the University’s impact, industrialisation and de-industrialisation.","Sat 23 Nov 2024, 9:45am - 5:30pm",NA
https://www.conted.ox.ac.uk/courses/net-zero-and-nature-positive-how-do-they-work-together?code=O24P190SOR,Net Zero and Nature Positive: How Do They Work Together?,Available,In-person day/weekend- Short courses,"How can we take forward action on nature loss at the same time as climate change? We will explore the latest thinking and action to integrate them, the role of net zero and nature positive initiatives internationally and who needs to be involved.","Sat 23 Nov 2024- 24 Nov 2024, 9.45am Sat - 5.00pm Sun",NA
https://www.conted.ox.ac.uk/courses/public-inquiry-workshop?code=O24P323PAR,Public Inquiry Workshop,Available,Short intensive- Short courses- Professional development,"Short course introducing potential witnesses and advocates to the techniques and procedures of public inquiries dealing with the historic environment, including preparing proofs of evidence. A mock inquiry will be staged.","Mon 25 Nov 2024- 27 Nov 2024, 3 meetings",NA
https://www.conted.ox.ac.uk/courses/exploring-cognition?code=O24P199PCJ,Exploring Cognition,Available,In-person day/weekend- Short courses,"We will take a brief look at the workings of the brain, and how psychologists describe the functions of attention, perception and memory. Explore how these processes can work to fool us, and what we have learned from dysfunction.","Fri 29 Nov 2024, 9:45am - 5:00pm",NA
https://www.conted.ox.ac.uk/courses/mick-aston-lecture-assemblies-in-the-early-middle-ages-a-landscape-perspective?code=O24P101AHJ,"Mick Aston Lecture: Assemblies in the Early Middle Ages, A Landscape Perspective",Available,Online - live- Short courses- Hybrid - in person or online,"Government and law present a difficult challenge for landscape archaeology. Yet, there is much that archaeology can contribute. This lecture discusses how the study of assembly places provides us with unique insights into early medieval society.","Fri 29 Nov 2024, 4:45 - 6:15pm",NA
https://www.conted.ox.ac.uk/courses/christmas-feasts-in-the-middle-ages?code=O24P145LTJ,Christmas Feasts in the Middle Ages,Available,In-person day/weekend- Short courses,"Christmas is coming. Think knights, banquets, carols and a massive Green man with an axe. Join us for a multidisciplinary feast of medieval merriment. We shall explore literary texts alongside historical accounts of the practice of feasting.","Sat 30 Nov 2024, 9:45am - 5:00pm",NA
https://www.conted.ox.ac.uk/courses/the-commons-across-cultures-exploring-shared-resources-past-and-present?code=O24P102AHJ,"The Commons across Cultures: Exploring Shared Resources, Past and Present",Available,Online - live- Short courses- Hybrid - in person or online,"This event examines the concept of the commons, with case studies from archaeology, anthropology and geography. It explores the things we share in common - language, knowledge, physical resources, and the forms of organisation needed to protect them.","Sat 30 Nov 2024, 10:15am - 5:30pm",NA
https://www.conted.ox.ac.uk/courses/the-craft-of-storytelling-structure-plot-and-narrative-momentum?code=O24P146CRR,"The Craft of Storytelling: Structure, Plot and Narrative Momentum",Available,In-person day/weekend- Short courses,This two-day introduction to the craft of storytelling will give you the key tools and insights needed to inspire and guide your own writing projects.,"Sat 30 Nov 2024- 01 Dec 2024, 9.45am Sat - 5.00pm Sun",NA
https://www.conted.ox.ac.uk/courses/statistics-for-clinical-trials?code=O24C006B9Y,Statistics for Clinical Trials,Available,Short intensive- Professional development,"Plan, execute and interpret the statistical analysis of clinical trials.","Mon 02 Dec 2024- 06 Dec 2024, ",NA
https://www.conted.ox.ac.uk/courses/managing-loss-in-the-historic-environment-ecocultural-approaches?code=O24P293PAR,Managing Loss in the Historic Environment: Ecocultural Approaches,Available,Online - live- Short courses- Professional development- Hybrid - in person or online,Can we re-frame heritage loss? This transdisciplinary course will explore how to manage transformative change in the historic environment to generate both ecological and cultural benefits. Join online or in-person to stay on top of emerging ideas.,"Tue 03 Dec 2024, 1 meetings",NA
https://www.conted.ox.ac.uk/courses/brain-and-behaviour-an-introduction?code=O24P200PCJ,Brain and Behaviour,Available,Online - live- Short courses,"An introduction to the brain, presenting the main topics of neuroscience. Biological theories are discussed in the context of psychology, covering basic brain neuroanatomy and linking it to human behaviour and mind functions such as learning and sleeping.","Thu 05 Dec 2024, 10:00am - 5:00pm",NA
https://www.conted.ox.ac.uk/courses/ai-governance-technology-ethics-and-institutions?code=O24P131DSJ,"AI Governance: Technology, Ethics and Institutions",Available,Online - live- Short courses- Hybrid - in person or online,"Discover the intricacies of Artificial Intelligence governance, exploring its multifaceted implications for international politics, economics, security, ethics and diplomacy. Join us in Oxford or online.","Sat 07 Dec 2024, 9:45am - 5:00pm",NA
https://www.conted.ox.ac.uk/courses/film-noir-1940s-hollywood-cinema?code=O24P147LTJ,Film Noir: 1940s Hollywood Cinema,Available,In-person day/weekend- Short courses,"Film noir has continued to be an influential genre in contemporary storytelling. This day event will serve as an introduction to key features of film noir movies from the 1940s, and introduce some defining instances of the form.","Sat 07 Dec 2024, 10:15am - 5:30pm",NA
https://www.conted.ox.ac.uk/courses/machine-learning-with-python?code=O24P122COJ,Machine Learning with Python,Available,Online - live- Short courses,"Equipping you with practical skills in using Python for machine learning tasks. Covering many concepts and hands-on examples, the day delves into various machine learning algorithms, data preprocessing techniques, and model evaluation methods.","Sat 07 Dec 2024, 10:00am - 5:00pm",NA
https://www.conted.ox.ac.uk/courses/punctuation-grammar-spelling?code=O24P206SKJ,"Punctuation, Grammar and Spelling",Available,In-person day/weekend- Short courses,"Identify, explore and resolve common punctuation, grammar and spelling problems with this friendly and supportive study day in Oxford.","Sat 07 Dec 2024, 9:45am - 5:00pm",1 meetings
https://www.conted.ox.ac.uk/courses/advanced-creative-writing-online?code=O24P380CRV,Advanced Creative Writing (Online),Available,Online - flexible- Short courses,A practical course covering all aspects of novel writing from character creation and story development to final edit.,"Wed 08 Jan 2025- 21 Mar 2025, ",NA
https://www.conted.ox.ac.uk/courses/animal-behaviour-an-introduction-online?code=O24P572BIV,Animal Behaviour: An Introduction (Online),Available,Online - flexible- Short courses,"Why do animals behave the way they do? In this course we will look at the full range of behaviours found in the animal kingdom, from simple escape behaviours to complex tool use and their evolution.","Wed 08 Jan 2025- 21 Mar 2025, ",NA
https://www.conted.ox.ac.uk/courses/britain-and-its-empire-online?code=O24P392HIV,Britain and Its Empire (Online),Available,Online - flexible- Short courses,This course examines the rise and fall of the British Empire and its manifold legacies in Britain and beyond.,"Wed 08 Jan 2025- 21 Mar 2025, ",NA
https://www.conted.ox.ac.uk/courses/durer-to-bruegel-northern-renaissance-art-c1480-1580-online?code=O24P310ARV,Dürer to Bruegel: Northern Renaissance Art c.1480-1580 (Online),Available,Online - flexible- Short courses,"This course explores the riches of northern European art from c.1480 - 1580; artists including Dürer, Bosch, Holbein and Bruegel will be studied.","Wed 08 Jan 2025- 21 Mar 2025, ",NA
https://www.conted.ox.ac.uk/courses/introduction-to-philosophy-online?code=O24P327PHV,Introduction to Philosophy (Online),Available,Online - flexible- Short courses,"We think we know, but do we? We think we are free, but are we? We think our actions are moral, but are they? What is this reality we take ourselves to live in?  The oldest questions meet the newest technology in this online introduction to philosophy.","Wed 08 Jan 2025- 28 Mar 2025, ",NA
https://www.conted.ox.ac.uk/courses/mammal-and-reptile-survey-methods?code=O24C059D2Y,Mammal and Reptile Survey Methods,Available,Online - flexible- Professional development,"Part-time over five weeks, this tutor-led training course can be taken from anywhere in the world. It will appeal to students and practitioners who want to improve their ability to conduct mammal and reptile surveys.","Wed 08 Jan 2025- 12 Feb 2025, 5 meetings",NA
https://www.conted.ox.ac.uk/courses/microeconomics-an-introduction-online?code=O24P348SOV,Microeconomics: An Introduction (Online),Available,Online - flexible- Short courses,"This course provides a detailed introduction to microeconomics. On completion of the course, students will have the ability to understand and apply the principles of microeconomics at first-year undergraduate level.","Wed 08 Jan 2025- 21 Mar 2025, ",NA
https://www.conted.ox.ac.uk/courses/philosophy-of-mind-online?code=O24P652PHV,Philosophy of Mind (Online),Available,Online - flexible- Short courses,"The philosophy of mind is concerned with questions about the nature of mind and the relation between our minds and the physical world. This course provides an introduction to the mind body problem, one of the most intractable problems in philosophy.","Wed 08 Jan 2025- 21 Mar 2025, ",NA
https://www.conted.ox.ac.uk/courses/psychology-an-introduction-online?code=O24P443PCV,Psychology: An Introduction (Online),Available,Online - flexible- Short courses,"This course introduces the science of psychology, exploring the richness of human functions, uncovering the brain's secrets and revealing its complexities. Studies from biological, psychodynamic, cognitive, behavioural and social approaches are presented.","Wed 08 Jan 2025- 21 Mar 2025, ",NA
https://www.conted.ox.ac.uk/courses/the-wars-of-the-roses-power-politics-and-personalities-online?code=O24P407HIV,"The Wars of The Roses: Power, Politics and Personalities (Online)",Available,Online - flexible- Short courses,The recent discovery of Richard III's remains in Leicester highlights the dynamic new research being conducted into the period known as the Wars of the Roses. This course asks students to engage with the latest work on this exciting and tumultuous period.,"Wed 08 Jan 2025- 21 Mar 2025, ",NA
https://www.conted.ox.ac.uk/courses/trollope-eliot-dickens-and-hardy-reading-victorian-fiction-online?code=O24P367LTV,"Trollope, Eliot, Dickens and Hardy: Reading Victorian Fiction (Online)",Available,Online - flexible- Short courses,"Madness, hilarity, doubt and devotion are just some of the many aspects of life explored in the huge wealth of Victorian fiction.","Wed 08 Jan 2025- 21 Mar 2025, ",NA
https://www.conted.ox.ac.uk/courses/who-are-the-celts-online?code=O24P639AHV,Who are the Celts? (Online),Available,Online - flexible- Short courses,"What do we really know about the Celtic world? These ancient communities left us  captivating artefacts and imposing earthworks, but also with more subtle clues from which we can tease out the origins of the peoples who have come to be known as the Celts.","Wed 08 Jan 2025- 21 Mar 2025, ",NA
https://www.conted.ox.ac.uk/courses/writing-lives-online?code=O24P339CRV,Writing Lives (Online),Available,Online - flexible- Short courses,"Is there a true story that only you can tell? This course is designed to provide you with the skills you need to turn experiences, recollections and real-life phenomena into literary works that are enjoyable and accessible to a wider audience.","Wed 08 Jan 2025- 21 Mar 2025, ",NA
https://www.conted.ox.ac.uk/courses/british-popular-culture-1950-2025-the-story-of-our-generation?code=O24P116ARJ,"British Popular Culture, 1950-2025: The Story of Our Generation",Available,Online - live- Short courses- Hybrid - in person or online,"This is a dynamic multi-media day-school in which we will explore the evolution of popular culture from the 1950s to the present day, from the earliest stirrings of rock’n’roll youth culture, to the social media-saturated anxieties of our own time.","Sat 11 Jan 2025, 9:45am - 5:00pm",NA
https://www.conted.ox.ac.uk/courses/the-power-of-music-why-it-matters-in-your-life?code=O24P161MSJ,The Power of Music: Why it Matters in Your Life,Available,In-person day/weekend- Short courses,"Music is all around us, woven into the fabric of our lives. Explore some of the properties of music that might hold the key to its power over our minds, our bodies, our social lives and even our souls at this day event in Oxford.","Sat 11 Jan 2025, 9:45am - 5:00pm",NA
https://www.conted.ox.ac.uk/courses/academic-literacy-online?code=O24P456SKV,Academic Literacy: An Introduction (Online),Available,Online - flexible- Short courses,"If you are new to higher education, or have not studied for some time, you may find it useful to brush up your reading, note-making and essay-writing skills, and to revisit the basic rules of punctuation and grammar.","Mon 13 Jan 2025- 28 Mar 2025, ",NA
https://www.conted.ox.ac.uk/courses/age-of-revolution-online?code=O24P393HIV,Age of Revolution (Online),Available,Online - flexible- Short courses,Revolution was a powerful dynamic in European politics and society from 1789 to 1848. This course will examine this tremendous era of change.,"Mon 13 Jan 2025- 28 Mar 2025, ",NA
https://www.conted.ox.ac.uk/courses/ancient-egypt-an-introduction-online?code=O24P637AHV,Ancient Egypt: An Introduction (Online),Available,Online - flexible- Short courses,"From royal pyramids, court artisans and powerful pharaohs, to grandiose temples, mysterious gods and foreign invasions, participants will experience the world of ancient Egypt, its highs and lows, and the rich tapestry of its culture.","Mon 13 Jan 2025- 28 Mar 2025, ",NA
https://www.conted.ox.ac.uk/courses/contemporary-british-fiction-online?code=O24P450LTV,Contemporary British Fiction (Online),Available,Online - flexible- Short courses,"If you have ever been daunted by terms such as 'modernism', 'magic realism' or 'postmodern', this is the course for you.","Mon 13 Jan 2025- 28 Mar 2025, ",NA
https://www.conted.ox.ac.uk/courses/critical-reading-online?code=O24P314LTV,Critical Reading (Online),Available,Online - flexible- Short courses,"This course is for anyone who would like to learn to read beneath the surface, pay attention to language and form, and become a critical reader.","Mon 13 Jan 2025- 28 Mar 2025, ",NA
https://www.conted.ox.ac.uk/courses/getting-started-in-creative-writing-online?code=O24P437CRV,Getting Started in Creative Writing (Online),Available,Online - flexible- Short courses,This course introduces the key characteristics of creative writing. You will be supported with stage-by-stage guidance as you assimilate and employ a range of critical and creative methods. The course includes tutor feedback and participant discussion.,"Mon 13 Jan 2025- 28 Mar 2025, ",NA
https://www.conted.ox.ac.uk/courses/international-labour-migration-economics-politics-and-ethics-online?code=O24P401SOV,"International Labour Migration: Economics, Politics and Ethics (Online)",Available,Online - flexible- Short courses,This global course analyses one of the most controversial public policy issues of the 21st century: how to regulate international labour migration and the rights of migrant workers.,"Mon 13 Jan 2025- 28 Mar 2025, ",NA
https://www.conted.ox.ac.uk/courses/introducing-mapping-spatial-data-and-gis-online?code=O24P561BIV,"Introducing Mapping, Spatial Data and GIS (Online)",Available,Online - flexible- Short courses,Investigate the power of maps and spatial data to document and illustrate local and global issues. Learn how to use Geographic Information Systems (GIS) to explore the world around you and share ideas.,"Mon 13 Jan 2025- 28 Mar 2025, ",NA
https://www.conted.ox.ac.uk/courses/philosophy-of-religion-online?code=O24P488PHV,Philosophy of Religion (Online),Available,Online - flexible- Short courses,"The course looks at what, if anything, it is that Jews, Christians and Muslims are agreeing about when they claim that there is a God; and we shall look at what, if any, prospects there are for rationally defending or attacking this claim.","Mon 13 Jan 2025- 04 Apr 2025, ",NA
https://www.conted.ox.ac.uk/courses/social-entrepreneurship-online?code=O24P404SOV,Social Entrepreneurship (Online),Available,Online - flexible- Short courses,"Students on this course will gain knowledge about social entrepreneurs, and how to develop creative solutions to address social problems utilising Gandhi's model of 'be the change you wish to see in the world' to make a difference in the lives of others.","Mon 13 Jan 2025- 28 Mar 2025, ",NA
https://www.conted.ox.ac.uk/courses/the-fundamental-science-of-nanotechnology?code=O24C521F2Y,The Fundamental Science of Nanotechnology,Available,Short intensive- Short courses- Professional development,"A ten-week course taken entirely online. It explains the mathematical foundations for nanoscale phenomena, as well as their effects and applications including quantum dots, nanotubes and fullerenes.","Mon 13 Jan 2025- 23 Mar 2025, 10 meetings",NA
https://www.conted.ox.ac.uk/courses/the-impressionists-painting-modern-life-online?code=O24P458ARV,The Impressionists: Painting Modern Life (Online),Available,Online - flexible- Short courses,"Examine the major concerns of artists such as Cézanne, Monet, Manet and Degas and their intimate interaction with modern life.","Mon 13 Jan 2025- 28 Mar 2025, ",NA
https://www.conted.ox.ac.uk/courses/writing-fiction-online?code=O24P368CRV,Writing Fiction (Online),Available,Online - flexible- Short courses,This course is for those who would like to write but don't know how; who tried once and gave up; or who already write but would like to improve; and for readers who have no desire to write but want a different perspective on how fiction works.,"Mon 13 Jan 2025- 28 Mar 2025, ",NA
https://www.conted.ox.ac.uk/courses/art-nouveau-across-europe-online?code=O24P636ARV,Art Nouveau across Europe (Online),Available,Online - flexible- Short courses,"From Paris to Moscow, Glasgow to Barcelona, this course examines the richness and variety of European art nouveau.","Wed 15 Jan 2025- 28 Mar 2025, ",NA
https://www.conted.ox.ac.uk/courses/introduction-to-artificial-intelligence-online?code=O24P599COV,Artificial Intelligence Concepts: An Introduction (Online),Available,Online - flexible- Short courses,"Aimed at a general audience, including professionals and those with no prior knowledge, this course provides an essential introduction to the key topics underpinning Artificial Intelligence.","Wed 15 Jan 2025- 28 Mar 2025, ",NA
https://www.conted.ox.ac.uk/courses/artificial-intelligence-introduction-to-machine-learning?code=O24P597COV,Artificial Intelligence Concepts: Introduction to Machine Learning (Online),Available,Online - flexible- Short courses,"Machine Learning methods lie at the heart of the Artificial Intelligence revolution. This course introduces fundamental concepts to explain Machine Learning methods, potential, and pitfalls to a general audience.","Wed 15 Jan 2025- 28 Mar 2025, ",NA
https://www.conted.ox.ac.uk/courses/critical-reasoning-a-romp-through-the-foothills-of-logic-online?code=O24P386PHV,Critical Reasoning: A Romp through the Foothills of Logic (Online),Available,Online - flexible- Short courses,"Reasoning enables us to acquire knowledge, to persuade others and to evaluate their arguments. But only if we reason well. We shall be learning how to recognise, evaluate, construct and analyse arguments, and how to recognise common fallacies.","Wed 15 Jan 2025- 28 Mar 2025, ",NA
https://www.conted.ox.ac.uk/courses/exploring-the-universe-online?code=O24P355PYV,Exploring the Universe (Online),Available,Online - flexible- Short courses,"How old is the universe? How unusual is the Solar System? How will it all end? Oxford astronomers Chris Lintott and Robert Simpson provide an overview of the last 13.7 billion years of cosmic evolution, answering these questions and more.","Wed 15 Jan 2025- 28 Mar 2025, ",NA
https://www.conted.ox.ac.uk/courses/henry-viii-online?code=O24P439HIV,Henry VIII (Online),Available,Online - flexible- Short courses,"The reign of Henry VIII transformed British history. This course charts the political, religious and cultural changes of the period.","Wed 15 Jan 2025- 28 Mar 2025, ",NA
https://www.conted.ox.ac.uk/courses/jane-austen-online?code=O24P423LTV,Jane Austen (Online),Available,Online - flexible- Short courses,"Many readers enjoy Austen's novels, but what makes them so special and enduring?","Wed 15 Jan 2025- 28 Mar 2025, ",NA
https://www.conted.ox.ac.uk/courses/learning-to-look-at-modern-art-online?code=O24P629ARV,Learning to Look at Modern Art (Online),Available,Online - flexible- Short courses,"This course will seek to provide guidelines about how to look at modern art in an open-minded, critical and analytical way.","Wed 15 Jan 2025- 28 Mar 2025, ",NA
https://www.conted.ox.ac.uk/courses/learning-to-look-at-the-visual-arts-online?code=O24P630ARV,Learning to Look at the Visual Arts (Online),Available,Online - flexible- Short courses,"This course offers you the opportunity to learn how to study and analyse paintings, drawings and prints, and learn the 'language of looking'.","Wed 15 Jan 2025- 28 Mar 2025, ",NA
https://www.conted.ox.ac.uk/courses/macroeconomics-an-introduction-online?code=O24P411SOV,Macroeconomics: An Introduction (Online),Available,Online - flexible- Short courses,"This course provides a detailed introduction to, and encompasses the fundamentals of macroeconomics. On completion of the course you will have the ability to critically assess real-world macroeconomic developments at first-year undergraduate level.","Wed 15 Jan 2025- 28 Mar 2025, ",NA
https://www.conted.ox.ac.uk/courses/political-philosophy-an-introduction-online?code=O24P398PHV,Political Philosophy: An Introduction (Online),Available,Online - flexible- Short courses,"Political philosophy contains some of the greatest writings in the Western intellectual tradition. This online course introduces you to the central questions concerning the state, by means of classical and contemporary texts.","Wed 15 Jan 2025- 28 Mar 2025, ",NA
https://www.conted.ox.ac.uk/courses/ritual-and-religion-in-prehistory-online?code=O24P632AHV,Ritual and Religion in Prehistory (Online),Available,Online - flexible- Short courses,How can we begin to understand the spiritual lives of prehistoric people? When do religious ideologies first appear on the human evolutionary timescale? Using both anthropology and archaeological evidence these and many other questions are examined.,"Wed 15 Jan 2025- 28 Mar 2025, ",NA
https://www.conted.ox.ac.uk/courses/theory-of-knowledge-online?code=O24P328PHV,Theory of Knowledge (Online),Available,Online - flexible- Short courses,The theory of knowledge is one of the most central areas of philosophy. In this online course you will cover the key issues in epistemology while also learning to think for yourself and develop your own answers to the core questions in this area.,"Wed 15 Jan 2025- 28 Mar 2025, ",NA
https://www.conted.ox.ac.uk/courses/artificial-intelligence-generative-ai-cloud-and-mlops-online?code=O24C067H7Y,"Artificial Intelligence: Generative AI, Cloud and MLOps (online)",Available,Online - live- Short courses- Professional development,"This online course covers workflows for designing and developing autonomous AI agents and systems using Cloud, non-Generative (classical) AI, Generative AI, and MLOps.","Sat 18 Jan 2025- 08 Apr 2025, Sat 10am-4.30pm, Tue 7-9pm",NA
https://www.conted.ox.ac.uk/courses/gene-technologies-and-medicine?code=O24P167BIJ,Gene Technologies and Medicine,Available,Online - live- Short courses,Fast-growing advances in gene technologies are shaping biomedical science. A long list of emerging technologies have been developed. Explore the basics about gene technologies and their applications in medicine discoveries.,"Sat 18 Jan 2025, 10:00am - 5:00pm",NA
https://www.conted.ox.ac.uk/courses/illness-in-victorian-literature?code=O24P148LTJ,Illness in Victorian Literature,Available,Online - live- Short courses- Hybrid - in person or online,"Illness loomed large in the Victorian period, and in this day school leading scholars on the topic will introduce you to important ways in which it was a central preoccupation of Victorian literature.","Sat 18 Jan 2025, 9:45am - 5:00pm",NA
https://www.conted.ox.ac.uk/courses/an-operatic-journey?code=O24P556MSW,An Operatic Journey,Available,In-person weekly- Short courses,"A journey through operatic history, pausing at ten important turning points on the way, starting at the birth of opera in Italy around 1600 and ending in 'fin-de-siècle' Paris at the turn of the 20th century.","Mon 20 Jan 2025- Mon 24 Mar 2025, 2:00 - 4:00pm",10 meetings
https://www.conted.ox.ac.uk/courses/ancient-greek-lower-intermediate-part-2?code=O24P716XAZ,Ancient Greek: Lower Intermediate - Part 2,Available,Online - live- Short courses,"The course focuses on analysing original passages from some of the greatest ancient Greek authors, tackling some challenging grammatical and syntactical phenomena and learning about ancient Greek culture and thought.","Mon 20 Jan 2025- 24 Mar 2025, 4:30 - 5:30pm",10 meetings
https://www.conted.ox.ac.uk/courses/introduction-to-biblical-studies-the-bible-its-content-and-theology?code=O24P802THZ,"Biblical Studies: The Bible, Its Content and Theology: An Introduction",Available,Online - live- Short courses,"Introduction to the content of the Old Testament/Hebrew Bible and the New Testament, together with their religious and socio-political backgrounds, languages and main theological themes and interpretations.","Mon 20 Jan 2025- 24 Mar 2025, 7:00 - 8:00pm",10 meetings
https://www.conted.ox.ac.uk/courses/bioethics-for-beginners-online?code=O24P600PHV,Bioethics for Beginners (Online),Available,Online - flexible- Short courses,Do you think reproductive cloning is morally permissible? Do you check food labels to exclude buying any with GM ingredients? Would you worry if the government introduced compulsory depositing of DNA in the national DNA bank?,"Mon 20 Jan 2025- 04 Apr 2025, ",NA
https://www.conted.ox.ac.uk/courses/brontes-online?code=O24P514LTV,Brontës (Online),Available,Online - flexible- Short courses,"How did three sisters living apparently secluded, eventless lives write such original, passionate and dramatic literature?","Mon 20 Jan 2025- 04 Apr 2025, ",NA
https://www.conted.ox.ac.uk/courses/bronze-age-europe-new-insights-into-mobility-and-cultural-contact?code=O24P406AHW,Bronze Age Europe: New Insights into Mobility and Cultural Contact,Available,In-person weekly- Short courses,Current research on the human body is revealing insight into the mobility and cultural lifeways of ancient people. We focus on Bronze Age Europe and consider the range of archaeological evidence that offers new understandings on the fluidity of people.,"Mon 20 Jan 2025- Mon 24 Mar 2025, 10:30am - 12:30pm",10 meetings
https://www.conted.ox.ac.uk/courses/c-part-1-introduction-to-object-oriented-programming?code=O24P773COZ,C++ Programming: Introduction,Available,Online - live- Short courses,"C++ will be used to introduce object-oriented programming, commencing at an introductory level. We will move onto encapsulation, inheritance, polymorphism, software engineering, dynamic data allocation, recursion as well as the standard template library.","Mon 20 Jan 2025- 24 Mar 2025, 6:30 - 7:30pm",10 meetings
https://www.conted.ox.ac.uk/courses/calculus-intermediate?code=O24P767MAZ,Calculus: Intermediate,Available,Online - live- Short courses,The tools of calculus are used to understand the universe making it essential for all mathematical modelling. This course introduces the idea of multi-variable functions through partial differentiation and PDEs. Follows from OUDCE's 'Beginning Calculus'.,"Mon 20 Jan 2025- 24 Mar 2025, 7:30 - 8:30pm",10 meetings
https://www.conted.ox.ac.uk/courses/introduction-to-counselling?code=O24P536PCW,Counselling: An Introduction,Available,In-person weekly- Short courses,"An introduction to the main schools of Counselling and Psychotherapy, as well as to basic counselling skills. Sessions will include presentations and discussions, and skills practice sessions in groups of 2 to 4 people. No previous experience is required.","Mon 20 Jan 2025- Mon 24 Mar 2025, 7:30 - 9:30pm",10 meetings
https://www.conted.ox.ac.uk/courses/daily-life-in-byzantium?code=O24P458HIW,Daily Life in Byzantium,Available,In-person weekly- Short courses,"The course will offer an overview of the everyday life and culture of the Byzantine empire. Topics will include the social structure, commerce and industry, monasticism, family life, public welfare, the role of women, food and drink, education.","Mon 20 Jan 2025- Mon 24 Mar 2025, 11:00am - 1:00pm",10 meetings
https://www.conted.ox.ac.uk/courses/ethics-an-introduction-online?code=O24P419PHV,Ethics: An Introduction (Online),Available,Online - flexible- Short courses,"In this introduction to ethics, we shall examine four important ethical theories, applying them to two practical questions: the rights of animals and euthanasia. There will be plenty of opportunity to engage in debate and test your own thinking.","Mon 20 Jan 2025- 04 Apr 2025, ",NA
https://www.conted.ox.ac.uk/courses/french-lower-intermediate-part-2?code=O24P586XFW,French: Lower Intermediate - Part 2,Available,In-person weekly- Short courses,Explore the language and culture of French-speaking countries through this interactive class. A Lower Intermediate continuation course providing progression for students who completed French: Lower Intermediate - Part 1.,"Mon 20 Jan 2025- Mon 24 Mar 2025, 7:30 - 9:30pm",10 meetings
https://www.conted.ox.ac.uk/courses/further-music-theory?code=O24P777MSZ,Further Music Theory,Available,Online - live- Short courses,"This is a practical course for those interested in gaining knowledge and understanding of classical harmony. The course will cover the basics of harmony by taking the students through a series of straightforward, structured exercises.","Mon 20 Jan 2025- 24 Mar 2025, 2:30 - 3:30pm",10 meetings
https://www.conted.ox.ac.uk/courses/islamic-art-and-architecture-online?code=O24P631ARV,Islamic Art and Architecture (Online),Available,Online - flexible- Short courses,"This course is for anyone interested in understanding Islamic art and culture, and examines the relationship between faith and art forms.","Mon 20 Jan 2025- 04 Apr 2025, ",NA
https://www.conted.ox.ac.uk/courses/italian-intermediate-part-2?code=O24P583XIW,Italian: Intermediate - Part 2,Available,In-person weekly- Short courses,Consolidate your proficiency in Italian language and express your opinions on topics which are familiar or of personal interest. A progression course for students who completed Italian: Intermediate - Part 1.,"Mon 20 Jan 2025- Mon 24 Mar 2025, 4:30 - 6:30pm",10 meetings
https://www.conted.ox.ac.uk/courses/learn-to-sing-i?code=O24P557MSW,Learn to Sing - I,Available,In-person weekly- Short courses,"For anyone with a passion for learning to sing. We will discuss and practise the fundamentals of vocal technique and interpretation, enabling you to produce a well-supported and stable vocal tone.","Mon 20 Jan 2025- Mon 24 Mar 2025, 7:00 - 9:00pm",10 meetings
https://www.conted.ox.ac.uk/courses/learning-to-look-at-western-architecture-online?code=O24P410HCV,Learning to Look at Western Architecture (Online),Available,Online - flexible- Short courses,This course is designed to enable you to 'read' the architecture of the Western world in a critically informed way.,"Mon 20 Jan 2025- 04 Apr 2025, ",NA
https://www.conted.ox.ac.uk/courses/literary-theory-an-introduction-online?code=O24P402LTV,Literary Theory: An Introduction (Online),Available,Online - flexible- Short courses,"Although literary theory might sometimes seem intimidating, it can be very accessible and exciting. This course aims to demystify literary theory, showing how it illuminates literary texts and enriches our understanding and enjoyment of literature.","Mon 20 Jan 2025- 04 Apr 2025, ",NA
https://www.conted.ox.ac.uk/courses/memoir-new-techniques-new-approaches?code=O24P442CRW,"Memoir: New Techniques, New Approaches",Available,In-person weekly- Short courses,"Every day we meet people with interesting life stories. Everyone is exotic to someone else. We shall look at contemporary memoirs that are tragic, uplifting, humorous and wise, and learn how to present the pattern of ourselves to others.","Mon 20 Jan 2025- Mon 24 Mar 2025, 10:30am - 12:30pm",10 meetings
https://www.conted.ox.ac.uk/courses/minoans-and-mycenaeans-online?code=O24P641AHV,Minoans and Mycenaeans (Online),Available,Online - flexible- Short courses,"The Minoans and Mycenaeans left us with the intriguing Greek Bronze Age sites of Knossos, Mycenae, Pylos and Akrotiri. The excavation of these sites turned archaeologists into superstars, as stunning architecture, sculpture and weaponry were revealed.","Mon 20 Jan 2025- 04 Apr 2025, ",NA
https://www.conted.ox.ac.uk/courses/new-voices-in-film-charting-the-growth-of-marginalised-voices-in-film?code=O24P450FIW,New Voices in Film: Charting the Growth of Marginalised Voices in Film,Available,In-person weekly- Short courses,"This course will uncover new voices in cinema, exploring how various minority and under-represented groups have fought to be represented fairly and accurately on screen.","Mon 20 Jan 2025- Mon 24 Mar 2025, 7:00 - 9:00pm",10 meetings
https://www.conted.ox.ac.uk/courses/an-introduction-to-the-person-centred-approach?code=O24P534PCW,Person-Centred Approach to Therapy: An Introduction,Available,In-person weekly- Short courses,"Whether you are a counsellor already, keen to understand the power of this approach, wish to integrate it into your own practice, or a professional in one of the many disciplines that have been influenced by it, then this course should fascinate you.","Mon 20 Jan 2025- Mon 24 Mar 2025, 2:00 - 5:00pm",10 meetings
https://www.conted.ox.ac.uk/courses/philosophy-of-science-online?code=O24P468PHV,Philosophy of Science (Online),Available,Online - flexible- Short courses,"This course introduces key issues in the philosophy of science, including debates about the nature of the scientific method, theories of confirmation, the demarcation of science from non-science, the rationality of theory change, and scientific realism.","Mon 20 Jan 2025- 04 Apr 2025, ",NA
https://www.conted.ox.ac.uk/courses/screenwriting-from-pitch-to-screen?code=O24P443CRW,Screenwriting: From Pitch to Screen,Available,In-person weekly- Short courses,"This practical workshop builds on your awareness of writing techniques from the earlier module or other screenwriting courses, and enables you to write a feature-length screenplay or TV series, with guidance from a film industry tutor and peers.","Mon 20 Jan 2025- Mon 24 Mar 2025, 7:00 - 9:00pm",10 meetings
https://www.conted.ox.ac.uk/courses/shakespeare-online?code=O24P413LTV,Shakespeare (Online),Available,Online - flexible- Short courses,"This course focuses on five Shakespeare plays, covering a range of genres and periods of his writing.","Mon 20 Jan 2025- 04 Apr 2025, ",NA
https://www.conted.ox.ac.uk/courses/the-origins-of-the-first-world-war?code=O24P751HIZ,The Origins of the First World War,Available,Online - live- Short courses,"The First World War was a cataclysmic event. This course examines international relations before 1914, the countries which fought the war, how it started, the expectations of the participants, and assesses the war's historical significance,","Mon 20 Jan 2025- 24 Mar 2025, 2:00 - 3:00pm",10 meetings
https://www.conted.ox.ac.uk/courses/the-philosophy-of-artificial-intelligence?code=O24P501PHW,The Philosophy of Artificial Intelligence,Available,In-person weekly- Short courses,"Artificial intelligence is everywhere we look. But what do we mean by ""intelligent""? Do machines ""think""? Does AI have the potential of becoming self-aware or conscious? Do we need to fear the singularity? Can we align AI with our human values and ethics?","Mon 20 Jan 2025- Mon 24 Mar 2025, 2:00 - 4:00pm",10 meetings
https://www.conted.ox.ac.uk/courses/the-reign-of-edward-i?code=O24P459HIW,The Reign of Edward I,Available,In-person weekly- Short courses,"Hailed by the English as a second Arthur, but reviled by his enemies as ‘the Covetous King’, Edward I was one of the most forceful kings in Britain’s history. What were the contemporary expectations of kingship which shaped his reign?","Mon 20 Jan 2025- Mon 24 Mar 2025, 2:00 - 4:00pm",10 meetings
https://www.conted.ox.ac.uk/courses/introduction-to-transpersonal-psychology?code=O24P535PCW,Transpersonal Psychology: An Introduction,Available,In-person weekly- Short courses,"Dive into transpersonal psychology, exploring spiritual dimensions of human experience through theories, practices, and real-world applications. Engage with meditation, therapy techniques, and reflective learning for personal and professional growth.","Mon 20 Jan 2025- Mon 24 Mar 2025, 6:30 - 9:30pm",10 meetings
https://www.conted.ox.ac.uk/courses/tudors-pagans-and-goths-a-history-of-the-gothic-revival?code=O24P419HCW,"Tudors, Pagans and Goths:  A History of the Gothic Revival",Available,In-person weekly- Short courses,"British architecture is known for historical referencing, especially of the Gothic and Tudor periods.  This course examines the ideas and intentions of the architects, designers and builders behind this distinctively British approach to design.","Mon 20 Jan 2025- Mon 24 Mar 2025, 2:00 - 4:00pm",10 meetings
https://www.conted.ox.ac.uk/courses/world-archaeology?code=O24P708AHZ,World Archaeology,Available,Online - live- Short courses,"In World Archaeology we explore the emergence of fascinating past societies from around the world. Some are mysterious and lost in the mists of time, while others form the foundations of cultural traditions that exist in the world today.","Mon 20 Jan 2025- 24 Mar 2025, 4:00 - 5:00pm",10 meetings
https://www.conted.ox.ac.uk/courses/writing-fiction-for-young-adults-online?code=O24P499CRV,Writing Fiction for Young Adults (Online),Available,Online - flexible- Short courses,"Find your own voice and your own niche in writing for young adults, in sub-genres from realism to the supernatural.","Mon 20 Jan 2025- 04 Apr 2025, ",NA
https://www.conted.ox.ac.uk/courses/writing-poetry-online?code=O24P480CRV,Writing Poetry (Online),Available,Online - flexible- Short courses,How can poetic form help you to turn the passion and intensity of life into memorable expressions? How can an appreciation of the techniques used by past and living poets help you to improve as a poet? Take this course and find out.,"Mon 20 Jan 2025- 04 Apr 2025, ",NA
https://www.conted.ox.ac.uk/courses/ancient-india-from-indus-valley-to-rise-of-buddhism?code=O24P700AHZ,Ancient India: From Indus Valley to Rise of Buddhism,Available,Online - live- Short courses,"This course introduces the archaeology of ancient South Asia. From the mighty Himalayas in the north to the waters of the Indian Ocean in the south, we will explore the archaeology and very early history of the region from 3000 to 500 BCE.","Tue 21 Jan 2025- 25 Mar 2025, 10:30 - 11:30am",10 meetings
https://www.conted.ox.ac.uk/courses/applied-data-science?code=O24P743COZ,Applied Data Science: Introduction,Available,Online - live- Short courses,An intermediate course introducing a blend of data science concepts and technologies in order to enable you to work with everyday data related issues analytically. Gain experience of the entire data science supply chain with a hands-on group project.,"Tue 21 Jan 2025- 25 Mar 2025, 7:30 - 8:30pm",10 meetings
https://www.conted.ox.ac.uk/courses/augustine-of-hippo-a-controversial-life?code=O24P804THZ,Augustine of Hippo: A Controversial Life,Available,Online - live- Short courses,"Augustine, the famous 5th-century North African bishop: profound philosopher, brilliant writer and preacher, fierce debater. Together we will read a wide selection of his works, including some transcripts of his sermons, to let him speak for himself.","Tue 21 Jan 2025- 25 Mar 2025, 3:30 - 4:30pm",10 meetings
https://www.conted.ox.ac.uk/courses/believing-the-unbelievable-cults-conspiracy-theories-fake-news-feng-shui?code=O24P502PHW,"Believing the Unbelievable: Cults & Conspiracy Theories, Fake News & Feng Shui",Available,In-person weekly- Short courses,What are the key warning signs that we are dealing with a seductive if ultimately irrational belief system?,"Tue 21 Jan 2025- Tue 25 Mar 2025, 4:30 - 6:30pm",10 meetings
https://www.conted.ox.ac.uk/courses/botanical-connections-plant-relationships-with-other-life-forms?code=O24P429BIW,Botanical Connections: Plant Relationships with Other Life Forms,Available,In-person weekly- Short courses,"How does the stationary nature of plant life necessitate its connections with other living things? The course will explore plant behaviour as positive, negative, as well as neutral interactions with microbes, animals, plants, as well as humans.","Tue 21 Jan 2025- Tue 25 Mar 2025, 10:30am - 12:30pm",10 meetings
https://www.conted.ox.ac.uk/courses/changing-ireland-fictional-perspectives?code=O24P479LTW,Changing Ireland: Fictional Perspectives,Available,In-person weekly- Short courses,"Irish fiction has acquired a high international profile since the 1990s, by reflecting the major transformations that reshaped the culture. This course examines four novels that illuminate the present by re-reading the past on both sides of the border.","Tue 21 Jan 2025- Tue 25 Mar 2025, 10:30am - 12:30pm",10 meetings
https://www.conted.ox.ac.uk/courses/chinese-mandarin-beginners-part-2?code=O24P589XCW,Chinese (Mandarin): Beginners - Part 2,Available,In-person weekly- Short courses,Join this interactive course to further develop your basic Chinese (Mandarin) language skills and enjoy exploring the culture. For those who have completed Beginners - Part 1 and new students who have studied the language formally for one term.,"Tue 21 Jan 2025- Tue 25 Mar 2025, 5:00 - 7:00pm",10 meetings
https://www.conted.ox.ac.uk/courses/introduction-to-cognitive-behavioural-therapy?code=O24P792PCZ,Cognitive Behavioural Therapy (CBT): An Introduction,Available,Online - live- Short courses,An introduction to Cognitive Behavioural Therapy that will enable both experienced clinicians from other therapeutic traditions and people with a general interest in therapy to gain a foundation in key CBT theory and skills.,"Tue 21 Jan 2025- 25 Mar 2025, 11:00am - 12:00pm",10 meetings
https://www.conted.ox.ac.uk/courses/ethics-with-aristotle?code=O24P784PHZ,Ethics with Aristotle,Available,Online - live- Short courses,"Why engage with an approach to ethics that is 2,300 years old? Because ethics without Aristotle is inconceivable, and his insights into what is good for humans remain invaluable. Join in to explore and discuss the 'Nicomachean Ethics'.","Tue 21 Jan 2025- 25 Mar 2025, 1:30 - 2:30pm",10 meetings
https://www.conted.ox.ac.uk/courses/introduction-to-existential-therapy?code=O24P795PCZ,Existential Therapy: An Introduction,Available,Online - live- Short courses,This introduction to Existential Therapy will enable both experienced clinicians from other therapeutic traditions and those with a general interest in therapy to gain a foundation in key existential theory and skills.,"Tue 21 Jan 2025- 25 Mar 2025, 4:30 - 5:30pm",10 meetings
https://www.conted.ox.ac.uk/courses/french-intermediate-part-2?code=O24P592XFW,French: Intermediate - Part 2,Available,In-person weekly- Short courses,Consolidate your proficiency in French language and express your opinions on topics which are familiar or of personal interest. A progression course for students who completed French: Intermediate - Part 1.,"Tue 21 Jan 2025- Tue 25 Mar 2025, 7:30 - 9:30pm",10 meetings
https://www.conted.ox.ac.uk/courses/getting-started-in-nature-writing?code=O24P750CRZ,Getting Started in Nature Writing,Available,Online - live- Short courses,Gain an appreciation of different forms of nature writing and produce your own texts in a supportive environment with this short online course.,"Tue 21 Jan 2025- 25 Mar 2025, 7:00 - 8:00pm",10 meetings
https://www.conted.ox.ac.uk/courses/japanese-beginners-part-2?code=O24P590XJW,Japanese: Beginners - Part 2,Available,In-person weekly- Short courses,Join this interactive course to further develop your basic Japanese language skills and enjoy exploring the culture. For those who have completed Beginners - Part 1 and new students who have studied the language formally for one term.,"Tue 21 Jan 2025- Tue 25 Mar 2025, 7:00 - 9:00pm",10 meetings
https://www.conted.ox.ac.uk/courses/macaronis-molls-the-mob-society-class-and-gender-in-georgian-satire?code=O24P461HIW,"Macaronis, Molls and the Mob: Society, Class and Gender in Georgian Satire",Available,In-person weekly- Short courses,"Why was Georgian England such a rich source of popular media, from the press to satirical caricature? What does that reveal about the changing nature of the Georgian world? We will explore these themes through the captivating eyes of contemporary print.","Tue 21 Jan 2025- Tue 25 Mar 2025, 2:00 - 4:00pm",10 meetings
https://www.conted.ox.ac.uk/courses/portuguese-lower-intermediate-part-2?code=O24P591XPW,Portuguese: Lower Intermediate - Part 2,Available,In-person weekly- Short courses,Explore the language and culture of Portuguese-speaking countries through this interactive class. A Lower Intermediate continuation course providing progression for students who completed Japanese: Lower Intermediate - Part 1.,"Tue 21 Jan 2025- Tue 25 Mar 2025, 7:15 - 9:15pm",10 meetings
https://www.conted.ox.ac.uk/courses/poverty-charity-and-poor-relief-in-the-old-poor-law-era-1550-1834?code=O24P491LHW,"Poverty, Charity and Poor Relief in the Old Poor Law era 1550-1834",Available,In-person weekly- Short courses,"As population grew from 1550-1834, the proportion of people living in poverty increased. We explore the causes of poverty, the methods evolved to relieve or control the poor through charity and official poor relief, and the experience of being poor.","Tue 21 Jan 2025- Tue 25 Mar 2025, 10:30am - 12:30pm",10 meetings
https://www.conted.ox.ac.uk/courses/introduction-to-psychodynamic-counselling?code=O24P538PCW,Psychodynamic Counselling: An Introduction,Available,In-person weekly- Short courses,An introduction to key psychodynamic concepts and practices including self-reflection applied to the understanding of human relationships. Based on psychoanalytical theory.,"Tue 21 Jan 2025- Tue 25 Mar 2025, 6:00 - 9:00pm",10 meetings
https://www.conted.ox.ac.uk/courses/psychotherapeutic-counselling-an-introduction?code=O24P537PCW,Psychotherapeutic Counselling: An Introduction,Available,In-person weekly- Short courses,Exploring human development and relationships from a therapeutic perspective. The ten week programme provides transferrable skills and a basic introduction to counselling for those who may wish to progress to further training.,"Tue 21 Jan 2025- Tue 25 Mar 2025, 10:00am - 12:30pm",10 meetings
https://www.conted.ox.ac.uk/courses/python-programming-for-data-science-intermediate?code=O24P435COW,Python Programming for Data Science: Intermediate,Available,In-person weekly- Short courses,"Gain insight into advanced data science programming tools, using the Python programming language, to extract features from data, assess the statistical significance of the results found, and scale up the computational capability for big data challenges.","Tue 21 Jan 2025- Tue 25 Mar 2025, 7:00 - 9:00pm",10 meetings
https://www.conted.ox.ac.uk/courses/python-programming-for-data-science-intermediate?code=O24P735COZ,Python Programming for Data Science: Intermediate,Available,Online - live- Short courses,"Gain insight into advanced data science programming tools, using the Python programming language, to extract features from data, assess the statistical significance of the results found, and scale up the computational capability for big data challenges.","Tue 21 Jan 2025- 25 Mar 2025, 6:30 - 7:30pm",10 meetings
https://www.conted.ox.ac.uk/courses/python-programming-for-data-science-introduction?code=O24P737COZ,Python Programming for Data Science: Introduction,Available,Online - live- Short courses,"Gain insight into the most important programming tools using the Python programming language, for obtaining data, bringing it into a usable form, exploring and modelling it, and for presenting discoveries to a wider audience.","Tue 21 Jan 2025- 25 Mar 2025, 1:00 - 2:00pm",10 meetings
https://www.conted.ox.ac.uk/courses/sacred-landscapes-and-spiritual-journeys-pilgrimage-in-the-western-tradition?code=O24P460HIW,Sacred Landscapes and Spiritual Journeys: Pilgrimage in the Western Tradition,Available,In-person weekly- Short courses,"What does pilgrimage mean to people today? What did it mean in the Middle Ages? Focusing on pilgrimage in western culture, this course explores how pilgrims’ beliefs, practices and experiences have continued, developed and changed over time.","Tue 21 Jan 2025- Tue 25 Mar 2025, 10:30am - 12:30pm",10 meetings
https://www.conted.ox.ac.uk/courses/soul-sisters-women-in-scripture-and-early-christianity?code=O24P546THW,Soul Sisters: Women in Scripture and Early Christianity,Available,In-person weekly- Short courses,"Get to know a fascinating group of influential women who helped to shape the life and beliefs of early Christian communities. Together we will consider the status and identity of women in society, scripture and the first five centuries of the Church.","Tue 21 Jan 2025- Tue 25 Mar 2025, 4:30 - 6:30pm",10 meetings
https://www.conted.ox.ac.uk/courses/spanish-lower-intermediate-part-2?code=O24P588XSW,Spanish: Lower Intermediate - Part 2,Available,In-person weekly- Short courses,Explore the language and culture of Spanish-speaking countries through this interactive class. A Lower Intermediate continuation course providing progression for students who completed Spanish: Lower Intermediate - Part 1.,"Tue 21 Jan 2025- Tue 25 Mar 2025, 5:00 - 7:00pm",10 meetings
https://www.conted.ox.ac.uk/courses/the-art-and-archaeology-of-geometric-and-archaic-greece?code=O24P407AHW,The Art and Archaeology of Geometric and Archaic Greece,Available,In-person weekly- Short courses,"Join us to explore, through rich learning materials and a museum visit, the art and archaeology of Geometric and Archaic Greece (ca. 1000-480 BCE), when the Greek alphabet, the Olympics and the Persian Wars changed the course of western identity.","Tue 21 Jan 2025- Tue 25 Mar 2025, 11:00am - 1:00pm",10 meetings
https://www.conted.ox.ac.uk/courses/the-practice-of-magic-in-medieval-society?code=O24P766LHZ,The Practice of Magic in Medieval Society,Available,Online - live- Short courses,'Magic' was a wide-ranging concept that affected many aspects of medieval society. This course will consider the actual and perceived practices of magic in the medieval period and their consequences.,"Tue 21 Jan 2025- 25 Mar 2025, 2:00 - 3:00pm",10 meetings
https://www.conted.ox.ac.uk/courses/women-and-the-arts-of-byzantium?code=O24P470ARW,Women and the Arts of Byzantium,Available,In-person weekly- Short courses,"Reassess the role of women in the Byzantine world by studying case studies where visual arts, architecture, and material culture reveal female agency.","Tue 21 Jan 2025- Tue 25 Mar 2025, 11:00am - 1:00pm",10 meetings
https://www.conted.ox.ac.uk/courses/a-history-of-british-poetry-from-shakespeare-to-blake?code=O24P481LTW,A History of British Poetry from Shakespeare to Blake,Available,In-person weekly- Short courses,"Have you ever wanted to know more about poetry but didn't know where to start? If so, this lively and accessible course is for you. Together, we will close read a selection of poems in English from the mid 16th to the late 18th centuries.","Wed 22 Jan 2025- Wed 26 Mar 2025, 4:30 - 6:30pm",10 meetings
https://www.conted.ox.ac.uk/courses/ancestral-voices-the-earliest-english-literature-online?code=O24P417LTV,Ancestral Voices: The Earliest English Literature (Online),Available,Online - flexible- Short courses,"This course introduces you to Old English literature: from tales of heroism, courage and fellowship, to poignant elegies of love and loss.","Wed 22 Jan 2025- 04 Apr 2025, ",NA
https://www.conted.ox.ac.uk/courses/anthropology-applied?code=O24P702AHZ,Anthropology Applied,Available,Online - live- Short courses,"Explore the unique role of applied anthropology in addressing major global challenges of our time. Learn how an integrated understanding of social and cultural dynamics can make the difference between life and death, and change the way you view the world.","Wed 22 Jan 2025- 26 Mar 2025, 3:00 - 4:00pm",10 meetings
https://www.conted.ox.ac.uk/courses/arabic-beginners-part-2?code=O24P595XBW,Arabic: Beginners - Part 2,Available,In-person weekly- Short courses,Join this interactive course to further develop your basic Arabic language skills and enjoy exploring the culture. For those who have completed Beginners - Part 1 and new students who have studied the language formally for one term.,"Wed 22 Jan 2025- Wed 26 Mar 2025, 5:00 - 7:00pm",10 meetings
https://www.conted.ox.ac.uk/courses/archaeology-in-practice-online?code=O24P565AHV,Archaeology in Practice (Online),Available,Online - flexible- Short courses,"How do archaeologists recognise and interpret the lives of past peoples and their societies? An introduction to the methods and techniques of archaeological enquiry, from initial site survey and excavation to scientific analysis.","Wed 22 Jan 2025- 04 Apr 2025, ",NA
https://www.conted.ox.ac.uk/courses/art-in-britain-constable-to-henry-moore?code=O24P117ARL,Art in Britain: Constable to Henry Moore,Available,Online - live- Short courses- Lecture series- Hybrid - in person or online,"This lecture series will chart the broad history of painting and sculpture in Britain, from the Industrial Revolution to the 1930s: from the idyllic rural landscapes of Constable to the hard-edged Modernist abstractions of Hepworth and Moore.","Wed 22 Jan 2025- 26 Feb 2025, 2:00 - 3:15pm",NA
https://www.conted.ox.ac.uk/courses/artificial-intelligence-applications?code=O24P650COV,Artificial Intelligence Concepts: Practical Applications (Online),Available,Online - flexible- Short courses,"Understanding the impact of Artificial Intelligence, now and in the future, is a key skill in the knowledge economy. This course develops a critical understanding of real-world AI applications by introducing various case studies to a general audience.","Wed 22 Jan 2025- 04 Apr 2025, ",NA
https://www.conted.ox.ac.uk/courses/choral-masterpieces-from-bach-to-britten?code=O24P559MSW,Choral Masterpieces: From Bach to Britten,Available,In-person weekly- Short courses,"The rich combination of soloists, chorus and orchestra has inspired composers to produce some of their most profound works.  We will study ten of these masterpieces, from Bach to Britten, exploring the text, music and historical background.","Wed 22 Jan 2025- Wed 26 Mar 2025, 7:00 - 9:00pm",10 meetings
https://www.conted.ox.ac.uk/courses/constable-and-turner-aspects-of-modernity?code=O24P217ARL,Constable and Turner: Aspects of Modernity,Available,Online - live- Short courses- Lecture series- Hybrid - in person or online,This lecture will explore the contrasting approaches to landscape painting taken by Constable and Turner. Were the gentle Suffolk landscapes of Constable as idyllic as they at first appear? And what drove Turner’s fascination with the immensity of nature?,"Wed 22 Jan 2025, 2:00 - 3:15pm",NA
https://www.conted.ox.ac.uk/courses/english-landscape-gardens-1650-to-the-present-day-online?code=O24P473LHV,English Landscape Gardens: 1650 to the Present Day (Online),Available,Online - flexible- Short courses,"This course is the ideal introduction to English garden history. It provides an overview of five centuries of development, from baroque formalism through the naturalistic landscape style, right up to contemporary cutting-edge planting style.","Wed 22 Jan 2025- 04 Apr 2025, ",NA
https://www.conted.ox.ac.uk/courses/europe-of-the-dictators-online?code=O24P420HIV,Europe of the Dictators (Online),Available,Online - flexible- Short courses,Why were the inter-war years a period of such political extremism and dictatorial rule across Europe?,"Wed 22 Jan 2025- 04 Apr 2025, ",NA
https://www.conted.ox.ac.uk/courses/exploring-the-basics-of-human-nutrition?code=O24P713BIZ,Exploring the Basics of Human Nutrition,Available,Online - live- Short courses,A person’s body requires the ingestion of food components to fulfil its basic functions. This is referred to as Nutrition. You will learn about the main food groups and the methods for determining if a Diet provides enough nutrients and promotes health.,"Wed 22 Jan 2025- 26 Mar 2025, 2:00 - 3:00pm",10 meetings
https://www.conted.ox.ac.uk/courses/film-analysis-and-interpretation-a-beginners-guide?code=O24P451FIW,Film Analysis and Interpretation: A Beginner's Guide,Available,In-person weekly- Short courses,A beginners course aimed at students with an interest in cinema but with little or no experience of film analysis or critical film theory. The course will introduce a range of concepts to develop skills and knowledge for the deep analysis of film texts.,"Wed 22 Jan 2025- Wed 26 Mar 2025, 7:00 - 9:00pm",10 meetings
https://www.conted.ox.ac.uk/courses/french-beginners-part-2?code=O24P597XFW,French: Beginners - Part 2,Available,In-person weekly- Short courses,Join this interactive course to further develop your basic French language skills and enjoy exploring the culture. For those who have completed Beginners - Part 1 and new students who have studied the language formally for one term.,"Wed 22 Jan 2025- Wed 26 Mar 2025, 7:30 - 9:30pm",10 meetings
https://www.conted.ox.ac.uk/courses/geology-landscape-and-people?code=O24P515GEW,"Geology, Landscape and People",Available,In-person weekly- Short courses,"Geology determines the underlying nature of landscape, but mankind has utilised, modified and shaped the Earth's surface through several millennia of occupation. We examine the roles of geology and people in forming a range of distinctive landscapes.","Wed 22 Jan 2025- Wed 19 Mar 2025, 7:00 - 9:00pm",10 meetings
https://www.conted.ox.ac.uk/courses/getting-started-writing-your-feature-film-screenplay?code=O24P746CRZ,Getting Started Writing Your Feature Film Screenplay,Available,Online - live- Short courses,"Work actively to understand key screenwriting concepts to build your awareness of the needs of your film idea. Develop this into a riveting outline, populate it with engaging characters, and draw your audience into your story world though genre.","Wed 22 Jan 2025- 26 Mar 2025, 7:30 - 8:30pm",10 meetings
https://www.conted.ox.ac.uk/courses/gothic-to-renaissance-architectural-transition-in-italy?code=O24P420HCW,Gothic to Renaissance : Architectural Transition in Italy,Available,In-person weekly- Short courses,"Italy's adoption of its distinctive Gothic styles was remarkable. We will go on to examine the equally dramatic transition in both church and secular building to Renaissance architecture in the major cities including Florence, Milan, Rome and Venice.","Wed 22 Jan 2025- Wed 26 Mar 2025, 2:00 - 4:00pm",10 meetings
https://www.conted.ox.ac.uk/courses/great-medieval-christian-and-islamic-philosophers?code=O24P550THW,Great Medieval Christian and Islamic Philosophers,Available,In-person weekly- Short courses,Some medieval Christian and Islamic philosophers have been highly influential in the history of western thought. This course is an introduction to the thought of some of these philosophers: Anselm; Aquinas; Ockham; al Kindi; al Farabi; al Ghazali.,"Wed 22 Jan 2025- Wed 19 Feb 2025, 2:00 - 4:00pm",5 meetings
https://www.conted.ox.ac.uk/courses/hegels-political-philosophy?code=O24P782PHZ,Hegel's Political Philosophy,Available,Online - live- Short courses,"Apologist for the Prussian state? Proto-totalitarian? Or liberal? This course will cut through the misconceptions and present Hegel's political philosophy in its full complexity and subtlety, by means of a close reading of his Philosophy of Right (1821).","Wed 22 Jan 2025- 26 Mar 2025, 5:00 - 6:00pm",10 meetings
https://www.conted.ox.ac.uk/courses/infectious-disease-modelling-mathematical-techniques?code=O24P731COZ,Infectious Disease Modelling: Mathematical Techniques,Available,Online - live- Short courses,"Mathematics can be used to describe patterns around the spread of infectious diseases and predict future trends. Aimed at a general audience, this course will cover key mathematical concepts for building and analysing models of disease transmission.","Wed 22 Jan 2025- 26 Mar 2025, 3:30 - 4:30pm",10 meetings
https://www.conted.ox.ac.uk/courses/investigating-the-victorians-online?code=O24P421LHV,Investigating the Victorians (Online),Available,Online - flexible- Short courses,"Britain led the world in the nineteenth century, but what were the consequences of industrialisation and empire on British society?","Wed 22 Jan 2025- 04 Apr 2025, ",NA
https://www.conted.ox.ac.uk/courses/italian-beginners-part-2?code=O24P594XIW,Italian: Beginners - Part 2,Available,In-person weekly- Short courses,Join this interactive course to further develop your basic Italian language skills and enjoy exploring the culture. For those who have completed our Beginners - Part 1 course and new students who have studied the language formally for one term.,"Wed 22 Jan 2025- Wed 26 Mar 2025, 4:30 - 6:30pm",10 meetings
https://www.conted.ox.ac.uk/courses/italian-lower-intermediate-part-2?code=O24P593XIW,Italian: Lower Intermediate - Part 2,Available,In-person weekly- Short courses,Explore the language and culture of Italian-speaking countries through this interactive class. A Lower Intermediate continuation course providing progression for students who completed Italian: Lower Intermediate - Part 1.,"Wed 22 Jan 2025- Wed 26 Mar 2025, 2:00 - 4:00pm",10 meetings
https://www.conted.ox.ac.uk/courses/justice-and-knowledge-do-the-oppressed-know-something-that-others-dont?code=O24P503PHW,Justice and knowledge: Do the oppressed know something that others don’t?,Available,In-person weekly- Short courses,"Are some people ignored, silenced, or limited in their access to knowledge due to their identity? How might this occur? In this short course we consider how some people’s knowledge might be ignored and whose responsibility it is to do something about it.","Wed 22 Jan 2025- Wed 26 Mar 2025, 4:30 - 6:30pm",10 meetings
https://www.conted.ox.ac.uk/courses/modernist-poetry-1910-1945?code=O24P480LTW,Modernist Poetry 1910-1945,Available,In-person weekly- Short courses,"This course guides you through  'modernism' in English language poetry. It revolutionised poetry and changed it fundamentally. Where did it come from, who were the principal figures, and what defines poetry as modernist? And what happened to it?","Wed 22 Jan 2025- Wed 26 Mar 2025, 10:30am - 12:30pm",10 meetings
https://www.conted.ox.ac.uk/courses/new-world-archaeology?code=O24P409AHW,New World Archaeology,Available,In-person weekly- Short courses,"The peoples of the Americas are descended from Siberian and Asian groups travelling into the New World between 40,000 and 15,000 years ago. Archaeology reveals a myriad of unique lifeways, settlements, and artifacts.","Wed 22 Jan 2025- Wed 26 Mar 2025, 10:30am - 12:30pm",10 meetings
https://www.conted.ox.ac.uk/courses/introduction-to-orientalist-art?code=O24P754ARZ,Orientalist Art: An Introduction,Available,Online - live- Short courses,"Enter the world of Orientalist art to draw out the realities, contradictions, and political motivations behind this visually stunning style.","Wed 22 Jan 2025- 26 Mar 2025, 6:30 - 7:30pm",10 meetings
https://www.conted.ox.ac.uk/courses/origins-of-human-behaviour-online?code=O24P655AHV,Origins of Human Behaviour (Online),Available,Online - flexible- Short courses,What makes humans different from other primates? When did we become human? This course will chart the development of human behaviour.,"Wed 22 Jan 2025- 04 Apr 2025, ",NA
https://www.conted.ox.ac.uk/courses/political-change-in-britain-since-the-1960s?code=O24P463HIW,Political Change in Britain since the 1960s,Available,In-person weekly- Short courses,"An introduction to to key events, developments, and controversies in British political history from the advent of the Wilson-led governments in 1964  to the 2016 UK EU Referendum and its immediate aftermath","Wed 22 Jan 2025- Wed 26 Mar 2025, 7:00 - 9:00pm",10 meetings
https://www.conted.ox.ac.uk/courses/politics-an-introduction-online?code=O24P426HIV,Politics: An Introduction (Online),Available,Online - flexible- Short courses,"In addition to tracing the evolution of the modern state and political ideas and ideologies, this course focuses on issues that confront people from all parts of the world on a day-to-day basis.","Wed 22 Jan 2025- 04 Apr 2025, ",NA
https://www.conted.ox.ac.uk/courses/public-policy-economics-online?code=O24P412SOV,Public Policy Economics (Online),Available,Online - flexible- Short courses,"All of us are affected by government policies, and governments place particular emphasis on economic policies. This course will equip you to evaluate the economic arguments made about public policy choices.","Wed 22 Jan 2025- 04 Apr 2025, ",NA
https://www.conted.ox.ac.uk/courses/an-introduction-to-programming-in-r?code=O24P740COZ,R Programming for Data Science: Introduction,Available,Online - live- Short courses,"Learn about R programming with this online course. At an introductory level, this course provides you with a solid foundation of the R programming language. Here you will learn the basics of R and gradually move to data processing and manipulation.","Wed 22 Jan 2025- 26 Mar 2025, 1:30 - 2:30pm",10 meetings
https://www.conted.ox.ac.uk/courses/spanish-beginners-part-2?code=O24P587XSW,Spanish: Beginners - Part 2,Available,In-person weekly- Short courses,Join this interactive course to further develop your basic Spanish language skills and enjoy exploring the culture. For those who have completed Beginners - Part 1 and new students who have studied the language formally for one term.,"Wed 22 Jan 2025- Wed 26 Mar 2025, 4:30 - 6:30pm",10 meetings
https://www.conted.ox.ac.uk/courses/spanish-intermediate-part-2?code=O24P596XSW,Spanish: Intermediate - Part 2,Available,In-person weekly- Short courses,Consolidate your proficiency in Spanish language and express your opinions on topics which are familiar or of personal interest. A progression course for students who completed Spanish: Intermediate - Part 1.,"Wed 22 Jan 2025- Wed 26 Mar 2025, 5:00 - 7:00pm",10 meetings
https://www.conted.ox.ac.uk/courses/architecture-of-the-english-medieval-cathedral-online?code=O24P547HCV,The Architecture of the English Medieval Cathedral (Online),Available,Online - flexible- Short courses,"This course will explore the English medieval cathedral as a developing institution which survived over a thousand years of religious upheaval and historical change, focusing on the multifaceted architecture of a range of truly great churches.","Wed 22 Jan 2025- 04 Apr 2025, ",NA
https://www.conted.ox.ac.uk/courses/the-building-culture-of-britain-from-vernacular-to-sustainable-architecture?code=O24P711HCZ,The Building Culture of Britain: From Vernacular to Sustainable Architecture,Available,Online - live- Short courses,What links the ground beneath our feet to our cultural heritage? How do local building variations emerge and develop? Why is traditional building practice still important? Join this course to explore the material culture of historic buildings in Britain.,"Wed 22 Jan 2025- 26 Mar 2025, 4:00 - 5:00pm",10 meetings
https://www.conted.ox.ac.uk/courses/the-first-civilization-mesopotamia-online?code=O24P638AHV,The First Civilization: Mesopotamia (Online),Available,Online - flexible- Short courses,"Civilization was born over 5,000 years ago on the fertile plains of southern Mesopotamia.  Using archaeology and textual sources, this course will build a picture of the Sumerian civilization, one that lies at the root of our own world.","Wed 22 Jan 2025- 04 Apr 2025, ",NA
https://www.conted.ox.ac.uk/courses/history-of-economic-thought-online?code=O24P538SOV,The History of Economic Thought (Online),Available,Online - flexible- Short courses,"This course evaluates the development of economic thought through the eyes of Greek, Chinese, Indian and European traditions before exploring economic thought in the context of the 20th century.","Wed 22 Jan 2025- 04 Apr 2025, ",NA
https://www.conted.ox.ac.uk/courses/the-making-of-modern-britain-online?code=O24P425HIV,The Making of Modern Britain (Online),Available,Online - flexible- Short courses,"A modern, democratic, multicultural Britain developed throughout the twentieth century. This course will examine the key social, economic and political influences that have shaped modern Britain.","Wed 22 Jan 2025- 04 Apr 2025, ",NA
https://www.conted.ox.ac.uk/courses/the-pianists-workshop-ii?code=O24P558MSW,The Pianists' Workshop - II,Available,In-person weekly- Short courses,"Explore piano repertoire, interpretation and technique in a lively mixture of talks and workshops, in which all students will have regular opportunities to play. This class is open to players of all levels and students may join the class in any term.","Wed 22 Jan 2025- Wed 26 Mar 2025, 4:30 - 6:30pm",10 meetings
https://www.conted.ox.ac.uk/courses/the-rise-of-british-overseas-trade-in-the-c18th?code=O24P462HIW,The Rise of British Overseas Trade in the 18th Century,Available,In-person weekly- Short courses,This course examines how the growth of overseas trade helped Britain to dramatically redefine its place in the world in the long eighteenth century.,"Wed 22 Jan 2025- Wed 26 Mar 2025, 10:30am - 12:30pm",10 meetings
https://www.conted.ox.ac.uk/courses/virginia-woolf-on-writing-novels?code=O24P482LTW,Virginia Woolf on Writing Novels,Available,In-person weekly- Short courses,"This course will take you to Virginia Woolf's writing desk to look at the challenges of writing a novel from her perspective. Guided by her theory of fiction, we will gain insight into her unique voice in Jacob's Room, Mrs Dalloway and To the Lighthouse.","Wed 22 Jan 2025- Wed 26 Mar 2025, 7:00 - 9:00pm",10 meetings
https://www.conted.ox.ac.uk/courses/writing-drama-online?code=O24P427CRV,Writing Drama (Online),Available,Online - flexible- Short courses,A creative and critical course helping you develop your passion for drama into the craft of dramatic writing.,"Wed 22 Jan 2025- 04 Apr 2025, ",NA
https://www.conted.ox.ac.uk/courses/a-history-of-folklore?code=O24P764LHZ,A History of Folklore,Available,Online - live- Short courses,This course provides an historical introduction to the development of folklore studies in Britain. It will review historical conceptions and approaches to folklore from the seventeenth-century antiquarians to the present.,"Thu 23 Jan 2025- 27 Mar 2025, 2:00 - 3:00pm",10 meetings
https://www.conted.ox.ac.uk/courses/a-troubled-britain-two-centuries-of-protest-since-1815?code=O24P464HIW,A Troubled Britain: Two Centuries of Protest since 1815,Available,In-person weekly- Short courses,"From political agitation and religious discord to single-issue demands, British society has often  been confronted by dissenting voices. Starting in 1815 we will examine these protests, seeking to understand the nature of challenges to the status quo.","Thu 23 Jan 2025- Thu 27 Mar 2025, 10:30am - 12:30pm",10 meetings
https://www.conted.ox.ac.uk/courses/analytic-philosophy-ten-classic-papers?code=O24P505PHW,Analytic Philosophy: Ten Classic Papers,Available,In-person weekly- Short courses,"We drill down into some of the classic papers of analytic philosophy, unpacking and analysing their arguments.","Thu 23 Jan 2025- Thu 27 Mar 2025, 4:30 - 6:30pm",10 meetings
https://www.conted.ox.ac.uk/courses/democracy-and-bureaucracy-from-the-past-to-the-future?code=O24P523SOW,Democracy and Bureaucracy: from the past to the future,Available,In-person weekly- Short courses,The people who live in democracies that are based on universal equality often feel that they are actually governed by an unelected and hierarchical bureaucracy. We will study the pluses and minuses of these rival modern models of operation and control.,"Thu 23 Jan 2025- Thu 27 Mar 2025, 10:30am - 12:30pm",10 meetings
https://www.conted.ox.ac.uk/courses/developing-your-novel-and-polishing-your-work?code=O24P444CRW,Developing Your Novel and Polishing Your Work,Available,In-person weekly- Short courses,"A course for writers who feel stuck and need support to progress with, or finish, their novel.","Thu 23 Jan 2025- Thu 27 Mar 2025, 10:30am - 12:30pm",10 meetings
https://www.conted.ox.ac.uk/courses/environmental-ethics-technology-climate-justice-and-the-environment?code=O24P504PHW,"Environmental Ethics: Technology, Climate Justice and the Environment",Available,In-person weekly- Short courses,"Climate change is a major concern of today. It raises many ethical questions about what we should do, what obligations we have to others and how we should relate to the natural world. This course will examine some of those questions.","Thu 23 Jan 2025- Thu 27 Mar 2025, 10:30am - 12:30pm",10 meetings
https://www.conted.ox.ac.uk/courses/florence-rome-venice-the-architecture-of-the-italian-renaissance?code=O24P709HCZ,"Florence, Rome and Venice: The Architecture of the Italian Renaissance",Available,Online - live- Short courses,"Join us to explore the rich and dazzling architecture of the Italian Renaissance in three key cities. We will investigate the differing ways in which the classical styles of the Renaissance found expression in Florence, Rome and Venice.","Thu 23 Jan 2025- 27 Mar 2025, 7:00 - 8:00pm",10 meetings
https://www.conted.ox.ac.uk/courses/german-beginners-part-2?code=O24P599XDW,German: Beginners - Part 2,Available,In-person weekly- Short courses,Join this interactive course to further develop your basic German language skills and enjoy exploring the culture. For those who have completed Beginners - Part 1 and new students who have studied the language formally for one term.,"Thu 23 Jan 2025- Thu 27 Mar 2025, 5:00 - 7:00pm",10 meetings
https://www.conted.ox.ac.uk/courses/german-lower-intermediate-part-2?code=O24P601XDW,German: Lower Intermediate - Part 2,Available,In-person weekly- Short courses,Explore the language and culture of German-speaking countries through this interactive class. A Lower Intermediate continuation course providing progression for students who completed German: Lower Intermediate - Part 1.,"Thu 23 Jan 2025- Thu 27 Mar 2025, 7:15 - 9:15pm",10 meetings
https://www.conted.ox.ac.uk/courses/great-love-stories?code=O24P622LTW,Great Love Stories,Available,In-person weekly- Short courses,"People have always experienced love but literary depictions have changed dramatically. This course will explore classic love stories from Shakespeare to the present. Authors include Jane Austen, Thomas Hardy and Gabriel García Márquez.","Thu 23 Jan 2025- Thu 27 Mar 2025, 10:30am - 12:30pm",10 meetings
https://www.conted.ox.ac.uk/courses/henry-james-early-middle-late?code=O24P483LTW,"Henry James: Early, Middle, Late",Available,In-person weekly- Short courses,"A study of three novels from the early, middle and late stages of Henry James's career, Roderick Hudson, The Portrait of a Lady and The Wings of the Dove.  Each explores James's favourite subjects: the international theme, vicarious living, human choice.","Thu 23 Jan 2025- Thu 27 Mar 2025, 10:30am - 12:30pm",10 meetings
https://www.conted.ox.ac.uk/courses/japanese-lower-intermediate-part-2?code=O24P600XJW,Japanese: Lower Intermediate - Part 2,Available,In-person weekly- Short courses,Explore the language and culture of Japanese-speaking countries through this interactive class. A Lower Intermediate continuation course providing progression for students who completed Japanese: Lower Intermediate - Part 1.,"Thu 23 Jan 2025- Thu 27 Mar 2025, 7:00 - 9:00pm",10 meetings
https://www.conted.ox.ac.uk/courses/korean-beginners-part-2?code=O24P598XKW,Korean: Beginners - Part 2,Available,In-person weekly- Short courses,Join this interactive course to further develop your basic Korean language skills and enjoy exploring the culture. For those who have completed Beginners - Part 1 and new students who have studied the language formally for one term.,"Thu 23 Jan 2025- Thu 27 Mar 2025, 5:00 - 7:00pm",10 meetings
https://www.conted.ox.ac.uk/courses/latin-beginners-part-2?code=O24P719XLZ,Latin: Beginners - Part 2,Available,Online - live- Short courses,"This course continues to introduce the basic principles of Classical Latin. It provides a firm basis of grammar, sentence structure and vocabulary of the language, through which you will be able to read and translate Roman drama in adaptation.","Thu 23 Jan 2025- 27 Mar 2025, 4:30 - 5:30pm",10 meetings
https://www.conted.ox.ac.uk/courses/latin-lower-intermediate-part-2?code=O24P722XLZ,Latin: Lower Intermediate - Part 2,Available,Online - live- Short courses,"Continue developing your knowledge of Latin with this 10-week course. Besides learning some new grammar and fundamental syntax, you will read some texts adapted from Cicero, about the corruption of the governor Verres.","Thu 23 Jan 2025- 27 Mar 2025, 12:30 - 1:30pm",10 meetings
https://www.conted.ox.ac.uk/courses/intermediate-linear-algebra?code=O24P768MAZ,Linear Algebra: Intermediate,Available,Online - live- Short courses,"Linear Algebra is fundamental to Geometry, Statistics, Analysis and most topics in Mathematics. From solving linear equations to abstraction, this course develops deeper knowledge with rigorous proofs. This follows on from Linear Algebra: Introduction.","Thu 23 Jan 2025- 27 Mar 2025, 7:30 - 8:30pm",10 meetings
https://www.conted.ox.ac.uk/courses/magic-and-heresy-in-medieval-europe?code=O24P465HIW,Magic and Heresy in Medieval Europe,Available,In-person weekly- Short courses,"In this course students will develop an understanding of magic and heresy in High and Late Medieval Europe, and the ways in which these played a role in the appearance of witchcraft towards the end of the Middle Ages.","Thu 23 Jan 2025- Thu 27 Mar 2025, 2:00 - 4:00pm",10 meetings
https://www.conted.ox.ac.uk/courses/materiality-and-meaning-exploring-prehistoric-britain-through-material-culture?code=O24P408AHW,Materiality and Meaning: Exploring Prehistoric Britain Through Material Culture,Available,In-person weekly- Short courses,"Materiality in archaeology is an approach to investigation that focuses on relationships between people and the materials and places they create, modify, and interact with. How can archaeologists best understand British prehistory through materiality?","Thu 23 Jan 2025- Thu 27 Mar 2025, 2:00 - 4:00pm",10 meetings
https://www.conted.ox.ac.uk/courses/mindfulness-and-meditation-the-art-and-science-of-self-transformation?code=O24P798THZ,Mindfulness and Meditation: The Art and Science of Self-transformation,Available,Online - live- Short courses,"Explore the theory and practice of mindfulness/meditation effects within Eastern and Western religious traditions and in a modern therapeutic context. Try out various techniques. Learn about the art and science of meditation, including its controversies.","Thu 23 Jan 2025- 27 Mar 2025, 3:30 - 4:30pm",10 meetings
https://www.conted.ox.ac.uk/courses/portuguese-beginners-part-2?code=O24P585XPW,Portuguese: Beginners - Part 2,Available,In-person weekly- Short courses,Join this interactive course to further develop your basic Portuguese language skills and enjoy exploring the culture. For those who have completed our Beginners - Part 1 course and new students who have studied the language formally for one term.,"Thu 23 Jan 2025- Thu 27 Mar 2025, 7:15 - 9:15pm",10 meetings
https://www.conted.ox.ac.uk/courses/reading-literature-critically?code=O24P761LTZ,Reading Literature Critically,Available,Online - live- Short courses,"With an emphasis on close critical analysis, this course is designed to enable you to become a more attentive, appreciative and critical reader of literary texts.","Thu 23 Jan 2025- 27 Mar 2025, 7:30 - 8:30pm",10 meetings
https://www.conted.ox.ac.uk/courses/introduction-to-songwriting?code=O24P560MSW,Songwriting: An Introduction,Available,In-person weekly- Short courses,"This practical course will teach the skills common to all types/styles of songwriting. No previous composing experience is necessary for full participation, just basic musical literacy and an interest in learning to write songs.","Thu 23 Jan 2025- Thu 27 Mar 2025, 2:00 - 4:00pm",10 meetings
https://www.conted.ox.ac.uk/courses/the-beethoven-piano-sonatas?code=O24P775MSZ,The Beethoven Piano Sonatas,Available,Online - live- Short courses,"The piano was, for Beethoven, his most personal means of expression and his monumental cycle of piano sonatas is one of the pinnacles of western music. This course will explore these works chronologically.","Thu 23 Jan 2025- 27 Mar 2025, 3:00 - 4:00pm",10 meetings
https://www.conted.ox.ac.uk/courses/the-river-thames-from-mouth-to-source-an-architectural-journey?code=O24P421HCW,The River Thames from Mouth to Source - An Architectural Journey,Available,In-person weekly- Short courses,"Join us to take an imaginary journey up the Thames, from the mouth between Essex and Kent, to its sources amid the rolling countryside of Wiltshire and Gloucestershire.","Thu 23 Jan 2025- Thu 27 Mar 2025, 2:00 - 4:00pm",10 meetings
https://www.conted.ox.ac.uk/courses/women-of-ancient-egypt-an-exploration-of-non-elite-female-lives?code=O24P410AHW,Women of Ancient Egypt: An Exploration of Non-Elite Female lives,Available,In-person weekly- Short courses,Become acquainted with the domestic and working lives of Ancient Egypt's non-elite women. A life course journey from the perils of childbirth to the esteemed position of older wise women.,"Thu 23 Jan 2025- Thu 20 Feb 2025, 1:30 - 3:30pm",5 meetings
https://www.conted.ox.ac.uk/courses/a-pianist-explores?code=O24P162MSL,A Pianist Explores,Available,In-person day/weekend- Short courses- Lecture series,"A musical journey through the piano repertoire. In each lecture Jonathan Darnborough turns the spotlight on a single iconic piano work, with illustrations from the piano followed by a performance of the piece.","Fri 24 Jan 2025- 28 Feb 2025, 11:00am - 12:15pm",NA
https://www.conted.ox.ac.uk/courses/ancient-greek-beginners-part-2?code=O24P725XAZ,Ancient Greek: Beginners - Part 2,Available,Online - live- Short courses,"This course builds on Part 1, and allows you to extend and revise your grammatical knowledge so far while reading some engaging texts in Greek.","Fri 24 Jan 2025- 28 Mar 2025, 4:30 - 5:30pm",10 meetings
https://www.conted.ox.ac.uk/courses/animals-ethics-the-moral-and-legal-status-of-animals?code=O24P506PHW,Animal Ethics: The Moral and Legal Status of Animals,Available,In-person weekly- Short courses,"Our thinking about non-human animals is, at best, confused. The purpose of this course will be to examine that confusion and to learn to think critically about the moral and legal status of non-human animals. No background in law/philosophy required.","Fri 24 Jan 2025- Fri 28 Mar 2025, 2:00 - 4:00pm",10 meetings
https://www.conted.ox.ac.uk/courses/feminist-philosophy?code=O24P785PHZ,Feminist Philosophy,Available,Online - live- Short courses,Feminism is a political movement aiming to end the oppression of women. But what is to be a 'woman'? Do women have distinctive ways of knowing and acting? What is gender injustice? The course engages with such core issues of feminist thought.,"Fri 24 Jan 2025- 28 Mar 2025, 2:00 - 3:00pm",10 meetings
https://www.conted.ox.ac.uk/courses/introduction-to-the-energy-transition?code=O24P788PYZ,Introduction to the Energy Transition,Available,Online - live- Short courses,"Introduction to the Energy Transition is a course that covers an increasingly important issue with respect to climate change, ecology, energy policies, supply disruption, and competition for energy.","Fri 24 Jan 2025- 04 Apr 2025, 3:00 - 4:00pm",10 meetings
https://www.conted.ox.ac.uk/courses/mozart-sonata-in-c-k-545-1st-movement?code=O24P223MSL,"Mozart: Sonata in C, K 545, 1st movement",Available,In-person day/weekend- Short courses- Lecture series,"In this late work Mozart shows himself at his subtlest, achieving that Holy Grail for all creative artists, beauty with simplicity. This lecture is part of the 'A Pianist Explores' lecture series - providing a musical journey through the piano repertoire.","Fri 24 Jan 2025, 11:00am - 12:15pm",NA
https://www.conted.ox.ac.uk/courses/statistics-for-non-specialists?code=O24P772MAZ,Statistics for Data Science: Introduction,Available,Online - live- Short courses,"This course will introduce statistics to the beginner, covering measures of central tendency, dispersion, probability theory and inferential statistics.","Fri 24 Jan 2025- 28 Mar 2025, 5:00 - 6:00pm",10 meetings
https://www.conted.ox.ac.uk/courses/sutton-hoo?code=O24P412AHW,Sutton Hoo,Available,In-person weekly- Short courses,"This course will look at the Anglo-Saxon burial of Sutton Hoo, its excavation and finds, and the settlement, art and literature of the period. We will have an all-day coach trip to Sutton Hoo and West Stow village.","Fri 24 Jan 2025- Fri 21 Mar 2025, 10:00am - 12:00pm",9 meetings
https://www.conted.ox.ac.uk/courses/understanding-space-and-time?code=O24P516ASW,Understanding Space and Time,Available,In-person weekly- Short courses,"A non-mathematical overview of the current scientific understanding of space and time. Including an introduction to Einstein's theory of relativity, its consequences, and applications.","Fri 24 Jan 2025- Fri 28 Mar 2025, 2:00 - 4:00pm",10 meetings
https://www.conted.ox.ac.uk/courses/women-artists-of-scandinavia?code=O24P471ARW,Women Artists of Scandinavia,Available,In-person weekly- Short courses,Explore how Scandinavia and Finland produced some of the most talented artists in Europe in the late nineteenth and early twentieth centuries.,"Fri 24 Jan 2025- Fri 28 Mar 2025, 12:30 - 2:30pm",10 meetings
https://www.conted.ox.ac.uk/courses/creating-successful-community-history-projects-a-workshop?code=O24P158LHJ,Creating Successful Community History Projects: A Workshop,Available,In-person day/weekend- Short courses,This day school will give those seeking to set up their own community or local history projects the opportunity to be inspired by and learn from those who have successfully run community or oral history projects in their own localities.,"Sat 25 Jan 2025, 9:45am - 5:00pm",NA
https://www.conted.ox.ac.uk/courses/writing-historical-fiction?code=O24P149CRJ,Writing Historical Fiction,Available,In-person day/weekend- Short courses,"An action-packed day school in Oxford on how to write compelling historical fiction with award-winning historical novelist Rebecca Abrams. Come prepared to write, experiment and discover, and expect to leave enthused, informed and inspired.","Sat 25 Jan 2025, 9:45am - 5:00pm",NA
https://www.conted.ox.ac.uk/courses/civil-war-and-revolution-britain-divided-1640-1660-online?code=O24P428HIV,"Civil War and Revolution: Britain Divided, 1640-1660 (Online)",Available,Online - flexible- Short courses,"The civil wars that swept across the British Isles in the 17th century left few lives untouched. This course will explore the causes, conduct and significance of the English civil wars.","Mon 27 Jan 2025- 11 Apr 2025, ",NA
https://www.conted.ox.ac.uk/courses/drug-development-pharmacokinetics-and-imaging?code=O24C264B9Y,"Drug Development, Pharmacokinetics and Imaging",Available,Short intensive- Short courses- Professional development,This five-day short course from the Experimental and Translational Therapeutics Programme is taught through face-to-face tutorials. It discusses the basic principles of designing and identifying new drug molecules and monitoring their effect.,"Mon 27 Jan 2025- 31 Jan 2025, ",NA
https://www.conted.ox.ac.uk/courses/elizabeth-i-online?code=O24P492HIV,Elizabeth I (Online),Available,Online - flexible- Short courses,"This course will examine the life and reign of Elizabeth I, from her troubled childhood to the death of the aged Virgin Queen. But what do we really know of this iconic queen? Can her reign be accounted a success?","Mon 27 Jan 2025- 11 Apr 2025, ",NA
https://www.conted.ox.ac.uk/courses/introduction-to-statistics-for-health-care-research?code=O24C202B9Y,Introduction to Statistics for Health Care Research,Available,Online - flexible- Professional development,A flexible online statistics course for busy health and social care professionals who need to understand the basics of health statistics without becoming statisticians.,"Mon 27 Jan 2025- 21 Mar 2025, ",NA
https://www.conted.ox.ac.uk/courses/italian-renaissance-art-c1400-c1600-online?code=O24P486ARV,Italian Renaissance Art c.1400-c.1600 (Online),Available,Online - flexible- Short courses,"From Bellini and Botticelli to tapestry and tableware, the material culture of the Italian Renaissance continues to fascinate us to this day. This course is an opportunity to explore this unique period.","Mon 27 Jan 2025- 11 Apr 2025, ",NA
https://www.conted.ox.ac.uk/courses/reality-being-and-existence-an-introduction-to-metaphysics-online?code=O24P496PHV,"Reality, Being and Existence: An Introduction to Metaphysics (Online)",Available,Online - flexible- Short courses,"An introduction to metaphysics, the most general investigation of reality. It has been at the centre of philosophy since the beginning of the Western tradition in ancient Greece, and many of its concerns are the same as those of Plato and Aristotle.","Mon 27 Jan 2025- 11 Apr 2025, ",NA
https://www.conted.ox.ac.uk/courses/social-anthropology-an-introduction-online?code=O24P634AHV,Social Anthropology: An Introduction (Online),Available,Online - flexible- Short courses,"Social anthropology is the study of how humans give meaning to the world through different social norms, values, practices and means of organisation. This course provides an exciting and dynamic introduction to the world of social anthropology.","Mon 27 Jan 2025- 11 Apr 2025, ",NA
https://www.conted.ox.ac.uk/courses/social-policy-and-welfare-states-in-the-21st-century-online?code=O24P434SOV,Social Policy and Welfare States in the 21st Century (Online),Available,Online - flexible- Short courses,What is the welfare state and what functions does it serve? Why and how do welfare states vary across countries and over time? What are the biggest challenges that welfare states face in the 21st century?,"Mon 27 Jan 2025- 11 Apr 2025, ",NA
https://www.conted.ox.ac.uk/courses/the-culture-of-the-english-country-house-online?code=O24P506HCV,The Culture of the English Country House (Online),Available,Online - flexible- Short courses,"Explore the culture of the English country house from its architectural form, social manners and distinctions to the furnishings and artistic manifestations of taste, as an expression of power and influence in a changing society.","Mon 27 Jan 2025- 11 Apr 2025, ",NA
https://www.conted.ox.ac.uk/courses/the-first-world-war-in-perspective-online?code=O24P415HIV,The First World War in Perspective (Online),Available,Online - flexible- Short courses,"This course seeks to explain why and how the First World War was fought, and to understand why its legacy remains relevant more than a century after it ended.","Mon 27 Jan 2025- 11 Apr 2025, ",NA
https://www.conted.ox.ac.uk/courses/the-modern-american-novel-an-introduction-online?code=O24P516LTV,The Modern American Novel: An Introduction (Online),Available,Online - flexible- Short courses,"In this course we shall study five key novels of the twentieth century - by Fitzgerald, Faulkner, Silko, Morrison and Roth.","Mon 27 Jan 2025- 11 Apr 2025, ",NA
https://www.conted.ox.ac.uk/courses/the-number-mysteries-online?code=O24P541MAV,The Number Mysteries (Online),Available,Online - flexible- Short courses,"It is hard to imagine a world without numbers, but how natural is mathematics? We explore this very question through numerous online activities and 'at home' experiments, which allow you to interact with mathematics as you will never have done before.","Mon 27 Jan 2025- 11 Apr 2025, ",NA
https://www.conted.ox.ac.uk/courses/vikings-raiders-traders-and-settlers-online?code=O24P633AHV,"Vikings: Raiders, Traders and Settlers (Online)",Available,Online - flexible- Short courses,"Ravagers, despoilers, pagans, the Vikings are often regarded as bloodthirsty pirates. Yet they were also traders, settlers and farmers with a thriving artistic culture and legal systems.  Using archaeology we examine the varied aspects of the Viking world","Mon 27 Jan 2025- 11 Apr 2025, ",NA
https://www.conted.ox.ac.uk/courses/humanism-an-introduction?code=O24P182PHL,Humanism: An Introduction,Available,Online - live- Short courses- Lecture series- Hybrid - in person or online,"An investigation into humanism in its contemporary sense (sometimes called ‘secular humanism’). What is the humanist alternative to religious world-views, and what are its strengths and weaknesses? Join us for this series of lectures in Oxford or online.","Tue 28 Jan 2025- 04 Mar 2025, 2:00 - 3:15pm",NA
https://www.conted.ox.ac.uk/courses/academic-art-and-the-pre-raphaelite-brotherhood?code=O24P218ARL,Academic Art and the Pre-Raphaelite Brotherhood,Available,Online - live- Short courses- Lecture series- Hybrid - in person or online,"Investigate the complex relationship between the established academic arts of the mid-19th century, and the innovations of the Pre-Raphaelite Brotherhood. Artists whose work will feature include Millais, Rossetti and Hunt. Join in Oxford or watch online.","Wed 29 Jan 2025, 2:00 - 3:15pm",NA
https://www.conted.ox.ac.uk/courses/material-legacies-of-empire?code=O24P290PAR,Material Legacies of Empire,Available,Short intensive- Short courses- Professional development,"This three-day course will offer Continuing Professional Development to heritage sector professionals. It will focus on the material legacy of Empire and colonialism through paintings, decorative arts and the built environment.","Wed 29 Jan 2025- 31 Jan 2025, 9:30am - 4:45pm",3 meetings
https://www.conted.ox.ac.uk/courses/exploring-cognition?code=O24P201PCR,Exploring Cognition,Available,Online - live- Short courses,"We will take a brief look at the workings of the brain, and how psychologists describe the functions of attention, perception and memory. Explore how these processes can work to fool us, and what we have learned from dysfunction.","Thu 30 Jan 2025- 31 Jan 2025, 10:00am - 1:00pm",NA
https://www.conted.ox.ac.uk/courses/beethoven-moonlight-sonata-op-27-no-2-1st-movement?code=O24P224MSL,"Beethoven: 'Moonlight' Sonata, Op. 27, no. 2, 1st movement",Available,In-person day/weekend- Short courses- Lecture series,"The poet Rellstab compared the first movement of this iconic work with the play of moonlight on the waters of a lake. Concealed beneath the dreamy surface of this movement, however, is a structure every bit as tight as anything Beethoven ever wrote.","Fri 31 Jan 2025, 11:00am - 12:15pm",NA
https://www.conted.ox.ac.uk/courses/climate-change-in-science-fiction-film-literature-and-gaming?code=O24P139TEJ,"Climate Change in Science Fiction: Film, Literature and Gaming",Available,In-person day/weekend- Short courses,"Climate change has been a feature of Science Fiction narratives for longer than it has been recognised as a scientific reality. This day school takes a look at climate fiction across science fiction film, literature, graphic novels and gaming.","Sat 01 Feb 2025, 9:45am - 5:00pm",NA
https://www.conted.ox.ac.uk/courses/contemporary-developments-in-coaching?code=O24P210PCJ,Contemporary Developments in Coaching,Available,In-person day/weekend- Short courses,"Drawing on psychology, sociology, anthropology and education, this day aims to help coaches of all backgrounds and levels of experience explore recent developments that affect their practice, highlight sources and pinpoint themes to watch in the future.","Sat 01 Feb 2025, 9:45am - 5:00pm",NA
https://www.conted.ox.ac.uk/courses/maximising-productivity-llms-and-chatgpt-for-coders?code=O24P124COJ,Maximising Productivity: LLMs and ChatGPT for Coders,Available,Online - live- Short courses,"This hands-on day focuses on how to utilise the power of LLMs for tasks including, but not limited to, Automated Code Generation, Completion and Optimisation, Documentation Writing, Test Case Formulation and Code Translation Across Languages.","Sat 01 Feb 2025, 10:00am - 5:00pm",NA
https://www.conted.ox.ac.uk/courses/unwrapping-the-galloway-hoard?code=O24P103AHJ,Unwrapping the Galloway Hoard,Available,In-person day/weekend- Short courses,"Buried in Viking Age Britain around 900 CE, the Galloway Hoard is a rich collection of rare and unique objects. This event brings together a team of archaeologists and conservators working on the hoard to explore both its contents and meaning.","Sat 01 Feb 2025, 10:15am - 5:30pm",NA
https://www.conted.ox.ac.uk/courses/developing-practice-in-medical-education?code=O24C041B9Y,Developing Practice in Medical Education,Available,Short intensive- Professional development,"Using critical reflection as a framework to relate theoretical and conceptual models to practice, taking into account evidence, values, learner diversity and modes of learning.","Mon 03 Feb 2025- 07 Feb 2025, ",NA
https://www.conted.ox.ac.uk/courses/mixing-it-up-understanding-and-using-mixed-methods-research-in-social-sciences?code=H25G001YOY,Mixing it up: understanding and using mixed methods research in social sciences,Available,Online - flexible- Professional development,An online course for researchers which critically discusses mixed methods approaches to social science analysis.,"Mon 03 Feb 2025- 31 Mar 2025, ",NA
https://www.conted.ox.ac.uk/courses/intimations-of-modernism-ruskin-and-whistler?code=O24P219ARL,Intimations of Modernism: Ruskin and Whistler,Available,Online - live- Short courses- Lecture series- Hybrid - in person or online,"Should painters depict moral subjects in sharp-edged clarity? Or should painting echo the abstractions of music in its depictions of the modern industrial world? This lecture will address these questions, with reference to the Ruskin-Whistler controversy.","Wed 05 Feb 2025, 2:00 - 3:15pm",NA
https://www.conted.ox.ac.uk/courses/mendelssohn-variations-serieuses-op-54?code=O24P225MSL,"Mendelssohn: Variations Sérieuses, Op. 54",Available,In-person day/weekend- Short courses- Lecture series,"Reacting against the empty display of variations by the virtuosi of his day, Mendelssohn wrote his Variations Sérieuses as a homage to Beethoven. Basing them on a poignant theme, Mendelssohn explores a wide range of moods, ending in a jubilant finale.","Fri 07 Feb 2025, 11:00am - 12:15pm",NA
https://www.conted.ox.ac.uk/courses/thinking-machines-and-the-ethics-of-ai?code=O24P183PHJ,Thinking Machines and the Ethics of AI,Available,Online - live- Short courses- Hybrid - in person or online,"Robots, cyborgs and AI systems fire our imaginations and have inspired many movies, from HAL in '2001: A Space Odyssey' to Data in 'Star Trek' and Skynet in 'The Terminator'. What moral issues do they raise?","Sat 08 Feb 2025, 10:15am - 5:30pm",NA
https://www.conted.ox.ac.uk/courses/wb-yeats-and-his-poetry-1920-30s?code=O24P150LTJ,"W.B. Yeats and His Poetry, 1920-30s",Available,Online - live- Short courses- Hybrid - in person or online,"W.B. Yeats was one of the most influential and important poets of the twentieth century. During his long career, his poetry had many forms. This day school looks at his work during the 1920s and 30s. Join us in Oxford or online.","Sat 08 Feb 2025, 9:45am - 5:00pm",NA
https://www.conted.ox.ac.uk/courses/ethics-and-justice-in-translational-science?code=O24C053B9Y,Ethics and Justice in Translational Science,Available,Short intensive- Professional development,Conceptual and theoretical approaches to ethical issues in translational health sciences,"Mon 10 Feb 2025- 14 Feb 2025, ",NA
https://www.conted.ox.ac.uk/courses/evidence-based-diagnosis-and-screening?code=O24C182B9J,Evidence-Based Diagnosis and Screening,Available,Short intensive- Professional development,"Critical appraisal and application, at an advanced level, of the best evidence on diagnostic tests.","Mon 10 Feb 2025- 14 Feb 2025, ",NA
https://www.conted.ox.ac.uk/courses/bird-biodiversity-and-population-monitoring-methods?code=O24C068D2Y,Bird Biodiversity and Population Monitoring Methods,Available,Online - flexible- Professional development,"Part-time over five weeks, this tutor-led training course can be taken from anywhere in the world. It will appeal to students and practitioners who want to improve their ability to conduct bird surveys.","Wed 12 Feb 2025- 19 Mar 2025, 5 meetings",NA
https://www.conted.ox.ac.uk/courses/data-analysis-in-ecology-statistics-for-ecologists-field-biologists-10-week?code=O24C072D2Y,Data Analysis in Ecology: Statistics for Ecologists & Field Biologists (10-week),Available,Online - flexible- Professional development,"A 10-week, tutor-led data analysis course taken entirely online. The course introduces students to the use of QED Statistics and R software.","Wed 12 Feb 2025- 23 Apr 2025, 10 meetings",NA
https://www.conted.ox.ac.uk/courses/intimations-of-the-avant-garde-camden-town-and-the-london-group?code=O24P220ARL,Intimations of the Avant-Garde: Camden Town and the London Group,Available,Online - live- Short courses- Lecture series- Hybrid - in person or online,"Consider the earliest full manifestations of European Modernism in British art. Walter Sickert, Harold Gilman, Roger Fry, Mark Gertler and Stanislawa de Karlowska will be discussed. Part of the 'Art in Britain: Constable to Henry Moore' lecture series.","Wed 12 Feb 2025, 2:00 - 3:15pm",NA
https://www.conted.ox.ac.uk/courses/chopin-nocturne-in-db-op-27-no-2?code=O24P226MSL,"Chopin: Nocturne in D-flat, Op. 27, no. 2",Available,In-person day/weekend- Short courses- Lecture series,"In this famous Nocturne, Chopin combines the dreamy with the dramatic in an apparently improvisatory stream of consciousness that belies the time he devoted to its composition. This lecture is part of the 'A Pianist Explores' lecture series.","Fri 14 Feb 2025, 11:00am - 12:15pm",NA
https://www.conted.ox.ac.uk/courses/building-assignment-writing-skills?code=O24P207SKJ,Building Assignment Writing Skills,Available,In-person day/weekend- Short courses,"Whether you are new to study or have a problem with some aspect of essay-writing, this workshop will help you to develop a systematic approach to planning, writing and presenting your assignment.","Sat 15 Feb 2025, 9:45am - 1:00pm",NA
https://www.conted.ox.ac.uk/courses/the-art-of-the-home-in-the-renaissance-and-early-modern-world?code=O24P118ARJ,The Art of the Home in the Renaissance and Early Modern World,Available,In-person day/weekend- Short courses,"Explore the art of the home in the Renaissance and early modern world, from colourful ceramics and incense burners to paintings and tapestries in interiors across the Mediterranean and Eurasia.","Sat 15 Feb 2025, 9:45am - 5:00pm",NA
https://www.conted.ox.ac.uk/courses/vorticism-and-total-war?code=O24P221ARL,Vorticism and Total War,Available,Online - live- Short courses- Lecture series- Hybrid - in person or online,"This lecture will focus on the hard-edged Modernism of the Vorticist group, and the various ways in which British artists responded to the advent of Cubism and the First World War. Featured artists include Wyndham Lewis, Jacob Epstein and C.R.W Nevinson.","Wed 19 Feb 2025, 2:00 - 3:15pm",NA
https://www.conted.ox.ac.uk/courses/rachmaninoff-prelude-in-d-op-23-no-4?code=O24P227MSL,"Rachmaninoff: Prelude in D, Op. 23, no. 4",Available,In-person day/weekend- Short courses- Lecture series,"In his D major Prelude, Rachmaninoff weaves one of his characteristic extended melodies and builds towards a climax of shattering intensity. This lecture is part of the 'A Pianist Explores' lecture series.","Fri 21 Feb 2025, 11:00am - 12:15pm",NA
https://www.conted.ox.ac.uk/courses/impressionism-in-art-and-music?code=O24P138ARJ,Impressionism in Art and Music,Available,Online - live- Short courses- Hybrid - in person or online,"An exploration of the artistic movement that came to embrace both art and music, looking at the major visual and musical works of the Impressionists, and tracing the roots of this aesthetic upheaval that laid the foundations for modernism in the arts.","Sat 22 Feb 2025, 9:45am - 5:00pm",NA
https://www.conted.ox.ac.uk/courses/intersectionality-and-globalisation?code=O24P191SOJ,Intersectionality and Globalisation,Available,Online - live- Short courses,"We will explore how sex, gender and inequality interact within globalized economies, with an emphasis on an intersectional perspective, while navigating through the complexities of evolving labour markets, climate change and technological challenges.","Sat 22 Feb 2025, 10:00am - 5:00pm",NA
https://www.conted.ox.ac.uk/courses/realist-reviews-and-realist-evaluation?code=O24C078B9Y,Realist Reviews and Realist Evaluation,Available,Short intensive- Professional development,Aiming to provide an understanding of realist reviews and evaluation and the ability to apply new knowledge and skills to a realist research project.,"Mon 24 Feb 2025- 28 Feb 2025, ",NA
https://www.conted.ox.ac.uk/courses/unit-one-and-british-modernism?code=O24P222ARL,Unit One and British Modernism,Available,Online - live- Short courses- Lecture series- Hybrid - in person or online,"Explore British art during the interwar period. How did British artists react to the arrival of Surrealism in Britain? Featured artists include Barbara Hepworth, Paul Nash and Henry Moore. Part of the 'Art in Britain' lecture series.","Wed 26 Feb 2025, 2:00 - 3:15pm",NA
https://www.conted.ox.ac.uk/courses/queens-of-egypt-an-exploration-of-elite-female-power?code=O24P411AHW,Queens of Egypt: An Exploration of Elite Female Power,Available,In-person weekly- Short courses,To what extent could an elite females exercise power in ancient Egypt? How were some women able to rise through a male dominated hierarachy to rule Egypt? This course examines exceptional female rulers including Hatshepsut and Cleopatra VII.,"Thu 27 Feb 2025- Thu 27 Mar 2025, 1:30 - 3:30pm",5 meetings
https://www.conted.ox.ac.uk/courses/scriabin-sonata-no-5-op-53?code=O24P228MSL,"Scriabin: Sonata no. 5, Op. 53",Available,In-person day/weekend- Short courses- Lecture series,"Described by Horowitz as the most difficult piano piece ever written, legend has it that this sonata came to Scriabin in a dream. This lecture is part of the 'A Pianist Explores' lecture series - providing a musical journey through the piano repertoire.","Fri 28 Feb 2025, 11:00am - 12:15pm",NA
https://www.conted.ox.ac.uk/courses/machine-learning-with-r?code=O24P125COJ,Machine Learning with R,Available,Online - live- Short courses,"Gain the practical skills needed in using R for machine learning tasks. Covering many concepts and hands-on applications, the day delves into various machine learning algorithms, data preprocessing techniques and model evaluation methods.","Sat 01 Mar 2025, 10:00am - 5:00pm",NA
https://www.conted.ox.ac.uk/courses/problem-solving-and-critical-thinking?code=O24P177PCJ,Problem Solving and Critical Thinking,Available,In-person day/weekend- Short courses,Gain the knowledge and understanding of Problem Solving and Critical Thinking at this day event in Oxford. Interactive sessions will explain skills and use tools to help you improve your ability to work in these areas.,"Sat 01 Mar 2025, 10:15am - 5:30pm",NA
https://www.conted.ox.ac.uk/courses/the-1925-paris-exposition-des-arts-decoratifs-and-its-legacy?code=O24P109HCJ,The 1925 Paris Exposition des Arts Décoratifs and its Legacy,Available,In-person day/weekend- Short courses,"2025 marks the centenary of the chicest international exposition of the 20th century. One of the defining events of Jazz Age visual culture, the event brought together some of the most exciting designers in Europe and gave its name to the Art Deco style.","Sat 01 Mar 2025, 9:45am - 5:00pm",NA
https://www.conted.ox.ac.uk/courses/patients-citizens-the-politics-of-evidence?code=O24C055B9Y,"Patients, Citizens and the Politics of Evidence",Available,Short intensive- Professional development,Examining the role of patients and citizens in providing evidence for health care research,"Mon 03 Mar 2025- 07 Mar 2025, ",NA
https://www.conted.ox.ac.uk/courses/early-technological-behaviour-the-oldowan-and-early-acheulian-in-africa?code=O24P104AHJ,Early Technological Behaviour: The Oldowan and Early Acheulian in Africa,Available,In-person day/weekend- Short courses,"Significant technological developments took place in Africa between 2 and 1.5 million years ago, including the emergence of new tools such as handaxes. This day school explores the stone and other technologies of this key period of the African stone age.","Sat 08 Mar 2025, 9:45am - 5:00pm",NA
https://www.conted.ox.ac.uk/courses/hip-hop-a-cultural-history?code=O24P163MSJ,Hip-Hop: A Cultural History,Available,Online - live- Short courses- Hybrid - in person or online,"From its origins in 70s New York, hip-hop has become a global phenomenon. This day school charts the history of that development, looking also at the appearance of regional styles in the West Coast, southern states and abroad.","Sat 08 Mar 2025, 9:45am - 5:00pm",NA
https://www.conted.ox.ac.uk/courses/economics-of-health-care?code=O24C297B9Y,Economics of Health Care,Available,Short intensive- Professional development,Using economics to improve health and healthcare,"Mon 10 Mar 2025- 14 Mar 2025, ",NA
https://www.conted.ox.ac.uk/courses/healthcare-innovation-and-technology?code=O24C296B9Y,Health Care Innovation and Technology,Available,Short intensive- Professional development,"This five-day course provides a comprehensive overview of the use, potential benefits and dangers of technology in modern surgery.","Mon 10 Mar 2025- 14 Mar 2025, ",NA
https://www.conted.ox.ac.uk/courses/pharmacodynamics-biomarkers-and-personalised-therapy?code=O24C252B9Y,"Pharmacodynamics, Biomarkers and Personalised Therapy",Available,Short intensive- Short courses- Professional development,The pharmacodynamic process of drug therapy provides the link between the pharmacokinetic profile and the therapeutic effect of a drug. This course offers an introduction to pharmacodynamics and the principles of pharmacokinetic-pharmacodynamic modelling.,"Mon 10 Mar 2025- 14 Mar 2025, ",NA
https://www.conted.ox.ac.uk/courses/ancient-mariners-the-global-archaeology-of-seafaring-and-exploration?code=O24P105AHJ,Ancient Mariners: The Global Archaeology of Seafaring and Exploration,Available,Online - live- Short courses- Hybrid - in person or online,"Chart the deep human history of seafaring across Earth’s oceans - from Ancient Egypt to Bronze Age Greece, Neolithic England to the Vikings, and Ice Age Australia to remote Pacific atolls. Join in Oxford or watch online.","Sat 15 Mar 2025, 9:45am - 5:15pm",NA
https://www.conted.ox.ac.uk/courses/the-psychology-of-addiction?code=O24P202PCJ,The Psychology of Addiction,Available,In-person day/weekend- Short courses,Addiction is a complex construct in which an individual takes a substance or engages in behaviour that is pleasurable but eventually becomes compulsive with harmful consequences. This day offers interesting multidimensional explanations of addiction.,"Sat 15 Mar 2025, 9:45am - 5:00pm",NA
https://www.conted.ox.ac.uk/courses/writing-fiction-essentials-character-description-and-dialogue?code=O24P151CRR,"Writing Fiction Essentials: Character, Description and Dialogue",Available,In-person day/weekend- Short courses,An inspiring and informative weekend event exploring the essentials of writing prose fiction with award-winning writer Rebecca Abrams.,"Sat 15 Mar 2025- 16 Mar 2025, 9.45am Sat - 5.00pm Sun",NA
https://www.conted.ox.ac.uk/courses/ethics-of-the-beginning-and-end-of-life?code=O24C003V5Y,Ethics of the Beginning and End of Life,Available,Short intensive- Professional development,"An introduction to basic questions and concepts in reproductive ethics and end of life decisions, as well as more general philosophical questions about the value of life and badness of death.","Mon 17 Mar 2025- 21 Mar 2025, ",NA
https://www.conted.ox.ac.uk/courses/fish-and-amphibian-survey-methods?code=O24C065D2Y,Fish and Amphibian Survey Methods,Available,Online - flexible- Professional development,"Part-time over five weeks, this tutor-led training course can be taken from anywhere in the world. It will appeal to students and practitioners who want to improve their ability to conduct fish and amphibian surveys.","Wed 19 Mar 2025- 23 Apr 2025, 5 meetings",NA
https://www.conted.ox.ac.uk/courses/developing-further-assignment-writing-skills?code=O24P208SKJ,Developing Further Assignment Writing Skills,Available,In-person day/weekend- Short courses,A more advanced workshop for experienced essay and report writers who would like to improve the style and structure of their writing and to develop the technique of persuasive argument.,"Sat 22 Mar 2025, 9:45am - 1:00pm",NA
https://www.conted.ox.ac.uk/courses/impact-of-natural-products-in-medicine?code=O24P168BIJ,Impact of Natural Products in Medicine,Available,Online - live- Short courses,Medicinal products are developed from nature and may offer therapeutic benefit. This day school is designed to provide an understanding and insight into how medicinal products are discovered and developed into approved pharmaceutical agents for human use.,"Sat 22 Mar 2025, 10:00am - 5:00pm",NA
https://www.conted.ox.ac.uk/courses/naseby-the-memory-of-a-battle-in-a-changing-landscape?code=O24P135HIR,Naseby: The Memory of a Battle in a Changing Landscape,Available,In-person day/weekend- Short courses,"This event will explore the Battle of Naseby, a turning point in British history. We will explore the battlefield itself (accessing locations not open to the public), why it occurred where it did, and how its participants determined Naseby’s outcome.","Sat 22 Mar 2025- 23 Mar 2025, 9.45am Sat - 5.00pm Sun",NA
https://www.conted.ox.ac.uk/courses/social-innovation-and-entrepreneurship-emerging-technologies?code=O24P126COJ,Social Innovation and Entrepreneurship: Emerging Technologies,Available,In-person day/weekend- Short courses,"Learn how emerging technologies, such as AI and extended realities (VR/AR/MR), can empower social innovation, guiding you to develop tech-enhanced solutions for sustainable social change.","Sat 22 Mar 2025, 9:45am - 5:00pm",NA
https://www.conted.ox.ac.uk/courses/meta-analysis?code=O24C033B9Y,Meta-analysis,Available,Short intensive- Professional development,Basic and advanced statistical methods for meta-analysis.,"Mon 24 Mar 2025- 28 Mar 2025, ",NA
https://www.conted.ox.ac.uk/courses/nanomedicine-science-and-applications?code=O24C547F2Y,Nanomedicine - Science and Applications,Available,Short intensive- Short courses- Professional development,"This five-day course provides a thorough overview of the exciting and emerging discipline of nanomedicine, which is already starting to transform the way that medical and health care solutions are developed and delivered.","Mon 24 Mar 2025- 28 Mar 2025, ",NA
https://www.conted.ox.ac.uk/courses/election-forecasting?code=O24P127COJ,Election Forecasting,Available,Online - live- Short courses- Hybrid - in person or online,"Introducing a wide variety of different election forecasting methods for UK general elections. As well as pre-election forecasts, the day will cover exit poll methodology and seat prediction from early constituency results.","Sat 29 Mar 2025, 1:45 - 5:00pm",NA
https://www.conted.ox.ac.uk/courses/the-films-of-orson-welles?code=O24P152LTJ,The Films of Orson Welles,Available,In-person day/weekend- Short courses,"Acclaimed as a wunderkind of theatre and radio, Welles was seemingly destined to dominate 1940s Hollywood. By analysing key movies such as Citizen Kane, The Magnificent Ambersons and The Lady of Shanghai, we will chart his fascinating fall from grace.","Sat 29 Mar 2025, 10:15am - 5:30pm",NA
https://www.conted.ox.ac.uk/courses/astronomy-weekend?code=O24P188PYR,The Spectacular Universe: Astronomy Weekend,Available,In-person day/weekend- Short courses,"A celebration of the latest advances in astronomy, with some of the best images from satellites, space probes and ground-based observatories. With world-leading experts, all are welcome at this popular and richly illustrated event.","Sat 29 Mar 2025- 30 Mar 2025, 10.15am Sat - 5.00pm Sun",NA
https://www.conted.ox.ac.uk/courses/advanced-qualitative-research-methods?code=O24C039B9Y,Advanced Qualitative Research Methods,Available,Short intensive- Professional development,Advancing skills and knowledge of complex issues in qualitative research,"Mon 31 Mar 2025- 04 Apr 2025, ",NA
https://www.conted.ox.ac.uk/courses/the-setting-of-heritage-assets?code=O24P316PAR,The Setting of Heritage Assets,Available,In-person day/weekend- Short courses- Professional development,"Increase your understanding of setting as it applies to heritage assets, along with its contribution to good design and the positive management of heritage assets. Aimed at UK-based historic environment practitioners and others in related disciplines.","Tue 01 Apr 2025- 02 Apr 2025, 8:30am - 5:00pm",2 meetings
https://www.conted.ox.ac.uk/courses/context-matters-the-way-language-is-used-in-communication?code=O24P140TEJ,Context Matters: The Way Language is Used in Communication,Available,In-person day/weekend- Short courses,"An introduction to discourse analysis, the field of linguistics concerned with the study of language in context. We will look at what makes a stretch of language a piece of discourse and the varied uses of language in context.","Sat 05 Apr 2025, 9:45am - 5:00pm",NA
https://www.conted.ox.ac.uk/courses/extinctions-crises-in-the-history-of-life?code=O24P169BIJ,Extinctions: Crises in the History of Life,Available,In-person day/weekend- Short courses,"A wide-ranging introduction to extinction from a geological viewpoint. Topics include recent extinctions, mass extinctions and their likely causes, the role of extinction in evolution, plus a chance to study many real fossils in the teaching room.","Sat 05 Apr 2025, 9:15am - 5:15pm",NA
https://www.conted.ox.ac.uk/courses/thinking-critically-about-news-media?code=O24P184PHJ,Thinking Critically about News Media,Available,Online - live- Short courses- Hybrid - in person or online,"To what extent can we trust news provision? Where does news media end, and propaganda and manipulation begin? Join us in Oxford or online to learn more.","Sat 05 Apr 2025, 10:15am - 5:30pm",NA
https://www.conted.ox.ac.uk/courses/extinctions-crises-in-the-history-of-life?code=O24P170BIJ,Extinctions: Crises in the History of Life,Available,In-person day/weekend- Short courses,"A wide-ranging introduction to extinction from a geological viewpoint. Topics include recent extinctions, mass extinctions and their likely causes, the role of extinction in evolution, plus a chance to study many real fossils in the teaching room.","Sun 06 Apr 2025, 9:15am - 5:15pm",NA
https://www.conted.ox.ac.uk/courses/climate-change-creative-and-hopeful-responses?code=O24P178SOJ,Climate Change: Creative and Hopeful Responses,Available,In-person day/weekend- Short courses,"Join us for a dynamic half-day event with artists and researchers exploring climate change, creativity and hope. Afterwards, you are encouraged to go on a self-guided tour of the ‘Museum of Climate Hope’ trail across Oxford.","Sat 12 Apr 2025, 9:45am - 1:00pm",NA
https://www.conted.ox.ac.uk/courses/southern-african-literary-and-visual-cultures?code=O24P153LTJ,Southern African Literary and Visual Cultures,Available,In-person day/weekend- Short courses,"Gain an appreciation and understanding of the exciting contemporary literary and visual cultures of the geographically, culturally and linguistically diverse region of Southern Africa. Many different forms of cultural production will be discussed.","Sat 12 Apr 2025, 9:45am - 5:00pm",NA
https://www.conted.ox.ac.uk/courses/oxford-advanced-pre-sessional-course-for-graduate-students?code=O24I403AAL,Oxford Advanced Pre-sessional Course for Graduate Students,Available,Short intensive- Short courses- Professional development,The Oxford Advanced Pre-sessional Course is a challenging and intensive 9-week programme aimed at preparing students (both native and non-native speakers of English) for postgraduate degree programmes in the UK.,"Mon 21 Apr 2025- 20 Jun 2025, ",NA
https://www.conted.ox.ac.uk/courses/a-herstory-of-art-women-artists-from-artemisia-gentileschi-to-zanele-muholi?code=O24P755ARZ,A ‘Herstory’ of Art: Discovering Women Artists,Available,Online - live- Short courses,"This course examines the social, economic, religious, and political contexts under which women have always made art, but have largely been marginalised in its formal histories and markets.","Tue 22 Apr 2025- 24 Jun 2025, 4:00 - 5:00pm",10 meetings
https://www.conted.ox.ac.uk/courses/applied-data-science?code=O24P744COZ,Applied Data Science: Introduction,Available,Online - live- Short courses,An intermediate course introducing a blend of data science concepts and technologies in order to enable you to work with everyday data related issues analytically. Gain experience of the entire data science supply chain with a hands-on group project.,"Tue 22 Apr 2025- 24 Jun 2025, 5:00 - 6:00pm",10 meetings
https://www.conted.ox.ac.uk/courses/before-canterbury-chaucers-dream-visions-and-troilus-and-criseyde?code=O24P487LTW,Before Canterbury: Chaucer's Dream Visions and 'Troilus and Criseyde',Available,In-person weekly- Short courses,"Best known for The Canterbury Tales, Chaucer's earlier work takes us to the fantastical worlds of dream vision and philosophical romance. We’ll explore 'The Book of the Duchess', 'The House of Fame', 'The Parliament of Fowls' and 'Troilus and Criseyde'.","Tue 22 Apr 2025- Tue 24 Jun 2025, 7:00 - 9:00pm",10 meetings
https://www.conted.ox.ac.uk/courses/chinese-mandarin-elementary-consolidation?code=O24P608XCW,Chinese (Mandarin): Elementary - Consolidation,Available,In-person weekly- Short courses,This Chinese consolidation course is based on the syllabus of the previous terms and is primarily tailored to meet the needs of those who completed the weekly class. New students who are at the appropriate level of proficiency are also welcome.,"Tue 22 Apr 2025- Tue 24 Jun 2025, 5:00 - 7:00pm",10 meetings
https://www.conted.ox.ac.uk/courses/climate-change-and-the-arts-around-the-mediterranean?code=O24P472ARW,Climate Change and the Arts around the Mediterranean,Available,In-person weekly- Short courses,"The course will examine a broad selection of artistic case studies to understand how societies, visual arts, culture, and artists have responded to climate changes in the context of the Mediterranean basin, from Antiquity to the present.","Tue 22 Apr 2025- Tue 24 Jun 2025, 11:00am - 1:00pm",10 meetings
https://www.conted.ox.ac.uk/courses/introduction-to-cognitive-behavioural-therapy?code=O24P793PCZ,Cognitive Behavioural Therapy (CBT): An Introduction,Available,Online - live- Short courses,An introduction to Cognitive Behavioural Therapy that will enable both experienced clinicians from other therapeutic traditions and people with a general interest in therapy to gain a foundation in key CBT theory and skills.,"Tue 22 Apr 2025- 24 Jun 2025, 4:30 - 5:30pm",10 meetings
https://www.conted.ox.ac.uk/courses/daily-life-in-the-classical-world?code=O24P413AHW,Daily life in the Classical World,Available,In-person weekly- Short courses,"This course will explore the lived experiences of individuals in the urban Classical World, from the food they ate and the houses they lived in, to their beliefs, identities and well-being.","Tue 22 Apr 2025- Tue 24 Jun 2025, 2:00 - 4:00pm",10 meetings
https://www.conted.ox.ac.uk/courses/introduction-to-existential-therapy?code=O24P796PCZ,Existential Therapy: An Introduction,Available,Online - live- Short courses,This introduction to Existential Therapy will enable both experienced clinicians from other therapeutic traditions and those with a general interest in therapy to gain a foundation in key existential theory and skills.,"Tue 22 Apr 2025- 24 Jun 2025, 11:00am - 12:00pm",10 meetings
https://www.conted.ox.ac.uk/courses/existentialism-and-ethics?code=O24P509PHW,Existentialism and Ethics,Available,In-person weekly- Short courses,"An introduction into existentialist approaches to ethics and the ethical. With a particular focus on subjectivity and individual responsibility, we will ask what morality is and could be.","Tue 22 Apr 2025- Tue 24 Jun 2025, 7:00 - 9:00pm",10 meetings
https://www.conted.ox.ac.uk/courses/flash-fiction-workshop?code=O24P748CRZ,Flash Fiction Workshop,Available,Online - live- Short courses,"Writing flash fiction brings benefits to writers of all stripes. In this hands-on workshop, we'll be writing each week, discussing our work, and developing new skills in brevity, language and form.","Tue 22 Apr 2025- 24 Jun 2025, 7:00 - 8:00pm",10 meetings
https://www.conted.ox.ac.uk/courses/french-upper-intermediate-3rd-term?code=O24P611XFW,French: Intermediate - Consolidation,Available,In-person weekly- Short courses,This French consolidation course is based on the syllabus of the previous terms and is primarily tailored to meet the needs of those who completed the weekly class. New students who are at the appropriate level of proficiency are also welcome.,"Tue 22 Apr 2025- Tue 24 Jun 2025, 7:30 - 9:30pm",10 meetings
https://www.conted.ox.ac.uk/courses/from-revolution-to-war-europe-1789-1914?code=O24P466HIW,"From Revolution to War: Europe, 1789-1914",Available,In-person weekly- Short courses,"This course examines the story of Europe in the nineteenth century focusing on the themes of national identity, political and economic development, colonial expansion and urban development. What was the historical legacy of these dramatic European events?","Tue 22 Apr 2025- Tue 24 Jun 2025, 2:00 - 4:00pm",10 meetings
https://www.conted.ox.ac.uk/courses/hollywood-masters-otto-preminger?code=O24P452FIW,Hollywood Masters: Otto Preminger,Available,In-person weekly- Short courses,"This course introduces the work of the major Hollywood director Otto Preminger, offering critical approaches to understanding his film style across a range of genres and his place within debates about film authorship","Tue 22 Apr 2025- Tue 24 Jun 2025, 7:00 - 9:00pm",10 meetings
https://www.conted.ox.ac.uk/courses/integral-human-development?code=O24P525SOW,Integral Human Development,Available,In-person weekly- Short courses,"There are developed and less developed economies, cultures, communities, and individuals. Can we integrate all these sorts of development into one desirable whole? This class will look at efforts to think holistically about the modern human condition.","Tue 22 Apr 2025- Tue 24 Jun 2025, 7:00 - 9:00pm",10 meetings
https://www.conted.ox.ac.uk/courses/japanese-elementary-consolidation?code=O24P609XJW,Japanese: Elementary - Consolidation,Available,In-person weekly- Short courses,This Japanese consolidation course is based on the syllabus of the previous terms and is primarily tailored to meet the needs of those who completed the weekly class. New students who are at the appropriate level of proficiency are also welcome.,"Tue 22 Apr 2025- Tue 24 Jun 2025, 7:00 - 9:00pm",10 meetings
https://www.conted.ox.ac.uk/courses/personalised-medicine-an-introduction?code=O24P431BIW,Personalised Medicine: An Introduction,Available,In-person weekly- Short courses,"Our genes control our biological processes, and scientists are decoding their role in disease development to identify new clues for novel therapies. Gene technologies offer a new Personalized Medicine approach of treating patients as individuals.","Tue 22 Apr 2025- Tue 24 Jun 2025, 7:00 - 9:00pm",10 meetings
https://www.conted.ox.ac.uk/courses/political-economy-of-human-behaviour-and-economic-development?code=O24P524SOW,Political Economy of Human Behaviour and Economic Development,Available,In-person weekly- Short courses,"Economists assume that when we make choices we do so without our decisions being affected by anger, hate, hunger, fear, envy or just jealously. But to what extent is this true?","Tue 22 Apr 2025- Tue 24 Jun 2025, 2:00 - 4:00pm",10 meetings
https://www.conted.ox.ac.uk/courses/portuguese-lower-intermediate-consolidation?code=O24P610XPW,Portuguese: Lower Intermediate - Consolidation,Available,In-person weekly- Short courses,This Italian consolidation course is based on the syllabus of the previous terms and is primarily tailored to meet the needs of those who completed the weekly class. New students who are at the appropriate level of proficiency are also welcome.,"Tue 22 Apr 2025- Tue 24 Jun 2025, 7:15 - 9:15pm",10 meetings
https://www.conted.ox.ac.uk/courses/python-programming-for-data-science-intermediate?code=O24P738COZ,Python Programming for Data Science: Intermediate,Available,Online - live- Short courses,"Gain insight into advanced data science programming tools, using the Python programming language, to extract features from data, assess the statistical significance of the results found, and scale up the computational capability for big data challenges.","Tue 22 Apr 2025- 24 Jun 2025, 1:00 - 2:00pm",10 meetings
https://www.conted.ox.ac.uk/courses/signals-of-life-concepts-of-cellular-communication?code=O24P430BIW,Signals of Life: Concepts of Cellular Communication,Available,In-person weekly- Short courses,The course will explore the inner workings of cells in organisms that enable them to sense and respond to their environment. Signalling systems that allow communication of an external signal to evoke a cellular response will be examined.,"Tue 22 Apr 2025- Tue 24 Jun 2025, 10:30am - 12:30pm",10 meetings
https://www.conted.ox.ac.uk/courses/spanish-lower-intermediate-3rd-term?code=O24P607XSW,Spanish: Lower Intermediate - Consolidation,Available,In-person weekly- Short courses,This Spanish consolidation course is based on the syllabus of the previous terms and is primarily tailored to meet the needs of those who completed the weekly class. New students who are at the appropriate level of proficiency are also welcome.,"Tue 22 Apr 2025- Tue 24 Jun 2025, 5:00 - 7:00pm",10 meetings
https://www.conted.ox.ac.uk/courses/systemic-and-family-therapy-an-introduction?code=O24P542PCW,Systemic and Family Therapy: An Introduction,Available,In-person weekly- Short courses,"Focus on ways of observing and understanding the interactions between families, couples, organisations and professional relationships, with approaches that help people with psychological difficulties to mobilise the strengths of their relationships.","Tue 22 Apr 2025- Tue 24 Jun 2025, 10:30am - 12:30pm",10 meetings
https://www.conted.ox.ac.uk/courses/the-first-english-novels?code=O24P486LTW,The First English Novels,Available,In-person weekly- Short courses,The novel emerged as a vital new literary genre during the long eighteenth century (c. 1688-1815). This course explores some of the earliest major novels written in English and provides an accessible introduction to their formal and thematic qualities.,"Tue 22 Apr 2025- Tue 24 Jun 2025, 2:00 - 4:00pm",10 meetings
https://www.conted.ox.ac.uk/courses/the-first-person-perspective-from-phenomenal-consciousness-to-intersubjectivity?code=O24P508PHW,The First Person Perspective: From Phenomenal Consciousness to Intersubjectivity,Available,In-person weekly- Short courses,"Who or what can develop a first-person perspective? Our sense of self is an integral and fundamental part of conscious life, even in light of the fact that the maturation of the self appears to involve complex social processes.","Tue 22 Apr 2025- Tue 24 Jun 2025, 2:00 - 4:00pm",10 meetings
https://www.conted.ox.ac.uk/courses/the-origins-of-christian-mysticism?code=O24P548THW,The Origins of Christian Mysticism,Available,In-person weekly- Short courses,"Come and discover the origins of Christian mystical theology.  Explore 'the seeing that consists in not seeing' (Gregory of Nyssa), the state of mind 'resembling sapphire' (Evagrius of Pontus), and 'the brilliant darkness of a hidden silence' (Dionysius).","Tue 22 Apr 2025- Tue 24 Jun 2025, 4:30 - 6:30pm",10 meetings
https://www.conted.ox.ac.uk/courses/understanding-the-biodiversity-crisis-introduction-to-ecology-and-conservation?code=O24P714BIZ,Understanding the Biodiversity Crisis: Introduction to Ecology and Conservation,Available,Online - live- Short courses,"Biodiversity loss is evident no matter where we live. To reverse the current decline, we need to understand how individual species interact with their environment, while also appreciating the practical strategies to monitor and conserve species.","Tue 22 Apr 2025- 24 Jun 2025, 10:30 - 11:30am",10 meetings
https://www.conted.ox.ac.uk/courses/introduction-to-web-applications-using-javascript?code=O24P733COZ,Web Applications using JavaScript: Introduction,Available,Online - live- Short courses,"An introduction to the essentials of web applications: HTML, CSS and JavaScript. Furthermore PHP, MySQL, React, Python's Django which introduce full-stack and cross-platform web application development.","Tue 22 Apr 2025- 24 Jun 2025, 7:30 - 8:30pm",10 meetings
https://www.conted.ox.ac.uk/courses/advanced-creative-writing-online?code=O24P436CRV,Advanced Creative Writing (Online),Available,Online - flexible- Short courses,A practical course covering all aspects of novel writing from character creation and story development to final edit.,"Wed 23 Apr 2025- 04 Jul 2025, ",NA
https://www.conted.ox.ac.uk/courses/advanced-writing-lives-online?code=O24P502CRV,Advanced Writing Lives (Online),Available,Online - flexible- Short courses,"Every day we meet people with interesting life stories.  Our lives are made up of tragic, uplifting and humorous experiences which shape us as individuals.  We love, fight, apologise, account for and endure through whatever comes our way.","Wed 23 Apr 2025- 04 Jul 2025, ",NA
https://www.conted.ox.ac.uk/courses/adventures-in-medieval-art?code=O24P756ARZ,Adventures in Medieval Art,Available,Online - live- Short courses,"Medieval art glitters and enthrals. Medieval architecture elicits wonder and awe. In this introductory course you will learn about its breadth and diversity, from great cathedrals and imposing castles to sacred icons and subversive marginalia.","Wed 23 Apr 2025- 25 Jun 2025, 3:00 - 4:00pm",10 meetings
https://www.conted.ox.ac.uk/courses/animal-behaviour-an-introduction-online?code=O24P645BIV,Animal Behaviour: An Introduction (Online),Available,Online - flexible- Short courses,"Why do animals behave the way they do? In this course we will look at the full range of behaviours found in the animal kingdom, from simple escape behaviours to complex tool use and their evolution.","Wed 23 Apr 2025- 04 Jul 2025, ",NA
https://www.conted.ox.ac.uk/courses/arabic-beginners-3rd-term?code=O24P614XBW,Arabic: Elementary - Consolidation,Available,In-person weekly- Short courses,This Arabic consolidation course is based on the syllabus of the previous terms and is primarily tailored to meet the needs of those who completed the weekly class. New students who are at the appropriate level of proficiency are also welcome.,"Wed 23 Apr 2025- Wed 25 Jun 2025, 5:00 - 7:00pm",10 meetings
https://www.conted.ox.ac.uk/courses/climate-change-past-present-and-future?code=O24P712BIZ,"Climate change: Past, present and future",Available,Online - live- Short courses,"Climate affects the planning of our daily activities. Its variability also inflicts damage on individuals and entire economies and societies. We will explore how climate varies, in the past, present and future, and how this impacts on society.","Wed 23 Apr 2025- 25 Jun 2025, 11:30am - 12:30pm",10 meetings
https://www.conted.ox.ac.uk/courses/critical-reading-online?code=O24P451LTV,Critical Reading (Online),Available,Online - flexible- Short courses,"This course is for anyone who would like to learn to read beneath the surface, pay attention to language and form, and become a critical reader.","Wed 23 Apr 2025- 04 Jul 2025, ",NA
https://www.conted.ox.ac.uk/courses/the-ethics-of-conflict-from-protest-and-revolution-to-terrorism-and-war?code=O24P510PHW,Ethics of Conflict: From Protest and Revolution to Terrorism and War,Available,In-person weekly- Short courses,"We explore conflict within the state (cancel culture, civil disobedience, terrorism, revolution) & between states (when to wage war; how to conduct ourselves during war & after victory; the future of war given AI, drones, cyberwarfare; cold war strategy).","Wed 23 Apr 2025- Wed 25 Jun 2025, 7:00 - 9:00pm",10 meetings
https://www.conted.ox.ac.uk/courses/french-beginners-3rd-term?code=O24P616XFW,French: Elementary - Consolidation,Available,In-person weekly- Short courses,This French consolidation course is based on the syllabus of the previous terms and is primarily tailored to meet the needs of those who completed the weekly class. New students who are at the appropriate level of proficiency are also welcome.,"Wed 23 Apr 2025- Wed 25 Jun 2025, 7:30 - 9:30pm",10 meetings
https://www.conted.ox.ac.uk/courses/introduction-to-genomics-applications-in-healthcare?code=O24P432BIW,Genomics Applications in Healthcare: An Introduction,Available,In-person weekly- Short courses,Genome sequencing (Genomics) offer new opportunities for potential applications in healthcare and perhaps suggesting new therapies for diseases that were not treatable before.,"Wed 23 Apr 2025- Wed 25 Jun 2025, 7:00 - 9:00pm",10 meetings
https://www.conted.ox.ac.uk/courses/getting-started-in-creative-writing-online?code=O24P550CRV,Getting Started in Creative Writing (Online),Available,Online - flexible- Short courses,This course introduces the key characteristics of creative writing. You will be supported with stage-by-stage guidance as you assimilate and employ a range of critical and creative methods. The course includes tutor feedback and participant discussion.,"Wed 23 Apr 2025- 04 Jul 2025, ",NA
https://www.conted.ox.ac.uk/courses/hominin-contemporaries-of-early-modern-humans?code=O24P414AHW,Hominin Contemporaries of Early Modern Humans,Available,In-person weekly- Short courses,"For most of our existence as a species, we have shared the world with other kinds of human, including Neanderthals, Denisovans, and Homo naledi. This course explores the diverse range of human species that overlapped, and sometimes even interbred with us.","Wed 23 Apr 2025- Wed 25 Jun 2025, 2:00 - 4:00pm",10 meetings
https://www.conted.ox.ac.uk/courses/inter-culturally-speaking-online?code=O24P429TEV,Inter-culturally Speaking (Online),Available,Online - flexible- Short courses,"Are we just who we think we are, or are we also who others think we are? Are we born prejudiced? Can we talk of 'national characteristics'? How can we best live together on this planet?","Wed 23 Apr 2025- 04 Jul 2025, ",NA
https://www.conted.ox.ac.uk/courses/introducing-mapping-spatial-data-and-gis-online?code=O24P643BIV,"Introducing Mapping, Spatial Data and GIS (Online)",Available,Online - flexible- Short courses,Investigate the power of maps and spatial data to document and illustrate local and global issues. Learn how to use Geographic Information Systems (GIS) to explore the world around you and share ideas.,"Wed 23 Apr 2025- 04 Jul 2025, ",NA
https://www.conted.ox.ac.uk/courses/introduction-to-philosophy-online?code=O24P441PHV,Introduction to Philosophy (Online),Available,Online - flexible- Short courses,"We think we know, but do we? We think we are free, but are we? We think our actions are moral, but are they? What is this reality we take ourselves to live in?  The oldest questions meet the newest technology in this online introduction to philosophy.","Wed 23 Apr 2025- 11 Jul 2025, ",NA
https://www.conted.ox.ac.uk/courses/invertebrate-biodiversity-and-population-monitoring-methods?code=O24C056D2Y,Invertebrate Biodiversity and Population Monitoring Methods,Available,Online - flexible- Professional development,"Part-time over five weeks, this tutor-led training course can be taken from anywhere in the world. It will appeal to students and practitioners in conservation management wanting to improve their invertebrate survey skills.","Wed 23 Apr 2025- 28 May 2025, 5 meetings",NA
https://www.conted.ox.ac.uk/courses/italian-renaissance-art-c1400-c1600-online?code=O24P422ARV,Italian Renaissance Art c.1400-c.1600 (Online),Available,Online - flexible- Short courses,"From Bellini and Botticelli to tapestry and tableware, the material culture of the Italian Renaissance continues to fascinate us to this day. This course is an opportunity to explore this unique period.","Wed 23 Apr 2025- 04 Jul 2025, ",NA
https://www.conted.ox.ac.uk/courses/italian-beginners-consolidation?code=O24P613XIW,Italian: Elementary - Consolidation,Available,In-person weekly- Short courses,This Italian consolidation course is based on the syllabus of the previous terms and is primarily tailored to meet the needs of those who completed the weekly class. New students who are at the appropriate level of proficiency are also welcome.,"Wed 23 Apr 2025- Wed 25 Jun 2025, 4:30 - 6:30pm",10 meetings
https://www.conted.ox.ac.uk/courses/italian-lower-intermediate-consolidation?code=O24P612XIW,Italian: Lower Intermediate - Consolidation,Available,In-person weekly- Short courses,This Italian consolidation course is based on the syllabus of the previous terms and is primarily tailored to meet the needs of those who completed the weekly class. New students who are at the appropriate level of proficiency are also welcome.,"Wed 23 Apr 2025- Wed 25 Jun 2025, 2:00 - 4:00pm",10 meetings
https://www.conted.ox.ac.uk/courses/psychopathology-an-introduction?code=O24P544PCW,Psychopathology: An Introduction,Available,In-person weekly- Short courses,Exploring the various historical and contemporary models that endeavour to explain the etiology of psychopathology. A holistic and person-centred approach to the conceptualisation and treatment of distress will be considered.,"Wed 23 Apr 2025- Wed 25 Jun 2025, 10:30am - 12:30pm",10 meetings
https://www.conted.ox.ac.uk/courses/scholars-and-peasants-how-oxford-university-was-funded-c1250-1550?code=O24P492LHW,"Scholars and Peasants: How Oxford University was Funded, c.1250-1550",Available,In-person weekly- Short courses,"The course will enable participants to enter the world of Medieval and Renaissance Oxford in the great age of college foundation and expansion from c.1250-1550, showing how this was funded by taxation and by development after 1539 of former monastic land.","Wed 23 Apr 2025- Wed 25 Jun 2025, 2:00 - 4:00pm",10 meetings
https://www.conted.ox.ac.uk/courses/social-entrepreneurship-online?code=O24P455SOV,Social Entrepreneurship (Online),Available,Online - flexible- Short courses,"Students on this course will gain knowledge about social entrepreneurs, and how to develop creative solutions to address social problems utilising Gandhi's model of 'be the change you wish to see in the world' to make a difference in the lives of others.","Wed 23 Apr 2025- 04 Jul 2025, ",NA
https://www.conted.ox.ac.uk/courses/spanish-beginners-3rd-term?code=O24P606XSW,Spanish: Elementary - Consolidation,Available,In-person weekly- Short courses,"This 10-week consolidation course is based on the syllabus of the previous two terms. It is primarily tailored to meet the needs of students who completed the weekly class, but new students who are at the appropriate level of proficiency are also welcome.","Wed 23 Apr 2025- Wed 25 Jun 2025, 5:30 - 7:30pm",10 meetings
https://www.conted.ox.ac.uk/courses/spanish-intermediate-consolidation?code=O24P615XSW,Spanish: Intermediate - Consolidation,Available,In-person weekly- Short courses,This Spanish consolidation course is based on the syllabus of the previous terms and is primarily tailored to meet the needs of those who completed the weekly class. New students who are at the appropriate level of proficiency are also welcome.,"Wed 23 Apr 2025- Wed 25 Jun 2025, 5:00 - 7:00pm",10 meetings
https://www.conted.ox.ac.uk/courses/the-era-of-new-energy-transition-geopolitics-democracy-and-conflict?code=O24P526SOW,"The Era of New Energy Transition: Geopolitics, Democracy and Conflict",Available,In-person weekly- Short courses,"How will energy transition from fossil fuels to renewables affect “resource curse” phenomenon - replicate its adverse economic and political effects or lead to the more stable, equitable and democratic world?","Wed 23 Apr 2025- Wed 25 Jun 2025, 10:30am - 12:30pm",10 meetings
https://www.conted.ox.ac.uk/courses/the-pianists-workshop-iii?code=O24P562MSW,The Pianists' Workshop - III,Available,In-person weekly- Short courses,"Explore piano repertoire, interpretation and technique in a lively mixture of talks and workshops, in which all students will have regular opportunities to play.  This class is open to players of all levels and students may join the class in any term.","Wed 23 Apr 2025- Wed 25 Jun 2025, 4:30 - 6:30pm",10 meetings
https://www.conted.ox.ac.uk/courses/tracing-your-british-ancestors-in-local-history-sources-1538-2023?code=O24P763LHZ,Tracing your British Ancestors in Local History Sources: 1538-2024,Available,Online - live- Short courses,This online course provides an overview of how to trace family history in Britain from the present day to the 16th century using a range of digital and archival sources.,"Wed 23 Apr 2025- 25 Jun 2025, 11:00am - 12:00pm",10 meetings
https://www.conted.ox.ac.uk/courses/trollope-eliot-dickens-and-hardy-reading-victorian-fiction-online?code=O24P444LTV,"Trollope, Eliot, Dickens and Hardy: Reading Victorian Fiction (Online)",Available,Online - flexible- Short courses,"Madness, hilarity, doubt and devotion are just some of the many aspects of life explored in the huge wealth of Victorian fiction.","Wed 23 Apr 2025- 04 Jul 2025, ",NA
https://www.conted.ox.ac.uk/courses/truth-and-post-truth-conspiracies-fake-news-and-disinformation?code=O24P780PHZ,Truth in an Age of Disinformation,Available,Online - live- Short courses,'What is truth?' is a perplexing and elusive question. A good first response is that truth and falsity are properties of what people say or think. But how is what we think related to actual facts? And what caused the recent corrosion of truth?,"Wed 23 Apr 2025- 25 Jun 2025, 6:30 - 7:30pm",10 meetings
https://www.conted.ox.ac.uk/courses/writing-dialogue?code=O24P448CRW,Writing Dialogue,Available,In-person weekly- Short courses,"Explore writing dialogue for fiction, stage, radio and screen, and write a piece of your own in one of these formats.","Wed 23 Apr 2025- Wed 25 Jun 2025, 10:30am - 12:30pm",10 meetings
https://www.conted.ox.ac.uk/courses/writing-lives-online?code=O24P471CRV,Writing Lives (Online),Available,Online - flexible- Short courses,"Is there a true story that only you can tell? This course is designed to provide you with the skills you need to turn experiences, recollections and real-life phenomena into literary works that are enjoyable and accessible to a wider audience.","Wed 23 Apr 2025- 04 Jul 2025, ",NA
https://www.conted.ox.ac.uk/courses/a-fight-for-liberty-revolution-in-britain-america-and-france-16421799?code=O24P752HIZ,"A Fight for Liberty? Revolution in Britain, America, and France, 1642-1799",Available,Online - live- Short courses,Why did revolution break out again and again during the tumultuous 17th and 18th centuries? And why did they play such a key role in shaping the very nature of modern western political culture? Explore with us this fascinating topic!,"Thu 24 Apr 2025- 26 Jun 2025, 2:00 - 3:00pm",10 meetings
https://www.conted.ox.ac.uk/courses/archaeology-and-the-antiquarians?code=O24P415AHW,Archaeology and the Antiquarians,Available,In-person weekly- Short courses,"We have much to learn from the antiquarians about ancient sites and archaeological landscapes.  John Aubrey, William Stukeley and Stonehenge and Avebury will be our primary case studies. We also consider and compare other antiquarians and ancient sites.","Thu 24 Apr 2025- Thu 26 Jun 2025, 2:00 - 4:00pm",10 meetings
https://www.conted.ox.ac.uk/courses/architecture-on-the-tracks-railway-architecture-from-the-1830s-to-the-present?code=O24P425HCW,"Architecture on the Tracks: Railway Architecture, 1830s to Today",Available,In-person weekly- Short courses,"Architecture on the Tracks, Railway Architecture from the 1830s to the PresentRailways transformed the world and introduced new kinds of buildings; stations, hotels, viaducts and tunnel portals. We will explore this exciting range of new buildings.","Thu 24 Apr 2025- Thu 26 Jun 2025, 2:00 - 4:00pm",10 meetings
https://www.conted.ox.ac.uk/courses/food-metabolism-and-human-well-being?code=O24P433BIW,Food Metabolism and Human Well-being,Available,In-person weekly- Short courses,"This course offers a broader understanding of the key roles of food in promoting well-being.  Topics includes the fundamentals of food metabolism, its function in disease prevention, and the critical relevance of hormone regulation in metabolic processes.","Thu 24 Apr 2025- Thu 26 Jun 2025, 4:30 - 6:30pm",10 meetings
https://www.conted.ox.ac.uk/courses/german-beginners-consolidation?code=O24P618XDW,German: Elementary - Consolidation,Available,In-person weekly- Short courses,"This interactive course further develops the participants' language skills and understanding of the culture, society and daily life in the German-speaking countries.","Thu 24 Apr 2025- Thu 26 Jun 2025, 5:00 - 7:00pm",10 meetings
https://www.conted.ox.ac.uk/courses/german-lower-intermediate-3rd-term?code=O24P620XDW,German: Lower Intermediate - Consolidation,Available,In-person weekly- Short courses,This German consolidation course is based on the syllabus of the previous terms and is primarily tailored to meet the needs of those who completed the weekly class. New students who are at the appropriate level of proficiency are also welcome.,"Thu 24 Apr 2025- Thu 26 Jun 2025, 7:15 - 9:15pm",10 meetings
https://www.conted.ox.ac.uk/courses/great-moral-issues-in-contemporary-society?code=O24P549THW,Great Moral Issues in Contemporary Society,Available,In-person weekly- Short courses,"An introduction to some great moral issues: animals, abortion, euthanasia, immigration, multiculturalism, freedom of speech and religion, capital punishment, war, world hunger, economic justice. Each week, we'll address an issue and the debate around it.","Thu 24 Apr 2025- Thu 26 Jun 2025, 2:00 - 4:00pm",10 meetings
https://www.conted.ox.ac.uk/courses/how-else-could-we-organise-the-economic-system?code=O24P527SOW,How else could we organise the economic system?,Available,In-person weekly- Short courses,"Many people hate capitalism and wish to replace it, but what with? This short course considers prominent alternatives to capitalism and how they could work.","Thu 24 Apr 2025- Thu 26 Jun 2025, 10:30am - 12:30pm",10 meetings
https://www.conted.ox.ac.uk/courses/japanese-lower-intermediate-consolidation?code=O24P619XJW,Japanese: Lower Intermediate - Consolidation,Available,In-person weekly- Short courses,This Japanese consolidation course is based on the syllabus of the previous terms and is primarily tailored to meet the needs of those who completed the weekly class. New students who are at the appropriate level of proficiency are also welcome.,"Thu 24 Apr 2025- Thu 26 Jun 2025, 7:00 - 9:00pm",10 meetings
https://www.conted.ox.ac.uk/courses/korean-beginners-3rd-term?code=O24P617XKW,Korean: Elementary - Consolidation,Available,In-person weekly- Short courses,This Korean consolidation course is based on the syllabus of the previous terms and is primarily tailored to meet the needs of those who completed the weekly class. New students who are at the appropriate level of proficiency are also welcome.,"Thu 24 Apr 2025- Thu 26 Jun 2025, 5:00 - 7:00pm",10 meetings
https://www.conted.ox.ac.uk/courses/latin-elementary-consolidation?code=O24P720XLZ,Latin: Elementary - Consolidation,Available,Online - live- Short courses,"This course introduces you to the basic principles of Classical Latin. It provides a firm basis of grammar, sentence structure and vocabulary of the language, through which you will be able to read and translate into English Roman drama in adaptation.","Thu 24 Apr 2025- 26 Jun 2025, 4:30 - 5:30pm",10 meetings
https://www.conted.ox.ac.uk/courses/latin-elementary-consolidation?code=O24P723XLZ,Latin: Lower Intermediate - Consolidation,Available,Online - live- Short courses,"This course introduces you to the basic principles of Classical Latin. It provides a firm basis of grammar, sentence structure and vocabulary of the language, through which you will be able to read and translate into English Roman drama in adaptation.","Thu 24 Apr 2025- 26 Jun 2025, 12:30 - 1:30pm",10 meetings
https://www.conted.ox.ac.uk/courses/marxs-capital?code=O24P511PHW,Marx’s Capital,Available,In-person weekly- Short courses,"Marx's Capital is one of the most famous and consequential books of the last two hundred years. Melding philosophy, political economy, history and more, delivered in a pungent literary style, it remains one of the classic accounts of the modern condition.","Thu 24 Apr 2025- Thu 26 Jun 2025, 7:00 - 9:00pm",10 meetings
https://www.conted.ox.ac.uk/courses/mindfulness-and-meditation-the-art-and-science-of-self-transformation?code=O24P799THZ,Mindfulness and Meditation: The Art and Science of Self-transformation,Available,Online - live- Short courses,"Explore the theory and practice of mindfulness/meditation effects within Eastern and Western religious traditions and in a modern therapeutic context. Try out various techniques. Learn about the art and science of meditation, including its controversies.","Thu 24 Apr 2025- 26 Jun 2025, 2:30 - 3:30pm",10 meetings
https://www.conted.ox.ac.uk/courses/musical-literacy?code=O24P563MSW,Musical Literacy,Available,In-person weekly- Short courses,"This course will cover the basics of reading and writing down music and also, the theory that underpins it - notation, rhythm, melody, harmony and form - relating theory to practice with examples from over three centuries of repertoire.","Thu 24 Apr 2025- Thu 26 Jun 2025, 2:00 - 4:00pm",10 meetings
https://www.conted.ox.ac.uk/courses/pandemic-data-science?code=O24P727COZ,Pandemic Data Science,Available,Online - live- Short courses,Data science is revolutionising our healthcare systems and pandemic preparedness. This course will highlight some of key contributions that data science has made to shaping our response to the COVID-19 pandemic.,"Thu 24 Apr 2025- 26 Jun 2025, 4:00 - 5:00pm",10 meetings
https://www.conted.ox.ac.uk/courses/portuguese-elementary-consolidation?code=O24P604XPW,Portuguese: Elementary - Consolidation,Available,In-person weekly- Short courses,This Portuguese consolidation course is based on the syllabus of the previous terms and is primarily tailored to meet the needs of those who completed the weekly class. New students who are at the appropriate level of proficiency are also welcome.,"Thu 24 Apr 2025- Thu 26 Jun 2025, 7:15 - 9:15pm",10 meetings
https://www.conted.ox.ac.uk/courses/prehistoric-art?code=O24P704AHZ,Prehistoric Art,Available,Online - live- Short courses,"The art of prehistoric Europe is rich with imagery such as cave paintings, carvings, body ornamentation and frescoes. This course considers a range of sites and artefacts in our exploration of the unique and creative ways people visualised their world.","Thu 24 Apr 2025- 26 Jun 2025, 6:30 - 7:30pm",10 meetings
https://www.conted.ox.ac.uk/courses/python-programming-for-data-science-introduction?code=O24P736COZ,Python Programming for Data Science: Introduction,Available,Online - live- Short courses,"Gain insight into the most important programming tools using the Python programming language, for obtaining data, bringing it into a usable form, exploring and modelling it, and for presenting discoveries to a wider audience.","Thu 24 Apr 2025- 26 Jun 2025, 7:30 - 8:30pm",10 meetings
https://www.conted.ox.ac.uk/courses/reading-literature-critically?code=O24P488LTW,Reading Literature Critically,Available,In-person weekly- Short courses,"With an emphasis on close critical analysis, this course is designed to enable you to become a more attentive, appreciative and critical reader of literary texts.","Thu 24 Apr 2025- Thu 26 Jun 2025, 7:00 - 9:00pm",10 meetings
https://www.conted.ox.ac.uk/courses/international-ethics-and-global-justice?code=O24P779PHZ,Should we do more for the poor beyond the borders?,Available,Online - live- Short courses,"Explore the ethical and economic issues arising from an unequal world with borders. Should we focus more on the poorest in the world and less on our fellow citizens? What are the implications for various policies such as trade, aid, tax and immigration?","Thu 24 Apr 2025- 26 Jun 2025, 7:00 - 8:00pm",10 meetings
https://www.conted.ox.ac.uk/courses/the-archaeology-of-the-classical-world-an-introduction?code=O24P706AHZ,The Archaeology of the Classical World: An Introduction,Available,Online - live- Short courses,"This introductory course introduces the Classical World through an exploration of the archaeology of the cities, villages, temples and daily lives of two ancient Mediterranean societies: the Greeks and the Romans.","Thu 24 Apr 2025- 26 Jun 2025, 3:00 - 4:00pm",10 meetings
https://www.conted.ox.ac.uk/courses/the-political-economy-of-the-end-of-human-civilisation?code=O24P790SOZ,The Political Economy of the End of Human Civilisation,Available,Online - live- Short courses,Climate change will cause agricultural land to turn into deserts. Artificial intelligence will make millions of people out of work. Biotechnology will increase life spans will strain the welfare systems of countries as will mass migration.,"Thu 24 Apr 2025- 26 Jun 2025, 5:00 - 6:00pm",10 meetings
https://www.conted.ox.ac.uk/courses/the-quantum-universe?code=O24P519ASW,The Quantum Universe,Available,In-person weekly- Short courses,"The course covers the development of the notion of quanta, from its origin as a solution to the problem of radiation emission, to its possible ultimate consequence - the quantisation of space and time.","Thu 24 Apr 2025- Thu 26 Jun 2025, 7:00 - 9:00pm",10 meetings
https://www.conted.ox.ac.uk/courses/twisted-columns-the-history-of-baroque-architecture?code=O24P418HCW,Twisted Columns: The History of Baroque Architecture,Available,In-person weekly- Short courses,"Masses, oval shapes, and twisted columns are features of Baroque architecture. The course retraces its origins and look into the best examples of European and English Baroque from Francesco Borromini, Filippo Juvarta to Christopher Wren and James Gibbs.","Thu 24 Apr 2025- Thu 26 Jun 2025, 10:30am - 12:30pm",10 meetings
https://www.conted.ox.ac.uk/courses/a-brief-history-of-physics-from-galileo-to-the-20th-century-and-beyond?code=O24P520PYW,A Brief History of Physics from Galileo to the 20th Century and Beyond,Available,In-person weekly- Short courses,"We will look at the epoch-making work of Galileo and how he influenced Newton as well as the toppling of the Aristotelian world view. After Newton, we will look at more classical physicists and conclude with Relativity, Particle and Quantum Physics.","Fri 25 Apr 2025- Fri 27 Jun 2025, 2:00 - 4:00pm",10 meetings
https://www.conted.ox.ac.uk/courses/alan-turing-and-the-birth-of-modern-computing?code=O24P495MAW,Alan Turing and the Birth of Modern Computing,Available,In-person weekly- Short courses,Explore Alan Turing's contributions to the foundations of computing including how the Turing Machine - his mathematical model of the computer - helps define basic computational steps and the theoretical limits of computation.,"Fri 25 Apr 2025- Fri 27 Jun 2025, 2:00 - 4:00pm",10 meetings
https://www.conted.ox.ac.uk/courses/ancient-greek-elementary-consolidation?code=O24P726XAZ,Ancient Greek: Elementary - Consolidation,Available,Online - live- Short courses,"This 10-week consolidation course is based on the syllabus of the previous two terms and is primarily tailored to meet the needs of students who completed the weekly class, but new students who are at the appropriate level of proficiency are also welcome.","Fri 25 Apr 2025- 27 Jun 2025, 4:30 - 5:30pm",10 meetings
https://www.conted.ox.ac.uk/courses/british-landscape-painters-eric-ravilious-john-nash-gilbert-spencer?code=O24P474ARW,"British Landscape Painters: Eric Ravilious, John Nash, Gilbert Spencer",Available,In-person weekly- Short courses,"Discover how Ravilious, Nash and Spencer immersed themselves in the British landscape, capturing the essence of the countryside in their artworks.","Fri 25 Apr 2025- Fri 27 Jun 2025, 12:30 - 2:30pm",10 meetings
https://www.conted.ox.ac.uk/courses/political-economy-of-taxation?code=O24P789SOZ,Political Economy of Taxation,Available,Online - live- Short courses,"Taxation affects us all, and people often complain about it, but how can the system be improved? This introductory course for the lay person gives you the tools to analyse and assess potential tax system reforms.","Fri 25 Apr 2025- 27 Jun 2025, 2:00 - 3:00pm",10 meetings
https://www.conted.ox.ac.uk/courses/an-introduction-to-programming-in-r?code=O24P741COZ,R Programming for Data Science: Introduction,Available,Online - live- Short courses,"Learn about R programming with this online course. At an introductory level, this course provides you with a solid foundation of the R programming language. Here you will learn the basics of R and gradually move to data processing and manipulation.","Fri 25 Apr 2025- 27 Jun 2025, 5:00 - 6:00pm",10 meetings
https://www.conted.ox.ac.uk/courses/walking-the-past?code=O24P416AHW,Walking the Past,Available,In-person weekly- Short courses,"There are archaeological sites all around us: hillforts and stone circles, Roman towns, ancient fields and roads. During this course, we will venture out and look at the archaeological landscape.","Fri 25 Apr 2025- Fri 30 May 2025, 10:00am - 12:00pm",6 meetings
https://www.conted.ox.ac.uk/courses/espionage-terrorism-and-warfare-in-the-cyber-age?code=O24P179COJ,"Espionage, Terrorism and Warfare in the Cyber Age",Available,Online - live- Short courses- Hybrid - in person or online,"Providing an overview of the digital revolution’s impact on international security. The day comprises four lectures that will explore the internet’s evolution, and cyber’s impact on espionage, warfare and terrorism.","Sat 26 Apr 2025, 9:45am - 5:00pm",NA
https://www.conted.ox.ac.uk/courses/oxford-college-gardens?code=O24P110HCJ,Oxford College Gardens,Available,In-person day/weekend- Short courses,"An exploration of Oxford University’s hidden college gardens, past and present. The college gardens current multifaceted role as a retreat and refuge, as a counterpart to the dense urban grain and as a source of college income will be evaluated.","Sat 26 Apr 2025, 9:45am - 5:00pm",NA
https://www.conted.ox.ac.uk/courses/the-psychology-of-happiness?code=O24P203PCJ,The Psychology of Happiness,Available,In-person day/weekend- Short courses,Searching for happiness has been a major preoccupation through the centuries. Explore the concept of happiness from a psychological perspective at this day event in Oxford.,"Sat 26 Apr 2025, 9:45am - 5:00pm",NA
https://www.conted.ox.ac.uk/courses/a-history-of-british-and-irish-poetry-from-barrett-browning-to-paul-muldoon?code=O24P621LTW,A History of British and Irish Poetry from Barrett Browning to Paul Muldoon,Available,In-person weekly- Short courses,"Ever wanted to know more about poetry but didn't know where to start? If so, this lively and accessible course is for you. Together, we will close read a selection of poetry from c.1850 to now, from Britain and Ireland, in relation to its wider contexts.","Mon 28 Apr 2025- Mon 14 Jul 2025, 10:30am - 12:30pm",10 meetings
https://www.conted.ox.ac.uk/courses/academic-literacy-online?code=O24P627SKV,Academic Literacy: An Introduction (Online),Available,Online - flexible- Short courses,"If you are new to higher education, or have not studied for some time, you may find it useful to brush up your reading, note-making and essay-writing skills, and to revisit the basic rules of punctuation and grammar.","Mon 28 Apr 2025- 11 Jul 2025, ",NA
https://www.conted.ox.ac.uk/courses/advanced-coaching?code=O24P540PCW,Advanced Coaching,Available,In-person weekly- Short courses,"This course helps any coach deepen their practice in various ways: enhancing intervention skills, better understanding clients' needs, drawing on evidence, exploring attitudes to work/clients, and expanding client bases and professional standing.","Mon 28 Apr 2025- Mon 14 Jul 2025, 6:30 - 9:30pm",10 meetings
https://www.conted.ox.ac.uk/courses/ancient-egypt-an-introduction-online?code=O24P376AHV,Ancient Egypt: An Introduction (Online),Available,Online - flexible- Short courses,"From royal pyramids, court artisans and powerful pharaohs, to grandiose temples, mysterious gods and foreign invasions, participants will experience the world of ancient Egypt, its highs and lows, and the rich tapestry of its culture.","Mon 28 Apr 2025- 11 Jul 2025, ",NA
https://www.conted.ox.ac.uk/courses/ancient-greek-lower-intermediate-consolidation?code=O24P717XAZ,Ancient Greek: Lower Intermediate - Consolidation,Available,Online - live- Short courses,"Ancient Greek is the language of Homer, Sophocles, Plato, the New Testament and many other texts. This class is for students who have either completed Ancient Greek 1 or have prior knowledge of Ancient Greek from elsewhere.","Mon 28 Apr 2025- 14 Jul 2025, 4:30 - 5:30pm",10 meetings
https://www.conted.ox.ac.uk/courses/archaeology-in-practice-online?code=O24P644AHV,Archaeology in Practice (Online),Available,Online - flexible- Short courses,"How do archaeologists recognise and interpret the lives of past peoples and their societies? An introduction to the methods and techniques of archaeological enquiry, from initial site survey and excavation to scientific analysis.","Mon 28 Apr 2025- 11 Jul 2025, ",NA
https://www.conted.ox.ac.uk/courses/introduction-to-artificial-intelligence-online?code=O24P601COV,Artificial Intelligence Concepts: An Introduction (Online),Available,Online - flexible- Short courses,"Aimed at a general audience, including professionals and those with no prior knowledge, this course provides an essential introduction to the key topics underpinning Artificial Intelligence.","Mon 28 Apr 2025- 11 Jul 2025, ",NA
https://www.conted.ox.ac.uk/courses/artificial-intelligence-applications?code=O24P630COV,Artificial Intelligence Concepts: Practical Applications (Online),Available,Online - flexible- Short courses,"Understanding the impact of Artificial Intelligence, now and in the future, is a key skill in the knowledge economy. This course develops a critical understanding of real-world AI applications by introducing various case studies to a general audience.","Mon 28 Apr 2025- 11 Jul 2025, ",NA
https://www.conted.ox.ac.uk/courses/introduction-to-biblical-studies-the-bible-its-content-and-theology?code=O24P803THZ,"Biblical Studies: The Bible, Its Content and Theology: An Introduction",Available,Online - live- Short courses,"Introduction to the content of the Old Testament/Hebrew Bible and the New Testament, together with their religious and socio-political backgrounds, languages and main theological themes and interpretations.","Mon 28 Apr 2025- 14 Jul 2025, 5:30 - 6:30pm",10 meetings
https://www.conted.ox.ac.uk/courses/britain-and-its-empire-online?code=O24P449HIV,Britain and Its Empire (Online),Available,Online - flexible- Short courses,This course examines the rise and fall of the British Empire and its manifold legacies in Britain and beyond.,"Mon 28 Apr 2025- 11 Jul 2025, ",NA
https://www.conted.ox.ac.uk/courses/c-part-1-introduction-to-object-oriented-programming?code=O24P774COZ,C++ Programming: Introduction,Available,Online - live- Short courses,"C++ will be used to introduce object-oriented programming, commencing at an introductory level. We will move onto encapsulation, inheritance, polymorphism, software engineering, dynamic data allocation, recursion as well as the standard template library.","Mon 28 Apr 2025- 14 Jul 2025, 10:00 - 11:00am",10 meetings
https://www.conted.ox.ac.uk/courses/classical-architecture-a-design-workshop?code=O24P423HCW,Classical Architecture: A Design Workshop,Available,In-person weekly- Short courses,"An introduction to classical design in architecture, its ancient origins, its impact on Oxford architecture and modern examples. To include demonstrations by well-known modern practitioners and the chance for students to create their own designs.","Mon 28 Apr 2025- Mon 14 Jul 2025, 2:00 - 4:00pm",10 meetings
https://www.conted.ox.ac.uk/courses/introduction-to-counselling?code=O24P541PCW,Counselling: An Introduction,Available,In-person weekly- Short courses,"An introduction to the main schools of Counselling and Psychotherapy, as well as to basic counselling skills. Sessions will include presentations and discussions, and skills practice sessions in groups of 2 to 4 people. No previous experience is required.","Mon 28 Apr 2025- Mon 14 Jul 2025, 7:30 - 9:30pm",10 meetings
https://www.conted.ox.ac.uk/courses/dickens?code=O24P485LTW,Dickens,Available,In-person weekly- Short courses,"This course explores the works, life, and contexts of one of English literature's greatest authors.","Mon 28 Apr 2025- Mon 14 Jul 2025, 7:00 - 9:00pm",10 meetings
https://www.conted.ox.ac.uk/courses/french-lower-intermediate-consolidation?code=O24P605XFW,French: Lower Intermediate - Consolidation,Available,In-person weekly- Short courses,"This interactive course further develops the participants' language skills and understanding of the culture, society and daily life in the French-speaking countries.","Mon 28 Apr 2025- Mon 14 Jul 2025, 7:30 - 9:30pm",10 meetings
https://www.conted.ox.ac.uk/courses/fundamental-characterisation-for-nanotechnology?code=O24C523F2Y,Fundamental Characterisation for Nanotechnology,Available,Short intensive- Professional development,"This ten-week online course will survey the range of techniques and methodologies used to determine the nature and composition of nanoparticles, thin films and nanostructures. It includes a hands-on visit to Begbroke Science Park over two days.","Mon 28 Apr 2025- 06 Jul 2025, ",NA
https://www.conted.ox.ac.uk/courses/italian-intermediate-consolidation?code=O24P602XIW,Italian: Intermediate - Consolidation,Available,In-person weekly- Short courses,This Italian consolidation course is based on the syllabus of the previous terms and is primarily tailored to meet the needs of those who completed the weekly class. New students who are at the appropriate level of proficiency are also welcome.,"Mon 28 Apr 2025- Mon 14 Jul 2025, 4:30 - 6:30pm",10 meetings
https://www.conted.ox.ac.uk/courses/learn-to-sing-ii?code=O24P561MSW,Learn to Sing - II,Available,In-person weekly- Short courses,"A practical course for singers who have attended Learn to Sing I or have other singing experience. Singing technique will be discussed and repertoire explored but the course will focus on workshop sessions, working on interpretation and vocal technique.","Mon 28 Apr 2025- Mon 14 Jul 2025, 7:00 - 9:00pm",10 meetings
https://www.conted.ox.ac.uk/courses/macroeconomics-an-introduction-online?code=O24P476SOV,Macroeconomics: An Introduction (Online),Available,Online - flexible- Short courses,"This course provides a detailed introduction to, and encompasses the fundamentals of macroeconomics. On completion of the course you will have the ability to critically assess real-world macroeconomic developments at first-year undergraduate level.","Mon 28 Apr 2025- 11 Jul 2025, ",NA
https://www.conted.ox.ac.uk/courses/microeconomics-an-introduction-online?code=O24P442SOV,Microeconomics: An Introduction (Online),Available,Online - flexible- Short courses,"This course provides a detailed introduction to microeconomics. On completion of the course, students will have the ability to understand and apply the principles of microeconomics at first-year undergraduate level.","Mon 28 Apr 2025- 11 Jul 2025, ",NA
https://www.conted.ox.ac.uk/courses/new-testament-hermeneutics-from-christs-passion-to-ascension?code=O24P547THW,New Testament Hermeneutics: From Christ's Passion to Ascension,Available,In-person weekly- Short courses,The narrative of the last days of Jesus is a subject of great interest for biblical and theological studies. This course will analyse the main interpretations and meanings given throughout history to a story that still raises many questions.,"Mon 28 Apr 2025- Mon 14 Jul 2025, 7:00 - 9:00pm",10 meetings
https://www.conted.ox.ac.uk/courses/psychology-an-introduction-online?code=O24P554PCV,Psychology: An Introduction (Online),Available,Online - flexible- Short courses,"This course introduces the science of psychology, exploring the richness of human functions, uncovering the brain's secrets and revealing its complexities. Studies from biological, psychodynamic, cognitive, behavioural and social approaches are presented.","Mon 28 Apr 2025- 11 Jul 2025, ",NA
https://www.conted.ox.ac.uk/courses/public-policy-economics-online?code=O24P477SOV,Public Policy Economics (Online),Available,Online - flexible- Short courses,"All of us are affected by government policies, and governments place particular emphasis on economic policies. This course will equip you to evaluate the economic arguments made about public policy choices.","Mon 28 Apr 2025- 11 Jul 2025, ",NA
https://www.conted.ox.ac.uk/courses/reading-and-writing-poetry?code=O24P446CRW,Reading and Writing Poetry,Available,In-person weekly- Short courses,"This course is for those who have always wanted to write poetry, but have never actually tried, and it will take place within an encouraging and supportive environment.","Mon 28 Apr 2025- Mon 14 Jul 2025, 7:00 - 9:00pm",10 meetings
https://www.conted.ox.ac.uk/courses/statistical-computing-for-health-care-research?code=O24C009B9Y,Statistical Computing for Health Care Research,Available,Online - flexible- Professional development,This fully online course is designed to complement your statistical skills with expert methods in R,"Mon 28 Apr 2025- 20 Jun 2025, ",NA
https://www.conted.ox.ac.uk/courses/statistics-for-clinical-trials?code=O24C069B9Y,Statistics for Clinical Trials,Available,Short intensive- Professional development,"Plan, execute and interpret the statistical analysis of clinical trials.","Mon 28 Apr 2025- 02 May 2025, ",NA
https://www.conted.ox.ac.uk/courses/systematic-reviews?code=O24C187B9Y,Systematic Reviews,Available,Short intensive- Professional development,"Covering the process of doing a systematic review, focusing on practicalities and emphasising how and why this qualifies as scientific research.","Mon 28 Apr 2025- 02 May 2025, ",NA
https://www.conted.ox.ac.uk/courses/the-history-and-evolution-of-counselling-and-psychotherapy?code=O24P539PCW,The History and Evolution of Counselling and Psychotherapy,Available,In-person weekly- Short courses,"Explore the fascinating evolution of psychotherapy from its philosophical roots to modern methods. Engage with key theories, dissect transformative ideas, and prepare to shape future therapeutic practices. Open to all, but great CPD for practitioners!","Mon 28 Apr 2025- Mon 14 Jul 2025, 2:30 - 4:30pm",10 meetings
https://www.conted.ox.ac.uk/courses/the-impressionists-painting-modern-life-online?code=O24P628ARV,The Impressionists: Painting Modern Life (Online),Available,Online - flexible- Short courses,"Examine the major concerns of artists such as Cézanne, Monet, Manet and Degas and their intimate interaction with modern life.","Mon 28 Apr 2025- 11 Jul 2025, ",NA
https://www.conted.ox.ac.uk/courses/the-wars-of-the-roses-power-politics-and-personalities-online?code=O24P459HIV,"The Wars of The Roses: Power, Politics and Personalities (Online)",Available,Online - flexible- Short courses,The recent discovery of Richard III's remains in Leicester highlights the dynamic new research being conducted into the period known as the Wars of the Roses. This course asks students to engage with the latest work on this exciting and tumultuous period.,"Mon 28 Apr 2025- 11 Jul 2025, ",NA
https://www.conted.ox.ac.uk/courses/writing-drama-online?code=O24P490CRV,Writing Drama (Online),Available,Online - flexible- Short courses,A creative and critical course helping you develop your passion for drama into the craft of dramatic writing.,"Mon 28 Apr 2025- 11 Jul 2025, ",NA
https://www.conted.ox.ac.uk/courses/geology-in-the-field?code=O24P517GEW,Geology in the Field,Available,In-person weekly- Short courses,Develop a practical understanding of geological landscapes in Oxfordshire and adjacent counties. See the rock outcrops and learn techniques for geological fieldwork by visiting geological localities within driving distance of Oxford.,"Tue 06 May 2025- Tue 10 Jun 2025, 10:30am - 12:30pm",6 meetings
https://www.conted.ox.ac.uk/courses/ancestral-voices-the-earliest-english-literature-online?code=O24P481LTV,Ancestral Voices: The Earliest English Literature (Online),Available,Online - flexible- Short courses,"This course introduces you to Old English literature: from tales of heroism, courage and fellowship, to poignant elegies of love and loss.","Wed 07 May 2025- 18 Jul 2025, ",NA
https://www.conted.ox.ac.uk/courses/exploring-the-universe-online?code=O24P463PYV,Exploring the Universe (Online),Available,Online - flexible- Short courses,"How old is the universe? How unusual is the Solar System? How will it all end? Oxford astronomers Chris Lintott and Robert Simpson provide an overview of the last 13.7 billion years of cosmic evolution, answering these questions and more.","Wed 07 May 2025- 18 Jul 2025, ",NA
https://www.conted.ox.ac.uk/courses/henry-viii-online?code=O24P528HIV,Henry VIII (Online),Available,Online - flexible- Short courses,"The reign of Henry VIII transformed British history. This course charts the political, religious and cultural changes of the period.","Wed 07 May 2025- 18 Jul 2025, ",NA
https://www.conted.ox.ac.uk/courses/jane-austen-online?code=O24P487LTV,Jane Austen (Online),Available,Online - flexible- Short courses,"Many readers enjoy Austen's novels, but what makes them so special and enduring?","Wed 07 May 2025- 18 Jul 2025, ",NA
https://www.conted.ox.ac.uk/courses/learning-to-look-at-modern-art-online?code=O24P316ARV,Learning to Look at Modern Art (Online),Available,Online - flexible- Short courses,"This course will seek to provide guidelines about how to look at modern art in an open-minded, critical and analytical way.","Wed 07 May 2025- 18 Jul 2025, ",NA
https://www.conted.ox.ac.uk/courses/learning-to-look-at-western-architecture-online?code=O24P475HCV,Learning to Look at Western Architecture (Online),Available,Online - flexible- Short courses,This course is designed to enable you to 'read' the architecture of the Western world in a critically informed way.,"Wed 07 May 2025- 18 Jul 2025, ",NA
https://www.conted.ox.ac.uk/courses/learning-to-look-at-the-visual-arts-online?code=O24P306ARV,Learning to Look at the Visual Arts (Online),Available,Online - flexible- Short courses,"This course offers you the opportunity to learn how to study and analyse paintings, drawings and prints, and learn the 'language of looking'.","Wed 07 May 2025- 18 Jul 2025, ",NA
https://www.conted.ox.ac.uk/courses/political-philosophy-an-introduction-online?code=O24P469PHV,Political Philosophy: An Introduction (Online),Available,Online - flexible- Short courses,"Political philosophy contains some of the greatest writings in the Western intellectual tradition. This online course introduces you to the central questions concerning the state, by means of classical and contemporary texts.","Wed 07 May 2025- 18 Jul 2025, ",NA
https://www.conted.ox.ac.uk/courses/ritual-and-religion-in-prehistory-online?code=O24P467AHV,Ritual and Religion in Prehistory (Online),Available,Online - flexible- Short courses,How can we begin to understand the spiritual lives of prehistoric people? When do religious ideologies first appear on the human evolutionary timescale? Using both anthropology and archaeological evidence these and many other questions are examined.,"Wed 07 May 2025- 18 Jul 2025, ",NA
https://www.conted.ox.ac.uk/courses/van-eyck-to-memling-northern-renaissance-art-c1430-1480-online?code=O24P640ARV,Van Eyck to Memling: Northern Renaissance Art c.1430-1480 (Online),Available,Online - flexible- Short courses,"The work of northern Renaissance artists is often incredibly beautiful, with marvellous colours and textures. But there is much more to their work than simple aesthetics, for it evolved from an intriguing range of religious and cultural beliefs.","Wed 07 May 2025- 18 Jul 2025, ",NA
https://www.conted.ox.ac.uk/courses/learn-to-write-short-stories?code=O24P154CRR,Learn to Write Short Stories,Available,In-person day/weekend- Short courses,"A weekend intensive workshop on the art and craft of writing short stories. We’ll write, read and analyse modern classics and experiment with this versatile narrative form.","Sat 10 May 2025- 11 May 2025, 10.15am Sat - 5.00pm Sun",NA
https://www.conted.ox.ac.uk/courses/mathematics-an-inclusive-discipline?code=O24P128COJ,Mathematics: An Inclusive Discipline?,Available,Online - live- Short courses- Hybrid - in person or online,"Through centuries and continents, Maths has evolved thanks to the effort and contributions of countless individuals. But is this representative of the variety of the human characters? Is Maths suited for true inclusivity?","Sat 10 May 2025, 1:45 - 5:00pm",NA
https://www.conted.ox.ac.uk/courses/the-archaeology-of-britains-changing-coastline?code=O24P106AHJ,The Archaeology of Britain's Changing Coastline,Available,Online - live- Short courses- Hybrid - in person or online,Discover how Britain’s coastline has changed and evolved over millennia with rising sea levels. Explore submerged landscapes and learn about the risks posed to coastal heritage by climate-driven sea-level rise.,"Sat 10 May 2025, 9:45am - 5:00pm",NA
https://www.conted.ox.ac.uk/courses/the-impact-of-climate-change-and-invasive-species-on-islands?code=O24P171BIJ,The Impact of Climate Change and Invasive Species on Islands,Available,Online - live- Short courses- Hybrid - in person or online,"Islands often harbour a unique and diverse fauna, but island biodiversity is also very vulnerable to a range of human-created threats. Explore the impact of two of the main threats: climate change and invasive species.","Sat 10 May 2025, 9:45am - 1:00pm",NA
https://www.conted.ox.ac.uk/courses/adverse-drug-reactions-drug-interactions-and-pharmacovigilance?code=O24C254B9Y,"Adverse Drug Reactions, Drug Interactions and Pharmacovigilance",Available,Short intensive- Professional development,"This course is led by Dr Michael Theodorakis and features lectures and tutorials in epidemiology, systematic reviews and pharmacovigilance.","Mon 12 May 2025- 16 May 2025, ",NA
https://www.conted.ox.ac.uk/courses/artificial-intelligence-introduction-to-machine-learning?code=O24P598COV,Artificial Intelligence Concepts: Introduction to Machine Learning (Online),Available,Online - flexible- Short courses,"Machine Learning methods lie at the heart of the Artificial Intelligence revolution. This course introduces fundamental concepts to explain Machine Learning methods, potential, and pitfalls to a general audience.","Mon 12 May 2025- 25 Jul 2025, ",NA
https://www.conted.ox.ac.uk/courses/brontes-online?code=O24P532LTV,Brontës (Online),Available,Online - flexible- Short courses,"How did three sisters living apparently secluded, eventless lives write such original, passionate and dramatic literature?","Mon 12 May 2025- 25 Jul 2025, ",NA
https://www.conted.ox.ac.uk/courses/clinical-prediction-rules?code=O24C070B9Y,Clinical Prediction Rules,Available,Short intensive- Professional development,"Understanding the principles involved in designing, creating and testing clinical prediction rules.","Mon 12 May 2025- 16 May 2025, ",NA
https://www.conted.ox.ac.uk/courses/course-design-assessment-and-evaluation?code=O24C042B9Y,"Course Design, Assessment and Evaluation",Available,Short intensive- Professional development,Educational strategies to develop a course and design assessment of learning and evaluation. Part of the Evidence-Based Health Care programme.,"Mon 12 May 2025- 04 Jul 2025, ",NA
https://www.conted.ox.ac.uk/courses/islamic-art-and-architecture-online?code=O24P400ARV,Islamic Art and Architecture (Online),Available,Online - flexible- Short courses,"This course is for anyone interested in understanding Islamic art and culture, and examines the relationship between faith and art forms.","Mon 12 May 2025- 25 Jul 2025, ",NA
https://www.conted.ox.ac.uk/courses/minoans-and-mycenaeans-online?code=O24P511AHV,Minoans and Mycenaeans (Online),Available,Online - flexible- Short courses,"The Minoans and Mycenaeans left us with the intriguing Greek Bronze Age sites of Knossos, Mycenae, Pylos and Akrotiri. The excavation of these sites turned archaeologists into superstars, as stunning architecture, sculpture and weaponry were revealed.","Mon 12 May 2025- 25 Jul 2025, ",NA
https://www.conted.ox.ac.uk/courses/mixing-it-up-understanding-and-using-mixed-methods-research-in-social-sciences?code=T25G001YOY,Mixing it up: understanding and using mixed methods research in social sciences,Available,Online - flexible- Professional development,An online course for researchers which critically discusses mixed methods approaches to social science analysis.,"Mon 12 May 2025- 07 Jul 2025, ",NA
https://www.conted.ox.ac.uk/courses/philosophy-of-mind-online?code=O24P653PHV,Philosophy of Mind (Online),Available,Online - flexible- Short courses,"The philosophy of mind is concerned with questions about the nature of mind and the relation between our minds and the physical world. This course provides an introduction to the mind body problem, one of the most intractable problems in philosophy.","Mon 12 May 2025- 25 Jul 2025, ",NA
https://www.conted.ox.ac.uk/courses/philosophy-of-science-online?code=O24P536PHV,Philosophy of Science (Online),Available,Online - flexible- Short courses,"This course introduces key issues in the philosophy of science, including debates about the nature of the scientific method, theories of confirmation, the demarcation of science from non-science, the rationality of theory change, and scientific realism.","Mon 12 May 2025- 25 Jul 2025, ",NA
https://www.conted.ox.ac.uk/courses/realist-reviews-and-realist-evaluation?code=O24C044B9Y,Realist Reviews and Realist Evaluation,Available,Short intensive- Professional development,Aiming to provide an understanding of realist reviews and evaluation and the ability to apply new knowledge and skills to a realist research project.,"Mon 12 May 2025- 16 May 2025, ",NA
https://www.conted.ox.ac.uk/courses/shakespeare-online?code=O24P478LTV,Shakespeare (Online),Available,Online - flexible- Short courses,"This course focuses on five Shakespeare plays, covering a range of genres and periods of his writing.","Mon 12 May 2025- 25 Jul 2025, ",NA
https://www.conted.ox.ac.uk/courses/vikings-raiders-traders-and-settlers-online?code=O24P498AHV,"Vikings: Raiders, Traders and Settlers (Online)",Available,Online - flexible- Short courses,"Ravagers, despoilers, pagans, the Vikings are often regarded as bloodthirsty pirates. Yet they were also traders, settlers and farmers with a thriving artistic culture and legal systems.  Using archaeology we examine the varied aspects of the Viking world","Mon 12 May 2025- 25 Jul 2025, ",NA
https://www.conted.ox.ac.uk/courses/writing-fiction-online?code=O24P446CRV,Writing Fiction (Online),Available,Online - flexible- Short courses,This course is for those who would like to write but don't know how; who tried once and gave up; or who already write but would like to improve; and for readers who have no desire to write but want a different perspective on how fiction works.,"Mon 12 May 2025- 25 Jul 2025, ",NA
https://www.conted.ox.ac.uk/courses/writing-fiction-for-young-adults-online?code=O24P526CRV,Writing Fiction for Young Adults (Online),Available,Online - flexible- Short courses,"Find your own voice and your own niche in writing for young adults, in sub-genres from realism to the supernatural.","Mon 12 May 2025- 25 Jul 2025, ",NA
https://www.conted.ox.ac.uk/courses/writing-poetry-online?code=O24P570CRV,Writing Poetry (Online),Available,Online - flexible- Short courses,How can poetic form help you to turn the passion and intensity of life into memorable expressions? How can an appreciation of the techniques used by past and living poets help you to improve as a poet? Take this course and find out.,"Mon 12 May 2025- 25 Jul 2025, ",NA
https://www.conted.ox.ac.uk/courses/analysing-classical-music-an-introduction-online?code=O24P543MSV,Analysing Classical Music: An Introduction (Online),Available,Online - flexible- Short courses,The aim of musical analysis is to understand how music exerts such a powerful effect on us. This course introduces some of the main approaches as we attempt to bridge the gap between our intuitions about music and our intellectual knowledge of it.,"Wed 14 May 2025- 25 Jul 2025, ",NA
https://www.conted.ox.ac.uk/courses/churchill-soldier-politician-and-statesman-online?code=O24P472HIV,"Churchill: Soldier, Politician and Statesman (Online)",Available,Online - flexible- Short courses,"Sir Winston Churchill, regarded as one of Britain's greatest statesmen, still provokes controversy and debate. The aim of this course is to study his life in detail, assess his successes and failures and to gain some insights into the complex personality.","Wed 14 May 2025- 25 Jul 2025, ",NA
https://www.conted.ox.ac.uk/courses/europe-of-the-dictators-online?code=O24P484HIV,Europe of the Dictators (Online),Available,Online - flexible- Short courses,Why were the inter-war years a period of such political extremism and dictatorial rule across Europe?,"Wed 14 May 2025- 25 Jul 2025, ",NA
https://www.conted.ox.ac.uk/courses/globalisation-online?code=O24P652SOV,Globalisation (Online),Available,Online - flexible- Short courses,Everybody is talking about 'globalisation' - but what does it really mean? What factors drive globalisation and what are the consequences for all of us? How can and should we govern processes of globalisation?,"Wed 14 May 2025- 25 Jul 2025, ",NA
https://www.conted.ox.ac.uk/courses/international-labour-migration-economics-politics-and-ethics-online?code=O24P453SOV,"International Labour Migration: Economics, Politics and Ethics (Online)",Available,Online - flexible- Short courses,This global course analyses one of the most controversial public policy issues of the 21st century: how to regulate international labour migration and the rights of migrant workers.,"Wed 14 May 2025- 25 Jul 2025, ",NA
https://www.conted.ox.ac.uk/courses/politics-an-introduction-online?code=O24P489HIV,Politics: An Introduction (Online),Available,Online - flexible- Short courses,"In addition to tracing the evolution of the modern state and political ideas and ideologies, this course focuses on issues that confront people from all parts of the world on a day-to-day basis.","Wed 14 May 2025- 25 Jul 2025, ",NA
https://www.conted.ox.ac.uk/courses/social-anthropology-an-introduction-online?code=O24P433AHV,Social Anthropology: An Introduction (Online),Available,Online - flexible- Short courses,"Social anthropology is the study of how humans give meaning to the world through different social norms, values, practices and means of organisation. This course provides an exciting and dynamic introduction to the world of social anthropology.","Wed 14 May 2025- 25 Jul 2025, ",NA
https://www.conted.ox.ac.uk/courses/architecture-of-the-english-medieval-cathedral-online?code=O24P548HCV,The Architecture of the English Medieval Cathedral (Online),Available,Online - flexible- Short courses,"This course will explore the English medieval cathedral as a developing institution which survived over a thousand years of religious upheaval and historical change, focusing on the multifaceted architecture of a range of truly great churches.","Wed 14 May 2025- 25 Jul 2025, ",NA
https://www.conted.ox.ac.uk/courses/the-first-civilization-mesopotamia-online?code=O24P575AHV,The First Civilization: Mesopotamia (Online),Available,Online - flexible- Short courses,"Civilization was born over 5,000 years ago on the fertile plains of southern Mesopotamia.  Using archaeology and textual sources, this course will build a picture of the Sumerian civilization, one that lies at the root of our own world.","Wed 14 May 2025- 25 Jul 2025, ",NA
https://www.conted.ox.ac.uk/courses/the-making-of-modern-britain-online?code=O24P468HIV,The Making of Modern Britain (Online),Available,Online - flexible- Short courses,"A modern, democratic, multicultural Britain developed throughout the twentieth century. This course will examine the key social, economic and political influences that have shaped modern Britain.","Wed 14 May 2025- 25 Jul 2025, ",NA
https://www.conted.ox.ac.uk/courses/therapeutic-photography-an-introduction?code=O24P209PCJ,Therapeutic Photography: An Introduction,Available,In-person day/weekend- Short courses,Explore photography's power to express emotions and heal wounds. Learn techniques and apply them for mental wellbeing and personal growth. Gain practical experience and insights to use photography for self-development and professional practice.,"Sat 17 May 2025, 9:45am - 5:00pm",NA
https://www.conted.ox.ac.uk/courses/veteran-welfare-past-and-present?code=O24P136HIJ,Veteran Welfare Past and Present,Available,Online - live- Short courses- Hybrid - in person or online,"Examine the origins of military welfare for veterans and widows during the British Civil Wars of the 1640s, comparing that with the provision provided to service personnel and their families today by the Armed Forces Covenant.","Sat 17 May 2025, 9:45am - 5:00pm",NA
https://www.conted.ox.ac.uk/courses/art-nouveau-across-europe-online?code=O24P408ARV,Art Nouveau across Europe (Online),Available,Online - flexible- Short courses,"From Paris to Moscow, Glasgow to Barcelona, this course examines the richness and variety of European art nouveau.","Mon 19 May 2025- 01 Aug 2025, ",NA
https://www.conted.ox.ac.uk/courses/bioethics-for-beginners-online?code=O24P651PHV,Bioethics for Beginners (Online),Available,Online - flexible- Short courses,Do you think reproductive cloning is morally permissible? Do you check food labels to exclude buying any with GM ingredients? Would you worry if the government introduced compulsory depositing of DNA in the national DNA bank?,"Mon 19 May 2025- 01 Aug 2025, ",NA
https://www.conted.ox.ac.uk/courses/critical-reasoning-a-romp-through-the-foothills-of-logic-online?code=O24P462PHV,Critical Reasoning: A Romp through the Foothills of Logic (Online),Available,Online - flexible- Short courses,"Reasoning enables us to acquire knowledge, to persuade others and to evaluate their arguments. But only if we reason well. We shall be learning how to recognise, evaluate, construct and analyse arguments, and how to recognise common fallacies.","Mon 19 May 2025- 01 Aug 2025, ",NA
https://www.conted.ox.ac.uk/courses/ethics-an-introduction-online?code=O24P483PHV,Ethics: An Introduction (Online),Available,Online - flexible- Short courses,"In this introduction to ethics, we shall examine four important ethical theories, applying them to two practical questions: the rights of animals and euthanasia. There will be plenty of opportunity to engage in debate and test your own thinking.","Mon 19 May 2025- 01 Aug 2025, ",NA
https://www.conted.ox.ac.uk/courses/evidence-based-diagnosis-and-screening?code=O24C046B9J,Evidence-Based Diagnosis and Screening,Available,Short intensive- Professional development,"Critical appraisal and application, at an advanced level, of the best evidence on diagnostic tests.","Mon 19 May 2025- 23 May 2025, ",NA
https://www.conted.ox.ac.uk/courses/investigating-the-elizabethans-online?code=O24P400LHV,Investigating the Elizabethans (Online),Available,Online - flexible- Short courses,"The Elizabethan world witnessed some of the most momentous and memorable events in English history. Investigate the experiences and reactions of individuals to these changes, events and issues.","Mon 19 May 2025- 01 Aug 2025, ",NA
https://www.conted.ox.ac.uk/courses/middle-english-literature-online?code=O24P433LTV,Middle English Literature (Online),Available,Online - flexible- Short courses,"Middle English literature is not all prayer and piety and men in armour. Find a rich cultural heritage in Middle English poems, plays and prose.","Mon 19 May 2025- 01 Aug 2025, ",NA
https://www.conted.ox.ac.uk/courses/origins-of-human-behaviour-online?code=O24P656AHV,Origins of Human Behaviour (Online),Available,Online - flexible- Short courses,What makes humans different from other primates? When did we become human? This course will chart the development of human behaviour.,"Mon 19 May 2025- 01 Aug 2025, ",NA
https://www.conted.ox.ac.uk/courses/the-first-world-war-in-perspective-online?code=O24P616HIV,The First World War in Perspective (Online),Available,Online - flexible- Short courses,"This course seeks to explain why and how the First World War was fought, and to understand why its legacy remains relevant more than a century after it ended.","Mon 19 May 2025- 01 Aug 2025, ",NA
https://www.conted.ox.ac.uk/courses/theory-of-knowledge-online?code=O24P333PHV,Theory of Knowledge (Online),Available,Online - flexible- Short courses,The theory of knowledge is one of the most central areas of philosophy. In this online course you will cover the key issues in epistemology while also learning to think for yourself and develop your own answers to the core questions in this area.,"Mon 19 May 2025- 01 Aug 2025, ",NA
https://www.conted.ox.ac.uk/courses/western-architecture-the-modern-era-online?code=O24P373HCV,Western Architecture: The Modern Era (Online),Available,Online - flexible- Short courses,"Beginning with the vital structural innovations of the late Victorian era, this course traces the rise and spread of modernism in European and American architecture, and concludes by examining contemporary architecture and future possibilities.","Mon 19 May 2025- 01 Aug 2025, ",NA
https://www.conted.ox.ac.uk/courses/essential-medical-statistics?code=O24C032B9Y,Essential Medical Statistics,Available,Online - flexible- Professional development,"For those who have some research experience and an understanding of basic statistical principles, and who wish to develop their statistical expertise.","Mon 26 May 2025- 18 Jul 2025, ",NA
https://www.conted.ox.ac.uk/courses/andalucia-its-art-architecture-and-cultural-history-c750-1550?code=O24P757ARZ,"Andalucía: Its Art, Architecture, and Cultural History, c.750-1550",Available,Online - live- Short courses,"A comprehensive introduction and historical framework to the rich, diverse, artistic and architectural legacy of Andalucía, Spain's most southerly region, produced between about 750 and 1550 CE, but with reference to its more ancient history.","Wed 28 May 2025- 25 Jun 2025, 2:00 - 3:00pm",5 meetings
https://www.conted.ox.ac.uk/courses/coping-with-climate-crisis-from-the-ancient-world-to-20th-century-britain?code=O24P159LHJ,Coping with Climate Crisis: From the Ancient World to 20th-Century Britain,Available,Online - live- Short courses- Hybrid - in person or online,"Explore how people and societies, from the ancient world to the 20th century, have understood and coped with crises caused by climatic events or climate change, using evidence from archaeology and economic, social and oral history.","Sat 31 May 2025, 9:45am - 5:00pm",NA
https://www.conted.ox.ac.uk/courses/r-for-statistical-significance-tests?code=O24P129COJ,R for Statistical Significance Tests,Available,Online - live- Short courses,"Learn how to perform several highly useful statistical significance and hypothesis tests in R at this online day school. This includes, but is not limited to, t-tests, A/B, permutation, ANOVA, chi-squared, Fisher's Exact and Shapiro-Wilk tests.","Sat 31 May 2025, 10:00am - 5:00pm",NA
https://www.conted.ox.ac.uk/courses/the-origins-of-counting-and-writing-in-the-ancient-middle-east?code=O24P107AHJ,The Origins of Counting and Writing in the Ancient Middle East,Available,In-person day/weekend- Short courses,"The invention of counting, sealing and writing in the Middle East shaped the world’s first cities, with long-lasting ramifications. This event examines key innovations from 10,000 to 3,000 BCE and highlights new research on the beginnings of bureaucracy.","Sat 31 May 2025, 9:15am - 4:30pm",NA
https://www.conted.ox.ac.uk/courses/the-word-for-world-is-forest-trees-in-western-art-and-literature?code=O24P119ARJ,'The Word for World is Forest': Trees in Western Art and Literature,Available,Online - live- Short courses- Hybrid - in person or online,"Trees speak to all of us. Across the world and throughout history, trees have been central to our lives: sources of shelter and food and wonder. This day school explores how Western artists through the ages have celebrated their mysterious power.","Sat 07 Jun 2025, 10:15am - 5:30pm",NA
https://www.conted.ox.ac.uk/courses/an-introduction-to-semantics-understanding-meaning-in-language?code=O24P141TEJ,An Introduction to Semantics: Understanding Meaning in Language,Available,In-person day/weekend- Short courses,An introduction to the field of linguistics known as semantics. It makes more explicit the knowledge about meaning that every speaker has. Participants will gain an understanding of the core ideas and elements of semantic analysis.,"Sat 07 Jun 2025, 9:45am - 5:00pm",NA
https://www.conted.ox.ac.uk/courses/what-does-regenerative-mean-re-imagining-the-future?code=O24P193SOR,What Does Regenerative Mean? Re-imagining the Future,Available,In-person day/weekend- Short courses,"Why has the term 'regenerative' become so common in addressing urgent climate, ecological, economic and equity issues?  Can it offer valuable perspectives and practical approaches that have impact and create better pathways into the future?","Sat 07 Jun 2025- 08 Jun 2025, 9.45am Sat - 5.00pm Sun",NA
https://www.conted.ox.ac.uk/courses/sustainable-health-care?code=O24C077B9Y,Sustainable Health Care,Available,Short intensive- Short courses- Professional development,Exploring how to deliver health care that is sustainable for people and the planet,"Mon 09 Jun 2025- 13 Jun 2025, ",NA
https://www.conted.ox.ac.uk/courses/good-citizens-and-moral-catastrophes?code=O24P185PHJ,Good Citizens and Moral Catastrophes,Available,In-person day/weekend- Short courses,"How best to raise good citizens who will do the right thing even when under pressure to do wrong? This day school will consider this question, as well as the role of authority, critical thinking and moral relativism.","Sat 14 Jun 2025, 10:15am - 5:30pm",NA
https://www.conted.ox.ac.uk/courses/miles-davis-jazz-legend?code=O24P164MSJ,Miles Davis: Jazz Legend,Available,Online - live- Short courses- Hybrid - in person or online,"In a career spanning decades, Miles Davis revolutionized jazz multiple times - from cool jazz to fusion. Explore the groundbreaking music and cultural impact of Miles Davis, as we trace his influence across genres and generations.","Sat 14 Jun 2025, 9:45am - 5:00pm",NA
https://www.conted.ox.ac.uk/courses/the-moths-and-butterflies-of-oxfordshire?code=O24P172BIJ,The Moths and Butterflies of Oxfordshire,Available,In-person day/weekend- Short courses,"Learn more about the many fascinating butterflies and moths that can be found in Oxfordshire. Gain an overview of the main species and their natural history, and have a chance to look for urban butterflies and moths in Oxford.","Sat 14 Jun 2025, 9:45am - 5:00pm",NA
https://www.conted.ox.ac.uk/courses/research-ethics-and-empirical-ethics?code=O24C007V5Y,Research Ethics and Empirical Ethics,Available,Short intensive- Professional development,"This course considers the range of ethical issues associated with the conduct of research on humans and animals, and empirical methods in ethics.","Mon 16 Jun 2025- 20 Jun 2025, ",NA
https://www.conted.ox.ac.uk/courses/britains-immigrants-through-time?code=O24P137HIJ,Britain's Immigrants through Time,Available,Online - live- Short courses- Hybrid - in person or online,"This day school puts immigration into Britain into historical perspective, taking a long view of the arrival and experience of refugees and migrants from medieval to modern times.","Sat 21 Jun 2025, 9:45am - 5:15pm",NA
https://www.conted.ox.ac.uk/courses/critical-social-sciences-in-health-care?code=O24C092B9Y,Critical Social Sciences in Health Care,Available,Short intensive- Short courses- Professional development,"An Introduction to relevant theories in social sciences and philosophy,  pertaining to the study of innovation, technological change and research translation in a healthcare context.","Mon 23 Jun 2025- 27 Jun 2025, ",NA
https://www.conted.ox.ac.uk/courses/qualitative-research-methods?code=O24C200B9Y,Qualitative Research Methods,Available,Short intensive- Professional development,"Bridging the gap between scientific evidence and clinical practice by exploring the attitudes, beliefs and preferences of patients and practitioners.","Mon 23 Jun 2025- 27 Jun 2025, ",NA
https://www.conted.ox.ac.uk/courses/how-to-do-research-on-therapeutic-interventions-protocol-preparation?code=O24C256B9Y,How to Do Research on Therapeutic Interventions: Protocol Preparation,Available,Short intensive- Professional development,This five-day course will provide you with the opportunity to learn about the design and implementation of clinical trials (Phase I to Phase IV).,"Mon 30 Jun 2025- 04 Jul 2025, ",NA
https://www.conted.ox.ac.uk/courses/systematic-reviews?code=O24C189B9Y,Systematic Reviews,Available,Online - live- Professional development,"Covering the process of doing a systematic review, focusing on practicalities and emphasising how and why this qualifies as scientific research.","Mon 30 Jun 2025- 04 Jul 2025, 8:00am - 1:00pm",NA
https://www.conted.ox.ac.uk/courses/history-and-philosophy-of-evidence-based-health-care?code=O24C208B9Y,The History and Philosophy of Evidence-Based Health Care,Available,Short intensive- Professional development,"Critical thinking about the assumptions of the health care profession, and learning about the empirical foundations of science","Mon 30 Jun 2025- 04 Jul 2025, ",NA
https://www.conted.ox.ac.uk/courses/clinical-translation-and-commercialisation-of-nanomedicine?code=O24C549F2Y,Clinical Translation and the Commercialisation of Nanomedicine,Available,Short intensive- Short courses- Professional development,"This five-day course provides an overview of the regulatory, financial, clinical and commercial challenges faced by those wishing to bring innovative nanotechnologies to market.","Mon 07 Jul 2025- 11 Jul 2025, ",NA
https://www.conted.ox.ac.uk/about/foundations-of-diplomacy-pre-masters-course,Foundations of Diplomacy Pre-Master's Course,Available,Qualifications,"This six months, full time course prepares students for graduate studies at leading British universities.",", ",NA
https://www.conted.ox.ac.uk/about/theological-studies,Theological Studies,Available,Qualifications,"Bachelor of Theology, Undergraduate Certificate in Theological Studies, and Undergraduate Diploma in Theological Studies. Together these three courses constitute a coherent programme of studies. All three may be studied either full-time or part-time.",", ",NA
https://www.conted.ox.ac.uk/courses/course-design-assessment-and-evaluation?code=O23C042B9Y,"Course Design, Assessment and Evaluation",Available,Short intensive- Professional development,Educational strategies to develop a course and design assessment of learning and evaluation. Part of the Evidence-Based Health Care programme.,"Mon 29 Apr 2024- 21 Jun 2024, ",NA
https://www.conted.ox.ac.uk/courses/advanced-creative-writing-online?code=O24P377CRV,Advanced Creative Writing (Online),Details,Online - flexible- Short courses,A practical course covering all aspects of novel writing from character creation and story development to final edit.,"Mon 09 Sep 2024- 22 Nov 2024, ",NA
https://www.conted.ox.ac.uk/courses/introduction-to-artificial-intelligence-online?code=O24P594COV,Artificial Intelligence Concepts: An Introduction (Online),Details,Online - flexible- Short courses,"Aimed at a general audience, including professionals and those with no prior knowledge, this course provides an essential introduction to the key topics underpinning Artificial Intelligence.","Mon 09 Sep 2024- 22 Nov 2024, ",NA
https://www.conted.ox.ac.uk/courses/the-impressionists-painting-modern-life-online?code=O24P406ARV,The Impressionists: Painting Modern Life (Online),Details,Online - flexible- Short courses,"Examine the major concerns of artists such as Cézanne, Monet, Manet and Degas and their intimate interaction with modern life.","Mon 09 Sep 2024- 22 Nov 2024, ",NA
https://www.conted.ox.ac.uk/courses/writing-lives-online?code=O24P336CRV,Writing Lives (Online),Details,Online - flexible- Short courses,"Is there a true story that only you can tell? This course is designed to provide you with the skills you need to turn experiences, recollections and real-life phenomena into literary works that are enjoyable and accessible to a wider audience.","Mon 09 Sep 2024- 22 Nov 2024, ",NA
https://www.conted.ox.ac.uk/courses/introducing-mapping-spatial-data-and-gis-online?code=O24P440BIV,"Introducing Mapping, Spatial Data and GIS (Online)",Details,Online - flexible- Short courses,Investigate the power of maps and spatial data to document and illustrate local and global issues. Learn how to use Geographic Information Systems (GIS) to explore the world around you and share ideas.,"Wed 11 Sep 2024- 22 Nov 2024, ",NA
https://www.conted.ox.ac.uk/courses/philosophy-of-mind-online?code=O24P403PHV,Philosophy of Mind (Online),Details,Online - flexible- Short courses,"The philosophy of mind is concerned with questions about the nature of mind and the relation between our minds and the physical world. This course provides an introduction to the mind body problem, one of the most intractable problems in philosophy.","Wed 11 Sep 2024- 22 Nov 2024, ",NA
https://www.conted.ox.ac.uk/courses/the-number-mysteries-online?code=O24P343MAV,The Number Mysteries (Online),Details,Online - flexible- Short courses,"It is hard to imagine a world without numbers, but how natural is mathematics? We explore this very question through numerous online activities and 'at home' experiments, which allow you to interact with mathematics as you will never have done before.","Wed 11 Sep 2024- 22 Nov 2024, ",NA
https://www.conted.ox.ac.uk/courses/writing-fiction-online?code=O24P360CRV,Writing Fiction (Online),Details,Online - flexible- Short courses,This course is for those who would like to write but don't know how; who tried once and gave up; or who already write but would like to improve; and for readers who have no desire to write but want a different perspective on how fiction works.,"Wed 11 Sep 2024- 22 Nov 2024, ",NA
https://www.conted.ox.ac.uk/courses/teaching-evidence-based-practice?code=O24C206B9Y,Teaching Evidence-Based Practice,Details,Short intensive- Professional development,This module is aimed at all health care professionals who already have some knowledge of critical appraisal and experience in the practice of evidence-based health care.,"Mon 16 Sep 2024- 20 Sep 2024, ",NA
https://www.conted.ox.ac.uk/courses/plant-biodiversity-and-habitat-assessment-methods?code=O24C062D2Y,Plant Biodiversity and Habitat Assessment Methods,Details,Online - flexible- Professional development,"Part-time over five weeks, this tutor-led online training course can be taken from anywhere in the world. It will appeal to students and practitioners who want to improve their ability to conduct vegetation surveys.","Wed 18 Sep 2024- 23 Oct 2024, 5 meetings",NA
https://www.conted.ox.ac.uk/courses/writing-poetry-online?code=O24P394CRV,Writing Poetry (Online),Details,Online - flexible- Short courses,How can poetic form help you to turn the passion and intensity of life into memorable expressions? How can an appreciation of the techniques used by past and living poets help you to improve as a poet? Take this course and find out.,"Wed 18 Sep 2024- 29 Nov 2024, ",NA
https://www.conted.ox.ac.uk/courses/positive-psychology?code=O24P194PCJ,Positive Psychology,Details,In-person day/weekend- Short courses,"Positive Psychology offers a direct approach to help people create strategies towards wellbeing. Changing our interpretation of the world can help us feel happier, healthier, more positive, and become more resilient. Join us in Oxford to learn more.","Fri 20 Sep 2024, 9:45am - 5:00pm",NA
https://www.conted.ox.ac.uk/courses/archaeology-in-practice-online?code=O24P362AHV,Archaeology in Practice (Online),Details,Online - flexible- Short courses,"How do archaeologists recognise and interpret the lives of past peoples and their societies? An introduction to the methods and techniques of archaeological enquiry, from initial site survey and excavation to scientific analysis.","Mon 23 Sep 2024- 06 Dec 2024, ",NA
https://www.conted.ox.ac.uk/courses/macroeconomics-an-introduction-online?code=O24P347SOV,Macroeconomics: An Introduction (Online),Details,Online - flexible- Short courses,"This course provides a detailed introduction to, and encompasses the fundamentals of macroeconomics. On completion of the course you will have the ability to critically assess real-world macroeconomic developments at first-year undergraduate level.","Mon 23 Sep 2024- 06 Dec 2024, ",NA
https://www.conted.ox.ac.uk/courses/politics-an-introduction-online?code=O24P372HIV,Politics: An Introduction (Online),Details,Online - flexible- Short courses,"In addition to tracing the evolution of the modern state and political ideas and ideologies, this course focuses on issues that confront people from all parts of the world on a day-to-day basis.","Mon 23 Sep 2024- 06 Dec 2024, ",NA
https://www.conted.ox.ac.uk/courses/writing-drama-online?code=O24P391CRV,Writing Drama (Online),Details,Online - flexible- Short courses,A creative and critical course helping you develop your passion for drama into the craft of dramatic writing.,"Mon 23 Sep 2024- 06 Dec 2024, ",NA
https://www.conted.ox.ac.uk/courses/ancient-greek-lower-intermediate-part-1?code=O24P715XAZ,Ancient Greek: Lower Intermediate - Part 1,Details,Online - live- Short courses,"We gradually move from reading simplified texts to analysing original passages from some of the greatest ancient Greek authors, tackling challenging grammatical and syntactical structures whilst learning about ancient Greek thought and culture.","Mon 30 Sep 2024- 02 Dec 2024, 4:30 - 5:30pm",10 meetings
https://www.conted.ox.ac.uk/courses/introduction-to-biblical-studies-the-bible-its-content-and-theology?code=O24P801THZ,"Biblical Studies: The Bible, Its Content and Theology: An Introduction",Details,Online - live- Short courses,"Introduction to the content of the Old Testament/Hebrew Bible and the New Testament, together with their religious and socio-political backgrounds, languages and main theological themes and interpretations.","Mon 30 Sep 2024- 02 Dec 2024, 11:30am - 12:30pm",10 meetings
https://www.conted.ox.ac.uk/courses/introduction-to-counselling?code=O24P530PCW,Counselling: An Introduction,Details,In-person weekly- Short courses,"An introduction to the main schools of Counselling and Psychotherapy, as well as to basic counselling skills. Sessions will include presentations and discussions, and skills practice sessions in groups of 2 to 4 people. No previous experience is required.","Mon 30 Sep 2024- Mon 02 Dec 2024, 7:30 - 9:30pm",10 meetings
https://www.conted.ox.ac.uk/courses/ethical-concepts-and-methods?code=O24C002V5Y,Ethical Concepts and Methods,Details,Short intensive- Professional development,"An introduction to the key concepts and methods of contemporary ethics, providing you with a working knowledge of the basic concepts and approaches needed to engage in philosophical practical ethics.","Mon 30 Sep 2024- 04 Oct 2024, ",NA
https://www.conted.ox.ac.uk/courses/italian-intermediate-part-1?code=O24P564XIW,Italian: Intermediate - Part 1,Details,In-person weekly- Short courses,Consolidate your proficiency in Italian language and express your opinions on a range of familiar everyday topics. A progression course for students who completed Italian: Lower Intermediate - Part 2.,"Mon 30 Sep 2024- Mon 02 Dec 2024, 4:30 - 6:30pm",10 meetings
https://www.conted.ox.ac.uk/courses/latin-beginners-part-1?code=O24P805XLZ,Latin: Beginners - Part 1,Details,Online - live- Short courses,"This course introduces you to the basic principles of Classical Latin. It provides a firm basis of grammar, sentence structure and vocabulary of the language, through which you will be able to read and translate into English Roman drama in adaptation.","Mon 30 Sep 2024- 02 Dec 2024, 5:00 - 6:00pm",10 meetings
https://www.conted.ox.ac.uk/courses/japanese-beginners-part-1?code=O24P571XJW,Japanese: Beginners - Part 1,Details,In-person weekly- Short courses,Join this interactive course to learn Japanese language and explore its culture. For complete Beginners as well as those who have learnt some Japanese expressions and phrases through travel or socialising.,"Tue 01 Oct 2024- Tue 03 Dec 2024, 7:00 - 9:00pm",10 meetings
https://www.conted.ox.ac.uk/courses/python-programming-for-data-science-introduction?code=O24P734COZ,Python Programming for Data Science: Introduction,Details,Online - live- Short courses,"Gain insight into the most important programming tools using the Python programming language, for obtaining data, bringing it into a usable form, exploring and modelling it, and for presenting discoveries to a wider audience.","Tue 01 Oct 2024- 03 Dec 2024, 6:30 - 7:30pm",10 meetings
https://www.conted.ox.ac.uk/courses/poetry-and-place-location-and-dislocation-in-modern-poetry?code=O24P477LTW,Poetry and Place,Details,In-person weekly- Short courses,"The course will guide you through inherited literary concepts of 'place' - pastoral, landscape, etc. - before addressing contemporary poetry of an age of rapid travel, forced migration, environmental loss, virtual presence, and the centrality of language.","Wed 02 Oct 2024- Wed 04 Dec 2024, 2:00 - 4:00pm",10 meetings
https://www.conted.ox.ac.uk/courses/spanish-beginners-part-1?code=O24P568XSW,Spanish: Beginners - Part 1,Details,In-person weekly- Short courses,Join this interactive course to learn Spanish language and explore its culture. For complete Beginners as well as those who have learnt some Spanish expressions and phrases through travel or socialising.,"Wed 02 Oct 2024- Wed 04 Dec 2024, 4:30 - 6:30pm",10 meetings
https://www.conted.ox.ac.uk/courses/the-anthropology-of-britain-an-introduction?code=O24P404AHW,The Anthropology of Britain: An Introduction,Details,In-person weekly- Short courses,This course offers an introduction to British social anthropology and the anthropological study of Britain. We draw on theory and ethnographic studies to answer the question of what it means to be British and belong to this entity we call Britain.,"Wed 02 Oct 2024- Wed 04 Dec 2024, 7:00 - 9:00pm",10 meetings
https://www.conted.ox.ac.uk/courses/ancient-greek-beginners-part-1?code=O24P806XAZ,Ancient Greek: Beginners - Part 1,Details,Online - live- Short courses,"This course introduces you to the basic principles of Ancient Greek. It provides a firm basis of grammar, sentence structure and vocabulary of the Attic Greek, through which you will be able to read and translate adapted Greek texts into English.","Thu 03 Oct 2024- 05 Dec 2024, 10:30 - 11:30am",10 meetings
https://www.conted.ox.ac.uk/courses/latin-beginners-part-1?code=O24P718XLZ,Latin: Beginners - Part 1,Details,Online - live- Short courses,"This course introduces you to the basic principles of Classical Latin. It provides a firm basis of grammar, sentence structure and vocabulary of the language, through which you will be able to read and translate into English Roman drama in adaptation.","Thu 03 Oct 2024- 05 Dec 2024, 4:30 - 5:30pm",10 meetings
https://www.conted.ox.ac.uk/courses/latin-lower-intermediate-part-1?code=O24P721XLZ,Latin: Lower Intermediate - Part 1,Details,Online - live- Short courses,"Expand your knowledge of Latin with this 10-week course. Learn some fundamental new grammar and syntax, and read (in Latin!) about some legends and events of early and late republican Roman history.","Thu 03 Oct 2024- 05 Dec 2024, 12:30 - 1:30pm",10 meetings
https://www.conted.ox.ac.uk/courses/ancient-greek-beginners-part-1?code=O24P724XAZ,Ancient Greek: Beginners - Part 1,Details,Online - live- Short courses,"This course introduces you to the basic principles of Ancient Greek. It provides a firm basis of grammar, sentence structure and vocabulary of the Attic Greek, through which you will be able to read and translate adapted Greek texts into English.","Fri 04 Oct 2024- 06 Dec 2024, 4:30 - 5:30pm",10 meetings
https://www.conted.ox.ac.uk/courses/quality-improvement-science-and-systems-analysis?code=O24C288B9Y,Quality Improvement Science and Systems Analysis,Details,Short intensive- Professional development,This five-day course introduces the principles and core methodology of industrial quality improvement methods applicable to health care.,"Mon 07 Oct 2024- 11 Oct 2024, ",NA
https://www.conted.ox.ac.uk/courses/understanding-iron-age-hillforts-a-practical-approach?code=O24P405AHW,Understanding Iron Age Hillforts: A Practical Approach,Details,In-person weekly- Short courses,Hillforts are the most impressive legacy of the Iron Age. Discover what these enigmatic monuments may have been used for through engaging visits and discussions on some of the most impressive prehistoric sites in Britain,"Thu 10 Oct 2024- Thu 07 Nov 2024, 2:00 - 4:00pm",5 meetings
https://www.conted.ox.ac.uk/courses/practice-of-evidence-based-health-care?code=O24C171B9Y,Practice of Evidence-Based Health Care,Details,Short intensive- Professional development,An introduction to the basic concepts and skills for evidence-based health care.,"Mon 14 Oct 2024- 18 Oct 2024, ",NA
https://www.conted.ox.ac.uk/courses/systematic-reviews?code=O24C184B9Y,Systematic Reviews,Details,Online - live- Professional development,"Covering the process of doing a systematic review, focusing on practicalities and emphasising how and why this qualifies as scientific research.","Mon 14 Oct 2024- 18 Oct 2024, 8:00am - 1:00pm",NA
https://www.conted.ox.ac.uk/courses/the-structure-of-clinical-trials-and-experimental-therapeutics?code=O24C246B9Y,The Structure of Clinical Trials and Experimental Therapeutics,Details,Short intensive- Short courses- Professional development,"This five-day course will feature face-to-face lectures and tutorials from leading clinicians and scientists. It will cover topics including drug discovery, drug development, Phase I, II and III studies, regulation, and research and writing skills.","Mon 14 Oct 2024- 18 Oct 2024, ",NA
https://www.conted.ox.ac.uk/courses/essential-medical-statistics?code=O24C197B9Y,Essential Medical Statistics,Details,Short intensive- Professional development,"For those who have some research experience and an understanding of basic statistical principles, and who wish to develop their statistical expertise.","Mon 21 Oct 2024- 25 Oct 2024, ",NA
https://www.conted.ox.ac.uk/courses/introduction-and-research-methods-for-translational-science?code=O24C050B9Y,Introduction and Research Methods for Translational Science,Details,Short intensive- Professional development,Building the foundations for your study of translational science and health care innovation.,"Mon 21 Oct 2024- 25 Oct 2024, ",NA
https://www.conted.ox.ac.uk/courses/lean-six-sigma-green-belt?code=O24C016N1Y,Lean Six Sigma Green Belt,Details,Short intensive- Short courses- Professional development,"An intensive five-day course that explores the highly regarded Lean Six Sigma approach, providing you with a powerful first step in becoming a practitioner of business process improvement.","Mon 21 Oct 2024- 25 Oct 2024, 09:00-17:00",NA
https://www.conted.ox.ac.uk/courses/becoming-a-clinical-educator?code=O24C294B9Y,Becoming a Clinical Educator,Details,Short intensive- Professional development,This five-day course provides a comprehensive introduction into the world of modern postgraduate medical education.,"Mon 04 Nov 2024- 08 Nov 2024, ",NA
https://www.conted.ox.ac.uk/courses/realist-reviews-and-realist-evaluation?code=O24C003B9Y,Realist Reviews and Realist Evaluation,Details,Online - flexible- Professional development,Aiming to provide an understanding of realist reviews and evaluation and the ability to apply new knowledge and skills to a realist research project.,"Mon 04 Nov 2024- 06 Dec 2024, ",NA
https://www.conted.ox.ac.uk/courses/behavioural-science-and-complex-interventions?code=O24C051B9Y,Behavioural Science and Complex Interventions,Details,Short intensive- Professional development,The psychology of behaviour change in relation to patients and health care professionals.,"Mon 18 Nov 2024- 22 Nov 2024, ",NA
https://www.conted.ox.ac.uk/courses/big-data-epidemiology?code=O24C010B9Y,Big Data Epidemiology,Details,Short intensive- Professional development,"Design, conduct and interpret epidemiological studies in large routine health care databases.","Mon 18 Nov 2024- 22 Nov 2024, ",NA
https://www.conted.ox.ac.uk/courses/introduction-to-study-design-research-methods?code=O24C175B9Y,Introduction to Study Design and Research Methods,Details,Short intensive- Professional development,Introducing some of the more advanced concepts and skills of research design and how they relate to evidence-based health care.,"Mon 25 Nov 2024- 29 Nov 2024, ",NA
https://www.conted.ox.ac.uk/courses/systematic-reviews?code=O24C186B9Y,Systematic Reviews,Details,Online - live- Professional development,"Covering the process of doing a systematic review, focusing on practicalities and emphasising how and why this qualifies as scientific research.","Mon 02 Dec 2024- 06 Dec 2024, 1:00 - 6:00pm",NA
https://www.conted.ox.ac.uk/courses/economics-and-regulation-in-translational-science?code=O24C052B9Y,Economics and Regulation in Translational Science,Details,Short intensive- Professional development,"Examining the economic and regulatory challenges of developing, implementing and sustaining innovations","Mon 09 Dec 2024- 13 Dec 2024, ",NA
https://www.conted.ox.ac.uk/courses/big-data-epidemiology?code=O24C043B9Y,Big Data Epidemiology,Details,Short intensive- Professional development,"Design, conduct and interpret epidemiological studies in large routine health care databases.","Mon 13 Jan 2025- 17 Jan 2025, ",NA
https://www.conted.ox.ac.uk/courses/healthcare-evaluation-and-research-impact?code=O24C056B9Y,Healthcare Evaluation and Research Impact,Details,Short intensive- Professional development,This module will focus on how to evaluate the impact of a translational science effort in a healthcare setting.,"Mon 13 Jan 2025- 17 Jan 2025, ",NA
https://www.conted.ox.ac.uk/courses/evidence-based-surgery?code=O24C380B9J,Evidence-Based Surgery,Details,Short intensive- Short courses- Professional development,This course introduces the basics of scientific methodology and study design as applied to clinical research. Teaching takes place over five days.,"Mon 20 Jan 2025- 24 Jan 2025, ",NA
https://www.conted.ox.ac.uk/courses/practice-of-evidence-based-health-care?code=O24C172B9Y,Practice of Evidence-Based Health Care,Details,Short intensive- Professional development,An introduction to the basic concepts and skills for evidence-based health care.,"Mon 20 Jan 2025- 24 Jan 2025, ",NA
https://www.conted.ox.ac.uk/courses/rocks-and-minerals-an-introduction?code=O24P514GEW,Rocks and Minerals: An Introduction,Details,In-person weekly- Short courses,"This will be a fascinating introduction into rocks and minerals looking at their variety, how they form and how to identify them.","Tue 21 Jan 2025- Tue 25 Mar 2025, 2:00 - 4:00pm",10 meetings
https://www.conted.ox.ac.uk/courses/the-social-and-cultural-history-of-18th-century-gardens?code=O24P422HCW,Social and Cultural History of 18th Century Gardens,Details,In-person weekly- Short courses,"The course of the British landscape garden was as serpentine as the paths and lakes which defined it and along the way different trends developed. The emerging ‘Polite’ landscapes were part of the cultural, economic and social considerations of the time.","Thu 23 Jan 2025- Thu 27 Mar 2025, 4:30 - 6:30pm",10 meetings
https://www.conted.ox.ac.uk/courses/mixed-methods-in-health-research?code=O24C212B9Y,Mixed Methods in Health Research,Details,Short intensive- Professional development,Introduction and investigation into the nature and design of mixed-methods research in evidence-based health care.,"Mon 03 Feb 2025- 07 Feb 2025, ",NA
https://www.conted.ox.ac.uk/courses/systematic-reviews?code=O24C185B9Y,Systematic Reviews,Details,Short intensive- Professional development,"Covering the process of doing a systematic review, focusing on practicalities and emphasising how and why this qualifies as scientific research.","Mon 24 Feb 2025- 28 Feb 2025, ",NA
https://www.conted.ox.ac.uk/courses/introduction-to-study-design-research-methods?code=O24C176B9Y,Introduction to Study Design and Research Methods,Details,Short intensive- Professional development,Introducing some of the more advanced concepts and skills of research design and how they relate to evidence-based health care.,"Mon 03 Mar 2025- 07 Mar 2025, ",NA
https://www.conted.ox.ac.uk/courses/data-ethics?code=O24C010V5Y,Data Ethics,Details,Short intensive- Professional development,"This module will introduce basic questions and concepts in data ethics, as well as more general philosophical questions about the practical ethical issues raised by living in a data centric society.","Mon 10 Mar 2025- 14 Mar 2025, ",NA
https://www.conted.ox.ac.uk/courses/health-organisations-and-policy?code=O24C054B9Y,Health Organisations and Policy,Details,Short intensive- Professional development,Innovation in relation to health care organisations and policymaking.,"Mon 17 Mar 2025- 21 Mar 2025, ",NA
https://www.conted.ox.ac.uk/courses/randomised-controlled-trials?code=O24C193B9Y,Randomised Controlled Trials,Details,Online - live- Professional development,"Covering the process of undertaking a randomised trial, focusing on the practicalities of organising and running trials.","Mon 17 Mar 2025- 21 Mar 2025, ",NA
https://www.conted.ox.ac.uk/courses/essential-medical-statistics?code=O24C198B9Y,Essential Medical Statistics,Details,Short intensive- Professional development,"For those who have some research experience and an understanding of basic statistical principles, and who wish to develop their statistical expertise.","Mon 07 Apr 2025- 11 Apr 2025, ",NA
https://www.conted.ox.ac.uk/courses/knowledge-into-action?code=O24C178B9Y,Knowledge into Action,Details,Short intensive- Professional development,Developing a strategy for practice change and disseminating evidence in a health care setting.,"Mon 07 Apr 2025- 11 Apr 2025, ",NA
https://www.conted.ox.ac.uk/courses/the-city-of-oxford-1850-1914?code=O24P493LHW,"The City of Oxford, 1850-1914",Details,In-person weekly- Short courses,"We will investigate the economic, social and cultural changes in Oxford in the Victorian and Edwardian periods, taking it from a city still dependent on its university for fame and fortune to one ready to participate in the Industrial Revolution.","Thu 24 Apr 2025- Thu 26 Jun 2025, 7:00 - 9:00pm",10 meetings
https://www.conted.ox.ac.uk/courses/practice-of-evidence-based-health-care?code=O24C173B9Y,Practice of Evidence-Based Health Care,Details,Short intensive- Professional development,An introduction to the basic concepts and skills for evidence-based health care.,"Mon 28 Apr 2025- 02 May 2025, ",NA
https://www.conted.ox.ac.uk/courses/translational-science-and-global-health?code=O24C058B9Y,Translational Science and Global Health,Details,Short intensive- Professional development,The importance of translational science for global health goals,"Mon 28 Apr 2025- 02 May 2025, ",NA
https://www.conted.ox.ac.uk/courses/the-italian-renaissance-garden?code=O24P426HCW,The Social and Cultural History of Italian Renaissance Gardens,Details,In-person weekly- Short courses,"The rediscovery of ancient literature, art and concepts in the 15th century inspired the creation of Italian renaissance gardens as wonderful spaces for horticultural experiments, secret dalliances, philosophical debate, theatre and political symbolism.","Thu 01 May 2025- Thu 03 Jul 2025, 4:30 - 6:30pm",10 meetings
https://www.conted.ox.ac.uk/courses/leadership-and-management-in-health-careip?code=O24C292B9Y,Leadership and Management in Health Care,Details,Short intensive- Professional development,"This one-week course illustrates the ways finance, health care markets, organisational systems and professionalism operate together in healthcare organisations.","Mon 12 May 2025- 16 May 2025, ",NA
https://www.conted.ox.ac.uk/courses/introduction-to-study-design-research-methods?code=O24C177B9Y,Introduction to Study Design and Research Methods,Details,Short intensive- Professional development,Introducing some of the more advanced concepts and skills of research design and how they relate to evidence-based health care.,"Mon 19 May 2025- 23 May 2025, ",NA
https://www.conted.ox.ac.uk/courses/technological-innovation-and-digital-health?code=O24C057B9Y,Technological Innovation and Digital Health,Details,Short intensive- Professional development,Exploring the potential of technological innovations in health care.,"Mon 19 May 2025- 23 May 2025, ",NA
https://www.conted.ox.ac.uk/courses/clinical-trial-management?code=O24C210B9Y,Clinical Trial Management,Details,Short intensive- Professional development,"This course aims to provide an understanding of the life cycle of a clinical trial from design to publication, and the key steps involved in its delivery.","Mon 02 Jun 2025- 06 Jun 2025, ",NA
https://www.conted.ox.ac.uk/courses/human-factors-teamwork-and-communication?code=O24C290B9Y,"Human Factors, Teamwork and Communication",Details,Short intensive- Professional development,This five-day course introduces the principles of human factors science as applied to health care systems.,"Mon 09 Jun 2025- 13 Jun 2025, ",NA
https://www.conted.ox.ac.uk/courses/philosophy-psychiatry-and-mental-health?code=O24C005V5Y,"Philosophy, Psychiatry and Mental Health",Details,Short intensive- Professional development,"An interdisciplinary course providing a three-way bridge between, respectively, conceptual challenges, advances in the cognitive sciences and neurosciences, and innovations in policy and practice in mental health.","Mon 09 Jun 2025- 13 Jun 2025, ",NA
https://www.conted.ox.ac.uk/about/advanced-diploma-in-british-archaeology,Advanced Diploma in British Archaeology (from 2025),Details,Qualifications,"This one-year part-time advanced diploma consists of a taught module on one of three periods of British archaeology and includes a 10,000-word dissertation. The course is taught at third-year undergraduate level.",", ",NA
https://www.conted.ox.ac.uk/courses/advanced-marketing-approaches-online?code=O24C060N3Y,Advanced Marketing Approaches (online),Details,Online - live- Short courses- Professional development,This course is for marketing professionals and business owners who feel they have mastered the essentials of marketing and who are now looking to develop their knowledge and apply it at a new level.,", TBC",4 meetings
https://www.conted.ox.ac.uk/courses/agile-project-management-theory-and-practice?code=O24C021N1Y,Agile Project Management (Theory and Practice),Details,Short intensive- Professional development,Develop your knowledge in the leading Agile method (Scrum) so that you can complete projects quickly and efficiently on this two-day course and practical workshop.,", 09:00 - 17:00",NA
https://www.conted.ox.ac.uk/courses/agile-project-management-online?code=O24C062N4Y,Agile Project Management (online),Details,Online - live- Short courses- Professional development,"Develop your knowledge in the leading Agile method (Scrum) so that you can complete projects quickly and efficiently. An online, tutor-led, interactive course taught by Oxford University tutors.",", TBC",NA
https://www.conted.ox.ac.uk/courses/artificial-intelligence-demystified-online?code=O24C044N3Y,Artificial Intelligence Demystified (online),Details,Online - live- Short courses- Professional development,This online course sets out to demystify artificial intelligence (AI) and machine learning (ML). We will introduce the language and key ideas that will enable your business to unlock value from this powerful emerging technology.,", TBC",NA
https://www.conted.ox.ac.uk/courses/artificial-intelligence-de-mystified?code=O23C715N1Y,Artificial Intelligence Demystified: Opportunities and Value in Your Business,Details,Short intensive- Professional development,This one-day course sets out to demystify artificial intelligence (AI) and machine learning (ML). We will introduce the language and key ideas that will enable your business to unlock value from this powerful emerging technology.,", 09:00 - 17:00",NA
https://www.conted.ox.ac.uk/courses/artificial-intelligence-ethics?code=O25C008V5Y,Artificial Intelligence Ethics,Details,Short intensive- Professional development,"This module will introduce basic questions and concepts in artificial intelligence ethics (i.e. AI Ethics), as well as more general philosophical questions about the ethical issues raised by the adoption of AI in our everyday life.",", 16-20 March 2026 (TBC)",NA
https://www.conted.ox.ac.uk/courses/artificial-intelligence-for-agriculture-technology-and-climate-change-online?code=O23C110H6Y,Artificial Intelligence for Agriculture Technology and Climate Change (online),Details,Online - live- Short courses- Professional development,"A course for professionals in the agriculture, AgTech, sustainability/climate change and food value chain who aspire to be pioneers in the application of artificial intelligence in these domains.",", TBC",NA
https://www.conted.ox.ac.uk/courses/branding-and-marketing-online?code=O24C131N2Y,Branding and Marketing (online),Details,Online - live- Short courses- Professional development,"This online course will address issues including brand planning, brand value, branding in the context of competitive advantage, the evolution of brand strategies over time, brand management, and measuring performance in branding activity.",", TBC",NA
https://www.conted.ox.ac.uk/courses/business-and-technology-valuation-and-marketing?code=O23C004N1Y,Business and Technology Valuation and Marketing,Details,Short intensive- Professional development,This one-day course introduces methodologies in technology valuation appropriate for the early stages of business growth and technology commercialisation.,", 09:00 - 17:00",NA
https://www.conted.ox.ac.uk/courses/climate-environment-and-animals?code=O25C009V5Y,"Climate, Environment and Animals",Details,Short intensive- Professional development,"A three-way bridge between climate ethics, environmental ethics and animal ethics. This module is part of the MSt in Practical Ethics and can also be taken as a stand-alone short course.",", 22-26 June 2026 (TBC)",NA
https://www.conted.ox.ac.uk/courses/commercialising-digital-innovations?code=O23C025N1Y,Commercialising Digital Innovations,Details,Short intensive- Short courses- Professional development,"In this course, we will be covering the priority issues to allow you to commercialise and create value from digital innovations.",", 09:00 - 17:00",NA
https://www.conted.ox.ac.uk/courses/commercialising-digital-innovations-online?code=O22C011N2Y,Commercialising Digital Innovations (online),Details,Online - live- Short courses- Professional development,"In this course, we will be covering the priority issues to allow you to commercialise and create value from digital innovations.",", TBC",NA
https://www.conted.ox.ac.uk/about/dphil-in-archaeology,DPhil in Archaeology,Details,Qualifications,The part-time DPhil programme was first offered in Archaeology in 2003 with several successful DPhil completions now having taken place.,", ",NA
https://www.conted.ox.ac.uk/about/dphil-in-architectural-history,DPhil in Architectural History,Details,Qualifications,"The programme is defined broadly to include the built and designed landscape, and aspects of interior design and is designed to enable students to undertake individual research.",", ",NA
https://www.conted.ox.ac.uk/about/dphil-in-cbt,DPhil in Cognitive Behavioural Therapy,Details,Qualifications,"This part-time DPhil is normally carried out over eight years, equivalent to four years of full-time study. The chosen topic should have a significant focus on issues related to cognitive behavioural theory and/or practice.",", ",NA
https://www.conted.ox.ac.uk/about/dphil-in-english-local-history,DPhil in English Local History,Details,Qualifications,Drawing on knowledge and skills acquired in many years of providing specialist classes in local history.,", ",NA
https://www.conted.ox.ac.uk/about/dphil-in-evidence-based-health-care,DPhil in Evidence-Based Health Care,Details,Qualifications- Professional development,The part-time DPhil Programme considers applications from those who have already been awarded the MSc in Evidence-Based Health Care or equivalent qualification,", ",NA
https://www.conted.ox.ac.uk/about/dphil-in-literature-and-arts,DPhil in Literature and Arts,Details,Qualifications,"The interdisciplinary DPhil in Literature and Arts supports independent doctoral research on a subject linked to the British past, c.1450 - c.1914, encompassing at least two disciplines from a range including art, history and theology.",", ",NA
https://www.conted.ox.ac.uk/about/dphil-in-sustainable-urban-development,DPhil in Sustainable Urban Development,Details,Qualifications- Professional development,A part-time doctoral programme to research the challenges of urban sustainability.,", ",NA
https://www.conted.ox.ac.uk/courses/design-thinking-practitioner-online?code=O24C112N1Y,Design Thinking Practitioner (online),Details,Online - live- Short courses- Professional development,Design Thinking is an innovation method that enables the creation of great new products and services - both for existing businesses and for start-ups.,", TBC",NA
https://www.conted.ox.ac.uk/courses/developing-artificial-intelligence-applications-online?code=O23C069H6Y,Developing Artificial Intelligence Applications (online),Details,Online - live- Short courses- Professional development,A fully online course for those wanting to transition their career towards Artificial Intelligence through development in Python and TensorFlow.,", TBC",NA
https://www.conted.ox.ac.uk/courses/effective-online-course-design-online?code=O23C003Y6Y,Effective Online Course Design (online),Details,Online - flexible- Professional development,"A practical eight-week, online course, designed to help you plan and design your own online courses.",", ",NA
https://www.conted.ox.ac.uk/courses/effective-online-tutoring-online?code=O23C554Y7Y,Effective Online Tutoring (online),Details,Online - flexible- Professional development,"A practical online teacher training course that looks at the role of the online tutor and covers the social, administrative and pedagogical techniques of teaching online courses.",", ",NA
https://www.conted.ox.ac.uk/courses/humanities-information-preparation-sense-making-visualisation-frameworks?code=O23C603N7Y,"Humanities information preparation, sense making & visualisation frameworks",Details,Short intensive- Short courses- Professional development,The Digital Humanities workshop is for anyone interested in understanding how to use digital techniques to study and research in the humanities.,", 09:00 - 17:00",NA
https://www.conted.ox.ac.uk/courses/leadership-and-entrepreneurship?code=O23C030N1Y,Leadership and Entrepreneurship,Details,Short intensive- Short courses- Professional development,"Identify and apply methods to help you lead your team and peers by helping you achieve the know-how behind negotiation and team building. In the midst of change and instability, talented leaders are needed more than ever.",", 09:00 - 17:00",NA
https://www.conted.ox.ac.uk/courses/lean-six-sigma-green-belt-online?code=O24C052N2Y,Lean Six Sigma Green Belt (online),Details,Online - live- Short courses- Professional development,"This course will explore the highly regarded Lean Six Sigma approach, providing you with a powerful first step in becoming a practitioner of business process improvement.",", Weekdays 09:00 - 17:00",NA
https://www.conted.ox.ac.uk/courses/lean-six-sigma-leadership-yellow-belt?code=O23C618N1Y,Lean Six Sigma Leadership Yellow Belt,Details,Short intensive- Short courses- Professional development,"An intensive introduction to the fundamentals of Lean Six Sigma methodology, which will open the door to improving your business processes, smoothing your service delivery and increasing the effectiveness and efficiency of your organisation.",", 09:00 - 17:00",NA
https://www.conted.ox.ac.uk/courses/lean-six-sigma-leadership-yellow-belt-online?code=O23C037N3Y,Lean Six Sigma Leadership Yellow Belt (online),Details,Online - live- Short courses- Professional development,"An intensive introduction to the fundamentals of Lean Six Sigma methodology which will open the door to improving your business processes, smoothing your service delivery and increasing the effectiveness and efficiency of your organisation.",", Weekdays",NA
https://www.conted.ox.ac.uk/about/msc-in-applied-landscape-archaeology,MSc in Applied Landscape Archaeology,Details,Qualifications,The MSc in Applied Landscape Archaeology is a part-time modular course over two years.,", ",NA
https://www.conted.ox.ac.uk/about/msc-in-cognitive-behavioural-therapy,MSc in Cognitive Behavioural Therapy,Details,Qualifications- Professional development,The MSc in CBT offers clinicians who have successfully completed the Postgraduate Diploma in CBT an opportunity to carry out high quality research and contribute to the evidence base for CBT.,", ",NA
https://www.conted.ox.ac.uk/about/msc-in-ebhc-teaching-and-education,MSc in EBHC  Teaching and Education,Details,Qualifications- Professional development,A masters programme for  professionals seeking to improve skills directly related to their roles as research-informed educators in Evidence-Based Health Care,", ",NA
https://www.conted.ox.ac.uk/about/msc-in-ebhc-medical-statistics,MSc in EBHC Medical Statistics,Details,Qualifications- Professional development,Strengthen your skills and understanding in statistics for evidence-based medicine,", ",NA
https://www.conted.ox.ac.uk/about/msc-in-ebhc-systematic-reviews,MSc in EBHC Systematic Reviews,Details,Qualifications- Professional development,Master systematic reviews in evidence-based health care,", ",NA
https://www.conted.ox.ac.uk/about/msc-in-english-local-history,MSc in English Local History,Details,Qualifications,The MSc programme draws on knowledge and skills acquired in many years of providing specialist classes in local history.,", ",NA
https://www.conted.ox.ac.uk/about/msc-in-evidence-based-health-care,MSc in Evidence-Based Health Care,Details,Qualifications- Professional development,"A part-time course consisting of six taught modules and a dissertation, part of the Oxford Evidence-Based Health Care (EBHC) Programme",", ",NA
https://www.conted.ox.ac.uk/about/msc-in-experimental-therapeutics,MSc in Experimental and Translational Therapeutics,Details,Qualifications- Professional development,A part-time course consisting of six taught modules and a dissertation in the field of experimental and translational therapeutics.,", ",NA
https://www.conted.ox.ac.uk/about/msc-in-nanotechnology-for-medicine-and-health-care,MSc in Nanotechnology for Medicine and Health Care,Details,Qualifications- Professional development,"The MSc in Nanotechnology for Medicine and Health Care is an advanced modular master’s course, delivered by leading scientists and experts in this rapidly developing field.",", ",NA
https://www.conted.ox.ac.uk/about/msc-in-paediatric-infectious-diseases,MSc in Paediatric Infectious Diseases,Details,Qualifications- Professional development,"This is a one-year part-time programme, which follows on from the two-year Postgraduate Diploma in Paediatric Infectious Diseases",", ",NA
https://www.conted.ox.ac.uk/about/msc-in-surgical-science-and-practice,MSc in Surgical Science and Practice,Details,Qualifications- Professional development,"This modular part-time master's degree aims to give surgeons and other clinicians carrying out technical procedures a strong foundation in the most important non-clinical skills needed to be effective, to work with and lead others.",", ",NA
https://www.conted.ox.ac.uk/about/msc-in-sustainable-urban-development,MSc in Sustainable Urban Development,Details,Qualifications- Professional development,"Address  the urgent challenges we face to make our cities more liveable, just and sustainable in a challenging global environment, through our part-time programme for working professionals.",", ",NA
https://www.conted.ox.ac.uk/about/msc-in-translational-health-sciences,MSc in Translational Health Sciences,Details,Qualifications- Professional development,A part-time master's programme which takes an interdisciplinary and applied approach to the challenges of implementing innovations and research discoveries in a healthcare setting.,", ",NA
https://www.conted.ox.ac.uk/about/mst-in-creative-writing,MSt in Creative Writing,Details,Qualifications,"A two-year, part-time master's offering a unique combination of high contact hours, genre specialization, and critical and creative breadth.",", ",NA
https://www.conted.ox.ac.uk/about/oxford-university-diplomatic-studies-programme,MSt in Diplomatic Studies,Details,Qualifications- Professional development,"A full-time graduate programme of mixed academic and vocational study of diplomacy and related subjects, with study tours in the UK and Europe. For early-to-mid career diplomats.",", ",NA
https://www.conted.ox.ac.uk/about/mst-in-historical-studies,MSt in Historical Studies,Details,Qualifications,One-year part-time course combining focused study of key historical themes and concepts in British and Western European history.,", ",NA
https://www.conted.ox.ac.uk/about/mst-in-literature-and-arts,MSt in Literature and Arts,Details,Qualifications,"An interdisciplinary programme which encompasses literature, history, art, architectural history, political thought and the history of ideas. Designed around 3 sequential periods of British history, from Early Modern to the early 20th century.",", ",NA
https://www.conted.ox.ac.uk/about/mst-in-mindfulness-based-cognitive-therapy,MSt in Mindfulness-Based Cognitive Therapy,Details,Qualifications- Professional development,This two-year part-time course offers experienced practitioners an opportunity to develop specialist skills in Mindfulness-Based Cognitive Therapy (MBCT),", ",NA
https://www.conted.ox.ac.uk/about/mst-in-practical-ethics,MSt in Practical Ethics,Details,Qualifications- Professional development,A highly interdisciplinary course focusing on the application of rigorous philosophical analysis to real-life ethical problems,", ",NA
https://www.conted.ox.ac.uk/about/mst-in-psychodynamic-practice,MSt in Psychodynamic Practice,Details,Qualifications,The Master of Studies (MSt) Degree in Psychodynamic Practice is a one year part-time postgraduate course,", ",NA
https://www.conted.ox.ac.uk/about/mst-in-the-history-of-design,MSt in the History of Design,Details,Qualifications,This two-year part-time master's degree explores how ordinary things and places created since 1851 reveal fascinating traces of historical experienc,", ",NA
https://www.conted.ox.ac.uk/courses/managing-innovative-technology-online?code=O24C135N2Y,Managing Innovative Technology (online),Details,Online - live- Short courses- Professional development,"This online course covers the essential knowledge for technology commercialisation, providing you with an overview of the organisational dynamics in acquiring and transferring technologies to the market.",", TBC",4 meetings
https://www.conted.ox.ac.uk/courses/mastering-high-speed-serial-io-technology?code=O24C031H6Y,Mastering High-Speed Serial I/O Technology,Details,Short intensive- Short courses- Professional development,This high-speed serial I/O training course helps engineers to master electrical signal analysis and hardware debug at data rates from 2.5 to 400 Gb/s.,", 09:00 - 17:00",NA
https://www.conted.ox.ac.uk/courses/neuroethics?code=O25C004V5Y,Neuroethics,Details,Short intensive- Professional development,"An exploration of both the distinctive ethical questions raised by some of the developments in neuroscience, and the ways they might change our understanding of ethics itself, by revealing the biological basis of human morality.",", 15-19 June 2026 (TBC)",NA
https://www.conted.ox.ac.uk/about/postgraduate-certificate-in-architectural-history,Postgraduate Certificate in Architectural History,Details,Qualifications,This 11-month part-time course covers English architectural history from the Anglo-Saxon period to the present day. The course consists of three taught units and a dissertation.,", ",NA
https://www.conted.ox.ac.uk/about/cognitive-behavioural-studies,Postgraduate Certificate in Cognitive Behavioural Studies,Details,Qualifications- Professional development,"This course aims to equip researchers and practitioners with knowledge of the models and theories used in Cognitive Behavioural Therapy treatment and supervision, it comprises 20 days of teaching over two years.",", ",NA
https://www.conted.ox.ac.uk/about/postgraduate-certificate-in-cognitive-behavioural-therapy,Postgraduate Certificate in Cognitive Behavioural Therapy,Details,Qualifications- Professional development,This 9-month part-time course for qualified healthcare professionals provides high-quality training and supervision in CBT theory and practice.,", ",NA
https://www.conted.ox.ac.uk/about/pgcert-in-ecological-survey-techniques,Postgraduate Certificate in Ecological Survey Techniques,Details,Qualifications- Professional development,"Part-time and taught mostly online, the course provides high quality practical training in techniques for ecological field surveys",", ",NA
https://www.conted.ox.ac.uk/about/postgraduate-certificate-in-enhanced-cognitive-behavioural-therapy,Postgraduate Certificate in Enhanced Cognitive Behavioural Therapy,Details,Qualifications- Professional development,The Postgraduate Certificate provides qualified healthcare professionals with high quality training and supervision in Cognitive Behavioural Therapy (CBT) theory and practice.,", ",NA
https://www.conted.ox.ac.uk/about/postgraduate-certificate-in-health-research,Postgraduate Certificate in Health Research,Details,Qualifications- Professional development,"A course consisting of three taught modules, part of the Oxford Evidence-Based Health Care Programme",", ",NA
https://www.conted.ox.ac.uk/about/postgraduate-certificate-in-historical-studies,Postgraduate Certificate in Historical Studies,Details,Qualifications,The Postgraduate Certificate in Historical Studies offers an exciting opening for graduates of all disciplines to pursue a taught postgraduate qualification in historical studies.,", ",NA
https://www.conted.ox.ac.uk/about/postgraduate-certificate-in-nanotechnology,Postgraduate Certificate in Nanotechnology,Details,Qualifications- Professional development,"A part-time course studied mostly online aimed at professionals who wish to learn more about the foundations of nanoscience and nanotechnology, technological advances and the applications enabled by nanotechnology.",", ",NA
https://www.conted.ox.ac.uk/about/postgraduate-certificate-in-paediatric-infectious-diseases,Postgraduate Certificate in Paediatric Infectious Diseases,Details,Qualifications- Professional development,"A part-time one-year course aimed at general paediatricians or other paediatric specialists (i.e. ED, PICU) who have a special interest in infectious diseases.",", ",NA
https://www.conted.ox.ac.uk/about/postgraduate-certificate-in-patient-safety,Postgraduate Certificate in Patient Safety and Quality Improvement,Details,Qualifications- Professional development,"For healthcare professionals, this part-time course covers the basic science behind quality improvement methods and will develop your knowledge and understanding of the principles of patient safety in the context of a complex healthcare.",", ",NA
https://www.conted.ox.ac.uk/about/postgraduate-certificate-in-psychodynamic-counselling,Postgraduate Certificate in Psychodynamic Counselling,Details,Qualifications,The course forms part of the Oxford University Master’s Programme in Psychodynamic Studies,", ",NA
https://www.conted.ox.ac.uk/about/pg-cert-qualitative-health-research-methods,Postgraduate Certificate in Qualitative Health Research Methods,Details,Qualifications- Professional development,Developing future leaders in qualitative research,", ",NA
https://www.conted.ox.ac.uk/about/postgraduate-certificate-in-teaching-evidence-based-health-care,Postgraduate Certificate in Teaching Evidence-Based Health Care,Details,Qualifications- Professional development,"A unique course fostering the future leaders in teaching evidence-based health care by exploring different teaching styles, identifying development needs and planning effective curriculum",", ",NA
https://www.conted.ox.ac.uk/about/postgraduate-diploma-in-cognitive-behavioural-therapy,Postgraduate Diploma in Cognitive Behavioural Therapy,Details,Qualifications,"The Diploma builds on credits obtained in the Postgraduate Certificate in CBT, or Enhanced CBT, and allows you to specialise further.",", ",NA
https://www.conted.ox.ac.uk/about/postgraduate-diploma-in-health-research,Postgraduate Diploma in Health Research,Details,Qualifications- Professional development,"A part-time course consisting of six taught modules, part of the Oxford Evidence-Based Health Care Programme",", ",NA
https://www.conted.ox.ac.uk/about/pgdip-in-international-wildlife-conservation-practice,Postgraduate Diploma in International Wildlife Conservation Practice,Details,Qualifications- Professional development,A unique full-time residential course designed to equip you with the practical skills and theoretical understanding needed to contribute effectively to conservation research and action in the developing world.,", ",NA
https://www.conted.ox.ac.uk/about/pgdip-in-paediatric-infectious-diseases,Postgraduate Diploma in Paediatric Infectious Diseases,Details,Qualifications- Professional development,"This is a part-time two-year programme looking at both the theoretical and practical aspects of paediatric infection, taught via a blend of online and residential components.",", ",NA
https://www.conted.ox.ac.uk/about/postgraduate-diploma-in-psychodynamic-practice,Postgraduate Diploma in Psychodynamic Practice,Details,Qualifications- Professional development,A two-year part-time postgraduate course which forms part of the Oxford University Master’s Programme in Psychodynamic Studies,", ",NA
https://www.conted.ox.ac.uk/courses/practical-steps-for-positive-workplaces?code=O23C068N5Y,Practical Steps for Positive Workplaces,Details,Short intensive- Short courses- Professional development,"This course provides you with the terminology to identify workplace toxicity. You will learn about psychological tools and techniques to recognise and protect yourself, and be introduced to self-repair strategies to facilitate better mental health.",", 09:00-17:00",NA
https://www.conted.ox.ac.uk/courses/project-management-online?code=O24C067N7Y,Project Management (online),Details,Short intensive- Short courses- Professional development,"This online course will introduce Project Portfolio Management (PPM) as a framework for improving an organisation's ability to effectively deliver science and technology projects on time, on budget and to specification.",", TBC",NA
https://www.conted.ox.ac.uk/courses/project-risk-management?code=O23C620N1Y,Project Risk Management,Details,Short intensive- Short courses- Professional development,"Improve your understanding of managing risk as we explore the PRAM guide, developed by the Association for Project Management, and explore practical project experience from real projects.",", 09:00 - 17:00",NA
https://www.conted.ox.ac.uk/courses/project-risk-management-online?code=O24C619N3Y,Project Risk Management (online),Details,Online - live- Short courses- Professional development,"Improve your understanding of managing risk as we explore the PRAM guide, which was developed by the Association for Project Management, and explore practical project experience from real projects.",", TBC",NA
https://www.conted.ox.ac.uk/courses/quantum-computing?code=O23C089H6Y,Quantum Computing (online),Details,Online - live- Short courses- Professional development,"This is a two day, hands-on, applications-oriented primer to digital quantum computing. You will be introduced to the fundamentals of digital quantum computing (day 1) and some of the relevant present-day applications (day 2).",", 09:00-17:00",NA
https://www.conted.ox.ac.uk/courses/starting-a-successful-business-online?code=O24C122N1Y,Starting a Successful Business (online),Details,Online - live- Short courses- Professional development,"Get practical advice on how to start a successful business from experts at Oxentia, Oxford's Global Innovation Consultancy.",", TBC",NA
https://www.conted.ox.ac.uk/courses/systems-engineering-fast-track-online?code=O24C671H6Y,Systems Engineering Fast-Track (online),Details,Online - live- Short courses- Professional development,Learn how to design and manage complex systems and explore the systems-engineering process on this intensive short course,", 09:00 - 17:00",NA
https://www.conted.ox.ac.uk/courses/systems-thinking-approach-to-change-management?code=O23C052N1Y,Systems Thinking Approach to Change Management,Details,Short intensive- Short courses- Professional development,"Many Change programmes fail to achieve their promised benefits, because they fail to take into account true Complexity. This course shows how to first assess Change projects in terms of their complexity and then to apply tools and methods appropriately.",", 09:00-17:00",NA
https://www.conted.ox.ac.uk/about/advanced-diploma-in-data-and-systems-analysis,Undergraduate Advanced Diploma in IT Systems Analysis and Design (from 2025),Details,Online - flexible- Qualifications- Professional development,"A one-year part-time course for those wishing to develop their understanding of modern systems analysis, development and management. Delivered entirely online, the course is taught at third-year undergraduate level.",", ",NA
https://www.conted.ox.ac.uk/about/undergraduate-advanced-diploma-in-local-history,Undergraduate Advanced Diploma in Local History (from 2025),Details,Online - flexible- Qualifications,"Advance your skills and methodology in researching local, regional and social history with this one-year, part-time online advanced diploma. Taught completely online, the course is taught at third-year undergraduate level.",", ",NA
https://www.conted.ox.ac.uk/about/undergraduate-certificate-in-archaeology,Undergraduate Certificate in Archaeology (from 2025),Details,Qualifications,"An introductory part-time undergraduate course for adults with little or no previous experience of academic archaeology. Taught at first-year undergraduate level, this two-year course introduces ideas, approaches, sites and methods.",", ",NA
https://www.conted.ox.ac.uk/about/undergraduate-certificate-in-english-literature,Undergraduate Certificate in English Literature (from 2025),Details,Qualifications,"A two-year part-time course, equivalent to the first year of a full-time undergraduate English degree. Two study options are available, including a mostly online option.",", ",NA
https://www.conted.ox.ac.uk/about/undergraduate-certificate-in-history,Undergraduate Certificate in History (from 2025),Details,Qualifications,The two-year part-time Undergraduate Certificate in History introduces key historical periods and is equivalent to the first year of a full-time undergraduate degree in History at Oxford University.,", ",NA
https://www.conted.ox.ac.uk/about/undergraduate-certificate-in-history-of-art,Undergraduate Certificate in the History of Art (from 2025),Details,Qualifications,"The part-time Certificate in the History of Art teaches students about the production and provenance of works of art in museums, as well as key skills such as how to view and describe works of art.",", ",NA
https://www.conted.ox.ac.uk/about/undergraduate-certificate-in-the-history-of-art-new-2025,Undergraduate Certificate in the History of Art (from 2025),Details,Qualifications,"The part-time Certificate in the History of Art teaches students about the production and provenance of works of art in museums, as well as key skills such as how to view and describe works of art.",", ",NA
https://www.conted.ox.ac.uk/about/undergraduate-certificate-of-higher-education,Undergraduate Certificate of Higher Education (from 2025),Details,Qualifications,"A flexible, part-time route to an Oxford University qualification. Gain credit from flexible short online courses, weekly classes, and the Oxford University Summer School for Adults. Explore a wide range of subjects in this multidisciplinary programme.",", ",NA
https://www.conted.ox.ac.uk/about/undergraduate-diploma-in-british-archaeology,Undergraduate Diploma in British Archaeology (from 2025),Details,Qualifications,"Gain a grounding in British archaeology with this two-year part-time undergraduate course, taught at second-year university level. Modules available: Early Prehistoric; Later Prehistoric and Roman; and Anglo-Saxon, Viking and Medieval.",", ",NA
https://www.conted.ox.ac.uk/about/undergraduate-diploma-in-creative-writing,Undergraduate Diploma in Creative Writing (from 2025),Details,Qualifications,"For aspiring writers, the Diploma offers involvement in a wide range of literary projects over two years of focused part-time study. Two study options are available including an online option with a summer school in Oxford.",", ",NA
https://www.conted.ox.ac.uk/about/undergraduate-diploma-in-english-local-history,Undergraduate Diploma in English Social and Local History (from 2025),Details,Qualifications,"A part-time modular course lasting two years, which covers English society from the early medieval period to the late twentieth century.",", ",NA
https://www.conted.ox.ac.uk/about/undergraduate-diploma-in-history-of-art,Undergraduate Diploma in the History of Art (from 2025),Details,Qualifications,"A two-year part-time course in which you study two modules from a choice of four, each of which allows you to immerse yourself in a specific period of art history. Taught at second-year undergraduate level.",", ",NA
https://www.conted.ox.ac.uk/about/undergraduate-diploma-in-the-history-of-art-new-2027,Undergraduate Diploma in the History of Art (from 2027),Details,Qualifications,"The part-time Diploma in the History of Art offers students the opportunity to study a particular period of the history of art in more in-depth. Delve deeper into specific artistic movements, artists and themes.",", ",NA
https://www.conted.ox.ac.uk/courses/clinical-prediction-rules?code=O21C070B9Y,Clinical Prediction Rules,Details,Short intensive- Professional development,"Understanding the principles involved in designing, creating and testing clinical prediction rules.","Mon 16 May 2022- 20 May 2022, ",NA
https://www.conted.ox.ac.uk/courses/mammal-and-reptile-survey-methods?code=O22C059D2Y,Mammal and Reptile Survey Methods,Details,Online - flexible- Professional development,"Part-time over five weeks, this tutor-led training course can be taken from anywhere in the world. It will appeal to students and practitioners who want to improve their ability to conduct mammal and reptile surveys.","Wed 04 Jan 2023- 08 Feb 2023, 5 meetings",NA
https://www.conted.ox.ac.uk/courses/effective-online-course-design-online?code=O22C003Y6Y,Effective Online Course Design (online),Details,Online - flexible- Professional development,"A practical eight-week, online course, designed to help you plan and design your own online courses.","Mon 15 May 2023- 09 Jul 2023, ",NA
https://www.conted.ox.ac.uk/courses/global-surgery?code=O23C034B9Y,Global Surgery,Details,Short intensive- Professional development,"An intensive five-day course exploring the critical challenges facing those working towards universal access to safe and affordable surgical, anaesthesia and obstetrics care.","Mon 18 Sep 2023- 22 Sep 2023, ",NA
https://www.conted.ox.ac.uk/courses/design-thinking-practitioner?code=O23C704N1Y,Design Thinking Practitioner,Details,Short intensive- Professional development,"Design Thinking is about solving problems to create products. It is concerned with developing a deep understanding of human needs, wants and desires through ethnographic research and close observation.","Mon 25 Sep 2023- 27 Sep 2023, 09:00 - 17:00",NA
https://www.conted.ox.ac.uk/courses/introduction-to-counselling?code=O23P424PCW,Introduction to Counselling,Details,In-person weekly- Short courses,"An introduction to the main schools of Counselling and Psychotherapy, as well as to basic counselling skills. Sessions will include presentations and discussions, and skills practice sessions in groups of 2 to 4 people. No previous experience is required.","Mon 25 Sep 2023- Mon 27 Nov 2023, 7:30 - 9:30pm",10 meetings
https://www.conted.ox.ac.uk/courses/introduction-to-cognitive-behavioural-therapy?code=O23P428PCW,Introduction to Cognitive Behavioural Therapy,Details,In-person weekly- Short courses,An introduction to Cognitive Behavioural Therapy that will enable both experienced clinicians from other therapeutic traditions and people with a general interest in therapy to gain a foundation in key CBT theory and skills.,"Thu 28 Sep 2023- Thu 30 Nov 2023, 9:30 - 11:30am",10 meetings
https://www.conted.ox.ac.uk/courses/practice-of-evidence-based-health-care?code=O23C171B9Y,Practice of Evidence-Based Health Care,Details,Short intensive- Professional development,An introduction to the basic concepts and skills for evidence-based health care.,"Mon 09 Oct 2023- 13 Oct 2023, ",NA
https://www.conted.ox.ac.uk/courses/data-analysis-in-ecology-statistics-for-ecologists-field-biologists-5-week?code=O23C071D2Y,Data Analysis in Ecology: Statistics for Ecologists & Field Biologists (5-week),Details,Online - flexible- Professional development,A five-week tutor-led data analysis course taken entirely online. The course introduces you to the use of QED Statistics and R software.,"Wed 01 Nov 2023- 06 Dec 2023, 5 meetings",NA
https://www.conted.ox.ac.uk/courses/introduction-to-study-design-research-methods?code=O23C175B9Y,Introduction to Study Design and Research Methods,Details,Short intensive- Professional development,Introducing some of the more advanced concepts and skills of research design and how they relate to evidence-based health care.,"Mon 27 Nov 2023- 01 Dec 2023, ",NA
https://www.conted.ox.ac.uk/courses/systems-thinking-approach-to-change-management-online?code=O23C049N2Y,Systems Thinking Approach to Change Management (online),Details,Online - live- Short courses- Professional development,"Many Change programmes fail to achieve their promised benefits, because they fail to take into account true Complexity. This course shows how to first assess Change projects in terms of their complexity and then to apply tools and methods appropriately.","Tue 05 Dec 2023- 08 Dec 2023, 10:00-11:45 and 12:45-14:30",NA
https://www.conted.ox.ac.uk/courses/evidence-based-surgery?code=O23C380B9J,Evidence-Based Surgery,Details,Short intensive- Short courses- Professional development,This course introduces the basics of scientific methodology and study design as applied to clinical research. Teaching takes place over five days.,"Mon 15 Jan 2024- 19 Jan 2024, ",NA
https://www.conted.ox.ac.uk/courses/english-landscape-gardens-1650-to-the-present-day-online?code=O23P473LHV,English Landscape Gardens: 1650 to the Present Day (Online),Details,Online - flexible- Short courses,"This course is the ideal introduction to English garden history. It provides an overview of five centuries of development, from baroque formalism through the naturalistic landscape style, right up to contemporary cutting-edge planting style.","Wed 24 Jan 2024- 05 Apr 2024, ",NA
https://www.conted.ox.ac.uk/courses/bird-biodiversity-and-population-monitoring-methods?code=O23C068D2Y,Bird Biodiversity and Population Monitoring Methods,Details,Online - flexible- Professional development,"Part-time over five weeks, this tutor-led training course can be taken from anywhere in the world. It will appeal to students and practitioners who want to improve their ability to conduct bird surveys.","Wed 14 Feb 2024- 20 Mar 2024, 5 meetings",NA
https://www.conted.ox.ac.uk/courses/data-analysis-in-ecology-statistics-for-ecologists-field-biologists-10-week?code=O23C072D2Y,Data Analysis in Ecology: Statistics for Ecologists & Field Biologists (10-week),Details,Online - flexible- Professional development,"A 10-week, tutor-led data analysis course taken entirely online. The course introduces students to the use of QED Statistics and R software.","Wed 14 Feb 2024- 24 Apr 2024, 10 meetings",NA
https://www.conted.ox.ac.uk/courses/fish-and-amphibian-survey-methods?code=O23C065D2Y,Fish and Amphibian Survey Methods,Details,Online - flexible- Professional development,"Part-time over five weeks, this tutor-led training course can be taken from anywhere in the world. It will appeal to students and practitioners who want to improve their ability to conduct fish and amphibian surveys.","Wed 20 Mar 2024- 24 Apr 2024, 5 meetings",NA
https://www.conted.ox.ac.uk/courses/improving-your-presentations-gsp?code=H23P002GSP,Improving your Presentations,Details,Online - live- Professional development- Hybrid - in person or online,This hybrid session is participatory and will focus on ways of improving the effectiveness of your presentations and developing confidence in delivering them.,"Wed 20 Mar 2024, 11:00am - 1:00pm",NA
https://www.conted.ox.ac.uk/courses/writing-an-abstract-gsp?code=H23P003GSP,Writing an Abstract,Details,Online - live- Professional development- Hybrid - in person or online,This interactive and practical hybrid session will consider how to write a clear and effective abstract in various different academic contexts.,"Wed 27 Mar 2024, 11:00am - 1:00pm",NA
https://www.conted.ox.ac.uk/courses/systems-engineering-fast-track?code=O23C682H6T,Systems Engineering Fast-Track,Details,Short intensive- Short courses- Professional development,Learn the pragmatic and practical methods and tools that support the systems engineering process as well as how to design and manage complex systems on this intensive four-day course.,"Mon 08 Apr 2024- 11 Apr 2024, 09:00-17:00",NA
https://www.conted.ox.ac.uk/courses/conducting-research-interviews-gsp?code=H23P004GSP,Research Interviews: Styles and Techniques,Details,Online - live- Professional development- Hybrid - in person or online,In this hybrid session we will not only examine the interview as a research method we will explore how it goes beyond the spontaneous conversations that take place every day.,"Wed 10 Apr 2024, 11:00am - 1:00pm",NA
https://www.conted.ox.ac.uk/courses/satellite-optical-communications-online?code=O23C767H6Y,Satellite Optical Communications (online),Details,Online - live- Short courses- Professional development,The course has been conceived and developed by specialists from the European Space Agency (ESA) . The target audience is professionals interested in gaining a comprehensive introduction to Satellite Optical Communication.,"Wed 17 Apr 2024- 19 Apr 2024, Start time - 09:00 UK/10:00 CEST",NA
https://www.conted.ox.ac.uk/courses/practice-of-evidence-based-health-care?code=O23C173B9Y,Practice of Evidence-Based Health Care,Details,Short intensive- Professional development,An introduction to the basic concepts and skills for evidence-based health care.,"Mon 22 Apr 2024- 26 Apr 2024, ",NA
https://www.conted.ox.ac.uk/courses/invertebrate-biodiversity-and-population-monitoring-methods?code=O23C056D2Y,Invertebrate Biodiversity and Population Monitoring Methods,Details,Online - flexible- Professional development,"Part-time over five weeks, this tutor-led training course can be taken from anywhere in the world. It will appeal to students and practitioners in conservation management wanting to improve their invertebrate survey skills.","Wed 24 Apr 2024- 29 May 2024, 5 meetings",NA
https://www.conted.ox.ac.uk/courses/mixing-it-up-understanding-and-using-mixed-methods-research-in-social-sciences?code=T24G001YOY,Mixing it up: understanding and using mixed methods research in social sciences,Details,Online - flexible- Professional development,An online course for researchers which critically discusses mixed methods approaches to social science analysis.,"Mon 06 May 2024- 28 Jun 2024, ",NA
https://www.conted.ox.ac.uk/courses/clinical-prediction-rules?code=O23C070B9Y,Clinical Prediction Rules,Details,Short intensive- Professional development,"Understanding the principles involved in designing, creating and testing clinical prediction rules.","Mon 13 May 2024- 17 May 2024, ",NA
https://www.conted.ox.ac.uk/courses/introduction-to-study-design-research-methods?code=O23C177B9Y,Introduction to Study Design and Research Methods,Details,Short intensive- Professional development,Introducing some of the more advanced concepts and skills of research design and how they relate to evidence-based health care.,"Mon 13 May 2024- 17 May 2024, ",NA
https://www.conted.ox.ac.uk/courses/advanced-printed-circuit-board-design-for-emi-signal-integrity?code=O23C766H6T,Advanced Printed Circuit Board Design for EMI and Signal Integrity,Details,Short intensive- Short courses- Professional development,"Discover a unique blend of theory, applications and numerous hardware demonstrations to describe effective PCB design strategies to eliminate EMC problems, and improve the low- and high- frequency signal integrity of analog and digital sensors.","Tue 14 May 2024- 16 May 2024, 09:00 - 17:30",NA
https://www.conted.ox.ac.uk/courses/applying-practical-emi-design-and-troubleshooting-techniques?code=O23C690H6T,Applying Practical EMI Design and Troubleshooting Techniques,Details,Short intensive- Short courses- Professional development,Examine problems encountered in designing and troubleshooting challenging EMI problems through demonstrations using working hardware on this intense course.,"Tue 14 May 2024- 15 May 2024, 09:00 - 17:30",NA
https://www.conted.ox.ac.uk/courses/mechanical-design-for-emc?code=O23C013H6T,Mechanical Design for EMC,Details,Short intensive- Short courses- Professional development,"Learn to successfully design mechanical enclosures for good system emissions and immunity performance through clear applications, theory and demonstrations on this two-day course.","Tue 14 May 2024- 17 May 2024, 09:00 - 17:30",NA
https://www.conted.ox.ac.uk/courses/the-oxford-artificial-intelligence-summit-towards-AGI?code=O23C070H6Y,The Oxford Artificial Intelligence Summit: Towards AGI,Details,Short intensive- Short courses- Professional development,The Oxford Artificial Intelligence Summit: Towards Artificial Intelligence (AGI),"Fri 24 May 2024- 25 May 2024, 9:00am - 6:00pm",NA
https://www.conted.ox.ac.uk/courses/effective-leadership-through-emotional-intelligence?code=O23C028N1Y,Effective Leadership through Emotional Intelligence,Details,Short intensive- Short courses- Professional development,"Emotional Intelligence (EI) is particularly relevant in today's commercial environment where change is inevitable and uncertainty is common. EI skills are shown to facilitate higher resilience levels, both in Leaders and their teams.","Thu 30 May 2024, 09:00 - 17:00",NA
https://www.conted.ox.ac.uk/courses/managing-workplace-behaviour-for-better-performance?code=O23C029N1Y,Managing Workplace Behaviour for Better Performance,Details,Short intensive- Short courses- Professional development,Learn how to make the work system work and explore the ways in which you can create a more successful physical and psychological workplace.,"Fri 31 May 2024, 09:00 - 17:00",NA
https://www.conted.ox.ac.uk/courses/clinical-trial-management?code=O23C210B9Y,Clinical Trial Management,Details,Short intensive- Professional development,"This course aims to provide an understanding of the life cycle of a clinical trial from design to publication, and the key steps involved in its delivery.","Mon 03 Jun 2024- 07 Jun 2024, ",NA
https://www.conted.ox.ac.uk/courses/digital-twins-enhancing-model-based-design-with-ar-vr-and-mr?code=O23C072H7Y,"Digital Twins: Enhancing Model-Based Design with AR, VR and MR (online)",Details,Online - live- Short courses- Professional development,"A new online course in Digital Twins: Enhancing Model-based Design with Augmented Reality, Virtual Reality and Mixed Reality. This unique course offers innovators a first-mover advantage in this rapidly emerging suite of technologies.","Mon 03 Jun 2024- 14 Jun 2024, 14:00-18:30",NA
https://www.conted.ox.ac.uk/courses/digital-signal-processing-theory-and-application?code=O23C018H6Y,Digital Signal Processing (Theory and Application),Details,Short intensive- Short courses- Professional development,"We will explore DSP concepts and algorithms to develop your understanding of DSP principles and their implementation, equipping you to put ideas into practice and to tackle advanced aspects of DSP.","Tue 04 Jun 2024- 06 Jun 2024, 09:00 - 17:00",NA
https://www.conted.ox.ac.uk/courses/digital-signal-processing-implementation-algorithms-to-optimisation?code=O23C019H6Y,Digital Signal Processing Implementation (Algorithms to Optimisation),Details,Short intensive- Short courses- Professional development,"A practical hands-on supplement to our Digital Signal Processing course, where you will put the theory of DSP into practice.","Fri 07 Jun 2024, 09:00 - 17:00",NA
https://www.conted.ox.ac.uk/courses/business-and-management-skills-discount-registration-week-1?code=O23C785N1Y,Business and Management Skills: Discount Registration Week 1 (10 - 15 June 2024),Details,Short intensive- Short courses- Professional development,Enhance your business and management skills by registering for all the courses in the week 10 - 15 June 2024 with this discount package.,"Mon 10 Jun 2024- 15 Jun 2024, ",NA
https://www.conted.ox.ac.uk/courses/health-organisations-and-policy?code=O23C054B9Y,Health Organisations and Policy,Details,Short intensive- Professional development,Innovation in relation to health care organisations and policymaking.,"Mon 10 Jun 2024- 14 Jun 2024, ",NA
https://www.conted.ox.ac.uk/courses/starting-a-successful-business?code=O23C013N1Y,Starting a Successful Business,Details,Short intensive- Short courses- Professional development,"Get practical advice on how to start a successful business from experts at Oxentia, Oxford's Global Innovation Consultancy.","Mon 10 Jun 2024, 09:00 - 17:00",NA
https://www.conted.ox.ac.uk/courses/managing-innovative-technology?code=O23C611N1Y,Managing Innovative Technology,Details,Short intensive- Short courses- Professional development,"Learn how organisations effectively find, evaluate and process innovative technologies to realise their commercial value, review the systems and context behind open innovation, licensing, accessing markets and patent/IP strategy with experts from Oxentia.","Tue 11 Jun 2024, 09:00 - 17:00",NA
https://www.conted.ox.ac.uk/courses/branding-and-marketing?code=O23C710N1Y,Branding and Marketing,Details,Short intensive- Professional development,"This intensive one-day course will address issues including brand planning, brand value, branding in the context of competitive advantage, the evolution of brand strategies over time, brand management, and measuring performance in branding activity.","Wed 12 Jun 2024, 09:00 - 17:00",NA
https://www.conted.ox.ac.uk/courses/resetting-your-signal-integrity-knowledge?code=O23C014H6Y,Resetting Your Signal Integrity Knowledge,Details,Short intensive- Short courses- Professional development,"Enhance your knowledge of some of the most important and often counter-intuitive aspects of signal integrity that are a must for all engineers, whether they work at relatively low-speed or on cutting-edge signalling.","Wed 12 Jun 2024- 14 Jun 2024, 09:00-17:00",NA
https://www.conted.ox.ac.uk/courses/advanced-marketing-approaches?code=O23C060N4Y,Advanced Marketing Approaches,Details,Short intensive- Short courses- Professional development,This course is for marketing professionals and business owners who feel they have mastered the essentials of marketing and who are now looking to develop their knowledge and apply it at a new level.,"Thu 13 Jun 2024, 09:00 - 17:00",NA
https://www.conted.ox.ac.uk/courses/financial-investment-principles?code=O23C046N7Y,Financial Investment Principles,Details,Short intensive- Short courses- Professional development,"This online course will provide you with a thorough introduction to finance, financial markets and how financial markets interact with the wider economy.","Fri 14 Jun 2024, 09:00 - 17:00",NA
https://www.conted.ox.ac.uk/courses/financial-analysis-and-analytics?code=O23C060N1Y,Financial Analysis and Analytics,Details,Short intensive- Short courses- Professional development,Do you want to learn and speak the language of finance? Do you want to build expertise in practical financial analysis applications? Do you want to understand the pros and cons of data analytics and its potential using real-life business cases?,"Sat 15 Jun 2024, 09:00 - 17:00",NA
https://www.conted.ox.ac.uk/courses/business-and-management-skills-discount-registration-week-2?code=O23C785N2Y,Business and Management Skills: Discount Registration Week 2 (17 - 22 June 2024),Details,Short intensive- Short courses- Professional development,Enhance your business and management skills by registering for all the courses in the week 17 - 22 June 2024 with this discount package.,"Mon 17 Jun 2024- 22 Jun 2024, ",NA
https://www.conted.ox.ac.uk/courses/essentials-of-project-management?code=O23C603N1Y,Essentials of Project Management,Details,Short intensive- Short courses- Professional development,A comprehensive introduction to the essential aspects of project management where we examine case studies and help you prepare to apply your learning to your organisation.,"Mon 17 Jun 2024, 09:00 - 17:00",NA
https://www.conted.ox.ac.uk/courses/low-code-data-scientist-low-code-ai-apps-including-llms-and-chatgpt-online?code=O23C681H8T,Low-Code Data Scientist: Low-Code AI Apps including LLMs and ChatGPT (online),Details,Online - live- Short courses- Professional development,"We are pleased to announce an 8-week online course, Low-code data scientist: low-code AI apps including LLMs and ChatGPT (online)","Mon 17 Jun 2024- 03 Jul 2024, 14:00-18:30 (UK time)",NA
https://www.conted.ox.ac.uk/courses/making-successful-power-distribution-designs?code=O23C704H6Y,Making Successful Power Distribution Designs,Details,Short intensive- Short courses- Professional development,"An overview of all aspects of good power distribution design practices, where good and bad solutions are illustrated and put into context of layout constraints, cost and performance so you can apply the trade-offs and design solutions in your work.","Mon 17 Jun 2024- 19 Jun 2024, 09:00-17:00",NA
https://www.conted.ox.ac.uk/courses/advanced-project-management?code=O23C605N1Y,Advanced Project Management,Details,Short intensive- Short courses- Professional development,"This intensive one-day course will introduce Project Portfolio Management (PPM) as a framework for improving an organisation's ability to effectively deliver science and technology projects on time, on budget and to specification.","Tue 18 Jun 2024, 09:00 - 17:00",NA
https://www.conted.ox.ac.uk/courses/strategic-planning-and-foresight-learning-from-and-managing-for-the-future?code=O23C621N1Y,Strategic Planning and Foresight: Learning from and Managing for the Future,Details,Short intensive- Short courses- Professional development,"Examine the nature of the future and the extent to which strategy, planning and forecasting can be used at individual and organisational levels in this exciting workshop.","Wed 19 Jun 2024, 09:00 - 17:00",NA
https://www.conted.ox.ac.uk/courses/applying-knowledge-management-principles-and-practices?code=O23C593N1Y,Applying Knowledge Management: Principles and Practices,Details,Short intensive- Short courses- Professional development,A thorough insight into the main aspects of knowledge management to help you equip yourself with practical skills to build or begin the introduction of knowledge management interventions within your organisation.,"Thu 20 Jun 2024, 09:00 - 17:00",NA
https://www.conted.ox.ac.uk/courses/successful-change-management?code=O23C597N1Y,Successful Change Management,Details,Short intensive- Short courses- Professional development,Investigate the main theories and principles of managing change in relation to current changes in commercial and public sectors.,"Fri 21 Jun 2024, 09:00 - 17:00",NA
https://www.conted.ox.ac.uk/courses/critical-thinking-for-business?code=O23C025N2Y,Critical Thinking for Business,Details,Short intensive- Short courses- Professional development,The critical thinking habit is an essential component of successful business. An organisation whose members think critically is one which will benefit from improved decision-making capacities whilst avoiding costly mistakes.,"Sat 22 Jun 2024, 09:00 - 17:00",NA
https://www.conted.ox.ac.uk/courses/practical-rf-microwave-design?code=O23C017H6Y,Practical RF/Microwave Design,Details,Short intensive- Short courses- Professional development,"Providing a comprehensive and intensive five-day introduction to RF and microwave design theory, techniques and measurements. We will cover the necessary theoretical aspects and practicalities of RF engineering.","Mon 24 Jun 2024- 28 Jun 2024, 09:00 - 17:00",NA
https://www.conted.ox.ac.uk/courses/practical-antenna-design-from-theory-to-practice?code=O23C639H6Y,Practical Antenna Design: From Theory to Practice,Details,Short intensive- Short courses- Professional development,"A course for engineers and designers who work with radar and radio communications. It covers an understanding of antenna theory and techniques; skills to analyse, design and measure various antennas; and the theory of antenna measurements.","Wed 26 Jun 2024- 27 Jun 2024, 09:00-17:00",NA
https://www.conted.ox.ac.uk/courses/art-in-byzantium-grandeur-and-symbolism?code=O23I101OER,Art in Byzantium: Grandeur and Symbolism,Details,Summer schools- Short courses,"Examine the artistic life in the Byzantine Empire (4th-15th century), analyse its symbolism, assess the institutions that supported its flourishing, and survey the political and religious ideologies that influenced it.","Sun 30 Jun 2024- 06 Jul 2024, ",NA
https://www.conted.ox.ac.uk/courses/artificial-intelligence-an-evolution-or-a-revolution-for-21st-diplomacy?code=O23I110IOR,Artificial Intelligence: An Evolution or a Revolution for 21st Diplomacy?,Details,Summer schools- Short courses,"This course consists of five distinct, but interlocking lectures on AI's impact on diplomacy, digital embassies, the role of big tech, AI regulation, and future foreign ministries.","Sun 30 Jun 2024- 06 Jul 2024, ",NA
https://www.conted.ox.ac.uk/courses/arts-and-crafts-and-gardens?code=O23I102OER,Arts and Crafts and Gardens,Details,Summer schools- Short courses,"In this course we look briefly at the evolution of the Arts and Crafts movement, and then in more detail the extension of its philosophy and practices into the garden, especially the work of Gertrude Jekyll and William Robinson.","Sun 30 Jun 2024- 06 Jul 2024, ",NA
https://www.conted.ox.ac.uk/courses/english-literature-summer-school?code=O23I105JDR,English Literature Summer School,Details,Summer schools- Short courses,"A three-week residential summer school in English literature at Exeter College, with options for both undergraduate- and graduate-level study.","Sun 30 Jun 2024- 20 Jul 2024, ",NA
https://www.conted.ox.ac.uk/courses/exploring-psychology-understanding-human-behaviour?code=O23I103IOR,Exploring Psychology: Understanding Human Behaviour,Details,Summer schools- Short courses,"This course delves into psychological functions such as memory and forgetting, learned behaviour and its consequences, Personality, and social behaviour. Students can expect to learn a little about themselves, and quite a lot about human behaviour.","Sun 30 Jun 2024- 06 Jul 2024, ",NA
https://www.conted.ox.ac.uk/courses/from-edward-to-elizabeth-the-british-monarchy-1901-2022?code=O23I104OER,From Edward to Elizabeth: The British Monarchy 1901-2022,Details,Summer schools- Short courses,"Five British monarchs - Edward VII, George V, Edward VIII, George VI and Elizabeth II - were entrusted with the crown between 1901 - 2022. This course examines their lives and impact on Britain during the 20th and 21st centuries.","Sun 30 Jun 2024- 06 Jul 2024, ",NA
https://www.conted.ox.ac.uk/courses/gothic-horror-novels-in-the-footsteps-of-the-monster?code=O23I105OER,Gothic Horror Novels: In the Footsteps of the Monster,Details,Summer schools- Short courses,Mary Shelley's Frankenstein; Emily Brontë's Wuthering Heights; Robert Louis Stevenson's The Strange Case of Dr Jekyll and Mr Hyde and Oscar Wilde's The Picture of Dorian Gray are stories that haunt the imagination. This course explores why.,"Sun 30 Jun 2024- 06 Jul 2024, ",NA
https://www.conted.ox.ac.uk/courses/history-politics-society-summer-school?code=O23I106JDR,"History, Politics & Society Summer School",Details,Summer schools- Short courses,Gain insight into issues and events that have influenced the contemporary world in this three-week residential summer school.,"Sun 30 Jun 2024- 20 Jul 2024, ",NA
https://www.conted.ox.ac.uk/courses/impudent-housewives-debunking-stereotypes-of-early-modern-women?code=O23I107OER,Impudent Housewives: Debunking Stereotypes of Early Modern Women,Details,Summer schools- Short courses,"Early modern women were told to ‘stay home and meddle with your housewifery’, but many of them did not. This course will explore the ways that women at all levels of society across England were politically active, intelligent, and influential.","Sun 30 Jun 2024- 06 Jul 2024, ",NA
https://www.conted.ox.ac.uk/courses/in-search-of-time-the-art-and-science-of-the-fourth-dimension?code=O23I104IOR,In Search of Time: The Art and Science of the Fourth Dimension,Details,Summer schools- Short courses,"The eternal fascination of artists, scientists, film-makers and writers alike, we explore  the myriad manifestations of humankind’s engagement with time, from scratches on stone to the Theory of Relativity, from art-house cinema to the metaphysical novel.","Sun 30 Jun 2024- 06 Jul 2024, ",NA
https://www.conted.ox.ac.uk/courses/italian-renaissance-art-does-it-matter?code=O23I102IOR,Italian Renaissance Art: Does it Matter?,Details,Summer schools- Short courses,"Examine the major revolution in the arts that took place in the period called Italian Renaissance, by looking at works by key artists from Cennino to Michelangelo, and encompassing architecture, sculpture, paintings, drawings, manuals and treatises.","Sun 30 Jun 2024- 06 Jul 2024, ",NA
https://www.conted.ox.ac.uk/courses/laughter-and-redemption-the-genres-and-modes-of-comedy?code=O23I108OER,Laughter and Redemption: The Genres and Modes of Comedy,Details,Summer schools- Short courses,"Spanning several thousand years of European and anglophone drama, novels and film, this course searches for an answer to the questions 'why are comedies enjoyable?' and 'why do we laugh?'","Sun 30 Jun 2024- 06 Jul 2024, ",NA
https://www.conted.ox.ac.uk/courses/british-cinema-in-the-21st-century-industry-context-and-genre?code=O23I108IOR,"Lights, Camera, Action! - British Cinema in the 21st Century",Details,Summer schools- Short courses,"Examining how British cinema has evolved in the 21st Century, delve into production, distribution, and exhibition sectors. Learn how Cinema, a lens for cultural and social issues, reflects historical and contemporary national identity shifts.","Sun 30 Jun 2024- 06 Jul 2024, ",NA
https://www.conted.ox.ac.uk/courses/macroeconomics-keynes-and-the-monetarists?code=O23I109OER,Macroeconomics: Keynes and the Monetarists,Details,Summer schools- Short courses,"Covid-19 has generated an environment for a potential global economic crisis. During these uncertain times, the economic ideas of John Maynard Keynes have become more and more relevant to policymakers than those who believe in a totally free market.","Sun 30 Jun 2024- 06 Jul 2024, ",NA
https://www.conted.ox.ac.uk/courses/queenship-in-early-modern-britain?code=O23I107IOR,Queenship in Early-Modern Britain,Details,Summer schools- Short courses,"How far did the gender of Mary I, Elizabeth I, and Mary, Queen of Scots, influence their queenship? Using written and visual sources, we shall consider the impact of sixteenth-century attitudes to women on the early lives and reigns of these three queens.","Sun 30 Jun 2024- 06 Jul 2024, ",NA
https://www.conted.ox.ac.uk/courses/scandal-satire-sensibility-18th-century-women-novelists?code=O23I110OER,"Scandal, Satire, Sensibility: 18th-Century Women Novelists",Details,Summer schools- Short courses,"Exploring the fascinating lives and novels of 18th-century women who defied public opinion and family pressure to write and publish fiction for enjoyment, money, and fame: Eliza Haywood, Frances Burney, Ann Radcliffe, Charlotte Lennox, and Maria Edgeworth","Sun 30 Jun 2024- 06 Jul 2024, ",NA
https://www.conted.ox.ac.uk/courses/shakespeares-kings-villain-or-hero?code=O23I111OER,Shakespeare's Kings: Villain or Hero?,Details,Summer schools- Short courses,"Richard III and Henry V are two of Shakespeare’s most famous historical plays. Dazzling and dangerous, Shakespeare’s Richard III is a theatrical and historical ‘villain’. In creating Henry V, Shakespeare weaves heroic myths around ‘this star of England’.","Sun 30 Jun 2024- 06 Jul 2024, ",NA
https://www.conted.ox.ac.uk/courses/the-happy-healthy-cell?code=O23I106OER,The Happy Healthy Cell,Details,Summer schools- Short courses,"This course will introduce some of the main cellular structures, and their function in human cells. We will explore how the normal “happy” cell maintains a healthy body, concluding with a discussion about advances in cell biology.","Sun 30 Jun 2024- 06 Jul 2024, ",NA
https://www.conted.ox.ac.uk/courses/women-of-power-in-the-tudor-and-stuart-world?code=O23I112OER,Women of Power in the Tudor and Stuart World,Details,Summer schools- Short courses,"The lives of women in the early modern world are often assumed to have been narrow and restricted. This course will use textual, visual, and material sources to reveal more about the lives and experiences of women, ranging from noblewomen to laundresses.","Sun 30 Jun 2024- 06 Jul 2024, ",NA
https://www.conted.ox.ac.uk/courses/writing-fiction-getting-started-with-your-novel?code=O23I109IOR,Writing Fiction: Getting Started with your Novel,Details,Summer schools- Short courses,"Many feel that we have a book in us. A short and inspirational course, ideal for getting started. Together we will gather your ideas and plans, and by systematically working through the basics of fiction, learn tools to shape them into your novel.","Sun 30 Jun 2024- 06 Jul 2024, ",NA
https://www.conted.ox.ac.uk/courses/clinical-translation-and-commercialisation-of-nanomedicine?code=O23C549F2Y,Clinical Translation and the Commercialisation of Nanomedicine,Details,Short intensive- Short courses- Professional development,"This five-day course provides an overview of the regulatory, financial, clinical and commercial challenges faced by those wishing to bring innovative nanotechnologies to market.","Mon 01 Jul 2024- 05 Jul 2024, ",NA
https://www.conted.ox.ac.uk/courses/satellite-connectivity-and-navigation-systems-services-and-market?code=O23C757H6Y,"Satellite Connectivity and Navigation: Systems, Services and Market",Details,Short intensive- Short courses- Professional development,"A thorough overview of satellite connectivity and navigation where we investigate the technical, financial and business aspects linking market requirements to technical capabilities whilst considering the crucial aspects of costs and financing.","Mon 01 Jul 2024- 05 Jul 2024, ",NA
https://www.conted.ox.ac.uk/courses/history-and-philosophy-of-evidence-based-health-care?code=O23C208B9Y,The History and Philosophy of Evidence-Based Health Care,Details,Short intensive- Professional development,"Critical thinking about the assumptions of the health care profession, and learning about the empirical foundations of science","Mon 01 Jul 2024- 05 Jul 2024, ",NA
https://www.conted.ox.ac.uk/courses/17th-century-dutch-and-flemish-art-rubens-to-rembrandt-to-vermeer?code=O23I201IOR,17th-Century Dutch and Flemish Art: Rubens to Rembrandt to Vermeer,Details,Summer schools- Short courses,"Embark on a journey through 17th-century Dutch and Flemish art: Van Dyck &  Rubens for grandeur, Hals & Lester for the elevation of the everyday, Rembrandt's  penetrating self-portraits, or Vermeer's seducing Girl with the Pearl Earring.","Sun 07 Jul 2024- 13 Jul 2024, ",NA
https://www.conted.ox.ac.uk/courses/capitalism-socialism-andor-democracy?code=O23I201OER,"Capitalism, Socialism, and/or Democracy",Details,Summer schools- Short courses,"Is capitalism better than socialism? How do we decide? Can democracy thrive under either, or both? How do bureaucracy and technocracy fit in? We will try to answer these questions by looking at the political economy of several countries.","Sun 07 Jul 2024- 13 Jul 2024, ",NA
https://www.conted.ox.ac.uk/courses/colleges-of-oxford?code=O23I202OER,Colleges of Oxford,Details,Summer schools- Short courses,"Through illustrated talks and walks on foot around Oxford we shall explore the history and architecture of Oxford, and in particular the extraordinary group of historic colleges of the University that date from the 13th to the 21st century.","Sun 07 Jul 2024- 13 Jul 2024, ",NA
https://www.conted.ox.ac.uk/courses/forest-and-flood-the-natural-world-in-the-middle-ages?code=O23I204OER,Forest and Flood: The Natural World in the Middle Ages,Details,Summer schools- Short courses,"Responses to the natural world are everywhere in the literature and art of the Middle Ages. We will explore bestiaries, the forests of romance, the landscapes of dream vision and the calendar pages of Books of Hours.","Sun 07 Jul 2024- 13 Jul 2024, ",NA
https://www.conted.ox.ac.uk/courses/introduction-to-classical-music?code=O23I205OER,Introduction to Classical Music,Details,Summer schools- Short courses,"“Classical” music comes in an enormous range of styles and national traditions, spanning hundreds of years. We will explore music in a (mostly) non-technical way, aiming to give listeners a deeper sense of understanding and involvement in the music.","Sun 07 Jul 2024- 13 Jul 2024, ",NA
https://www.conted.ox.ac.uk/courses/king-arthur-from-the-middle-ages-to-the-modern-day?code=O23I203IOR,King Arthur: From the Middle Ages to the Modern Day,Details,Summer schools- Short courses,"Who was King Arthur, what is his place in British culture, and why have we spent more than 1,000 years telling stories about him? We will explore the literature and significance of the Arthurian legend, from the Middle Ages through to the present.","Sun 07 Jul 2024- 13 Jul 2024, ",NA
https://www.conted.ox.ac.uk/courses/leonardo-da-vinci-art-and-knowledge?code=O23I204IOR,Leonardo da Vinci: Art and Knowledge,Details,Summer schools- Short courses,"This course will look at Leonardo da Vinci’s paintings, drawings and notebooks within the interdisciplinary framework of art and science. It will offer a viewing of key drawings in Oxford collections.","Sun 07 Jul 2024- 13 Jul 2024, ",NA
https://www.conted.ox.ac.uk/courses/medieval-heresy-and-dissent-300-1500?code=O23I207OER,"Medieval Heresy and Dissent, 300-1500",Details,Summer schools- Short courses,"Examine religious heresy and dissent through time, from rival strands of Christianity in the later Roman world, to the dualist Catharism that flourished in S France and N Italy c.1150-1250 and late medieval English heresy’s connection to Oxford.","Sun 07 Jul 2024- 13 Jul 2024, ",NA
https://www.conted.ox.ac.uk/courses/pirates-adventurers-and-fortune-seekers?code=O23I208OER,"Pirates, Adventurers and Fortune-seekers",Details,Summer schools- Short courses,"This course joins the explorers and adventurers of the Elizabethan and Jacobean periods who looked beyond England towards new territories and new opportunities, in the process making discoveries which fundamentally changed the world in which they lived.","Sun 07 Jul 2024- 13 Jul 2024, ",NA
https://www.conted.ox.ac.uk/courses/savage-country-humanitys-changing-relationship-to-the-idea-of-wilderness?code=O23I205IOR,Savage Country: Humanity’s Changing Relationship to the Idea of Wilderness,Details,Summer schools- Short courses,"“Wilderness” often describes natural areas that seem untouched by humans. We will examine this controversial idea and debates about wilderness in a time of environmental crisis, through history, literature, philosophy, painting, and photography.","Sun 07 Jul 2024- 13 Jul 2024, ",NA
https://www.conted.ox.ac.uk/courses/scientific-breakthroughs-of-the-20th-century?code=O23I209OER,Scientific Breakthroughs of the 20th Century,Details,Summer schools- Short courses,"DNA, quantum mechanics, relativity, plate tectonics, radio communications and computing. Emphasising historical context, this course offers detailed appraisals of the startling intellectual and technical 20th century achievements forged in peace and war.","Sun 07 Jul 2024- 13 Jul 2024, ",NA
https://www.conted.ox.ac.uk/courses/seamus-heaney-the-oxford-years?code=O23I210OER,Seamus Heaney: The Oxford Years,Details,Summer schools- Short courses,"The course will focus on Heaney’s highly accessible collection, Seeing Things (1991), written during his tenure as Oxford Professor of Poetry. As his lectures reflect his responses to diverse range of poets, we will also look at samples of their poetry.","Sun 07 Jul 2024- 13 Jul 2024, ",NA
https://www.conted.ox.ac.uk/courses/shakespeares-tragic-worlds?code=O23I211OER,Shakespeare's Tragic Worlds,Details,Summer schools- Short courses,"Hamlet and Antony and Cleopatra show the breathtaking range of Shakespeare’s tragedies. Hamlet’s world is grief-stricken, claustrophobic and murderous. Explore the tragic intersections of romantic passion and imperial ambitions in Antony and Cleopatra.","Sun 07 Jul 2024- 13 Jul 2024, ",NA
https://www.conted.ox.ac.uk/courses/telling-right-from-wrong-an-introduction-to-ethics?code=O23I212OER,Telling Right from Wrong: An Introduction to Ethics,Details,Summer schools- Short courses,"Should you be a moral person and concerned about others’ well-being, or is it okay to be selfish? Does being a moral person mean following moral principles? What tells you what actions are morally right: reason, emotions, intuitions or your society?","Sun 07 Jul 2024- 13 Jul 2024, ",NA
https://www.conted.ox.ac.uk/courses/the-eternal-alexander-the-great-reality-myth-legacy?code=O23I203OER,"The Eternal Alexander the Great: Reality, Myth, Legacy",Details,Summer schools- Short courses,"This course focuses on the founder of the greatest empire the ancient world had ever seen, Alexander the Great, who has been an example to European and Islamic rulers and remains the hero of numerous legends and stories worldwide.","Sun 07 Jul 2024- 13 Jul 2024, ",NA
https://www.conted.ox.ac.uk/courses/the-gender-of-diplomacy?code=O23I202IOR,The Gender of Diplomacy,Details,Summer schools- Short courses,"We will cover historical roles, women's participation, global impact of gender policies, and future trends in diplomacy. Includes interactive sessions and expert insights ideal for diplomacy, Gender, equality of representation and our changing world.","Sun 07 Jul 2024- 13 Jul 2024, ",NA
https://www.conted.ox.ac.uk/courses/the-making-of-england-anglo-saxons-vikings-and-normans?code=O23I206OER,"The Making of England: Anglo-Saxons, Vikings and Normans",Details,Summer schools- Short courses,"An introduction to the archaeology and history of England from the 5th century to the early 12th century, covering Anglo-Saxon England; the Viking raids and the establishment of the Danelaw; the Norman Conquest; the Domesday Book and Norman England.","Sun 07 Jul 2024- 13 Jul 2024, ",NA
https://www.conted.ox.ac.uk/courses/the-untold-cold-war-stories-beyond-the-superpowers?code=O23I207IOR,The Untold Cold War: Stories Beyond the Superpowers,Details,Summer schools- Short courses,"Challenging traditional narratives that understand the Cold War through ‘East vs. West’ paradigms, our course examines the Cold War through alternative prisms with stories that changed the directions of this ideological and geopolitical struggle.","Sun 07 Jul 2024- 13 Jul 2024, ",NA
https://www.conted.ox.ac.uk/courses/the-world-on-a-page-an-introduction-to-writing-flash-fiction?code=O23I208IOR,The World on a Page: An Introduction to Writing Flash Fiction,Details,Summer schools- Short courses,"Flash fiction is defined as complete stories told in 1000 words or fewer. Join us for a week of writing, learning, experimenting and honing your writerly craft - and discover why flash is the ideal genre for beginners and seasoned writers alike.","Sun 07 Jul 2024- 13 Jul 2024, ",NA
https://www.conted.ox.ac.uk/courses/writing-fiction-getting-started-with-your-novel?code=O23I211IOR,Writing Fiction: Getting Started with your Novel,Details,Summer schools- Short courses,"Many feel that we have a book in us. A short and inspirational course, ideal for getting started. Together we will gather your ideas and plans, and by systematically working through the basics of fiction, learn tools to shape them into your novel.","Sun 07 Jul 2024- 13 Jul 2024, ",NA
https://www.conted.ox.ac.uk/courses/written-in-my-life-blood-jrr-tolkien-and-the-lord-of-the-rings?code=O23I209IOR,“Written in my life-blood”: J.R.R. Tolkien and The Lord of the Rings,Details,Summer schools- Short courses,"An appreciation and critical appraisal of what is often called one of the great novels of the twentieth century. This course will look at the concepts, themes, inspirations, and continuing legacy of Tolkien’s The Lord of the Rings.","Sun 07 Jul 2024- 13 Jul 2024, ",NA
https://www.conted.ox.ac.uk/courses/high-impact-supply-chain-management?code=O23C009N2Y,High Impact Supply Chain Management,Details,Short intensive- Professional development,"This course has been specifically designed for Supply Chain Managers who are developing into broader SCM leadership roles, and Executives with responsibility for SCM in their organisations.","Mon 08 Jul 2024- 09 Jul 2024, 09:00 - 17:00",NA
https://www.conted.ox.ac.uk/courses/1000-years-of-the-english-garden?code=O23I301OER,1000 Years of the English Garden,Details,Summer schools- Short courses,"This course will look at the evolution of the English garden from the Norman conquest of 1066 to the present day and at the people and ideas which have influenced that evolution, from monastic and castle gardens to everyone's garden in a democratic age.","Sun 14 Jul 2024- 20 Jul 2024, ",NA
https://www.conted.ox.ac.uk/courses/a-voyage-of-discovery-the-trans-siberian-railway?code=O23I310OER,A Voyage of Discovery: The Trans-Siberian Railway,Details,Summer schools- Short courses,"The Trans-Siberian Railway spans 6,000 miles and 9 time zones but also the 2,000 years of Russia's complex and little understood history. Through the windows of our railway carriage we get an insight into this enduringly mysterious country and its people.","Sun 14 Jul 2024- 20 Jul 2024, ",NA
https://www.conted.ox.ac.uk/courses/brushstrokes-through-time-celebrating-200-years-of-the-national-gallery?code=O23I307IOR,Brushstrokes Through Time: Celebrating 200 Years of the National Gallery,Details,Summer schools- Short courses,"2024 marks the 200th birthday of the National Gallery, London, a temple of Early  Modern European art. Explore the themes of tradition and innovation from the Renaissance to  the 19th/20th centuries (Leonardo, Turner, Van Gogh, Cézanne etc).","Sun 14 Jul 2024- 20 Jul 2024, ",NA
https://www.conted.ox.ac.uk/courses/creative-writing-for-all?code=O23I302IOR,Creative Writing For All,Details,Summer schools- Short courses,A practical and discursive creative writing course which encourages students to use their own life experience as a springboard for the creation of original fiction. Absolute beginners and practising writers are equally welcome.,"Sun 14 Jul 2024- 20 Jul 2024, ",NA
https://www.conted.ox.ac.uk/courses/digital-diplomacy-adapting-to-our-modern-world?code=O23I304IOR,Digital Diplomacy: Adapting to our Modern World,Details,Summer schools- Short courses,"A week exploring Digital Diplomacy: covers evolution, social media use, ethical challenges, and future trends, with case studies and expert insights. Ideal for all interested in diplomacy, technology and our changing world.","Sun 14 Jul 2024- 20 Jul 2024, ",NA
https://www.conted.ox.ac.uk/courses/enigma-and-the-intelligence-war?code=O23I302OER,Enigma and the Intelligence War,Details,Summer schools- Short courses,In World War II the secret government Code and Cipher School was based at Bletchley Park. The course offers a historic and archival analysis and evaluation of the work of Station X in decrypting German Enigma signals intelligence during the War.,"Sun 14 Jul 2024- 20 Jul 2024, ",NA
https://www.conted.ox.ac.uk/courses/greek-myths-poetry-history-politics-psychology?code=O23I303OER,"Greek Myths: Poetry, History, Politics, Psychology",Details,Summer schools- Short courses,"Fascinating stories with their intriguing mix of strangeness and familiarity. What could they possibly mean? Why were they created? How can we explain their power to inspire writers, dramatists and painters for millennia?","Sun 14 Jul 2024- 20 Jul 2024, ",NA
https://www.conted.ox.ac.uk/courses/how-to-write-a-stage-play?code=O23I304OER,How to Write a Stage Play,Details,Summer schools- Short courses,"A workshop-based course exploring the key skills required to create an original and compelling stage drama, with reference to current creative practice in new writing in professional theatres.","Sun 14 Jul 2024- 20 Jul 2024, ",NA
https://www.conted.ox.ac.uk/courses/international-security-in-the-cyber-era?code=O23I305OER,International Security in the Cyber Era,Details,Summer schools- Short courses,"This course delivers an overview of the digital revolution’s impact on international security. We will explore espionage, terrorism, and warfare to understand these disciplines in the cyber era.","Sun 14 Jul 2024- 20 Jul 2024, ",NA
https://www.conted.ox.ac.uk/courses/lewis-carrolls-oxford-and-the-surprising-histories-of-alices-wonderland?code=O23I306IOR,Lewis Carroll's Oxford and the Surprising Histories of Alice's Wonderland,Details,Summer schools- Short courses,"Learn why, 150 years later, Alice is still so fascinating to us. This course will explore the real origins of Lewis Carroll’s Alice’s in Wonderland, its hidden histories and kaleidoscopic afterlife.","Sun 14 Jul 2024- 20 Jul 2024, ",NA
https://www.conted.ox.ac.uk/courses/modernist-literature-through-oxford-and-london?code=O23I306OER,Modernist Literature Through Oxford and London,Details,Summer schools- Short courses,"This course uses the cities of London and Oxford to introduce key figures in modernist literature. How can the streets and buildings of London and Oxford help us understand the work of Virginia Woolf, T.S. Eliot, Wyndham Lewis and Dorothy Sayers?","Sun 14 Jul 2024- 20 Jul 2024, ",NA
https://www.conted.ox.ac.uk/courses/myths-and-legends-of-the-british-isles-from-king-arthur-to-jerusalem?code=O23I307OER,Myths and Legends of the British Isles: from King Arthur to Jerusalem,Details,Summer schools- Short courses,The rich tradition of legendary history in the British Isles has provided fertile ground for writers and film makers. We’ll explore these ancient stories and the ways in which they have been reimagined in the twentieth and twenty-first centuries.,"Sun 14 Jul 2024- 20 Jul 2024, ",NA
https://www.conted.ox.ac.uk/courses/opera-in-the-age-of-bel-canto?code=O23I308OER,Opera in the Age of Bel Canto,Details,Summer schools- Short courses,"Bel canto simply means beautiful singing but the expression is particularly associated with the operas of Rossini, Donizetti, Bellini and early Verdi.  This course looks at their major works, and the roots of their music in the Italian vocal tradition.","Sun 14 Jul 2024- 20 Jul 2024, ",NA
https://www.conted.ox.ac.uk/courses/the-dark-triad-psychology-of-narcissism-machiavellianism-and-psychopathy?code=O23I303IOR,"The Dark Triad: Psychology of Narcissism, Machiavellianism and Psychopathy",Details,Summer schools- Short courses,"The Dark Triad- Narcissistic, Machiavellian, Psychopathy- a very specific set of personality traits. Few people would desire or express such traits however they are often seen in leading roles in many areas.","Sun 14 Jul 2024- 20 Jul 2024, ",NA
https://www.conted.ox.ac.uk/courses/the-rise-and-fall-of-the-british-empire?code=O23I308IOR,The Rise and Fall of the British Empire,Details,Summer schools- Short courses,"This course explores the rise and fall of the British Empire: the greatest empire the world has ever seen. It had a tremendous impact on the history of the world and its effects are still felt today in numerous nations, including in the United Kingdom.","Sun 14 Jul 2024- 20 Jul 2024, ",NA
https://www.conted.ox.ac.uk/courses/the-world-of-the-vikings?code=O23I311OER,The World of the Vikings,Details,Summer schools- Short courses,"Although often regarded as bloodthirsty pirates, the Vikings were also traders, settlers and farmers with a highly developed artistic culture and legal system. This course will use recent findings from archaeology to examine the Viking world.","Sun 14 Jul 2024- 20 Jul 2024, ",NA
https://www.conted.ox.ac.uk/courses/three-outsiders-pissarro-caillebotte-toulouse-lautrec?code=O23I309OER,"Three Outsiders: Pissarro, Caillebotte, Toulouse-Lautrec",Details,Summer schools- Short courses,"Camille Pissarro, Gustave Caillebotte and Henri de Toulouse-Lautrec were all outsiders in 19th century France. Each left us with a unique body of exceptional Impressionist artworks, some of which are held in Oxford’s own Ashmolean Museum.","Sun 14 Jul 2024- 20 Jul 2024, ",NA
https://www.conted.ox.ac.uk/courses/writing-the-world-the-travel-writer-at-home-and-abroad?code=O23I312OER,Writing the World: The Travel Writer at Home and Abroad,Details,Summer schools- Short courses,"Travel writing faces an uncertain future in a world shrunk by instability & climate change, but stories are still there to be told, some of them close to home. Through readings, discussion & writing exercises, students will achieve insight in this genre.","Sun 14 Jul 2024- 20 Jul 2024, ",NA
https://www.conted.ox.ac.uk/courses/digital-ethnography?code=O24G003YOY,Digital ethnography,Details,Online - live- Professional development,Explore issues and methods involved in conducting qualitative and/or ethnographic research in the social sciences related to the digital with this online course.,"Mon 15 Jul 2024- 06 Sep 2024, ",NA
https://www.conted.ox.ac.uk/courses/adventures-in-british-popular-music-1965-2000?code=O23I401OER,Adventures in British Popular Music 1965-2000,Details,Summer schools- Short courses,"Enjoy the popular music of ten central British acts, such as the Who, Pink Floyd, Led Zeppelin, the Smiths, the Police, Kate Bush, and Radiohead. We will look at what made their music individual, and related changes in music technology and song-writing.","Sun 21 Jul 2024- 27 Jul 2024, ",NA
https://www.conted.ox.ac.uk/courses/bright-young-things-oxford-and-the-brideshead-generation?code=O23I402OER,Bright Young Things: Oxford and the Brideshead Generation,Details,Summer schools- Short courses,"Why has the Oxford of Brideshead Revisited, and the ‘Bright Young Things’ who epitomized it, maintained such a grip on our imagination? Through the words, images, and lives of varied yet interconnected Oxford writers, we will explore their vibrant world.","Sun 21 Jul 2024- 27 Jul 2024, ",NA
https://www.conted.ox.ac.uk/courses/creative-writing-summer-school?code=O23I107JDR,Creative Writing Summer School,Details,Summer schools- Short courses,"Develop your creative writing skills in this three-week residential summer school at Exeter College, Oxford. For aspiring and experienced writers.","Sun 21 Jul 2024- 10 Aug 2024, ",NA
https://www.conted.ox.ac.uk/courses/creative-writing-for-all?code=O23I404OER,Creative Writing for All,Details,Summer schools- Short courses,A practical and discursive creative writing course which encourages students to use their own life experience as a springboard for the creation of original fiction. Absolute beginners and practising writers are equally welcome.,"Sun 21 Jul 2024- 27 Jul 2024, ",NA
https://www.conted.ox.ac.uk/courses/english-language-teachers-summer-seminar?code=O24I080JDR,English Language Teachers' Summer Seminar,Details,Summer schools- Short courses- Professional development,"A two-week summer programme designed for teachers of English as a Second Language with more than four years' experience, presented as a series of practical workshops.","Sun 21 Jul 2024- 03 Aug 2024, ",NA
https://www.conted.ox.ac.uk/courses/four-queens-of-crime?code=O23I405OER,Four Queens of Crime,Details,Summer schools- Short courses,"A study of the four queens of crime, Sayers, Marsh, Allingham and Christie, all of whom wrote murder mysteries in the Golden Age of crime fiction between the wars and have enduring popularity today.","Sun 21 Jul 2024- 27 Jul 2024, ",NA
https://www.conted.ox.ac.uk/courses/geopolitics-finding-the-patterns-in-the-chaos?code=O23I406OER,Geopolitics: Finding the Patterns in the Chaos,Details,Summer schools- Short courses,"International politics has rarely been so interconnected and impactful on our lives, yet can often seem beyond comprehension. This course will show the patterns in the chaos, as together we navigate the choppy waters of geopolitics today.","Sun 21 Jul 2024- 27 Jul 2024, ",NA
https://www.conted.ox.ac.uk/courses/introduction-to-modernism?code=O23I407OER,Introduction to Modernism,Details,Summer schools- Short courses,"What is ‘Modernism’? How did writers in the early 20th century - from James Joyce and Virginia Woolf to TS Eliot and HD - ‘make it new’? This lively course will read a selection of poetry and prose to explore an experimental, daring period of literature.","Sun 21 Jul 2024- 27 Jul 2024, ",NA
https://www.conted.ox.ac.uk/courses/lives-across-borders-introduction-to-migration-and-diasporas?code=O23I408OER,Lives Across Borders: Introduction to Migration and Diasporas,Details,Summer schools- Short courses,"This course focuses on migration and the broad range of transnational experiences migrants may have when negotiating their belonging to home and host countries, roles in diaspora communities, and connectedness to compatriots around the world.","Sun 21 Jul 2024- 27 Jul 2024, ",NA
https://www.conted.ox.ac.uk/courses/saints-and-sinners-the-renaissance-papacy-1450-1550?code=O23I409OER,Saints and Sinners: The Renaissance Papacy 1450-1550,Details,Summer schools- Short courses,"Renaissance popes were monarchs who accumulated spiritual, political and cultural power. This course examines how the Curia worked to increase papal authority and considers the dynastic, cultural and political significance of the main Renaissance popes.","Sun 21 Jul 2024- 27 Jul 2024, ",NA
https://www.conted.ox.ac.uk/courses/the-cotswolds-past-present-and-future?code=O23I403OER,"The Cotswolds: Past, Present and Future",Details,Summer schools- Short courses,"An introduction to the historical, geographical, social and political realities and traditions of the Oxfordshire Cotswolds, so quintessentially English.","Sun 21 Jul 2024- 27 Jul 2024, ",NA
https://www.conted.ox.ac.uk/courses/the-twelve-caesars-emperors-of-rome?code=O23I411OER,The Twelve Caesars: Emperors of Rome,Details,Summer schools- Short courses,The extraordinary lives of the rulers of Imperial Rome and the actions of their wives. History gives vivid accounts of the often scandalous but always fascinating events in the lives of these emperors. Can we distinguish between ‘fact’ and propaganda?,"Sun 21 Jul 2024- 27 Jul 2024, ",NA
https://www.conted.ox.ac.uk/courses/who-am-i-notions-of-selfhood-in-western-and-eastern-thought?code=O23I412OER,Who Am I? Notions of Selfhood in Western and Eastern Thought,Details,Summer schools- Short courses,"What, if anything, distinguishes us from other living creatures on this planet? Are we essentially immaterial minds or just bundles of genes? Will technological progress eventually reshape human nature and change our collective identity as a species?","Sun 21 Jul 2024- 27 Jul 2024, ",NA
https://www.conted.ox.ac.uk/courses/art-glass-glass-artists-craftsmen-chemists-visionaries?code=O23I513OER,"Art Glass, Glass Artists: Craftsmen, Chemists, Visionaries",Details,Summer schools- Short courses,Glass: one of the oldest and most extraordinary of man-made materials. Our course explores glass and the arts of working it from Antiquity to the present day; the discovery and rediscovery of techniques and the achievements of its greatest practitioners.,"Sun 28 Jul 2024- 03 Aug 2024, ",NA
https://www.conted.ox.ac.uk/courses/bismarck-to-merkel-the-search-for-german-identity?code=O23I503OER,Bismarck to Merkel - The Search for German Identity,Details,Summer schools- Short courses,Between 1865 and 1945 Germany made the proud but painful transition from political non-entity to failed superpower. Post-war Germans might have become demoralised by defeat. Instead they reinvented themselves as a different but hugely influential nation.,"Sun 28 Jul 2024- 03 Aug 2024, ",NA
https://www.conted.ox.ac.uk/courses/human-diversity-an-introduction-to-anthropology?code=O23I505OER,Human Diversity: An Introduction to Anthropology,Details,Summer schools- Short courses,What makes us human and what are the characteristics that connect us cross-culturally in this experience? We will tackle the questions that have kept anthropologists engaged since the birth of the discipline and try ourselves in the role of ethnographers.,"Sun 28 Jul 2024- 03 Aug 2024, ",NA
https://www.conted.ox.ac.uk/courses/international-politics-summer-school?code=O24I110IPR,International Politics Summer School,Details,Summer schools- Short courses,Tackle the vital issues that shape politics in the modern world in this two-week residential summer school.,"Sun 28 Jul 2024- 10 Aug 2024, ",NA
https://www.conted.ox.ac.uk/courses/memoir-begin-writing-your-life?code=O23I507OER,Memoir: Begin Writing your Life,Details,Summer schools- Short courses,"Everyone has an interesting life story, and this course will enable you to present your own.  In this practical course we shall learn about the pattern of ourselves so that we may present it to others.","Sun 28 Jul 2024- 03 Aug 2024, ",NA
https://www.conted.ox.ac.uk/courses/muses-of-fire-the-medieval-world-in-shakespeares-plays?code=O23I508OER,Muses of Fire: The Medieval World in Shakespeare’s Plays,Details,Summer schools- Short courses,He is the great playwright of the English Renaissance. So why Medieval Shakespeare? This course takes a fresh look at some of Shakespeare’s best-known plays by discussing the influence of the medieval worldview and the rich traditions of medieval drama.,"Sun 28 Jul 2024- 03 Aug 2024, ",NA
https://www.conted.ox.ac.uk/courses/royal-pretenders-and-imposters?code=O23I510OER,Royal Pretenders and Imposters,Details,Summer schools- Short courses,"Before DNA testing, how did a person prove their blood-right to a throne? Pretenders and imposters flourished at times of turmoil, often used as tools by their country’s enemies. This course examines examples from the 14th century to the 20th century.","Sun 28 Jul 2024- 03 Aug 2024, ",NA
https://www.conted.ox.ac.uk/courses/social-and-cultural-history-of-the-people-of-britain?code=O23I511OER,Social and Cultural History of the People of Britain,Details,Summer schools- Short courses,"This course will examine the social and cultural history of people living in Britain from the eighteenth to the early twentieth century, examining the transformation of identity, community and belonging.","Sun 28 Jul 2024- 03 Aug 2024, ",NA
https://www.conted.ox.ac.uk/courses/the-architecture-and-archaeology-of-medieval-churches?code=O23I501OER,The Architecture and Archaeology of Medieval Churches,Details,Summer schools- Short courses,A practical introduction to understanding the history and development of medieval churches.,"Sun 28 Jul 2024- 03 Aug 2024, ",NA
https://www.conted.ox.ac.uk/courses/the-beatles-popular-music-and-sixties-britain?code=O23I502OER,"The Beatles, Popular Music and Sixties Britain",Details,Summer schools- Short courses,"Learn how the Beatles made their music, and trace its development from simple first recordings to the multi-track of Abbey Road in the context of examples of Top 30 charts of the era, poetry, journalism, photographs, film and key cultural events.","Sun 28 Jul 2024- 03 Aug 2024, ",NA
https://www.conted.ox.ac.uk/courses/the-hundred-years-war?code=O23I506OER,The Hundred Years War,Details,Summer schools- Short courses,The course investigates the causes and consequences of medieval Europe’s longest war.,"Sun 28 Jul 2024- 03 Aug 2024, ",NA
https://www.conted.ox.ac.uk/courses/the-oxford-murder-crime-fiction-in-oxford?code=O23I509OER,The Oxford Murder: Crime Fiction in Oxford,Details,Summer schools- Short courses,"Why is the city of dreaming spires also the city of murders? Oxford is the setting for more fictional murder mysteries than any other city, featuring amateur and police detectives from Wimsey to Morse and beyond.","Sun 28 Jul 2024- 03 Aug 2024, ",NA
https://www.conted.ox.ac.uk/courses/zen-buddhism-and-the-west-a-philosophical-odyssey?code=O23I512OER,Zen Buddhism and the West: A Philosophical Odyssey,Details,Summer schools- Short courses,"What is Zen? Why did it become popular in the West? From the Buddha to Japan and North America, we explore the origin, content, development, flourishing and influence of Zen via engagement with various philosophical themes and problems.","Sun 28 Jul 2024- 03 Aug 2024, ",NA
https://www.conted.ox.ac.uk/courses/an-introduction-to-tolkiens-mythology?code=O23I606OER,An Introduction to Tolkien's Mythology,Details,Summer schools- Short courses,"A masterclass in world-building and the meaning of 'The Silmarillion', led by a world-class Tolkien expert, at the university where Middle-earth was created.","Sun 04 Aug 2024- 10 Aug 2024, ",NA
https://www.conted.ox.ac.uk/courses/beyond-the-pages-the-brontes-in-context?code=O23I402IOR,Beyond the Pages: The Brontës in Context,Details,Summer schools- Short courses,"Charlotte, Emily and Anne Brontë wrote some of the most distinctive and celebrated fiction of the early nineteenth century. This course explores how they navigated themes such as the supernatural, religion, female empowerment and sexual desire.","Sun 04 Aug 2024- 10 Aug 2024, ",NA
https://www.conted.ox.ac.uk/courses/cardinal-wolsey-christ-church-patron-and-renaissance-prelate?code=O23I604OER,Cardinal Wolsey: Christ Church Patron and Renaissance Prelate,Details,Summer schools- Short courses,"The course examines the life and career of England's 'Renaissance Cardinal', Thomas Wolsey, founder of Oxford's Cardinal College, now Christ Church.","Sun 04 Aug 2024- 10 Aug 2024, ",NA
https://www.conted.ox.ac.uk/courses/navigating-global-conversation-the-basics-of-intercultural-communication-skills?code=O23I405IOR,Culture & Conversation - How to Navigate Intercultural Communication,Details,Summer schools- Short courses,"This course provides practical tools on how to efficiently communicate across the widest variety of cultural settings, with our focus areas being intercultural communication skills in translation, business and advertising.","Sun 04 Aug 2024- 10 Aug 2024, ",NA
https://www.conted.ox.ac.uk/courses/high-performance-leadership-arts-to-sports?code=O23I403IOR,High Performance Leadership: Arts to Sports,Details,Summer schools- Short courses,"igh Performance Leadership - the ability to perform at the highest level consistently, repeatably and for long periods of time. Looking at a diverse range of fields, how do the very best leaders manage to do that? What tools and strategies do they use?","Sun 04 Aug 2024- 10 Aug 2024, ",NA
https://www.conted.ox.ac.uk/courses/keep-on-creative-writing?code=O23I404IOR,Keep on Creative Writing,Details,Summer schools- Short courses,"This creative writing course is for writers of all levels of experience and is suitable for anyone who has a desire to get their stories down onto the page, and out into the world.","Sun 04 Aug 2024- 10 Aug 2024, ",NA
https://www.conted.ox.ac.uk/courses/lewis-carrolls-oxford-and-the-surprising-histories-of-alices-wonderland?code=O24I307IOR,Lewis Carroll's Oxford and the Surprising Histories of Alice's Wonderland,Details,Summer schools- Short courses,"Learn why, 150 years later, Alice is still so fascinating to us. This course will explore the real origins of Lewis Carroll’s Alice’s in Wonderland, its hidden histories and kaleidoscopic afterlife.","Sun 04 Aug 2024- 10 Aug 2024, ",NA
https://www.conted.ox.ac.uk/courses/living-in-a-material-world-artefacts-archaeology-and-british-history?code=O23I608OER,"Living in a Material World: Artefacts, Archaeology and British History",Details,Summer schools- Short courses,"Cultural artefacts hold stories of histories and people through their material world, in the past, the present and perhaps toward the future. This course takes an archaeological approach, examining British history through its rich and diverse artefacts.","Sun 04 Aug 2024- 10 Aug 2024, ",NA
https://www.conted.ox.ac.uk/courses/mini-masterpieces-an-introduction-to-short-form-creative-writing?code=O23I407IOR,"Mini Masterpieces: Prose Poetry, Micro-Memoir, Flash Fiction and More",Details,Summer schools- Short courses,"This fast-paced, hands-on week gives you a chance to try your hand at four popular and distinct forms of writing: prose poetry, micro-memoir, flash fiction and flash creative non-fiction.","Sun 04 Aug 2024- 10 Aug 2024, ",NA
https://www.conted.ox.ac.uk/courses/queens-regnant-in-great-britain?code=O23I409IOR,Queens Regnant in Great Britain,Details,Summer schools- Short courses,"This course asks why there were no queens regnant in England or Scotland before Mary Queen of Scots, and then delves into the lives and reigns of some of the best-known and most colourful rulers in British history.","Sun 04 Aug 2024- 10 Aug 2024, ",NA
https://www.conted.ox.ac.uk/courses/romantic-moderns-the-arts-and-the-imagination-in-britain-1927-51?code=O23I610OER,Romantic Moderns: The Arts and the Imagination in Britain 1927-51,Details,Summer schools- Short courses,"Explore the imaginative character of mid-20th century British Neo-Romanticism, including the writings of Virginia Woolf and Dylan Thomas; the art of Piper, Nash, and Ravilious; and the music of Ralph Vaughan Williams.","Sun 04 Aug 2024- 10 Aug 2024, ",NA
https://www.conted.ox.ac.uk/courses/shakespeare-and-the-spirits-of-the-age-magic-witchcraft-and-the-fantastical?code=O23I408IOR,"Shakespeare and the Spirits of the Age: Magic, Witchcraft and the Fantastical",Details,Summer schools- Short courses,"From witches on a blasted heath to magicians on a magical island, magic and the fantastical pervades Shakespeare’s work. This course examines both their dramatic effect, and what they tell us about our human condition.","Sun 04 Aug 2024- 10 Aug 2024, ",NA
https://www.conted.ox.ac.uk/courses/the-age-of-winston-churchill?code=O23I601OER,The Age of Winston Churchill,Details,Summer schools- Short courses,"Explore the massive changes in Britain in the 20th century through Winston Churchill's career as a political radical, chronicler, anti-totalitarianism and war leader from Victorian times to the Cold War.","Sun 04 Aug 2024- 10 Aug 2024, ",NA
https://www.conted.ox.ac.uk/courses/the-bayeux-tapestry-an-early-medieval-masterpiece?code=O23I602OER,The Bayeux Tapestry: An Early Medieval Masterpiece,Details,Summer schools- Short courses,"The Bayeux Tapestry is the greatest surviving artefact from the Anglo-Norman era, portraying the Norman Conquest of England in 1066 in pictorial form. This course examines its provenance, sponsorship, interpretation, and intriguing later history.","Sun 04 Aug 2024- 10 Aug 2024, ",NA
https://www.conted.ox.ac.uk/courses/the-black-death-and-the-transformation-of-medieval-england?code=O23I603OER,The Black Death and the Transformation of Medieval England,Details,Summer schools- Short courses,"The Black Death of 1348-9 is widely acknowledged to be one of the great historical turning points. This course explores the impact of plague on later-medieval English society, and includes a field trip to a deserted medieval village.","Sun 04 Aug 2024- 10 Aug 2024, ",NA
https://www.conted.ox.ac.uk/courses/the-devil-you-know-dissecting-criminology-and-christian-theology?code=O23I605OER,The Devil You Know: Dissecting Criminology and Christian Theology,Details,Summer schools- Short courses,"The nature of evil and suffering has haunted humankind since time immemorial. This course takes a walk through some of the best and lesser-known bad guys in Scripture and asks where, and how, bad people and Christian theology meet.","Sun 04 Aug 2024- 10 Aug 2024, ",NA
https://www.conted.ox.ac.uk/courses/the-jewel-in-the-crown-the-british-raj-in-india?code=O23I607OER,The Jewel in the Crown: The British Raj in India,Details,Summer schools- Short courses,"This course will examine the political, economic, and socio-cultural experience of the British Empire by focusing on 'the Jewel in the Crown' - the British Raj in India.","Sun 04 Aug 2024- 10 Aug 2024, ",NA
https://www.conted.ox.ac.uk/courses/the-pre-raphaelite-brotherhood?code=O23I609OER,The Pre-Raphaelite Brotherhood,Details,Summer schools- Short courses,"Explore the Victorian Rebellion of the Pre-Raphaelites in Oxford, home to several masterpieces of the Brotherhood. Millais, Rossetti, Hunt & Burne-Jones infused modernity to the establishment being inspired by the past and by the complexities of love.","Sun 04 Aug 2024- 10 Aug 2024, ",NA
https://www.conted.ox.ac.uk/courses/theology-summer-school?code=O24I102DCR,Theology Summer School,Details,Summer schools- Short courses- Professional development,"A two-week residential summer school for members of the clergy, theologians and teachers of religious education. Held at Christ Church.","Sun 04 Aug 2024- 17 Aug 2024, ",NA
https://www.conted.ox.ac.uk/courses/thomas-hardys-novels-and-poetry-men-women-and-tragedy?code=O23I611OER,"Thomas Hardy's Novels and Poetry: Men, Women and Tragedy",Details,Summer schools- Short courses,"The Victorian author Thomas Hardy was sensitive to the patterns of the past and to the tragic inevitabilities of human nature.  By studying his poetry and prose, this course examines Hardy’s philosophy and belief in the roles of men and women.","Sun 04 Aug 2024- 10 Aug 2024, ",NA
https://www.conted.ox.ac.uk/courses/understanding-the-cosmos?code=O23I612OER,Understanding the Cosmos,Details,Summer schools- Short courses,"An introduction to all things cosmological. From the birth of stars to the death of black holes, from Relativity to quantum mechanics and the Big Bang, we examine humankind’s most astounding discoveries and the most challenging questions facing science.","Sun 04 Aug 2024- 10 Aug 2024, ",NA
https://www.conted.ox.ac.uk/courses/ancient-art-from-cave-paintings-to-celtic-imagery?code=O23I701OER,Ancient Art: From Cave Paintings to Celtic Imagery,Details,Summer schools- Short courses,"From cave paintings, carvings, colourways and ornamentation, studying ancient art offers tantalising insight into past societies. This course takes an archaeological and art historical approach, following a fascinating journey through European prehistory.","Sun 11 Aug 2024- 17 Aug 2024, ",NA
https://www.conted.ox.ac.uk/courses/conquistadors-and-the-age-of-discovery?code=O23I703OER,Conquistadors and the Age of Discovery,Details,Summer schools- Short courses,"This course examines Spanish explorers during the age of discovery. A motley crew of adventurers, better known as Conquistadors, whose greed drove them to cross the seas in search of riches and fame.","Sun 11 Aug 2024- 17 Aug 2024, ",NA
https://www.conted.ox.ac.uk/courses/country-houses?code=O23I704OER,Country Houses,Details,Summer schools- Short courses,"The country house has been described as England's most distinctive contribution to European culture. This course will examine the growth of the country house phenomenon from the Middle Ages, up to the present day.","Sun 11 Aug 2024- 17 Aug 2024, ",NA
https://www.conted.ox.ac.uk/courses/exploring-alien-worlds?code=O23I705OER,Exploring Alien Worlds,Details,Summer schools- Short courses,"We will boldly go on a voyage of discovery through our solar system, as well as the planetary systems of other stars. Learn about space exploration, planetary science, and the perennial search for habitable planets and extra-terrestrial life.","Sun 11 Aug 2024- 17 Aug 2024, ",NA
https://www.conted.ox.ac.uk/courses/introduction-to-criminology-and-forensic-psychology?code=O23I706OER,Introduction to Criminology and Forensic Psychology,Details,Summer schools- Short courses,"Fascinated with the psychology of serial killers, sex offenders and stalkers? Gripped by the social, familial and environmental reasons for crime? Then join us an enthralling dive into the hearts and minds of killers, conmen and predators.","Sun 11 Aug 2024- 17 Aug 2024, ",NA
https://www.conted.ox.ac.uk/courses/post-impressionism-van-gogh-gauguin-cezanne?code=O23I709OER,"Post-Impressionism: Van Gogh, Gauguin, Cézanne",Details,Summer schools- Short courses,"Indulge in the art of the Post-Impressionists: the focus on Vincent van Gogh, Gauguin and Cézanne. Other Post-Impressionists will also be considered such as Seurat or Toulouse-Lautrec.","Sun 11 Aug 2024- 17 Aug 2024, ",NA
https://www.conted.ox.ac.uk/courses/quantum-and-relativity-the-science-of-reality?code=O23I710OER,Quantum and Relativity: The Science of Reality,Details,Summer schools- Short courses,"A layperson’s guide to contemporary science’s most strange and startling frontiers, quantum physics and relativity. In tandem with a variety of historical, philosophical and every-day contexts we explore both fields in plain, non-mathematical language.","Sun 11 Aug 2024- 17 Aug 2024, ",NA
https://www.conted.ox.ac.uk/courses/rethinking-human-nature?code=O23I711OER,Rethinking Human Nature,Details,Summer schools- Short courses,What if anything distinguishes us from other living creatures on this planet? Are we immaterial minds or best understood as bundles of genes? Will technological progress eventually reshape human nature and change our collective identity as a species?,"Sun 11 Aug 2024- 17 Aug 2024, ",NA
https://www.conted.ox.ac.uk/courses/the-brontes-landscape-nature-and-the-unnatural?code=O23I702OER,"The Brontës: Landscape, Nature and the Unnatural",Details,Summer schools- Short courses,"How did three sisters living apparently secluded, eventless lives write such original, passionate and dramatic literature? This course investigates the inspiration for their remarkable fiction and memorable protagonists.","Sun 11 Aug 2024- 17 Aug 2024, ",NA
https://www.conted.ox.ac.uk/courses/the-making-of-the-oxfordshire-landscape?code=O23I707OER,The Making of the Oxfordshire Landscape,Details,Summer schools- Short courses,This course opens up the historical  development of rural Oxfordshire beyond the ‘dreaming spires’. We explore centuries of collaboration and conflict to understand the county’s changing landscape from its medieval foundations to 1850.,"Sun 11 Aug 2024- 17 Aug 2024, ",NA
https://www.conted.ox.ac.uk/courses/the-medieval-monasteries-of-oxford?code=O23I708OER,The Medieval Monasteries of Oxford,Details,Summer schools- Short courses,"During the Middle Ages, Oxford was home not only to a great university but also to many monasteries, nunneries, priories, and friaries. This course will examine their buildings, history, and legacy.","Sun 11 Aug 2024- 17 Aug 2024, ",NA
https://www.conted.ox.ac.uk/courses/tolkien-and-cs-lewis-in-oxford?code=O23I712OER,Tolkien and C.S. Lewis in Oxford,Details,Summer schools- Short courses,"Explore the work and friendship of the men behind Middle-earth and Narnia in the contexts of Oxford, their Inklings circle, and their insights into our own world - ancient and modern.","Sun 11 Aug 2024- 17 Aug 2024, ",NA
