Link,Course name,Course code,school,location,status
https://online.stanford.edu/courses/xfm110-technical-fundamentals-generative-ai,Technical Fundamentals of Generative AI,XFM110,Stanford Institute for Human-Centered Artificial Intelligence (HAI),"Online, self-paced",Enrollment Open
https://online.stanford.edu/courses/xfm111-business-opportunities-and-applications-generative-ai,Business Opportunities and Applications of Generative AI,XFM111,Stanford Institute for Human-Centered Artificial Intelligence (HAI),"Online, self-paced",Enrollment Open
https://online.stanford.edu/courses/xfm112-human-centered-generative-ai,Human-Centered Generative AI,XFM112,Stanford Institute for Human-Centered Artificial Intelligence (HAI),"Online, self-paced",Not Yet Available
https://online.stanford.edu/courses/xeduc315n-21st-century-teaching-learning-data-science,21st-Century Teaching & Learning: Data Science,XEDUC315N,Stanford Graduate School of Education,"Online, self-paced",Enrollment Open
https://online.stanford.edu/courses/cs240-advanced-topics-operating-systems,Advanced Topics in Operating Systems,CS240,Stanford School of Engineering,"Online, instructor-led",Enrollment Open
https://online.stanford.edu/courses/som-xche0012-ai-healthcare-capstone,AI in Healthcare Capstone,SOM-XCHE0012,"Stanford School of Medicine, Stanford Center for Health Education","Online, self-paced, Coursera",Enrollment Open
https://online.stanford.edu/courses/xgal0001-ai-ux-design-essentials-human-computer-interaction-enhanced-user-experiences,AI UX Design Essentials: Human-Computer Interaction for Enhanced User Experiences,XGAL0001,Stanford School of Engineering,"Online, instructor-paced",Enrollment Open
https://online.stanford.edu/courses/chemeng300-applied-mathematics-chemical-and-biological-sciences,Applied Mathematics in the Chemical and Biological Sciences,CHEMENG300,Stanford School of Engineering,"Online, instructor-led",Enrollment Open
https://online.stanford.edu/courses/xcs221-artificial-intelligence-principles-and-techniques,Artificial Intelligence: Principles and Techniques,XCS221,Stanford School of Engineering,"Online, instructor-paced",Enrollment Open
https://online.stanford.edu/courses/xgen208-biology-and-applications-crisprcas-system,Biology and Applications of the CRISPR/Cas System,XGEN208,"Stanford School of Medicine, Stanford Center for Health Education","Online, self-paced",Enrollment Open
https://online.stanford.edu/courses/cee220a-building-modeling-design-construction,Building Modeling for Design & Construction,CEE220A,"Stanford School of Engineering, Stanford Doerr School of Sustainability","Online, instructor-led",Enrollment Open
https://online.stanford.edu/courses/xeiet100-clean-renewable-energy-storage-sustainable-future,"Clean, Renewable Energy & Storage for a Sustainable Future",XEIET100,"Stanford School of Engineering, Stanford Doerr School of Sustainability","Online, self-paced",Enrollment Open
https://online.stanford.edu/courses/xcs236-deep-generative-models,Deep Generative Models,XCS236,Stanford School of Engineering,"Online, instructor-paced",Enrollment Open
https://online.stanford.edu/courses/xgen101-fundamentals-genetics-genetics-you-need-know,Fundamentals of Genetics: The Genetics You Need To Know,XGEN101,"Stanford School of Medicine, Stanford Center for Health Education","Online, self-paced",Enrollment Open
https://online.stanford.edu/courses/xcs224w-machine-learning-graphs,Machine Learning with Graphs,XCS224W,Stanford School of Engineering,"Online, instructor-paced",Enrollment Open
https://online.stanford.edu/courses/xcs224u-natural-language-understanding,Natural Language Understanding,XCS224U,Stanford School of Engineering,"Online, instructor-paced",Enrollment Open
https://online.stanford.edu/courses/xcs234-reinforcement-learning,Reinforcement Learning,XCS234,Stanford School of Engineering,"Online, instructor-paced",Enrollment Open
https://online.stanford.edu/courses/csp-xtech152z-crash-course-artificial-intelligence-ai,A Crash Course in Artificial Intelligence (AI),CSP-XTECH152Z,Stanford Continuing Studies,"Online, instructor-led",Enrollment Open
https://online.stanford.edu/courses/cee244-accounting-finance-valuation-engineers-constructors,"Accounting, Finance & Valuation for Engineers & Constructors",CEE244,"Stanford School of Engineering, Stanford Doerr School of Sustainability",NA ,NA 
https://online.stanford.edu/courses/chemeng355-advanced-biochemical-engineering,Advanced Biochemical Engineering,CHEMENG355,Stanford School of Engineering,NA ,NA 
https://online.stanford.edu/courses/cee220b-advanced-building-modeling-workshop,Advanced Building Modeling Workshop,CEE220B,"Stanford School of Engineering, Stanford Doerr School of Sustainability",NA ,NA 
https://online.stanford.edu/courses/xacs100-advanced-cybersecurity-program-preview,Advanced Cybersecurity Program Preview,XACS100,Stanford School of Engineering,"Online, self-paced",Enrollment Open
https://online.stanford.edu/courses/ee379b-advanced-data-transmission-design,Advanced Data Transmission Design,EE379B,Stanford School of Engineering,NA ,NA 
https://online.stanford.edu/courses/me334-advanced-dynamics,Advanced Dynamics,ME334,Stanford School of Engineering,NA ,NA 
https://online.stanford.edu/courses/aa212-advanced-feedback-control-design,Advanced Feedback Control Design,AA212,Stanford School of Engineering,NA ,NA 
https://online.stanford.edu/courses/ee214b-advanced-integrated-circuit-design,Advanced Integrated Circuit Design,EE214B,Stanford School of Engineering,NA ,NA 
https://online.stanford.edu/courses/ee311-advanced-integrated-circuits-technology,Advanced Integrated Circuits Technology,EE311,Stanford School of Engineering,NA ,NA 
https://online.stanford.edu/courses/mse245b-advanced-investment-science,Advanced Investment Science,MS&E245B,Stanford School of Engineering,NA ,NA 
https://online.stanford.edu/courses/cs244-advanced-topics-networking,Advanced Topics in Networking,CS244,Stanford School of Engineering,NA ,NA 
https://online.stanford.edu/courses/ee316-advanced-vlsi-devices,Advanced VLSI Devices,EE316,Stanford School of Engineering,NA ,NA 
https://online.stanford.edu/courses/bioe450-advances-biotechnology,Advances in Biotechnology,BIOE450,Stanford School of Engineering,NA ,NA 
https://online.stanford.edu/courses/csp-xcla107-aeschyluss-oresteia,Aeschylus's Oresteia,CSP-XCLA107,Stanford Continuing Studies,"Online, instructor-led",Enrollment Open
https://online.stanford.edu/courses/gsb-x0023-agile-leadership-building-adaptability-and-embracing-creativity,Agile Leadership: Building Adaptability and Embracing Creativity,GSB-X0023,Graduate School of Business,"Online, self-paced",Enrollment Open
https://online.stanford.edu/courses/xgal0002-ai-driven-leadership-strategies-future,AI-Driven Leadership: Strategies for the Future,XGAL0002,Stanford School of Engineering,"Online, instructor-paced",Enrollment Open
https://online.stanford.edu/courses/aa283-aircraft-and-rocket-propulsion,Aircraft and Rocket Propulsion,AA283,Stanford School of Engineering,NA ,NA 
https://online.stanford.edu/courses/cs256-algorithmic-fairness,Algorithmic Fairness,CS256,Stanford School of Engineering,NA ,NA 
https://online.stanford.edu/courses/soe-ycsalgorithms1-algorithms-design-and-analysis-part-1,"Algorithms: Design and Analysis, Part 1",SOE-YCSALGORITHMS1,Stanford School of Engineering,"Online, self-paced, EdX",Enrollment Open
https://online.stanford.edu/courses/soe-ycs0001-algorithms-design-and-analysis-part-2,"Algorithms: Design and Analysis, Part 2",SOE-YCS0001,Stanford School of Engineering,"Online, self-paced, EdX",Enrollment Open
https://online.stanford.edu/courses/sohs-ysocpoverty-americas-poverty-and-inequality-course,America's Poverty and Inequality Course,SOHS-YSOCPOVERTY,Stanford School of Humanities and Sciences,"Online, self-paced, EdX",Enrollment Open
https://online.stanford.edu/courses/sohs-yaammartinlking-american-prophet-inner-life-and-global-vision-martin-luther-king-jr,"American Prophet: The Inner Life and Global Vision of Martin Luther King, Jr.",SOHS-YAAMMARTINLKING,Stanford School of Humanities and Sciences,"Online, self-paced, EdX",Enrollment Open
https://online.stanford.edu/courses/gsb-x0020-amplify-your-persuasive-impact,Amplify Your Persuasive Impact,GSB-X0020,Graduate School of Business,"Online, self-paced",Enrollment Open
https://online.stanford.edu/courses/csp-xcw26-authors-guide-publishing-get-your-work-world,An Author's Guide to Publishing: Get Your Work into the World,CSP-XCW26,Stanford Continuing Studies,"Online, instructor-led",Enrollment Open
https://online.stanford.edu/courses/som-ycme0039-evidence-based-approach-diagnosis-and-management-migraines-adults-primary-care,An Evidence-Based Approach to the Diagnosis and Management of Migraines in Adults in the Primary Care and General Neurology Setting,SOM-YCME0039,Stanford School of Medicine,"Online, self-paced, EdX",Enrollment Open
https://online.stanford.edu/courses/ee315-analog-digital-interface-circuits,Analog-Digital Interface Circuits,EE315,Stanford School of Engineering,NA ,NA 
https://online.stanford.edu/courses/aa240-analysis-structures,Analysis of Structures,AA240,Stanford School of Engineering,NA ,NA 
https://online.stanford.edu/courses/som-ycme0043-antibiotic-stewardship,Antibiotic Stewardship,SOM-YCME0043,Stanford School of Medicine,"Online, self-paced, Coursera",Enrollment Open
https://online.stanford.edu/courses/som-ycme0001-antimicrobial-stewardship-improving-clinical-outcomes-optimization-antibiotic,Antimicrobial Stewardship: Improving Clinical Outcomes By Optimization of Antibiotic Practices (CME),SOM-YCME0001,Stanford School of Medicine,"Online, self-paced, EdX",Enrollment Open
https://online.stanford.edu/courses/csp-xpsy04-anxiety-disorders-and-evidence-based-treatments,Anxiety Disorders and Evidence-Based Treatments,CSP-XPSY04,Stanford Continuing Studies,"Online, instructor-led",Enrollment Open
https://online.stanford.edu/courses/aa200-applied-aerodynamics,Applied Aerodynamics,AA200,Stanford School of Engineering,NA ,NA 
https://online.stanford.edu/courses/ee223-applied-quantum-mechanics-ii,Applied Quantum Mechanics II,EE223,Stanford School of Engineering,NA ,NA 
https://online.stanford.edu/courses/cee270m-aquatic-and-organic-chemistry-environmental-engineering,Aquatic and Organic Chemistry for Environmental Engineering,CEE270M,"Stanford School of Engineering, Stanford Doerr School of Sustainability",NA ,NA 
https://online.stanford.edu/courses/xexe403-aramco-advancing-technology-ventures-program,Aramco Advancing Technology Ventures Program,XEXE403,Stanford School of Engineering,NA ,NA 
https://online.stanford.edu/courses/csp-xarc122-archaeology-and-ancient-engineering,Archaeology and Ancient Engineering,CSP-XARC122,Stanford Continuing Studies,"Online, instructor-led",Enrollment Open
https://online.stanford.edu/courses/cs221-artificial-intelligence-principles-and-techniques,Artificial Intelligence: Principles and Techniques,CS221,Stanford School of Engineering,"Online, instructor-led",Enrollment Open
https://online.stanford.edu/courses/sohs-ymusic0001-audio-signal-processing-music-applications,Audio Signal Processing for Music Applications,SOHS-YMUSIC0001,Stanford School of Humanities and Sciences,"Online, self-paced, Coursera",Enrollment Open
https://online.stanford.edu/courses/soe-ycsautomata-automata-theory,Automata Theory,SOE-YCSAUTOMATA,Stanford School of Engineering,"Online, self-paced, EdX",Enrollment Open
https://online.stanford.edu/courses/me233-automated-model-discovery,Automated Model Discovery,ME233,Stanford School of Engineering,NA ,NA 
https://online.stanford.edu/courses/ee303-autonomous-implantable-systems,Autonomous Implantable Systems,EE303,Stanford School of Engineering,NA ,NA 
https://online.stanford.edu/courses/stats270-bayesian-statistics,Bayesian Statistics,STATS270,Stanford School of Humanities and Sciences,NA ,NA 
https://online.stanford.edu/courses/csp-xita01-beginning-italian-part-i,Beginning Italian: Part I,CSP-XITA01,Stanford Continuing Studies,"Online, instructor-led",Enrollment Open
https://online.stanford.edu/courses/csp-xtech46-beginning-programming-python,Beginning Programming in Python,CSP-XTECH46,Stanford Continuing Studies,"Online, instructor-led",Enrollment Open
https://online.stanford.edu/courses/csp-xspa01-beginning-spanish-part-i,Beginning Spanish: Part I,CSP-XSPA01,Stanford Continuing Studies,"Online, instructor-led",Enrollment Open
https://online.stanford.edu/courses/csp-xphoto80-beyond-canvas-exploring-ai-art,Beyond the Canvas: Exploring AI Art,CSP-XPHOTO80,Stanford Continuing Studies,"Online, instructor-led",Enrollment Open
https://online.stanford.edu/courses/csp-xcls116-beyond-veil-women-and-social-transformation-middle-east,Beyond the Veil: Women and Social Transformation in the Middle East,CSP-XCLS116,Stanford Continuing Studies,"Online, instructor-led",Enrollment Open
https://online.stanford.edu/courses/chemeng250-biochemical-engineering,Biochemical Engineering,CHEMENG250,Stanford School of Engineering,NA ,NA 
https://online.stanford.edu/courses/chemeng283-biochemistry-ii,Biochemistry II,CHEMENG283,Stanford School of Engineering,NA ,NA 
https://online.stanford.edu/courses/ee225-biochips-and-medical-imaging,Biochips and Medical Imaging,EE225,Stanford School of Engineering,NA ,NA 
https://online.stanford.edu/courses/biomedin202-biomedical-data-science,Biomedical Data Science,BIOMEDIN202,Stanford School of Medicine,NA ,NA 
https://online.stanford.edu/courses/publpol222-biosecurity-and-pandemic-resilience,BioSecurity and Pandemic Resilience,PUBLPOL222,Stanford School of Humanities and Sciences,NA ,NA 
https://online.stanford.edu/courses/med283-biotechnology-law,Biotechnology Law,MED283,Stanford School of Medicine,"Online, instructor-led",Not Yet Available
https://online.stanford.edu/courses/tds-ybold-blended-and-online-learning-design-stanford,Blended and Online Learning Design from Stanford,TDS-YBOLD,,NA ,NA 
https://online.stanford.edu/courses/csp-xccs03-blue-planet-history-water,Blue Planet: A History of Water,CSP-XCCS03,Stanford Continuing Studies,"Online, instructor-led",Enrollment Open
https://online.stanford.edu/courses/csp-xbus40-breaking-venture-industry,Breaking into the Venture Industry,CSP-XBUS40,Stanford Continuing Studies,"Online, instructor-led",Enrollment Open
https://online.stanford.edu/courses/xdgt223-build-product-platform-strategy-accelerate-growth,Build a Product Platform Strategy to Accelerate Growth,XDGT223,Stanford School of Engineering,"Online, self-paced",Enrollment Open
https://online.stanford.edu/courses/xdgt224-building-ai-enabled-organization,Building an AI-Enabled Organization,XDGT224,Stanford School of Engineering,"Online, self-paced",Enrollment Open
https://online.stanford.edu/courses/csp-xbus78-building-and-scaling-subscription-businesses,Building and Scaling Subscription Businesses,CSP-XBUS78,Stanford Continuing Studies,"Online, instructor-led",Enrollment Open
https://online.stanford.edu/courses/xeiet203-building-energy-efficiency-technology-policy-finance,"Building Energy Efficiency: Technology, Policy & Finance",XEIET203,Stanford School of Engineering,"Online, self-paced",Enrollment Open
https://online.stanford.edu/courses/xldr249-business-model-innovation,Business Model Innovation,XLDR249,Stanford School of Engineering,"Online, self-paced",Enrollment Open
https://online.stanford.edu/courses/csp-xart50-calligraphy-and-letterform-history-methods-and-practice,"Calligraphy and Letterform: History, Methods, and Practice",CSP-XART50,Stanford Continuing Studies,"Online, instructor-led",Enrollment Open
https://online.stanford.edu/courses/chemeng289-career-building-entrepreneurship-intrapreneurship-people-innovation-decision,"Career Building: Entrepreneurship / Intrapreneurship, People, Innovation, Decision-Making and Impact",CHEMENG289,Stanford School of Engineering,NA ,NA 
https://online.stanford.edu/courses/sdss-x0001-championing-sustainability-boardroom,Championing Sustainability from the Boardroom,SDSS-X0001,Stanford Doerr School of Sustainability,"In-person, Stanford University campus",Enrollment Open
https://online.stanford.edu/courses/xdgt130-change-management-reskilling-age-analytics-and-ai,Change Management: Reskilling in the Age of Analytics and AI,XDGT130,Stanford School of Engineering,"Online, self-paced",Enrollment Open
https://online.stanford.edu/courses/cs348e-character-animation-modeling-simulation-and-control-human-motion,"Character Animation: Modeling, Simulation, and Control of Human Motion",CS348E,Stanford School of Engineering,NA ,NA 
https://online.stanford.edu/courses/chemeng320-chemical-kinetics-and-reaction-engineering,Chemical Kinetics and Reaction Engineering,CHEMENG320,Stanford School of Engineering,NA ,NA 
https://online.stanford.edu/courses/som-xche0023-child-development-behavior-and-mental-health,Child Development: Behavior and Mental Health,SOM-XCHE0023,"Stanford School of Medicine, Stanford Center for Health Education","Online, self-paced,",Enrollment Open
https://online.stanford.edu/courses/som-y0002-child-nutrition-and-cooking,Child Nutrition and Cooking,SOM-Y0002,Stanford School of Medicine,"Online, self-paced, Coursera",Enrollment Open
https://online.stanford.edu/courses/aa242a-classical-dynamics,Classical Dynamics,AA242A,Stanford School of Engineering,"Online, instructor-led",Enrollment Open
https://online.stanford.edu/courses/cs193c-client-side-internet-technologies,Client-Side Internet Technologies,CS193C,Stanford School of Engineering,NA ,NA 
https://online.stanford.edu/courses/med284-clinical-trial-design-initial-concept-regulatory-approval,Clinical Trial Design: From Initial Concept to Regulatory Approval,MED284,Stanford School of Medicine,"Online, instructor-led",Not Yet Available
https://online.stanford.edu/courses/som-xche0030-clinical-trials-design-strategy-and-analysis,"Clinical Trials: Design, Strategy, and Analysis",SOM-XCHE0030,"Stanford School of Medicine, Stanford Center for Health Education","Online, self-paced",Enrollment Open
https://online.stanford.edu/courses/cs309a-cloud-computing-seminar,Cloud Computing Seminar,CS309A,Stanford School of Engineering,NA ,NA 
https://online.stanford.edu/courses/chemeng699-colloquium,Colloquium,CHEMENG699,Stanford School of Engineering,NA ,NA 
https://online.stanford.edu/courses/csp-xcom101-communication-essentials-work-and-life,Communication Essentials for Work and Life,CSP-XCOM101,Stanford Continuing Studies,"Online, instructor-led",Enrollment Open
https://online.stanford.edu/courses/gse-yeduc115-sp-como-aprender-matematicas-para-estudiantes,Cómo Aprender Matemáticas - Para Estudiantes,GSE-YEDUC115-SP,Stanford Graduate School of Education,"Online, self-paced, EdX",Enrollment Open
https://online.stanford.edu/courses/sohs-ypolisci0001-comparative-democratic-development-part-i-conditions-democracy,Comparative Democratic Development Part I: Conditions of Democracy,SOHS-YPOLISCI0001,Stanford School of Humanities and Sciences,"Online, self-paced, EdX",Enrollment Open
https://online.stanford.edu/courses/sohs-ypolisci0002-comparative-democratic-development-part-ii-structuring-democracy,Comparative Democratic Development Part II: Structuring Democracy,SOHS-YPOLISCI0002,Stanford School of Humanities and Sciences,"Online, self-paced, EdX",Enrollment Open
https://online.stanford.edu/courses/xlaw7058-comparative-equality-and-anti-discrimination-law,Comparative Equality and Anti-Discrimination Law,XLAW7058,Stanford Law School,"Online, self-paced, EdX",Enrollment Open
https://online.stanford.edu/courses/soe-ycscs1-compilers,Compilers,SOE-YCSCS1,Stanford School of Engineering,"Online, self-paced, EdX",Enrollment Open
https://online.stanford.edu/courses/cs143-compilers,Compilers,CS143,Stanford School of Engineering,NA ,NA 
https://online.stanford.edu/courses/cs279-computational-biology-structure-and-organization-biomolecules-and-cells,Computational Biology: Structure and Organization of Biomolecules and Cells,CS279,Stanford School of Engineering,"Online, instructor-led",Enrollment Open
https://online.stanford.edu/courses/cs254-computational-complexity,Computational Complexity,CS254,Stanford School of Engineering,NA ,NA 
https://online.stanford.edu/courses/ee367-computational-imaging,Computational Imaging,EE367,Stanford School of Engineering,NA ,NA 
https://online.stanford.edu/courses/cs157-computational-logic,Computational Logic,CS157,Stanford School of Engineering,"Online, instructor-led",Enrollment Open
https://online.stanford.edu/courses/biomedin260-computational-methods-biomedical-image-analysis-and-interpretation,Computational Methods for Biomedical Image Analysis and Interpretation,BIOMEDIN260,Stanford School of Medicine,NA ,NA 
https://online.stanford.edu/courses/cs155-computer-and-network-security,Computer and Network Security,CS155,Stanford School of Engineering,NA ,NA 
https://online.stanford.edu/courses/cs348c-computer-graphics-animation-and-simulation,Computer Graphics: Animation and Simulation,CS348C,Stanford School of Engineering,NA ,NA 
https://online.stanford.edu/courses/cs248a-computer-graphics-rendering-geometry-and-image-manipulation,"Computer Graphics: Rendering, Geometry, and Image Manipulation",CS248A,Stanford School of Engineering,NA ,NA 
https://online.stanford.edu/courses/cs107-computer-organization-and-systems,Computer Organization and Systems,CS107,Stanford School of Engineering,"Online, instructor-led",Enrollment Open
https://online.stanford.edu/courses/soe-ycscs101-computer-science-101,Computer Science 101,SOE-YCSCS101,Stanford School of Engineering,"Online, self-paced, EdX",Enrollment Open
https://online.stanford.edu/courses/ee282-computer-systems-architecture,Computer Systems Architecture,EE282,Stanford School of Engineering,NA ,NA 
https://online.stanford.edu/courses/cs231a-computer-vision-3d-reconstruction-recognition,Computer Vision: From 3D Reconstruction to Recognition,CS231A,Stanford School of Engineering,NA ,NA 
https://online.stanford.edu/courses/som-ycme0006-congenital-hypothyroidism-what-every-primary-care-provider-needs-know,Congenital Hypothyroidism: What Every Primary Care Provider Needs to Know,SOM-YCME0006,Stanford School of Medicine,"Online, self-paced, EdX",Enrollment Open
https://online.stanford.edu/courses/cs205l-continuous-mathematical-methods-emphasis-machine-learning,Continuous Mathematical Methods with an Emphasis on Machine Learning,CS205L,Stanford School of Engineering,NA ,NA 
https://online.stanford.edu/courses/cs224v-conversational-virtual-assistants-deep-learning,Conversational Virtual Assistants with Deep Learning,CS224V,Stanford School of Engineering,"Online, instructor-led","Enrollment Full, Waitlist Open"
https://online.stanford.edu/courses/soe-yeecvx101-convex-optimization,Convex Optimization,SOE-YEECVX101,Stanford School of Engineering,"Online, self-paced, EdX",Enrollment Open
https://online.stanford.edu/courses/ee364a-convex-optimization-i,Convex Optimization I,EE364A,Stanford School of Engineering,NA ,NA 
https://online.stanford.edu/courses/ee364b-convex-optimization-ii,Convex Optimization II,EE364B,Stanford School of Engineering,NA ,NA 
https://online.stanford.edu/courses/som-xche0007-covid-19-training-healthcare-workers,COVID-19: Training for Healthcare Workers,SOM-XCHE0007,"Stanford School of Medicine, Stanford Center for Health Education","Online, self-paced, EdX",Enrollment Open
https://online.stanford.edu/courses/gsb-x0021-create-happy-and-meaningful-life,Create a Happy and Meaningful Life,GSB-X0021,Graduate School of Business,"Online, self-paced",Enrollment Open
https://online.stanford.edu/courses/chemeng296-creating-new-ventures-engineering-and-science-based-industries,Creating New Ventures in Engineering and Science-based Industries,CHEMENG296,Stanford School of Engineering,NA ,NA 
https://online.stanford.edu/courses/csp-xcnf11w-creative-nonfiction-workshop-crafting-narrative-voice,Creative Nonfiction Workshop: Crafting a Narrative Voice,CSP-XCNF11W,Stanford Continuing Studies,"Online, instructor-led",Enrollment Open
https://online.stanford.edu/courses/csp-xcnf105-creative-nonfiction-workshop-finding-thread,Creative Nonfiction Workshop: Finding the Thread,CSP-XCNF105,Stanford Continuing Studies,"Online, instructor-led",Enrollment Open
https://online.stanford.edu/courses/cs251-cryptocurrencies-and-blockchain-technologies,Cryptocurrencies and Blockchain Technologies,CS251,Stanford School of Engineering,NA ,NA 
https://online.stanford.edu/courses/soe-y0001-cryptography-i,Cryptography I,SOE-Y0001,Stanford School of Engineering,"Online, self-paced, Coursera",Enrollment Open
https://online.stanford.edu/courses/soe-y0002-cryptography-ii,Cryptography II,SOE-Y0002,Stanford School of Engineering,NA ,NA 
https://online.stanford.edu/courses/som-ycme0029-csi-me-case-studies-medical-errors,CSI: ME Case Studies in Medical Errors,SOM-YCME0029,Stanford School of Medicine,"Online, self-paced, EdX",Enrollment Open
https://online.stanford.edu/courses/xacs302-cybersecurity-and-executive-strategy,Cybersecurity and Executive Strategy,XACS302,Stanford School of Engineering,"Online, self-paced",Enrollment Open
https://online.stanford.edu/courses/csp-xtech65-data-analysis-python,Data Analysis with Python,CSP-XTECH65,Stanford Continuing Studies,"Online, instructor-led",Enrollment Open
https://online.stanford.edu/courses/ee274-data-compression-theory-and-applications,Data Compression: Theory and Applications,EE274,Stanford School of Engineering,NA ,NA 
https://online.stanford.edu/courses/xmlph110-data-foundations-machine-learning-medicine,Data Foundations for Machine Learning in Medicine,XMLPH110,"Stanford School of Medicine, Stanford Center for Health Education","Online, self-paced",Enrollment Open
https://online.stanford.edu/courses/cs145-data-management-and-data-systems,Data Management and Data Systems,CS145,Stanford School of Engineering,"Online, instructor-led",Enrollment Open
https://online.stanford.edu/courses/chemeng277-data-science-and-machine-learning-approaches-chemical-and-materials-engineering,Data Science and Machine Learning Approaches in Chemical and Materials Engineering,CHEMENG277,Stanford School of Engineering,NA ,NA 
https://online.stanford.edu/courses/csp-xbus41-data-science-essentials-business-managers,Data Science Essentials for Business Managers,CSP-XBUS41,Stanford Continuing Studies,"Online, instructor-led",Enrollment Open
https://online.stanford.edu/courses/biomedin215-data-science-medicine,Data Science for Medicine,BIOMEDIN215,Stanford School of Medicine,"Online, instructor-led",Enrollment Open
https://online.stanford.edu/courses/cs166-data-structures,Data Structures,CS166,Stanford School of Engineering,NA ,NA 
https://online.stanford.edu/courses/ee379a-data-transmission-design,Data Transmission Design,EE379A,Stanford School of Engineering,NA ,NA 
https://online.stanford.edu/courses/cs448b-data-visualization,Data Visualization,CS448B,Stanford School of Engineering,"Online, instructor-led",Enrollment Open
https://online.stanford.edu/courses/soe-ydatabases0001-databases-advanced-topics-sql,Databases: Advanced Topics in SQL,SOE-YDATABASES0001,Stanford School of Engineering,"Online, self-paced, EdX",Enrollment Open
https://online.stanford.edu/courses/soe-ydatabases0003-databases-modeling-and-theory,Databases: Modeling and Theory,SOE-YDATABASES0003,Stanford School of Engineering,"Online, self-paced, EdX",Enrollment Open
https://online.stanford.edu/courses/soe-ydatabases0002-databases-olap-and-recursion,Databases: OLAP and Recursion,SOE-YDATABASES0002,Stanford School of Engineering,"Online, self-paced, EdX",Enrollment Open
https://online.stanford.edu/courses/soe-ydatabases0005-databases-relational-databases-and-sql,Databases: Relational Databases and SQL,SOE-YDATABASES0005,Stanford School of Engineering,"Online, self-paced, EdX",Enrollment Open
https://online.stanford.edu/courses/soe-ydatabases0004-databases-semistructured-data,Databases: Semistructured Data,SOE-YDATABASES0004,Stanford School of Engineering,"Online, self-paced, EdX",Enrollment Open
https://online.stanford.edu/courses/cee206-decision-analysis-civil-and-environmental-engineers,Decision Analysis for Civil and Environmental Engineers,CEE206,"Stanford School of Engineering, Stanford Doerr School of Sustainability",NA ,NA 
https://online.stanford.edu/courses/aa228-decision-making-under-uncertainty,Decision Making Under Uncertainty,AA228,Stanford School of Engineering,"Online, instructor-led",Enrollment Open
https://online.stanford.edu/courses/cs236-deep-generative-models,Deep Generative Models,CS236,Stanford School of Engineering,NA ,NA 
https://online.stanford.edu/courses/cs230-deep-learning,Deep Learning,CS230,Stanford School of Engineering,"Online, instructor-led",Enrollment Open
https://online.stanford.edu/courses/cs231n-deep-learning-computer-vision,Deep Learning for Computer Vision,CS231N,Stanford School of Engineering,NA ,NA 
https://online.stanford.edu/courses/cs330-deep-multi-task-and-meta-learning,Deep Multi-task and Meta Learning,CS330,Stanford School of Engineering,NA ,NA 
https://online.stanford.edu/courses/xcs330-deep-multi-task-and-meta-learning,Deep Multi-Task and Meta Learning,XCS330,Stanford School of Engineering,"Online, instructor-paced",Enrollment Open
https://online.stanford.edu/courses/cs224r-deep-reinforcement-learning,Deep Reinforcement Learning,CS224R,Stanford School of Engineering,NA ,NA 
https://online.stanford.edu/courses/sohs-ymusic0004-defining-string-quartet-ii-beethoven,Defining the String Quartet II: Beethoven,SOHS-YMUSIC0004,Stanford School of Humanities and Sciences,"Online, self-paced, EdX",Enrollment Open
https://online.stanford.edu/courses/sohs-ymusicstrnqrtet-defining-string-quartet-haydn,Defining the String Quartet: Haydn,SOHS-YMUSICSTRNQRTET,Stanford School of Humanities and Sciences,"Online, self-paced, EdX",Enrollment Open
https://online.stanford.edu/courses/xprod160-demand-creation-launching-and-growing-your-product,Demand Creation: Launching and Growing Your Product,XPROD160,Stanford School of Engineering,"Online, self-paced",Enrollment Open
https://online.stanford.edu/courses/gsb-x0022-demystify-decision-making,Demystify Decision Making,GSB-X0022,Graduate School of Business,"Online, self-paced",Enrollment Open
https://online.stanford.edu/courses/cs161-design-and-analysis-algorithms,Design and Analysis of Algorithms,CS161,Stanford School of Engineering,"Online, instructor-led",Enrollment Open
https://online.stanford.edu/courses/epi251-design-and-conduct-clinical-trials,Design and Conduct of Clinical Trials,EPI251,Stanford School of Medicine,NA ,NA 
https://online.stanford.edu/courses/ee272-design-projects-vlsi-systems-i,Design Projects in VLSI Systems I,EE272,Stanford School of Engineering,NA ,NA 
https://online.stanford.edu/courses/xaa101-designing-reliable-and-robust-ai-systems,Designing Reliable and Robust AI Systems,XAA101,Stanford School of Engineering,NA ,NA 
https://online.stanford.edu/courses/engr311b-designing-professional,Designing the Professional,ENGR311B,Stanford School of Engineering,NA ,NA 
https://online.stanford.edu/courses/tds-y0003-designing-your-career,Designing Your Career,TDS-Y0003,Stanford School of Engineering,"Online, self-paced, EdX",Enrollment Open
https://online.stanford.edu/courses/gse-xscale-developing-instructionally-embedded-performance-assessments-ngss-classroom,Developing Instructionally-Embedded Performance Assessments for the NGSS Classroom,GSE-XSCALE,Stanford Graduate School of Education,"Online, self-paced, EdX",Enrollment Open
https://online.stanford.edu/courses/gse-xscale0002-developing-instructionally-embedded-performance-assessments-ngss-classroom,Developing Instructionally-Embedded Performance Assessments for the NGSS Classroom: Course 2,GSE-XSCALE0002,Stanford Graduate School of Education,"Online, self-paced, EdX",Enrollment Open
https://online.stanford.edu/courses/csp-xmus59-did-it-matter-does-it-now-music-and-culture-grateful-dead,Did It Matter? Does It Now? The Music and Culture of the Grateful Dead,CSP-XMUS59,Stanford Continuing Studies,"Online, instructor-led",Enrollment Open
https://online.stanford.edu/courses/csp-xsci103w-diet-and-gene-expression-you-are-what-you-eat,Diet and Gene Expression: You Are What You Eat,CSP-XSCI103W,Stanford Continuing Studies,"Online, instructor-led",Enrollment Open
https://online.stanford.edu/courses/som-xche0025-digital-health-product-development,Digital Health Product Development,SOM-XCHE0025,"Stanford School of Medicine, Stanford Center for Health Education","Online, self-paced",Enrollment Open
https://online.stanford.edu/courses/ee264-digital-signal-processing,Digital Signal Processing,EE264,Stanford School of Engineering,NA ,NA 
https://online.stanford.edu/courses/ee273-digital-systems-engineering,Digital Systems Engineering,EE273,Stanford School of Engineering,NA ,NA 
https://online.stanford.edu/courses/xdgt090-digital-transformation-program-preview,Digital Transformation Program Preview,XDGT090,Stanford School of Engineering,"Online, self-paced",Enrollment Open
https://online.stanford.edu/courses/cee209s-disaster-resilience-seminar,Disaster Resilience Seminar,CEE209S,Stanford School of Engineering,NA ,NA 
https://online.stanford.edu/courses/gsb-x0013-discover-paths-power,Discover the Paths to Power,GSB-X0013,Graduate School of Business,"Online, self-paced",Enrollment Open
https://online.stanford.edu/courses/gsb-x0010-disrupt-your-business,Disrupt Your Business,GSB-X0010,Graduate School of Business,"Online, self-paced",Enrollment Open
https://online.stanford.edu/courses/mse279-disruptive-innovations-new-globalization-era,Disruptive Innovations in New Globalization Era,MS&E279,Stanford School of Engineering,NA ,NA 
https://online.stanford.edu/courses/cs244b-distributed-systems,Distributed Systems,CS244B,Stanford School of Engineering,NA ,NA 
https://online.stanford.edu/courses/som-xche0029-diversity-equity-and-inclusion-healthcare,"Diversity, Equity, and Inclusion in Healthcare",SOM-XCHE0029,"Stanford School of Medicine, Stanford Center for Health Education","Online, self-paced, EdX",Enrollment Open
https://online.stanford.edu/courses/soe-ycs0009-divide-and-conquer-sorting-and-searching-and-randomized-algorithms,"Divide and Conquer, Sorting and Searching, and Randomized Algorithms",SOE-YCS0009,Stanford School of Engineering,"Online, self-paced, Coursera",Enrollment Open
https://online.stanford.edu/courses/csp-xart131-drawing-realistic-figure,Drawing the Realistic Figure,CSP-XART131,Stanford Continuing Studies,"Online, instructor-led",Enrollment Open
https://online.stanford.edu/courses/mse274-dynamic-entrepreneurial-strategy,Dynamic Entrepreneurial Strategy,MS&E274,Stanford School of Engineering,NA ,NA 
https://online.stanford.edu/courses/aa279d-dynamics-navigation-and-control-distributed-space-systems,"Dynamics, Navigation, and Control of Distributed Space Systems",AA279D,Stanford School of Engineering,NA ,NA 
https://online.stanford.edu/courses/mse241-economic-analysis,Economic Analysis,MS&E241,Stanford School of Engineering,NA ,NA 
https://online.stanford.edu/courses/xeiet201-economics-clean-energy-transition,Economics of the Clean Energy Transition,XEIET201,"Stanford School of Engineering, Stanford Doerr School of Sustainability","Online, self-paced",Enrollment Open
https://online.stanford.edu/courses/xeduc201xb-effective-classroom-conversations,Effective Classroom Conversations,XEDUC201XB,Stanford Graduate School of Education,"Online, self-paced",Enrollment Open
https://online.stanford.edu/courses/sohs-y0002-election-2012,Election 2012,SOHS-Y0002,Stanford School of Humanities and Sciences,NA ,NA 
https://online.stanford.edu/courses/csp-xpol68z-election-2024-democracy-ballot,Election 2024: Democracy on the Ballot,CSP-XPOL68Z,Stanford Continuing Studies,"Online, instructor-led",Enrollment Open
https://online.stanford.edu/courses/chemeng432-electrochemical-energy-conversion,Electrochemical Energy Conversion,CHEMENG432,Stanford School of Engineering,NA ,NA 
https://online.stanford.edu/courses/chemeng475-electrochemical-water-treatment-materials-and-processes,Electrochemical Water Treatment: Materials and Processes,CHEMENG475,Stanford School of Engineering,"Online, instructor-led",Enrollment Open
https://online.stanford.edu/courses/ee309b-emerging-non-volatile-memory-devices-and-circuit-design,Emerging Non-Volatile Memory Devices and Circuit Design,EE309B,Stanford School of Engineering,NA ,NA 
https://online.stanford.edu/courses/xacs301-emerging-threats-defenses,Emerging Threats & Defenses,XACS301,Stanford School of Engineering,NA ,NA 
https://online.stanford.edu/courses/som-xche0022-employee-wellness-and-stress-management,Employee Wellness and Stress Management,SOM-XCHE0022,"Stanford School of Medicine, Stanford Center for Health Education","Online, self-paced,",Enrollment Open
https://online.stanford.edu/courses/xeiet139-energy-storage,Energy Storage,XEIET139,Stanford School of Engineering,"Online, self-paced",Enrollment Open
https://online.stanford.edu/courses/aa222-engineering-design-optimization,Engineering Design Optimization,AA222,Stanford School of Engineering,NA ,NA 
https://online.stanford.edu/courses/cee146s-engineering-economics-and-sustainability,Engineering Economics and Sustainability,CEE146S,"Stanford School of Engineering, Stanford Doerr School of Sustainability","Online, instructor-led",Enrollment Open
https://online.stanford.edu/courses/mse250a-engineering-risk-analysis,Engineering Risk Analysis,MS&E250A,Stanford School of Engineering,NA ,NA 
https://online.stanford.edu/courses/mse276-entrepreneurial-management-and-finance,Entrepreneurial Management and Finance,MS&E276,Stanford School of Engineering,NA ,NA 
https://online.stanford.edu/courses/mse472-entrepreneurial-thought-leaders-seminar,Entrepreneurial Thought Leaders' Seminar,MS&E472,Stanford School of Engineering,NA ,NA 
https://online.stanford.edu/courses/mse272-entrepreneurship-without-borders,Entrepreneurship without Borders,MS&E272,Stanford School of Engineering,NA ,NA 
https://online.stanford.edu/courses/epi231-epidemiology-infectious-diseases,Epidemiology of Infectious Diseases,EPI231,Stanford School of Medicine,NA ,NA 
https://online.stanford.edu/courses/xgen207-epigenetics-and-microbiomics-precision-health,Epigenetics and Microbiomics in Precision Health,XGEN207,"Stanford School of Medicine, Stanford Center for Health Education","Online, self-paced",Enrollment Open
https://online.stanford.edu/courses/som-xche0013-essentials-palliative-care,Essentials of Palliative Care,SOM-XCHE0013,"Stanford School of Medicine, Stanford Center for Health Education","Online, self-paced, Coursera",Enrollment Open
https://online.stanford.edu/courses/sol-yphilanstrategy-essentials-program-strategy-and-evaluation,Essentials of Program Strategy and Evaluation,SOL-YPHILANSTRATEGY,Stanford Law School,"Online, self-paced, EdX",Enrollment Open
https://online.stanford.edu/courses/soe-xetech0001-ethics-technology-public-policy-practitioners,"Ethics, Technology + Public Policy for Practitioners",SOE-XETECH0001,Stanford School of Engineering,"Online, instructor-led",Enrollment Open
https://online.stanford.edu/courses/gse-xscale0004-evaluating-student-work-performance-assessments-guide-ngss-teaching-and,Evaluating Student Work from Performance Assessments to Guide NGSS Teaching and Learning: Course 4,GSE-XSCALE0004,Stanford Graduate School of Education,NA ,NA 
https://online.stanford.edu/courses/som-xche0011-evaluations-ai-applications-healthcare,Evaluations of AI Applications in Healthcare,SOM-XCHE0011,"Stanford School of Medicine, Stanford Center for Health Education","Online, self-paced, Coursera",Enrollment Open
https://online.stanford.edu/courses/som-xche0006-exercise-physiology,Exercise Physiology,SOM-XCHE0006,"Stanford School of Medicine, Stanford Center for Health Education","Online, self-paced,",Enrollment Open
https://online.stanford.edu/courses/som-y0013-exotic-tumor-database-training-certification,Exotic Tumor Database Training Certification,SOM-Y0013,Stanford School of Medicine,NA ,NA 
https://online.stanford.edu/courses/xacs133-exploiting-and-protecting-web-applications,Exploiting and Protecting Web Applications,XACS133,Stanford School of Engineering,"Online, self-paced",Enrollment Open
https://online.stanford.edu/courses/csp-xart98w-explorations-mixed-media-unleashing-creativity-through-daily-practice,Explorations in Mixed Media: Unleashing Creativity through Daily Practice,CSP-XART98W,Stanford Continuing Studies,"Online, instructor-led",Enrollment Open
https://online.stanford.edu/courses/csp-xcls117-fashion-and-other-disasters-history-clothing-middle-ages-modern-brands,Fashion and Other Disasters: A History of Clothing from the Middle Ages to Modern Brands,CSP-XCLS117,Stanford Continuing Studies,"Online, instructor-led",Enrollment Open
https://online.stanford.edu/courses/engr105-feedback-control-design,Feedback Control Design,ENGR105,Stanford School of Engineering,NA ,NA 
https://online.stanford.edu/courses/csp-xbus02-financial-planning-part-i,Financial Planning: Part I,CSP-XBUS02,Stanford Continuing Studies,"Online, instructor-led",Enrollment Open
https://online.stanford.edu/courses/mse246-financial-risk-analytics,Financial Risk Analytics,MS&E246,Stanford School of Engineering,NA ,NA 
https://online.stanford.edu/courses/som-y0019-focused-bedside-tte-and-ultrasound,Focused Bedside TTE and Ultrasound,SOM-Y0019,Stanford School of Medicine,"Online, self-paced, EdX",Enrollment Open
https://online.stanford.edu/courses/soeees-yci0001-forest-monitoring-claslite,Forest Monitoring with CLASlite,SOEEES-YCI0001,Stanford Doerr School of Sustainability,"Online, self-paced, EdX",Enrollment Open
https://online.stanford.edu/courses/xdgt100-foundations-digital-transformation,Foundations for Digital Transformation,XDGT100,Stanford School of Engineering,"Online, self-paced",Enrollment Open
https://online.stanford.edu/courses/mse252-foundations-decision-analysis,Foundations of Decision Analysis,MS&E252,Stanford School of Engineering,"Online, instructor-led",Enrollment Open
https://online.stanford.edu/courses/xacs101-foundations-information-security,Foundations of Information Security,XACS101,Stanford School of Engineering,"Online, self-paced",Enrollment Open
https://online.stanford.edu/courses/csp-xtech14-data-deployment-creating-production-ready-large-language-model-applications,From Data to Deployment: Creating Production-Ready Large Language Model Applications,CSP-XTECH14,Stanford Continuing Studies,"Online, instructor-led",Enrollment Open
https://online.stanford.edu/courses/csp-xart21-idea-launch-create-and-produce-your-own-podcast,From Idea to Launch: Create and Produce Your Own Podcast,CSP-XART21,Stanford Continuing Studies,"Online, instructor-led",Enrollment Open
https://online.stanford.edu/courses/chemeng345-fundamentals-and-applications-spectroscopy,Fundamentals and Applications of Spectroscopy,CHEMENG345,Stanford School of Engineering,NA ,NA 
https://online.stanford.edu/courses/ee214a-fundamentals-analog-integrated-circuit-design,Fundamentals of Analog Integrated Circuit Design,EE214A,Stanford School of Engineering,"Online, instructor-led",Enrollment Open
https://online.stanford.edu/courses/aa210a-fundamentals-compressible-flow,Fundamentals of Compressible Flow,AA210A,Stanford School of Engineering,"Online, instructor-led",Enrollment Open
https://online.stanford.edu/courses/cs248b-fundamentals-computer-graphics-animation-and-simulation,Fundamentals of Computer Graphics: Animation and Simulation,CS248B,Stanford School of Engineering,"Online, instructor-led",Enrollment Open
https://online.stanford.edu/courses/mse226-fundamentals-data-science-prediction-inference-causality,"Fundamentals of Data Science: Prediction, Inference, Causality",MS&E226,Stanford School of Engineering,"Online, instructor-led",Enrollment Open
https://online.stanford.edu/courses/som-xche0010-fundamentals-machine-learning-healthcare,Fundamentals of Machine Learning for Healthcare,SOM-XCHE0010,"Stanford School of Medicine, Stanford Center for Health Education","Online, self-paced, Coursera",Enrollment Open
https://online.stanford.edu/courses/csp-xbus62-fundamentals-product-management,Fundamentals of Product Management,CSP-XBUS62,Stanford Continuing Studies,"Online, instructor-led",Enrollment Open
https://online.stanford.edu/courses/csp-xbus300-futurist-leadership-thrive-during-times-accelerated-change,Futurist Leadership: Thrive during Times of Accelerated Change,CSP-XBUS300,Stanford Continuing Studies,"Online, instructor-led",Enrollment Open
https://online.stanford.edu/courses/soe-ycs0002-game-theory,Game Theory,SOE-YCS0002,Stanford School of Engineering,"Online, self-paced, Coursera",Enrollment Open
https://online.stanford.edu/courses/soe-ycs0004-game-theory-ii-advanced-applications,Game Theory II: Advanced Applications,SOE-YCS0004,Stanford School of Engineering,"Online, self-paced, Coursera",Enrollment Open
https://online.stanford.edu/courses/xgen203-genetic-engineering-and-biotechnology,Genetic Engineering and Biotechnology,XGEN203,"Stanford School of Medicine, Stanford Center for Health Education","Online, self-paced",Enrollment Open
https://online.stanford.edu/courses/xgen102-genomics-and-other-omics-comprehensive-essentials,Genomics and the Other Omics: The Comprehensive Essentials,XGEN102,"Stanford School of Medicine, Stanford Center for Health Education","Online, self-paced",Enrollment Open
https://online.stanford.edu/courses/xprod110-sp-gerencia-de-productos-transformando-oportunidades-en-grandes-productos-en,Gerencia de productos: Transformando oportunidades en grandes productos (En Español),XPROD110-SP,Stanford School of Engineering,"Online, self-paced",Enrollment Open
https://online.stanford.edu/courses/xgbi110-getting-buy-your-ideas,Getting Buy-In for Your Ideas,XGBI110,Stanford School of Engineering,"Online, self-paced",Enrollment Open
https://online.stanford.edu/courses/gsb-y0003-giving-20-mooc,Giving 2.0: The MOOC,GSB-Y0003,Graduate School of Business,"Online, self-paced, Coursera",Enrollment Open
https://online.stanford.edu/courses/mse271-global-entrepreneurial-marketing,Global Entrepreneurial Marketing,MS&E271,Stanford School of Engineering,"Online, instructor-led","Enrollment Full, Waitlist Open"
https://online.stanford.edu/courses/xexe349-global-unicorn-program-frontiers-social-innovation,Global Unicorn Program Frontiers in Social Innovation,XEXE349,Stanford School of Engineering,NA ,NA 
https://online.stanford.edu/courses/soe-ycs0010-graph-search-shortest-paths-and-data-structures,"Graph Search, Shortest Paths, and Data Structures",SOE-YCS0010,Stanford School of Engineering,"Online, self-paced, Coursera",Enrollment Open
https://online.stanford.edu/courses/soe-ycs0011-greedy-algorithms-minimum-spanning-trees-and-dynamic-programming,"Greedy Algorithms, Minimum Spanning Trees, and Dynamic Programming",SOE-YCS0011,Stanford School of Engineering,"Online, self-paced, Coursera",Enrollment Open
https://online.stanford.edu/courses/chemeng420-growth-and-form,Growth and Form,CHEMENG420,Stanford School of Engineering,NA ,NA 
https://online.stanford.edu/courses/xche0029-gut-health-and-microbiome,Gut Health and the Microbiome,XCHE0029,Stanford School of Medicine,"Online, self-paced,",Enrollment Open
https://online.stanford.edu/courses/intlpol268-hack-lab,Hack Lab,INTLPOL268,Stanford School of Engineering,NA ,NA 
https://online.stanford.edu/courses/cs217-hardware-accelerators-machine-learning,Hardware Accelerators for Machine Learning,CS217,Stanford School of Engineering,NA ,NA 
https://online.stanford.edu/courses/sdss-xgp150-harnessing-power-geophysical-imaging-recharge-californias-groundwater,Harnessing the Power of Geophysical Imaging to Recharge California’s Groundwater,SDSS-XGP150,Stanford Doerr School of Sustainability,"Online, self-paced",Enrollment Open
https://online.stanford.edu/courses/som-ycme0034-health-across-gender-spectrum,Health Across the Gender Spectrum,SOM-YCME0034,Stanford School of Medicine,"Online, self-paced, EdX",Enrollment Open
https://online.stanford.edu/courses/som-y0003-health-across-gender-spectrum,Health Across the Gender Spectrum,SOM-Y0003,Stanford School of Medicine,"Online, self-paced, Coursera",Enrollment Open
https://online.stanford.edu/courses/som-ycme0048-health-after-cancer-cancer-survivorship-primary-care,Health After Cancer: Cancer Survivorship for Primary Care,SOM-YCME0048,Stanford School of Medicine,"Online, self-paced, Coursera",Enrollment Open
https://online.stanford.edu/courses/som-xche0019-health-communication-strategies-impact-and-success,Health Communication: Strategies for Impact and Success,SOM-XCHE0019,"Stanford School of Medicine, Stanford Center for Health Education","Online, self-paced, EdX",Enrollment Open
https://online.stanford.edu/courses/som-xche0024-healthcare-leadership,Healthcare Leadership,SOM-XCHE0024,"Stanford School of Medicine, Stanford Center for Health Education","Online, self-paced,",Enrollment Open
https://online.stanford.edu/courses/mse263-healthcare-operations-management,Healthcare Operations Management,MS&E263,Stanford School of Engineering,NA ,NA 
https://online.stanford.edu/courses/som-xche0026-healthcare-risk-management,Healthcare Risk Management,SOM-XCHE0026,"Stanford School of Medicine, Stanford Center for Health Education","Online, self-paced, EdX",Enrollment Open
https://online.stanford.edu/courses/som-ycme0010-healthpro-advantage-anti-doping-education-health-professional-cme,HealthPro Advantage: Anti-Doping Education for the Health Professional (CME),SOM-YCME0010,Stanford School of Medicine,"Online, self-paced",Enrollment Open
https://online.stanford.edu/courses/csp-xcom88-high-impact-communication-advance-your-technology-career,High-Impact Communication to Advance Your Technology Career,CSP-XCOM88,Stanford Continuing Studies,"Online, instructor-led",Enrollment Open
https://online.stanford.edu/courses/csp-xbus109-high-velocity-leadership-new-skills-navigating-workplace-change,High-Velocity Leadership: New Skills for Navigating Workplace Change,CSP-XBUS109,Stanford Continuing Studies,"Online, instructor-led",Enrollment Open
https://online.stanford.edu/courses/csp-xflm155-hollywood-1950s-10-essential-filmmakers,Hollywood in the 1950s: 10 Essential Filmmakers,CSP-XFLM155,Stanford Continuing Studies,"Online, instructor-led",Enrollment Open
https://online.stanford.edu/courses/csp-xbus11-how-build-successful-startups-learn-lessons-straight-silicon-valley,How to Build Successful Startups: Learn Lessons Straight from Silicon Valley Entrepreneurs,CSP-XBUS11,Stanford Continuing Studies,"Online, instructor-led",Enrollment Open
https://online.stanford.edu/courses/xeduc115n-how-learn-math-teachers,How to Learn Math for Teachers,XEDUC115N,Stanford Graduate School of Education,"Online, self-paced",Enrollment Open
https://online.stanford.edu/courses/gse-yeduc115-s-how-learn-math-students,How to Learn Math: For Students,GSE-YEDUC115-S,Stanford Graduate School of Education,"Online, self-paced, EdX",Enrollment Open
https://online.stanford.edu/courses/som-ycme0022-how-taper-patients-chronic-opioid-therapy,How To Taper Patients Off Of Chronic Opioid Therapy,SOM-YCME0022,Stanford School of Medicine,"Online, self-paced, EdX",Enrollment Open
https://online.stanford.edu/courses/sohs-yhisthtawrns-human-trafficking-awareness-general-public,Human Trafficking Awareness for the General Public,SOHS-YHISTHTAWRNS,Stanford School of Humanities and Sciences,NA ,NA 
https://online.stanford.edu/courses/sohs-yhisthtrestrnt-human-trafficking-awareness-restaurant-industry,Human Trafficking Awareness for the Restaurant Industry,SOHS-YHISTHTRESTRNT,Stanford School of Humanities and Sciences,NA ,NA 
https://online.stanford.edu/courses/xdgt115-human-centered-design-digital-transformation,Human-Centered Design for Digital Transformation,XDGT115,Stanford School of Engineering,"Online, self-paced",Enrollment Open
https://online.stanford.edu/courses/cs547-human-computer-interaction-seminar,Human-Computer Interaction Seminar,CS547,Stanford School of Engineering,"Online, instructor-led",Enrollment Open
https://online.stanford.edu/courses/xeiet239-hybrid-and-electric-vehicles,Hybrid and Electric Vehicles,XEIET239,"Stanford School of Engineering, Stanford Doerr School of Sustainability","Online, self-paced",Enrollment Open
https://online.stanford.edu/courses/som-ycme0038-hypertension-primary-care-cme,Hypertension in Primary Care (CME),SOM-YCME0038,Stanford School of Medicine,"Online, self-paced, EdX",Enrollment Open
https://online.stanford.edu/courses/som-y0022-identifying-and-responding-developmental-delay-young-children,Identifying and Responding to Developmental Delay in Young Children,SOM-Y0022,Stanford School of Medicine,"Online, self-paced, EdX",Enrollment Open
https://online.stanford.edu/courses/som-ycme0035-identifying-early-signs-psychosis-adolescents-and-young-adults,Identifying Early Signs of Psychosis in Adolescents and Young Adults,SOM-YCME0035,Stanford School of Medicine,"Online, self-paced, EdX",Enrollment Open
https://online.stanford.edu/courses/psych221-image-systems-engineering,Image Systems Engineering,PSYCH221,Stanford School of Humanities and Sciences,"Online, instructor-led",Enrollment Open
https://online.stanford.edu/courses/gsb-x0008-impact-coaching,Impact Coaching,GSB-X0008,Graduate School of Business,NA ,NA 
https://online.stanford.edu/courses/cs269i-incentives-computer-science,Incentives in Computer Science,CS269I,Stanford School of Engineering,NA ,NA 
https://online.stanford.edu/courses/csp-xbus38-influencer-marketing-strategy-and-impact,Influencer Marketing: Strategy and Impact,CSP-XBUS38,Stanford Continuing Studies,"Online, instructor-led",Enrollment Open
https://online.stanford.edu/courses/ee276-information-theory,Information Theory,EE276,Stanford School of Engineering,NA ,NA 
https://online.stanford.edu/courses/ee212-integrated-circuit-fabrication-processes,Integrated Circuit Fabrication Processes,EE212,Stanford School of Engineering,"Online, instructor-led",Enrollment Open
https://online.stanford.edu/courses/epi261-intermediate-biostatistics-analysis-discrete-data,Intermediate Biostatistics: Analysis of Discrete Data,EPI261,Stanford School of Medicine,NA ,NA 
https://online.stanford.edu/courses/epi262-intermediate-biostatistics-regression-prediction-survival-analysis,"Intermediate Biostatistics: Regression, Prediction, Survival Analysis",EPI262,Stanford School of Medicine,NA ,NA 
https://online.stanford.edu/courses/epi226-intermediate-epidemiologic-and-clinical-research-methods,Intermediate Epidemiologic and Clinical Research Methods,EPI226,Stanford School of Medicine,NA ,NA 
https://online.stanford.edu/courses/intlpol241s-international-security-changing-world,International Security in a Changing World,INTLPOL241S,,NA ,NA 
https://online.stanford.edu/courses/sohs-yintwomenhealth-international-womens-health-and-human-rights,International Women's Health and Human Rights,SOHS-YINTWOMENHEALTH,Stanford School of Humanities and Sciences,"Online, self-paced, EdX",Enrollment Open
https://online.stanford.edu/courses/som-yipe21cc-interprofessional-education-21st-century-care,Interprofessional Education for 21st Century Care,SOM-YIPE21CC,Stanford School of Medicine,"Online, self-paced, EdX",Enrollment Open
https://online.stanford.edu/courses/stats191-introduction-applied-statistics,Introduction to Applied Statistics,STATS191,Stanford School of Humanities and Sciences,NA ,NA 
https://online.stanford.edu/courses/cs257-introduction-automated-reasoning,Introduction to Automated Reasoning,CS257,Stanford School of Engineering,NA ,NA 
https://online.stanford.edu/courses/som-xche0009-introduction-clinical-data,Introduction to Clinical Data,SOM-XCHE0009,"Stanford School of Medicine, Stanford Center for Health Education","Online, self-paced, Coursera",Enrollment Open
https://online.stanford.edu/courses/cs148-introduction-computer-graphics-and-imaging,Introduction to Computer Graphics and Imaging,CS148,Stanford School of Engineering,"Online, instructor-led",Enrollment Open
https://online.stanford.edu/courses/soe-ynetworking-sp-introduction-computer-networking,Introduction to Computer Networking,SOE-YNETWORKING-SP,Stanford School of Engineering,NA ,NA 
https://online.stanford.edu/courses/cs144-introduction-computer-networking,Introduction to Computer Networking,CS144,Stanford School of Engineering,NA ,NA 
https://online.stanford.edu/courses/engr205-introduction-control-design-techniques,Introduction To Control Design Techniques,ENGR205,Stanford School of Engineering,NA ,NA 
https://online.stanford.edu/courses/cs255-introduction-cryptography,Introduction to Cryptography,CS255,Stanford School of Engineering,NA ,NA 
https://online.stanford.edu/courses/csp-xtech26-introduction-data-visualization-python,Introduction to Data Visualization with Python,CSP-XTECH26,Stanford Continuing Studies,"Online, instructor-led",Enrollment Open
https://online.stanford.edu/courses/xcdt110-introduction-design-thinking,Introduction to Design Thinking,XCDT110,Stanford School of Engineering,"Online, self-paced",Enrollment Open
https://online.stanford.edu/courses/ee279-introduction-digital-communication,Introduction to Digital Communication,EE279,Stanford School of Engineering,NA ,NA 
https://online.stanford.edu/courses/epi225-introduction-epidemiologic-and-clinical-research-methods,Introduction to Epidemiologic and Clinical Research Methods,EPI225,Stanford School of Medicine,"Online, instructor-led",Enrollment Open
https://online.stanford.edu/courses/som-ycme0004-introduction-food-and-health,Introduction to Food and Health,SOM-YCME0004,Stanford School of Medicine,"Online, self-paced, Coursera",Enrollment Open
https://online.stanford.edu/courses/soe-yhapatics-introduction-haptics,Introduction to Haptics,SOE-YHAPATICS,Stanford School of Engineering,"Online, self-paced, EdX",Enrollment Open
https://online.stanford.edu/courses/som-xche0008-introduction-healthcare,Introduction to Healthcare,SOM-XCHE0008,"Stanford School of Medicine, Stanford Center for Health Education","Online, self-paced, Coursera",Enrollment Open
https://online.stanford.edu/courses/ee284a-introduction-internet-things,Introduction to Internet of Things,EE284A,Stanford School of Engineering,NA ,NA 
https://online.stanford.edu/courses/xee100-introduction-internet-things,Introduction to Internet of Things,XEE100,Stanford School of Engineering,"Online, self-paced",Enrollment Open
https://online.stanford.edu/courses/csp-xphoto32-introduction-iphoneography-using-your-smartphone-make-extraordinary-images,Introduction to iPhoneography: Using Your Smartphone to Make Extraordinary Images,CSP-XPHOTO32,Stanford Continuing Studies,"Online, instructor-led",Enrollment Open
https://online.stanford.edu/courses/ee263-introduction-linear-dynamical-systems,Introduction to Linear Dynamical Systems,EE263,Stanford School of Engineering,"Online, instructor-led",Enrollment Open
https://online.stanford.edu/courses/soe-yintrologic-introduction-logic,Introduction to Logic,SOE-YINTROLOGIC,Stanford School of Engineering,"Online, self-paced, Coursera",Enrollment Open
https://online.stanford.edu/courses/hstar-y0001-introduction-mathematical-thinking,Introduction to Mathematical Thinking,HSTAR-Y0001,Stanford Graduate School of Education,"Online, self-paced, Coursera",Enrollment Open
https://online.stanford.edu/courses/cee101e-introduction-mechanics-fluids,Introduction to Mechanics of Fluids,CEE101E,"Stanford School of Engineering, Stanford Doerr School of Sustainability",NA ,NA 
https://online.stanford.edu/courses/me210-introduction-mechatronics,Introduction to Mechatronics,ME210,Stanford School of Engineering,NA ,NA 
https://online.stanford.edu/courses/engr240-introduction-micro-and-nano-electromechanical-systems,Introduction to Micro and Nano Electromechanical Systems,ENGR240,Stanford School of Engineering,NA ,NA 
https://online.stanford.edu/courses/mse260-introduction-operations-management,Introduction to Operations Management,MS&E260,Stanford School of Engineering,"Online, instructor-led",Enrollment Open
https://online.stanford.edu/courses/mse211-introduction-optimization,Introduction to Optimization,MS&E211,Stanford School of Engineering,NA ,NA 
https://online.stanford.edu/courses/mse211x-introduction-optimization-accelerated,Introduction to Optimization (Accelerated),MS&E211X,Stanford School of Engineering,NA ,NA 
https://online.stanford.edu/courses/epi259-introduction-probability-and-statistics-epidemiology,Introduction to Probability and Statistics for Epidemiology,EPI259,Stanford School of Medicine,"Online, instructor-led",Enrollment Open
https://online.stanford.edu/courses/cs109-introduction-probability-computer-scientists,Introduction to Probability for Computer Scientists,CS109,Stanford School of Engineering,"Online, instructor-led",Enrollment Open
https://online.stanford.edu/courses/soe-ycee0001-introduction-probability-management,Introduction to Probability Management,SOE-YCEE0001,Stanford School of Engineering,"Online, self-paced, EdX",Enrollment Open
https://online.stanford.edu/courses/mse265-introduction-product-management,Introduction to Product Management,MS&E265,Stanford School of Engineering,NA ,NA 
https://online.stanford.edu/courses/stats203-introduction-regression-models-and-analysis-variance,Introduction to Regression Models and Analysis of Variance,STATS203,Stanford School of Humanities and Sciences,"Online, instructor-led",No Longer Available
https://online.stanford.edu/courses/stats203v-introduction-regression-models-and-analysis-variance-summer,Introduction to Regression Models and Analysis of Variance (Summer),STATS203V,Stanford School of Humanities and Sciences,NA ,NA 
https://online.stanford.edu/courses/cs223a-introduction-robotics,Introduction to Robotics,CS223A,Stanford School of Engineering,NA ,NA 
https://online.stanford.edu/courses/me220-introduction-sensors,Introduction to Sensors,ME220,Stanford School of Engineering,NA ,NA 
https://online.stanford.edu/courses/stats216-introduction-statistical-learning,Introduction to Statistical Learning,STATS216,Stanford School of Humanities and Sciences,NA ,NA 
https://online.stanford.edu/courses/stats216v-introduction-statistical-learning-summer,Introduction to Statistical Learning (Summer),STATS216V,Stanford School of Humanities and Sciences,NA ,NA 
https://online.stanford.edu/courses/ee278-introduction-statistical-signal-processing,Introduction to Statistical Signal Processing,EE278,Stanford School of Engineering,"Online, instructor-led",Enrollment Open
https://online.stanford.edu/courses/xfds110-introduction-statistics,Introduction to Statistics,XFDS110,Stanford School of Humanities and Sciences,"Online, self-paced, Coursera",Enrollment Open
https://online.stanford.edu/courses/stats217-introduction-stochastic-processes-i,Introduction to Stochastic Processes I,STATS217,Stanford School of Humanities and Sciences,NA ,NA 
https://online.stanford.edu/courses/som-y0025-introduction-systematic-reviews,Introduction to Systematic Reviews,SOM-Y0025,Stanford School of Medicine,"Online, self-paced, EdX",Enrollment Open
https://online.stanford.edu/courses/swie-yncp102-introduction-natural-capital-approach-department-defense-environments,Introduction to the Natural Capital Approach in Department of Defense Environments,SWIE-YNCP102,,NA ,NA 
https://online.stanford.edu/courses/swie-yncp101-introduction-natural-capital-project-approach,Introduction to the Natural Capital Project Approach,SWIE-YNCP101,,"Online, self-paced, EdX",Enrollment Open
https://online.stanford.edu/courses/cs154-introduction-theory-computation,Introduction to the Theory of Computation,CS154,Stanford School of Engineering,"Online, instructor-led",Enrollment Open
https://online.stanford.edu/courses/stats200-introduction-theoretical-statistics,Introduction to Theoretical Statistics,STATS200,Stanford School of Humanities and Sciences,"Online, instructor-led",Enrollment Open
https://online.stanford.edu/courses/ee271-introduction-vlsi-systems,Introduction to VLSI Systems,EE271,Stanford School of Engineering,"Online, instructor-led",Enrollment Open
https://online.stanford.edu/courses/mse245a-investment-science,Investment Science,MS&E245A,Stanford School of Engineering,"Online, instructor-led",Enrollment Open
https://online.stanford.edu/courses/csp-xbus104-investments-todays-market-stocks-venture-capital-biotech-and-ai,"Investments in Today's Market: Stocks, Venture Capital, Biotech, and AI",CSP-XBUS104,Stanford Continuing Studies,"Online, instructor-led",Enrollment Open
https://online.stanford.edu/courses/gse-xstep0003-istep-institute-inquiry-stanford-teacher-education-program,iSTEP Institute: Inquiry into the Stanford Teacher Education Program,GSE-XSTEP0003,Stanford Graduate School of Education,NA ,NA 
https://online.stanford.edu/courses/som-y0012-know-hbvhcv,KNOW HBV/HCV,SOM-Y0012,Stanford School of Medicine,"Online, self-paced, EdX",Enrollment Open
https://online.stanford.edu/courses/sohs-xlpl-sp-language-proof-and-logic,"Language, Proof and Logic",SOHS-XLPL-SP,Stanford School of Humanities and Sciences,NA ,NA 
https://online.stanford.edu/courses/xldr229-leading-innovation,Leading Innovation,XLDR229,Stanford School of Engineering,"Online, self-paced",Enrollment Open
https://online.stanford.edu/courses/xldr100-leading-people-culture-and-innovation-program-preview,"Leading People, Culture, and Innovation Program Preview",XLDR100,Stanford School of Engineering,"Online, self-paced",Enrollment Open
https://online.stanford.edu/courses/gsb-x0016-leading-improv-mindset,Leading with an Improv Mindset,GSB-X0016,Graduate School of Business,NA ,NA 
https://online.stanford.edu/courses/mse450-lessons-decision-making,Lessons in Decision Making,MS&E450,Stanford School of Engineering,NA ,NA 
https://online.stanford.edu/courses/gsb-x0012-leverage-diversity-and-inclusion-organizational-excellence,Leverage Diversity and Inclusion for Organizational Excellence,GSB-X0012,Graduate School of Business,"Online, self-paced",Enrollment Open
https://online.stanford.edu/courses/math51-linear-algebra-multivariable-calculus-and-modern-applications,"Linear Algebra, Multivariable Calculus, and Modern Applications",MATH51,Stanford School of Humanities and Sciences,NA ,NA 
https://online.stanford.edu/courses/fsi-y0002-living-nuclear-brink-yesterday-and-today,Living at the Nuclear Brink: Yesterday and Today,FSI-Y0002,,"Online, self-paced, EdX",Enrollment Open
https://online.stanford.edu/courses/som-ycme0041-locating-and-using-medical-information-digital-age-cme,Locating and Using Medical Information in the Digital Age (CME),SOM-YCME0041,Stanford School of Medicine,NA ,NA 
https://online.stanford.edu/courses/sohs-y0004-love-force-social-justice,Love as a Force for Social Justice,SOHS-Y0004,Stanford School of Humanities and Sciences,"Online, self-paced, Coursera",Enrollment Open
https://online.stanford.edu/courses/xcs229-machine-learning,Machine Learning,XCS229,Stanford School of Engineering,"Online, instructor-paced",Enrollment Open
https://online.stanford.edu/courses/cs229-machine-learning,Machine Learning,CS229,Stanford School of Engineering,"Online, instructor-led",Enrollment Open
https://online.stanford.edu/courses/cs329h-machine-learning-human-preferences,Machine Learning from Human Preferences,CS329H,Stanford School of Engineering,"Online, instructor-led",Enrollment Open
https://online.stanford.edu/courses/soe-ymls-machine-learning-specialization,Machine Learning Specialization,SOE-YMLS,Stanford School of Engineering,"Online, self-paced, Coursera",Enrollment Open
https://online.stanford.edu/courses/cs224w-machine-learning-graphs,Machine Learning with Graphs,CS224W,Stanford School of Engineering,"Online, instructor-led",Enrollment Open
https://online.stanford.edu/courses/csp-xbus260-making-high-quality-decisions-practical-guide-decision-analysis,Making High-Quality Decisions: A Practical Guide to Decision Analysis,CSP-XBUS260,Stanford Continuing Studies,"Online, instructor-led",Enrollment Open
https://online.stanford.edu/courses/csp-xpsy96-manage-emotions-using-cognitive-behavioral-therapy-skills,Manage Emotions Using Cognitive Behavioral Therapy Skills,CSP-XPSY96,Stanford Continuing Studies,"Online, instructor-led",Enrollment Open
https://online.stanford.edu/courses/xlfh110-managing-remote-and-hybrid-teams,Managing Remote and Hybrid Teams,XLFH110,Stanford School of Engineering,"Online, self-paced",Enrollment Open
https://online.stanford.edu/courses/csp-xcw79w-manuscript-makeover-copyediting-essentials-authors-and-editors,Manuscript Makeover: Copyediting Essentials for Authors and Editors,CSP-XCW79W,Stanford Continuing Studies,"Online, instructor-led",Enrollment Open
https://online.stanford.edu/courses/xapro210-mastering-generative-ai-product-innovation,Mastering Generative AI for Product Innovation,XAPRO210,Stanford School of Engineering,"Online, self-paced",Enrollment Open
https://online.stanford.edu/courses/som-xche0018-mastering-medical-teaching,Mastering Medical Teaching,SOM-XCHE0018,"Stanford School of Medicine, Stanford Center for Health Education","Online, self-paced",Enrollment Open
https://online.stanford.edu/courses/xprod210-mastering-product-management-building-your-strategy,Mastering Product Management: Building Your Strategy,XPROD210,Stanford School of Engineering,"Online, self-paced",Enrollment Open
https://online.stanford.edu/courses/cs103-mathematical-foundations-computing,Mathematical Foundations of Computing,CS103,Stanford School of Engineering,"Online, instructor-led",Enrollment Open
https://online.stanford.edu/courses/xeduc215n-mathematical-mindsets,Mathematical Mindsets,XEDUC215N,Stanford Graduate School of Education,"Online, self-paced",Enrollment Open
https://online.stanford.edu/courses/chemeng470-mechanics-soft-matter-rheology,Mechanics of Soft Matter: Rheology,CHEMENG470,Stanford School of Engineering,NA ,NA 
https://online.stanford.edu/courses/ee369b-medical-imaging-systems-ii,Medical Imaging Systems II,EE369B,Stanford School of Engineering,NA ,NA 
https://online.stanford.edu/courses/som-xche0002-medical-statistics-i-introduction-data-analysis-and-descriptive-statistics,Medical Statistics I:  Introduction to Data Analysis and Descriptive Statistics,SOM-XCHE0002,"Stanford School of Medicine, Stanford Center for Health Education","Online, self-paced",Enrollment Open
https://online.stanford.edu/courses/som-xche0003-medical-statistics-ii-probability-and-inference,Medical Statistics II: Probability and Inference,SOM-XCHE0003,"Stanford School of Medicine, Stanford Center for Health Education","Online, self-paced",Enrollment Open
https://online.stanford.edu/courses/som-xche0004-medical-statistics-iii-common-statistical-tests-medical-research,Medical Statistics III: Common Statistical Tests in Medical Research,SOM-XCHE0004,"Stanford School of Medicine, Stanford Center for Health Education","Online, self-paced",Enrollment Open
https://online.stanford.edu/courses/csp-xcnf96-memoir-workshop-excavating-memory-toward-revelation,Memoir Workshop: Excavating Memory toward Revelation,CSP-XCNF96,Stanford Continuing Studies,"Online, instructor-led",Enrollment Open
https://online.stanford.edu/courses/chemeng440-micro-and-nanoscale-fabrication-engineering,Micro and Nanoscale Fabrication Engineering,CHEMENG440,Stanford School of Engineering,NA ,NA 
https://online.stanford.edu/courses/chemeng310-microhydrodynamics,Microhydrodynamics,CHEMENG310,Stanford School of Engineering,NA ,NA 
https://online.stanford.edu/courses/soe-ycs0007-mining-massive-data-sets,Mining Massive Data Sets,SOE-YCS0007,Stanford School of Engineering,"Online, self-paced, EdX",Enrollment Open
https://online.stanford.edu/courses/cs246-mining-massive-data-sets,Mining Massive Data Sets,CS246,Stanford School of Engineering,NA ,NA 
https://online.stanford.edu/courses/xacs215-mobile-security,Mobile Security,XACS215,Stanford School of Engineering,"Online, self-paced",Enrollment Open
https://online.stanford.edu/courses/xmlph210-model-development-deployment-and-ethical-considerations,"Model Development, Deployment, and Ethical Considerations",XMLPH210,"Stanford School of Medicine, Stanford Center for Health Education","Online, self-paced",Enrollment Open
https://online.stanford.edu/courses/biomedin210-modeling-biomedical-systems,Modeling Biomedical Systems,BIOMEDIN210,Stanford School of Medicine,NA ,NA 
https://online.stanford.edu/courses/stats315b-modern-applied-statistics-learning-ii,Modern Applied Statistics: Learning II,STATS315B,Stanford School of Humanities and Sciences,NA ,NA 
https://online.stanford.edu/courses/cee273t-modern-modeling-techniques-water-and-wastewater-systems,Modern Modeling Techniques for Water and Wastewater Systems,CEE273T,Stanford School of Engineering,NA ,NA 
https://online.stanford.edu/courses/stats366-modern-statistics-modern-biology,Modern Statistics for Modern Biology,STATS366,Stanford School of Humanities and Sciences,NA ,NA 
https://online.stanford.edu/courses/som-y0016-molecular-foundations-medicine,Molecular Foundations of Medicine,SOM-Y0016,Stanford School of Medicine,"Online, self-paced, EdX",Enrollment Open
https://online.stanford.edu/courses/chemeng340-molecular-thermodynamics,Molecular Thermodynamics,CHEMENG340,Stanford School of Engineering,"Online, instructor-led",Enrollment Open
https://online.stanford.edu/courses/som-ycme0024-musculoskeletal-primer-non-orthopedist,Musculoskeletal Primer for the Non-Orthopedist,SOM-YCME0024,Stanford School of Medicine,"Online, self-paced, EdX",Enrollment Open
https://online.stanford.edu/courses/soe-ynanofab01-nanostanford,Nano@Stanford,SOE-YNANOFAB01,Stanford School of Engineering,"Online, instructor-led,",Enrollment Open
https://online.stanford.edu/courses/cs224n-natural-language-processing-deep-learning,Natural Language Processing with Deep Learning,CS224N,Stanford School of Engineering,NA ,NA 
https://online.stanford.edu/courses/xcs224n-natural-language-processing-deep-learning,Natural Language Processing with Deep Learning,XCS224N,Stanford School of Engineering,"Online, instructor-paced",Enrollment Open
https://online.stanford.edu/courses/cs224u-natural-language-understanding,Natural Language Understanding,CS224U,Stanford School of Engineering,NA ,NA 
https://online.stanford.edu/courses/csp-xbus126w-navigate-workplace-managing-down-and-across,"Navigate the Workplace: Managing Up, Down, and Across",CSP-XBUS126W,Stanford Continuing Studies,"Online, instructor-led",Enrollment Open
https://online.stanford.edu/courses/som-ycme0037-nets-101-cme,Nets 101 (CME),SOM-YCME0037,Stanford School of Medicine,NA ,NA 
https://online.stanford.edu/courses/xacs255-network-security,Network Security,XACS255,Stanford School of Engineering,"Online, self-paced",Enrollment Open
https://online.stanford.edu/courses/som-ycme34132-neuromuscular-monitoring,Neuromuscular Monitoring,SOM-YCME34132,Stanford School of Medicine,"Online, self-paced, EdX",Enrollment Open
https://online.stanford.edu/courses/xgen206-new-frontiers-cancer-genomics,New Frontiers in Cancer Genomics,XGEN206,"Stanford School of Medicine, Stanford Center for Health Education","Online, self-paced",Enrollment Open
https://online.stanford.edu/courses/csp-xphi128-nietzsche-radical-re-evaluation,Nietzsche: A Radical Re-Evaluation,CSP-XPHI128,Stanford Continuing Studies,"Online, instructor-led",Enrollment Open
https://online.stanford.edu/courses/csp-xnvl42w-novel-workshop-absolute-beginners,Novel Workshop for Absolute Beginners,CSP-XNVL42W,Stanford Continuing Studies,"Online, instructor-led",Enrollment Open
https://online.stanford.edu/courses/csp-xnvl45w-novel-workshop-manuscripts-progress-going-distance,Novel Workshop for Manuscripts in Progress: Going the Distance,CSP-XNVL45W,Stanford Continuing Studies,"Online, instructor-led",Enrollment Open
https://online.stanford.edu/courses/som-xche0001-nutrition-science,Nutrition Science,SOM-XCHE0001,"Stanford School of Medicine, Stanford Center for Health Education","Online, self-paced,",Enrollment Open
https://online.stanford.edu/courses/cs108-object-oriented-systems-design,Object-Oriented Systems Design,CS108,Stanford School of Engineering,NA ,NA 
https://online.stanford.edu/courses/csp-xart197-oil-painting-developing-your-artistic-practice,Oil Painting: Developing Your Artistic Practice,CSP-XART197,Stanford Continuing Studies,"Online, instructor-led",Enrollment Open
https://online.stanford.edu/courses/sohs-music0001-online-jamming-and-concert-technology,Online Jamming and Concert Technology,SOHS-MUSIC0001,Stanford School of Humanities and Sciences,"Online, self-paced,",Enrollment Open
https://online.stanford.edu/courses/cs212-operating-systems-and-systems-programming,Operating Systems and Systems Programming,CS212,Stanford School of Engineering,NA ,NA 
https://online.stanford.edu/courses/cs112-operating-systems-kernel-implementation-project,Operating Systems Kernel Implementation Project,CS112,Stanford School of Engineering,NA ,NA 
https://online.stanford.edu/courses/cs111-operating-systems-principles,Operating Systems Principles,CS111,Stanford School of Engineering,NA ,NA 
https://online.stanford.edu/courses/aa203-optimal-and-learning-based-control,Optimal and Learning-based Control,AA203,Stanford School of Engineering,NA ,NA 
https://online.stanford.edu/courses/mse311-optimization,Optimization,MS&E311,Stanford School of Engineering,NA ,NA 
https://online.stanford.edu/courses/cs369o-optimization-algorithms,Optimization Algorithms,CS369O,Stanford School of Engineering,"Online, instructor-led",Enrollment Open
https://online.stanford.edu/courses/som-ycme0049-optimizing-antimicrobial-therapy-timeouts-update,Optimizing Antimicrobial Therapy with Timeouts Update,SOM-YCME0049,Stanford School of Medicine,"Online, self-paced, EdX",Enrollment Open
https://online.stanford.edu/courses/gse-y0025-organizational-analysis,Organizational Analysis,GSE-Y0025,Stanford Graduate School of Education,"Online, self-paced, Coursera",Enrollment Open
https://online.stanford.edu/courses/mse280-organizational-behavior-evidence-action,Organizational Behavior: Evidence in Action,MS&E280,Stanford School of Engineering,NA ,NA 
https://online.stanford.edu/courses/csp-xart187-painting-observation,Painting from Observation,CSP-XART187,Stanford Continuing Studies,"Online, instructor-led",Enrollment Open
https://online.stanford.edu/courses/som-xche0017-palliative-care-always-capstone,Palliative Care Always Capstone,SOM-XCHE0017,"Stanford School of Medicine, Stanford Center for Health Education","Online, self-paced, Coursera",Enrollment Open
https://online.stanford.edu/courses/som-y0021-palliative-care-always-specialization,Palliative Care Always Specialization,SOM-Y0021,Stanford School of Medicine,NA ,NA 
https://online.stanford.edu/courses/som-y0005-palliative-care-always-india,Palliative Care Always: India,SOM-Y0005,Stanford School of Medicine,NA ,NA 
https://online.stanford.edu/courses/cs149-parallel-computing,Parallel Computing,CS149,Stanford School of Engineering,"Online, instructor-led",Enrollment Open
https://online.stanford.edu/courses/cee220c-parametric-design-and-optimization,Parametric Design and Optimization,CEE220C,"Stanford School of Engineering, Stanford Doerr School of Sustainability",NA ,NA 
https://online.stanford.edu/courses/som-y0026-partnering-patients-and-public-co-production,Partnering with Patients and the Public in Co-Production,SOM-Y0026,Stanford School of Medicine,"Online, instructor-led",Enrollment Open
https://online.stanford.edu/courses/som-y0023-partnering-public-and-patients-medical-research,Partnering with the Public and Patients in Medical Research,SOM-Y0023,Stanford School of Medicine,"Online, self-paced, EdX",Enrollment Open
https://online.stanford.edu/courses/gse-xscale0001-performance-assessment-ngss-classroom-course-1,Performance Assessment in the NGSS Classroom: Course 1,GSE-XSCALE0001,Stanford Graduate School of Education,"Online, self-paced, EdX",Enrollment Open
https://online.stanford.edu/courses/csp-xcnf106-personal-essay-workshop-crafting-micro-memoirs,Personal Essay Workshop: Crafting Micro Memoirs,CSP-XCNF106,Stanford Continuing Studies,"Online, instructor-led",Enrollment Open
https://online.stanford.edu/courses/csp-xcw85w-personal-essay-workshop-how-land-new-york-times-modern-love-column,Personal Essay Workshop: How to Land in The New York Times Modern Love Column,CSP-XCW85W,Stanford Continuing Studies,"Online, instructor-led",Enrollment Open
https://online.stanford.edu/courses/xgen205-personal-genomics-and-your-health,Personal Genomics and Your Health,XGEN205,"Stanford School of Medicine, Stanford Center for Health Education","Online, self-paced",Enrollment Open
https://online.stanford.edu/courses/sohs-music0002-physics-based-sound-synthesis-games-and-interactive-systems,Physics-Based Sound Synthesis for Games and Interactive Systems,SOHS-MUSIC0002,Stanford School of Humanities and Sciences,"Online, self-paced,",Enrollment Open
https://online.stanford.edu/courses/csp-xbus61-pitch-perfect-mastering-startup-presentation-deck,Pitch Perfect: Mastering the Startup Presentation Deck,CSP-XBUS61,Stanford Continuing Studies,"Online, instructor-led",Enrollment Open
https://online.stanford.edu/courses/xeiet200-planning-sustainable-future-wind-water-and-sun,"Planning for a Sustainable Future with Wind, Water and the Sun",XEIET200,Stanford School of Engineering,NA ,NA 
https://online.stanford.edu/courses/csp-xpoet43-poetry-workshop-locating-language-your-life,Poetry Workshop: Locating the Language of Your Life,CSP-XPOET43,Stanford Continuing Studies,"Online, instructor-led",Enrollment Open
https://online.stanford.edu/courses/csp-xpoet41-poetry-workshop-writing-poems-love-and-praise,Poetry Workshop: Writing Poems of Love and Praise,CSP-XPOET41,Stanford Continuing Studies,"Online, instructor-led",Enrollment Open
https://online.stanford.edu/courses/chemeng464-polymer-chemistry,Polymer Chemistry,CHEMENG464,Stanford School of Engineering,NA ,NA 
https://online.stanford.edu/courses/chemeng466-polymer-physics,Polymer Physics,CHEMENG466,Stanford School of Engineering,NA ,NA 
https://online.stanford.edu/courses/som-xche0028-positive-psychology-and-well-being-psychological-biological-and-social-aspects,"Positive Psychology and Well-Being: The Psychological, Biological, and Social Aspects of Happiness",SOM-XCHE0028,"Stanford School of Medicine, Stanford Center for Health Education","Online, self-paced,",Enrollment Open
https://online.stanford.edu/courses/epi237-practical-approaches-global-health-research,Practical Approaches to Global Health Research,EPI237,Stanford School of Medicine,"Online, instructor-led",Enrollment Open
https://online.stanford.edu/courses/som-ycme0005-prescription-drug-misuse-and-addiction-compassionate-care-complex-problem,Prescription Drug Misuse and Addiction: Compassionate Care for a Complex Problem,SOM-YCME0005,Stanford School of Medicine,"Online, self-paced, EdX",Enrollment Open
https://online.stanford.edu/courses/som-ycme0040-presentation-and-management-pediatric-acute-onset-neuropsychiatric-syndrome,Presentation and Management of Pediatric Acute-Onset Neuropsychiatric Syndrome (CME),SOM-YCME0040,Stanford School of Medicine,NA ,NA 
https://online.stanford.edu/courses/som-xche0021-preventing-heart-disease,Preventing Heart Disease,SOM-XCHE0021,"Stanford School of Medicine, Stanford Center for Health Education","Online, self-paced,",Enrollment Open
https://online.stanford.edu/courses/ee216-principles-and-models-semiconductor-devices,Principles and Models of Semiconductor Devices,EE216,Stanford School of Engineering,"Online, instructor-led",Enrollment Open
https://online.stanford.edu/courses/chemeng443-principles-and-practice-heterogeneous-catalysis,Principles and practice of heterogeneous catalysis,CHEMENG443,Stanford School of Engineering,NA ,NA 
https://online.stanford.edu/courses/xgen201-principles-and-practices-gene-therapy,Principles and Practices of Gene Therapy,XGEN201,"Stanford School of Medicine, Stanford Center for Health Education","Online, self-paced",Enrollment Open
https://online.stanford.edu/courses/soe-ycsprincipofcomp-principles-computing,Principles of Computing,SOE-YCSPRINCIPOFCOMP,Stanford School of Engineering,NA ,NA 
https://online.stanford.edu/courses/cs245-principles-data-intensive-systems,Principles of Data-Intensive Systems,CS245,Stanford School of Engineering,NA ,NA 
https://online.stanford.edu/courses/sohs-yeconschool-principles-economics,Principles of Economics,SOHS-YECONSCHOOL,Stanford School of Humanities and Sciences,"Online, self-paced, EdX",Enrollment Open
https://online.stanford.edu/courses/biomedin224-principles-pharmacogenomics,Principles of Pharmacogenomics,BIOMEDIN224,Stanford School of Medicine,"Online, instructor-led",Enrollment Open
https://online.stanford.edu/courses/cs237a-principles-robot-autonomy-i,Principles of Robot Autonomy I,CS237A,Stanford School of Engineering,"Online, instructor-led",Enrollment Open
https://online.stanford.edu/courses/aa274a-principles-robot-autonomy-i,Principles of Robot Autonomy I,AA274A,Stanford School of Engineering,NA ,NA 
https://online.stanford.edu/courses/cs237b-principles-robot-autonomy-ii,Principles of Robot Autonomy II,CS237B,Stanford School of Engineering,NA ,NA 
https://online.stanford.edu/courses/ee259-principles-sensing-autonomy,Principles of Sensing for Autonomy,EE259,Stanford School of Engineering,NA ,NA 
https://online.stanford.edu/courses/mse220-probabilistic-analysis,Probabilistic Analysis,MS&E220,Stanford School of Engineering,"Online, instructor-led",Enrollment Open
https://online.stanford.edu/courses/soe-y0008-probabilistic-graphical-models-1-representation,Probabilistic Graphical Models 1: Representation,SOE-Y0008,Stanford School of Engineering,"Online, self-paced, Coursera",Enrollment Open
https://online.stanford.edu/courses/soe-y0009-probabilistic-graphical-models-2-inference,Probabilistic Graphical Models 2: Inference,SOE-Y0009,Stanford School of Engineering,"Online, self-paced, Coursera",Enrollment Open
https://online.stanford.edu/courses/soe-y0010-probabilistic-graphical-models-3-learning,Probabilistic Graphical Models 3: Learning,SOE-Y0010,Stanford School of Engineering,"Online, self-paced, Coursera",Enrollment Open
https://online.stanford.edu/courses/cs228-probabilistic-graphical-models-principles-and-techniques,Probabilistic Graphical Models: Principles and Techniques,CS228,Stanford School of Engineering,NA ,NA 
https://online.stanford.edu/courses/csp-xphi127-probing-existence-beyond-heideggers-being-and-time,Probing Existence: Beyond Heidegger’s Being and Time,CSP-XPHI127,Stanford Continuing Studies,"Online, instructor-led",Enrollment Open
https://online.stanford.edu/courses/xprod120-product-costing-understanding-financials-your-product,Product Costing: Understanding the Financials of Your Product,XPROD120,Stanford School of Engineering,"Online, self-paced",Enrollment Open
https://online.stanford.edu/courses/cee250-product-management-fundamentals-real-economy,Product Management Fundamentals for the Real Economy,CEE250,"Stanford School of Engineering, Stanford Doerr School of Sustainability",NA ,NA 
https://online.stanford.edu/courses/xprod100-product-management-program-preview,Product Management Program Preview,XPROD100,Stanford School of Engineering,"Online, self-paced",Enrollment Open
https://online.stanford.edu/courses/xprod300-product-management-accelerated,Product Management: Accelerated,XPROD300,Stanford School of Engineering,"Online, instructor-paced",Enrollment Open
https://online.stanford.edu/courses/xprod110-product-management-transforming-opportunities-great-products,Product Management: Transforming Opportunities into Great Products,XPROD110,Stanford School of Engineering,"Online, self-paced",Enrollment Open
https://online.stanford.edu/courses/xprod154-product-marketing-meeting-needs-your-customers,Product Marketing: Meeting the Needs of Your Customers,XPROD154,Stanford School of Engineering,"Online, self-paced",Enrollment Open
https://online.stanford.edu/courses/cs243-program-analysis-and-optimizations,Program Analysis and Optimizations,CS243,Stanford School of Engineering,NA ,NA 
https://online.stanford.edu/courses/cs106b-programming-abstractions,Programming Abstractions,CS106B,Stanford School of Engineering,"Online, instructor-led",Enrollment Open
https://online.stanford.edu/courses/cs242-programming-languages,Programming Languages,CS242,Stanford School of Engineering,"Online, instructor-led",Enrollment Open
https://online.stanford.edu/courses/sohs-ymusic0003-programming-max-structuring-interactive-software-digital-arts,Programming MAX: Structuring Interactive Software for Digital Arts,SOHS-YMUSIC0003,Stanford School of Humanities and Sciences,"Online, self-paced,",Enrollment Open
https://online.stanford.edu/courses/cs106a-programming-methodology,Programming Methodology,CS106A,Stanford School of Engineering,"Online, instructor-led",Enrollment Open
https://online.stanford.edu/courses/cee242r-project-risk-analysis,Project Risk Analysis,CEE242R,"Stanford School of Engineering, Stanford Doerr School of Sustainability",NA ,NA 
https://online.stanford.edu/courses/som-xche0027-psychology-high-performance,Psychology for High Performance,SOM-XCHE0027,"Stanford School of Medicine, Stanford Center for Health Education","Online, self-paced,",Enrollment Open
https://online.stanford.edu/courses/som-xche0005-psychology-addiction-and-recovery,Psychology of Addiction and Recovery,SOM-XCHE0005,"Stanford School of Medicine, Stanford Center for Health Education","Online, self-paced,",Enrollment Open
https://online.stanford.edu/courses/bioe300b-quantitative-physiology,Quantitative Physiology,BIOE300B,Stanford School of Engineering,NA ,NA 
https://online.stanford.edu/courses/cs259q-quantum-computing,Quantum Computing,CS259Q,Stanford School of Engineering,"Online, instructor-led",Enrollment Open
https://online.stanford.edu/courses/soe-yeeqmse01-quantum-mechanics-scientists-and-engineers,Quantum Mechanics for Scientists and Engineers,SOE-YEEQMSE01,Stanford School of Engineering,"Online, self-paced, EdX",Enrollment Open
https://online.stanford.edu/courses/soe-yeeqmse02-quantum-mechanics-scientists-and-engineers-2,Quantum Mechanics for Scientists and Engineers 2,SOE-YEEQMSE02,Stanford School of Engineering,"Online, self-paced, EdX",Enrollment Open
https://online.stanford.edu/courses/soe-yeeqmse-02-quantum-mechanics-scientists-and-engineers-2,Quantum Mechanics for Scientists and Engineers 2,SOE-YEEQMSE-02,Stanford School of Engineering,NA ,NA 
https://online.stanford.edu/courses/xfds112-r-programming-fundamentals,R Programming Fundamentals,XFDS112,Stanford School of Humanities and Sciences,"Online, self-paced, EdX",Enrollment Open
https://online.stanford.edu/courses/cs265-randomized-algorithms-and-probabilistic-analysis,Randomized Algorithms and Probabilistic Analysis,CS265,Stanford School of Engineering,NA ,NA 
https://online.stanford.edu/courses/csp-xcw81-reading-writer-unlocking-creativity-through-literary-analysis,Reading Like a Writer: Unlocking Creativity through Literary Analysis,CSP-XCW81,Stanford Continuing Studies,"Online, instructor-led",Enrollment Open
https://online.stanford.edu/courses/csp-xlit78-reading-proust-pleasure,Reading Proust for Pleasure,CSP-XLIT78,Stanford Continuing Studies,"Online, instructor-led",Enrollment Open
https://online.stanford.edu/courses/gse-y0026-reading-learn-science,Reading to Learn in Science,GSE-Y0026,Stanford Graduate School of Education,NA ,NA 
https://online.stanford.edu/courses/sohs-ymusic0006-real-time-audio-signal-processing-faust,Real-Time Audio Signal Processing in Faust,SOHS-YMUSIC0006,Stanford School of Humanities and Sciences,"Online, self-paced,",Enrollment Open
https://online.stanford.edu/courses/cs234-reinforcement-learning,Reinforcement Learning,CS234,Stanford School of Engineering,NA ,NA 
https://online.stanford.edu/courses/biomedin214-representations-and-algorithms-computational-molecular-biology,Representations and Algorithms for Computational Molecular Biology,BIOMEDIN214,Stanford School of Medicine,"Online, instructor-led",Enrollment Open
https://online.stanford.edu/courses/bioe301p-research-data-computation-visualization,"Research Data, Computation, & Visualization",BIOE301P,Stanford School of Engineering,NA ,NA 
https://online.stanford.edu/courses/soeees-ygeoresgeo202-reservoir-geomechanics,Reservoir Geomechanics,SOEEES-YGEORESGEO202,Stanford Doerr School of Sustainability,"Online, self-paced, EdX",Enrollment Open
https://online.stanford.edu/courses/csp-xarth56-revolutionary-avant-gardes-episodes-19th-century-european-art,Revolutionary Avant-Gardes: Episodes in 19th-Century European Art,CSP-XARTH56,Stanford Continuing Studies,"Online, instructor-led",Enrollment Open
https://online.stanford.edu/courses/som-biochem001-rna-biology-eterna-academy,RNA Biology with Eterna Academy,SOM-BIOCHEM001,Stanford School of Medicine,"Online, self-paced, Coursera",Enrollment Open
https://online.stanford.edu/courses/ee227-robot-perception,Robot Perception,EE227,Stanford School of Engineering,"Online, instructor-led",Enrollment Open
https://online.stanford.edu/courses/engr319-robotics-and-autonomous-systems-seminar,Robotics and Autonomous Systems Seminar,ENGR319,Stanford School of Engineering,"Online, instructor-led",Enrollment Open
https://online.stanford.edu/courses/aa289-robotics-and-autonomous-systems-seminar,Robotics and Autonomous Systems Seminar,AA289,Stanford School of Engineering,NA ,NA 
https://online.stanford.edu/courses/cs529-robotics-and-autonomous-systems-seminar,Robotics and Autonomous Systems Seminar,CS529,Stanford School of Engineering,NA ,NA 
https://online.stanford.edu/courses/csp-xcla76-roman-satire-then-and-now-horace-seneca-and-juvenal,"Roman Satire Then and Now: Horace, Seneca, and Juvenal",CSP-XCLA76,Stanford Continuing Studies,"Online, instructor-led",Enrollment Open
https://online.stanford.edu/courses/csp-xhis104-russias-great-and-infamous-tsars-imperial-romanovs-1613-1917,Russia’s Great and Infamous Tsars: The Imperial Romanovs (1613–1917),CSP-XHIS104,Stanford Continuing Studies,"Online, instructor-led",Enrollment Open
https://online.stanford.edu/courses/som-ycme0033-safetyquest-level-four-mastering-qi,SafetyQuest: Level Four - Mastering QI,SOM-YCME0033,Stanford School of Medicine,"Online, self-paced, EdX",Enrollment Open
https://online.stanford.edu/courses/som-ycme0030-safetyquest-level-one-q1-basics,SafetyQuest: Level One - Q1 Basics,SOM-YCME0030,Stanford School of Medicine,"Online, self-paced, EdX",Enrollment Open
https://online.stanford.edu/courses/som-ycme0032-safetyquest-level-three-implementing-qi,SafetyQuest: Level Three - Implementing QI,SOM-YCME0032,Stanford School of Medicine,"Online, self-paced, EdX",Enrollment Open
https://online.stanford.edu/courses/som-ycme0031-safetyquest-level-two-moving-beyond-qi-basics,SafetyQuest: Level Two - Moving Beyond QI Basics,SOM-YCME0031,Stanford School of Medicine,"Online, self-paced, EdX",Enrollment Open
https://online.stanford.edu/courses/xldr232-scaling-excellence-how-grow-and-spread-greatness,Scaling Excellence: How to Grow and Spread Greatness,XLDR232,Stanford School of Engineering,"Online, self-paced",Enrollment Open
https://online.stanford.edu/courses/csp-xcls133-science-technology-art-interwoven-history,"Science, Technology, Art: An Interwoven History",CSP-XCLS133,Stanford Continuing Studies,"Online, instructor-led",Enrollment Open
https://online.stanford.edu/courses/sohs-y0007-semantics-first-order-logic,Semantics of First-Order Logic,SOHS-Y0007,Stanford School of Humanities and Sciences,NA ,NA 
https://online.stanford.edu/courses/ee309a-semiconductor-memory-devices-and-circuit-design,Semiconductor Memory Devices and Circuit Design,EE309A,Stanford School of Engineering,NA ,NA 
https://online.stanford.edu/courses/ee392t-seminar-chip-test-and-debug,Seminar in Chip Test and Debug,EE392T,Stanford School of Engineering,NA ,NA 
https://online.stanford.edu/courses/ee292e-seminar-series-image-systems-engineering,Seminar Series for Image Systems Engineering,EE292E,Stanford School of Engineering,"Online, instructor-led",Enrollment Open
https://online.stanford.edu/courses/gsb-x0011-sharpen-your-communication-skills,Sharpen Your Communication Skills,GSB-X0011,Graduate School of Business,"Online, self-paced",Enrollment Open
https://online.stanford.edu/courses/csp-xfict54w-short-fiction-workshop-build-story-ground,Short Fiction Workshop: Build a Story from the Ground Up,CSP-XFICT54W,Stanford Continuing Studies,"Online, instructor-led",Enrollment Open
https://online.stanford.edu/courses/csp-xfict104-short-fiction-workshop-elevate-your-craft,Short Fiction Workshop: Elevate Your Craft,CSP-XFICT104,Stanford Continuing Studies,"Online, instructor-led",Enrollment Open
https://online.stanford.edu/courses/csp-xfict105-short-fiction-workshop-four-beginnings-one-ending,"Short Fiction Workshop: Four Beginnings, One Ending",CSP-XFICT105,Stanford Continuing Studies,"Online, instructor-led",Enrollment Open
https://online.stanford.edu/courses/soe-ycs0012-shortest-paths-revisited-np-complete-problems-and-what-do-about-them,"Shortest Paths Revisited, NP-Complete Problems and What To Do About Them",SOE-YCS0012,Stanford School of Engineering,NA ,NA 
https://online.stanford.edu/courses/mse223-simulation,Simulation,MS&E223,Stanford School of Engineering,NA ,NA 
https://online.stanford.edu/courses/sohs-yecon0001-social-and-economic-networks-models-and-analysis,Social and Economic Networks: Models and Analysis,SOHS-YECON0001,Stanford School of Humanities and Sciences,"Online, self-paced, Coursera",Enrollment Open
https://online.stanford.edu/courses/cs278-social-computing,Social Computing,CS278,Stanford School of Engineering,NA ,NA 
https://online.stanford.edu/courses/cs349h-software-techniques-emerging-hardware-platforms,Software Techniques for Emerging Hardware Platforms,CS349H,Stanford School of Engineering,"Online, instructor-led",Enrollment Open
https://online.stanford.edu/courses/xeiet132-solar-cells,Solar Cells,XEIET132,Stanford School of Engineering,NA ,NA 
https://online.stanford.edu/courses/aa279a-space-mechanics,Space Mechanics,AA279A,Stanford School of Engineering,NA ,NA 
https://online.stanford.edu/courses/aa279c-spacecraft-attitude-determination-and-control,Spacecraft Attitude Determination and Control,AA279C,Stanford School of Engineering,NA ,NA 
https://online.stanford.edu/courses/aa204-spacecraft-electric-propulsion,Spacecraft Electric Propulsion,AA204,Stanford School of Engineering,NA ,NA 
https://online.stanford.edu/courses/csp-xspa04-spanish-conversation-and-culture,Spanish Conversation and Culture,CSP-XSPA04,Stanford Continuing Studies,"Online, instructor-led",Enrollment Open
https://online.stanford.edu/courses/csp-xcw165-speakeasy-pleasures-writing-good-dialogue,Speakeasy: The Pleasures of Writing Good Dialogue,CSP-XCW165,Stanford Continuing Studies,"Online, instructor-led",Enrollment Open
https://online.stanford.edu/courses/sohs-yclassics-sports-and-university,Sports and the University,SOHS-YCLASSICS,Stanford School of Humanities and Sciences,NA ,NA 
https://online.stanford.edu/courses/csp-xsci46-sports-nutrition,Sports Nutrition,CSP-XSCI46,Stanford Continuing Studies,"Online, instructor-led",Enrollment Open
https://online.stanford.edu/courses/gse-xcset0030-stanford-cset-school-leaders-program,Stanford CSET School Leaders Program,GSE-XCSET0030,Stanford Graduate School of Education,NA ,NA 
https://online.stanford.edu/courses/som-y0018-stanfords-short-course-breastfeeding,Stanford's Short Course on Breastfeeding,SOM-Y0018,Stanford School of Medicine,"Online, self-paced, Coursera",Enrollment Open
https://online.stanford.edu/courses/aa273-state-estimation-and-filtering-robotic-perception,State Estimation and Filtering for Robotic Perception,AA273,Stanford School of Engineering,NA ,NA 
https://online.stanford.edu/courses/stats202-statistical-learning-and-data-science,Statistical Learning and Data Science,STATS202,Stanford School of Humanities and Sciences,"Online, instructor-led",Enrollment Open
https://online.stanford.edu/courses/sohs-ystatslearningp-statistical-learning-python,Statistical Learning with Python,SOHS-YSTATSLEARNINGP,Stanford School of Humanities and Sciences,"Online, self-paced, EdX",Enrollment Open
https://online.stanford.edu/courses/sohs-ystatslearning-statistical-learning-r,Statistical Learning with R,SOHS-YSTATSLEARNING,Stanford School of Humanities and Sciences,"Online, self-paced, EdX",Enrollment Open
https://online.stanford.edu/courses/stats110-statistical-methods-engineering-and-physical-sciences,Statistical Methods in Engineering and the Physical Sciences,STATS110,Stanford School of Humanities and Sciences,NA ,NA 
https://online.stanford.edu/courses/sohs-ystatsreasoning-statistical-reasoning,Statistical Reasoning,SOHS-YSTATSREASONING,Stanford School of Humanities and Sciences,NA ,NA 
https://online.stanford.edu/courses/csp-xtech105-statistics-ai-machine-learning-and-data-science,"Statistics for AI, Machine Learning, and Data Science",CSP-XTECH105,Stanford Continuing Studies,"Online, instructor-led",Enrollment Open
https://online.stanford.edu/courses/xgen204-stem-cell-therapeutics,Stem Cell Therapeutics,XGEN204,"Stanford School of Medicine, Stanford Center for Health Education","Online, self-paced",Enrollment Open
https://online.stanford.edu/courses/mse221-stochastic-modeling,Stochastic Modeling,MS&E221,Stanford School of Engineering,NA ,NA 
https://online.stanford.edu/courses/som-y0008-stories-infection,Stories of Infection,SOM-Y0008,Stanford School of Medicine,"Online, self-paced, Coursera",Enrollment Open
https://online.stanford.edu/courses/som-xcape110-strategies-debriefing-healthcare-scenarios,Strategies for Debriefing Healthcare Scenarios,SOM-XCAPE110,Stanford School of Medicine,"Online, self-paced",Enrollment Open
https://online.stanford.edu/courses/xeiet110-strategies-sustainability,Strategies for Sustainability,XEIET110,"Stanford School of Engineering, Stanford Doerr School of Sustainability","Online, self-paced",Enrollment Open
https://online.stanford.edu/courses/som-xche0016-supporting-families-and-caregivers,Supporting Families and Caregivers,SOM-XCHE0016,"Stanford School of Medicine, Stanford Center for Health Education","Online, self-paced, Coursera",Enrollment Open
https://online.stanford.edu/courses/som-xche0014-symptom-management,Symptom Management,SOM-XCHE0014,"Stanford School of Medicine, Stanford Center for Health Education","Online, self-paced, Coursera",Enrollment Open
https://online.stanford.edu/courses/cs229s-systems-machine-learning,Systems for Machine Learning,CS229S,Stanford School of Engineering,"Online, instructor-led",Enrollment Open
https://online.stanford.edu/courses/xdgt111-systems-leadership-managing-uncertainty-digital-age,Systems Leadership: Managing Uncertainty in the Digital Age,XDGT111,"Stanford School of Engineering, Graduate School of Business","Online, self-paced",Enrollment Open
https://online.stanford.edu/courses/bioe103-systems-physiology-and-design,Systems Physiology and Design,BIOE103,Stanford School of Engineering,NA ,NA 
https://online.stanford.edu/courses/ee310-systemx-ubiquitous-sensing-computing-and-communication-seminar,"SystemX: Ubiquitous Sensing, Computing and Communication Seminar",EE310,Stanford School of Engineering,NA ,NA 
https://online.stanford.edu/courses/csp-xmus53-taylor-swift-and-millennial-america,Taylor Swift and Millennial America,CSP-XMUS53,Stanford Continuing Studies,"Online, instructor-led",Enrollment Open
https://online.stanford.edu/courses/xldr226-team-collaboration-managing-across-boundaries,Team Collaboration: Managing Across Boundaries,XLDR226,Stanford School of Engineering,"Online, self-paced",Enrollment Open
https://online.stanford.edu/courses/aa252-techniques-failure-analysis,Techniques of Failure Analysis,AA252,Stanford School of Engineering,NA ,NA 
https://online.stanford.edu/courses/mse293-technology-and-national-security,Technology and National Security,MS&E293,Stanford School of Engineering,NA ,NA 
https://online.stanford.edu/courses/intlpol256-technology-and-national-security,Technology and National Security,INTLPOL256,,NA ,NA 
https://online.stanford.edu/courses/mse256-technology-assessment-and-regulation-medical-devices,Technology Assessment and Regulation of Medical Devices,MS&E256,Stanford School of Engineering,NA ,NA 
https://online.stanford.edu/courses/som-xche0020-telehealth-strategy-implementation-and-optimization,"Telehealth: Strategy, Implementation, and Optimization",SOM-XCHE0020,"Stanford School of Medicine, Stanford Center for Health Education","Online, self-paced,",Enrollment Open
https://online.stanford.edu/courses/med251c-z-translational-medicine-emerging-trends-drug-development-and-next-gen-innovations,The A to Z of Translational Medicine: Emerging Trends in Drug Development and Next-gen Innovations,MED251C,Stanford School of Medicine,"Online, instructor-led",Not Yet Available
https://online.stanford.edu/courses/med251a-z-translational-medicine-fundamentals-and-technical-considerations-drug-development,The A to Z of Translational Medicine: Fundamentals and Technical Considerations of Drug Development,MED251A,Stanford School of Medicine,"Online, instructor-led",Not Yet Available
https://online.stanford.edu/courses/med251b-z-translational-medicine-strategic-challenges-drug-development,The A to Z of Translational Medicine: Strategic Challenges in Drug Development,MED251B,Stanford School of Medicine,"Online, instructor-led",Not Yet Available
https://online.stanford.edu/courses/soe-ycs0028-ai-awakening-implications-economy-and-society,The AI Awakening: Implications for the Economy and Society,SOE-YCS0028,Stanford School of Engineering,"Online, self-paced, Coursera",Enrollment Open
https://online.stanford.edu/courses/csp-xtech101-ai-leadership-series-introducing-ai-systems,The AI Leadership Series: Introducing AI Systems,CSP-XTECH101,Stanford Continuing Studies,"Online, instructor-led",Enrollment Open
https://online.stanford.edu/courses/csp-xcw44-art-cookbook-writing-plate-page,The Art of Cookbook Writing: From Plate to Page,CSP-XCW44,Stanford Continuing Studies,"Online, instructor-led",Enrollment Open
https://online.stanford.edu/courses/csp-xcom92-art-public-speaking,The Art of Public Speaking,CSP-XCOM92,Stanford Continuing Studies,"Online, instructor-led",Enrollment Open
https://online.stanford.edu/courses/csp-xcw19wa-creative-habit-cultivate-daily-writing-practice,The Creative Habit: Cultivate a Daily Writing Practice,CSP-XCW19WA,Stanford Continuing Studies,"Online, instructor-led",Enrollment Open
https://online.stanford.edu/courses/csp-xcw19wb-creative-habit-cultivate-daily-writing-practice,The Creative Habit: Cultivate a Daily Writing Practice,CSP-XCW19WB,Stanford Continuing Studies,"Online, instructor-led",Enrollment Open
https://online.stanford.edu/courses/mse494-energy-seminar,The Energy Seminar,MS&E494,Stanford School of Engineering,"Online, instructor-led",Enrollment Open
https://online.stanford.edu/courses/mse254-ethical-analyst,The Ethical Analyst,MS&E254,Stanford School of Engineering,NA ,NA 
https://online.stanford.edu/courses/ee261-fourier-transform-and-its-applications,The Fourier Transform and Its Applications,EE261,Stanford School of Engineering,"Online, instructor-led",Enrollment Open
https://online.stanford.edu/courses/csp-xgeog05-historical-geography-us-presidential-elections,The Historical Geography of US Presidential Elections,CSP-XGEOG05,Stanford Continuing Studies,"Online, instructor-led",Enrollment Open
https://online.stanford.edu/courses/csp-xfd02w-history-culture-and-science-cheese-tasting-journey,"The History, Culture, and Science of Cheese: A Tasting Journey",CSP-XFD02W,Stanford Continuing Studies,"Online, instructor-led",Enrollment Open
https://online.stanford.edu/courses/xdgt110-industrialists-dilemma-how-adapt-changing-landscape,The Industrialist’s Dilemma:  How to Adapt to a Changing Landscape,XDGT110,"Stanford School of Engineering, Graduate School of Business","Online, self-paced",Enrollment Open
https://online.stanford.edu/courses/cs168-modern-algorithmic-toolbox,The Modern Algorithmic Toolbox,CS168,Stanford School of Engineering,NA ,NA 
https://online.stanford.edu/courses/sohs-ymusic0005-new-world-arnold-schonbergs-piano-music,The New World of Arnold Schönberg's Piano Music,SOHS-YMUSIC0005,Stanford School of Humanities and Sciences,"Online, self-paced, EdX",Enrollment Open
https://online.stanford.edu/courses/xldr217-power-stories-fuel-innovation,The Power of Stories to Fuel Innovation,XLDR217,Stanford School of Engineering,"Online, self-paced",Enrollment Open
https://online.stanford.edu/courses/csp-xpol69-power-us-dollar,The Power of the US Dollar,CSP-XPOL69,Stanford Continuing Studies,"Online, instructor-led",Enrollment Open
https://online.stanford.edu/courses/csp-xlaw05z-right-vote-and-law-us-democracy,The Right to Vote and the Law of US Democracy,CSP-XLAW05Z,Stanford Continuing Studies,"Online, instructor-led",Enrollment Open
https://online.stanford.edu/courses/xeiet120-role-water-and-energy-circular-economies,The Role of Water and Energy for Circular Economies,XEIET120,"Stanford School of Engineering, Stanford Doerr School of Sustainability","Online, self-paced",Enrollment Open
https://online.stanford.edu/courses/me349-science-and-practice-metal-3d-printing,The Science and the Practice of Metal 3D Printing,ME349,Stanford School of Engineering,NA ,NA 
https://online.stanford.edu/courses/mse178-spirit-entrepreneurship,The Spirit of Entrepreneurship,MS&E178,Stanford School of Engineering,NA ,NA 
https://online.stanford.edu/courses/fsi-y0001-threat-nuclear-terrorism,The Threat of Nuclear Terrorism,FSI-Y0001,,"Online, self-paced, EdX",Enrollment Open
https://online.stanford.edu/courses/stats116-theory-probability,Theory of Probability,STATS116,Stanford School of Humanities and Sciences,NA ,NA 
https://online.stanford.edu/courses/stats118-theory-probability-ii,Theory of Probability II,STATS118,Stanford School of Humanities and Sciences,NA ,NA 
https://online.stanford.edu/courses/soe-ymatsci0001-thermodynamics-and-phase-equilibria,Thermodynamics and Phase Equilibria,SOE-YMATSCI0001,Stanford School of Engineering,"Online, self-paced, EdX",Enrollment Open
https://online.stanford.edu/courses/som-ycme0019-thinking-critically-interpreting-randomized-clinical-trials-cme,Thinking Critically: Interpreting Randomized Clinical Trials (CME),SOM-YCME0019,Stanford School of Medicine,"Online, self-paced, EdX",Enrollment Open
https://online.stanford.edu/courses/som-ycme0020-prescribe-or-not-prescribe-antibiotics-and-outpatient-infections-cme,To Prescribe or Not To Prescribe? Antibiotics and Outpatient Infections (CME),SOM-YCME0020,Stanford School of Medicine,"Online, self-paced, EdX",Enrollment Open
https://online.stanford.edu/courses/cs326-topics-advanced-robotic-manipulation,Topics in Advanced Robotic Manipulation,CS326,Stanford School of Engineering,NA ,NA 
https://online.stanford.edu/courses/xeiet237-transforming-grid-ai-renewables-storage-evs-and-prosumers,"Transforming the Grid: AI, Renewables, Storage, EVs, and Prosumers",XEIET237,"Stanford School of Engineering, Stanford Doerr School of Sustainability","Online, self-paced",Enrollment Open
https://online.stanford.edu/courses/som-xche0015-transitions-care-survivorship-hospice,Transitions in Care from Survivorship to Hospice,SOM-XCHE0015,"Stanford School of Medicine, Stanford Center for Health Education","Online, self-paced, Coursera",Enrollment Open
https://online.stanford.edu/courses/cs152-trust-and-safety-engineering,Trust and Safety Engineering,CS152,Stanford School of Engineering,NA ,NA 
https://online.stanford.edu/courses/xdgt212-turn-data-insights-predictive-modeling,Turn Data into Insights with Predictive Modeling,XDGT212,Stanford School of Engineering,"Online, self-paced",Enrollment Open
https://online.stanford.edu/courses/som-ycme0027-unconscious-bias-medicine-cme,Unconscious Bias in Medicine (CME),SOM-YCME0027,Stanford School of Medicine,"Online, self-paced, EdX",Enrollment Open
https://online.stanford.edu/courses/soeees-ygeoresgeo208-unconventional-reservoir-geomechanics,Unconventional Reservoir Geomechanics,SOEEES-YGEORESGEO208,Stanford Doerr School of Sustainability,"Online, self-paced, EdX",Enrollment Open
https://online.stanford.edu/courses/cee207a-understand-energy,Understand Energy,CEE207A,"Stanford School of Engineering, Stanford Doerr School of Sustainability","Online, instructor-led",Enrollment Open
https://online.stanford.edu/courses/cee207s-understand-energy-essentials,Understand Energy - Essentials,CEE207S,Stanford School of Engineering,NA ,NA 
https://online.stanford.edu/courses/xgen202-understanding-cancer-genetic-level,Understanding Cancer at the Genetic Level,XGEN202,"Stanford School of Medicine, Stanford Center for Health Education","Online, self-paced",Enrollment Open
https://online.stanford.edu/courses/som-y0009-understanding-einstein-special-theory-relativity,Understanding Einstein: The Special Theory of Relativity,SOM-Y0009,Stanford School of Medicine,"Online, self-paced, Coursera",Enrollment Open
https://online.stanford.edu/courses/som-xche0031-understanding-future-medicine-generative-ai-seminar-series,Understanding the Future of Medicine: Generative AI Seminar Series,SOM-XCHE0031,"Stanford School of Medicine, Stanford Center for Health Education","Online, self-paced",Enrollment Open
https://online.stanford.edu/courses/csp-xpol63-us-china-relations-cold-war-cold-shoulder,US-China Relations: From Cold War to Cold Shoulder,CSP-XPOL63,Stanford Continuing Studies,"Online, instructor-led",Enrollment Open
https://online.stanford.edu/courses/xprod115-user-research-informing-product-decisions-customer-insights,User Research: Informing Product Decisions with Customer Insights,XPROD115,Stanford School of Engineering,"Online, self-paced",Enrollment Open
https://online.stanford.edu/courses/xacs130-using-cryptography-correctly,Using Cryptography Correctly,XACS130,Stanford School of Engineering,"Online, self-paced",Enrollment Open
https://online.stanford.edu/courses/xexe135-venture-capital-unlocked-silicon-valley,Venture Capital Unlocked: Silicon Valley,XEXE135,Stanford School of Engineering,NA ,NA 
https://online.stanford.edu/courses/cee246-venture-creation-real-economy,Venture Creation for the Real Economy,CEE246,"Stanford School of Engineering, Stanford Doerr School of Sustainability",NA ,NA 
https://online.stanford.edu/courses/xvdc110-virtual-design-and-construction,Virtual Design and Construction,XVDC110,"Stanford School of Engineering, Stanford Doerr School of Sustainability","Online, self-paced",Enrollment Open
https://online.stanford.edu/courses/cee341-virtual-design-and-construction,Virtual Design and Construction,CEE341,"Stanford School of Engineering, Stanford Doerr School of Sustainability",NA ,NA 
https://online.stanford.edu/courses/csp-xart29-watercolor-essentials,Watercolor Essentials,CSP-XART29,Stanford Continuing Studies,"Online, instructor-led",Enrollment Open
https://online.stanford.edu/courses/cs142-web-applications,Web Applications,CS142,Stanford School of Engineering,NA ,NA 
https://online.stanford.edu/courses/csp-xsci85-what-makes-us-sick-exploring-molecular-roots-human-disease,What Makes Us Sick: Exploring the Molecular Roots of Human Disease,CSP-XSCI85,Stanford Continuing Studies,"Online, instructor-led",Enrollment Open
https://online.stanford.edu/courses/csp-xhis12-when-rome-fell-twilight-ancient-world,When Rome Fell: Twilight in the Ancient World,CSP-XHIS12,Stanford Continuing Studies,"Online, instructor-led",Enrollment Open
https://online.stanford.edu/courses/csp-xspt09-winning-and-wanderlust-history-oakland-athletics,Winning and Wanderlust: The History of the Oakland Athletics,CSP-XSPT09,Stanford Continuing Studies,"Online, instructor-led",Enrollment Open
https://online.stanford.edu/courses/ee359-wireless-communications,Wireless Communications,EE359,Stanford School of Engineering,NA ,NA 
https://online.stanford.edu/courses/csp-xnvl37-write-novel-30-days-no-critics-no-fear,"Write a Novel in 30 Days: No Critics, No Fear",CSP-XNVL37,Stanford Continuing Studies,"Online, instructor-led",Enrollment Open
https://online.stanford.edu/courses/som-y0010-writing-sciences,Writing in the Sciences,SOM-Y0010,Stanford School of Medicine,"Online, self-paced, Coursera",Enrollment Open
https://online.stanford.edu/courses/xacs131-writing-secure-code,Writing Secure Code,XACS131,Stanford School of Engineering,"Online, self-paced",Enrollment Open
https://online.stanford.edu/courses/sohs-yhumbioep101-your-body-world-adapting-your-next-big-adventure,Your Body in the World: Adapting to Your Next Big Adventure,SOHS-YHUMBIOEP101,Stanford School of Humanities and Sciences,NA ,NA 
https://online.stanford.edu/courses/mse240-accounting-managers-and-entrepreneurs,Accounting for Managers and Entrepreneurs,MS&E240,Stanford School of Engineering,NA ,NA 
https://online.stanford.edu/courses/xbtc210-back-college,Back to COLLEGE,XBTC210,,"Online, instructor-led",Enrollment Open
