URL,Name,Instructure,Institute,Duration,Last date,Exam date,Exam registration last date
https://onlinecourses.swayam2.ac.in/nou23_ge35/preview,National Education...,"Prof. Santosh Panda,","Indira Gandhi National Open University, New Delhi ,IGNOU","4 Weeks
                          
                          
                              (Starts: 01-02-2023)",NA,"Exam Date: 1 Mar, 2023",NA
https://onlinecourses.swayam2.ac.in/nou23_ge40/preview,National Education...,"Prof. Santosh Panda,","Indira Gandhi National Open University, New Delhi ,IGNOU","4 Weeks
                          
                          
                              (Starts: 16-03-2023)","Enrollment Ends: 15 Mar, 2023","Exam Date: 16 Apr, 2023",NA
https://onlinecourses.swayam2.ac.in/cec24_ce01/preview,Earth System Science,M. S. Sisodia,"J.N.V. University, Jodhpur Rajasthan ,CEC","12 Weeks
                          
                          
                              (Starts: 08-01-2024)","Enrollment Ends: 29 Feb, 2024","Exam Date: 18 May, 2024",NA
https://onlinecourses.swayam2.ac.in/nou24_ge39/preview,MJM024: Media Information and...,Prof. K S Arul Selvan,"Indira Gandhi National Open University (IGNOU), New... ,IGNOU","12 Weeks
                          
                          
                              (Starts: 01-01-2024)","Enrollment Ends: 29 Feb, 2024","Exam Date: 18 May, 2024",NA
https://onlinecourses.swayam2.ac.in/aic24_ge15/preview,Yoga Volunteers for Palliative Care -...,Dr Manjunath N K | Dr Vijaya Majumdar | Dr Ritesh...,"Swami Vivekananda Yoga Anusandhana Samsthana ,AICTE","16 Weeks
                          
                          
                              (Starts: 01-01-2024)","Enrollment Ends: 29 Feb, 2024","Exam Date: 18 May, 2024",NA
https://onlinecourses.swayam2.ac.in/aic24_ge16/preview,Yoga Volunteers for Palliative Care -...,Dr Manjunath N K | Dr Vijaya Majumdar | Dr Ritesh...,"Swami Vivekananda Yoga Anusandhana Samsthana ,AICTE","16 Weeks
                          
                          
                              (Starts: 01-01-2024)","Enrollment Ends: 29 Feb, 2024","Exam Date: 18 May, 2024",NA
https://onlinecourses.swayam2.ac.in/nou24_lg34/preview,MEG-03: British Novel,Dr. Malathy A.,"Indira Gandhi National Open University, New Delhi ,IGNOU","24 Weeks
                          
                          
                              (Starts: 01-01-2024)","Enrollment Ends: 29 Feb, 2024","Exam Date: 19 May, 2024",NA
https://onlinecourses.swayam2.ac.in/nou24_ag04/preview,MNRE 016:Project Analysis,Dr. Praveen Kumar Jain,"Indira Gandhi National Open University ,IGNOU","12 Weeks
                          
                          
                              (Starts: 01-01-2024)","Enrollment Ends: 29 Feb, 2024","Exam Date: 19 May, 2024",NA
https://onlinecourses.swayam2.ac.in/nou24_hs44/preview,Population and Society,Dr. Dola Borkataki,"Krishna Kanta Handiqui State Open University, Guwahati ,IGNOU","12 Weeks
                          
                          
                              (Starts: 01-01-2024)","Enrollment Ends: 29 Feb, 2024","Exam Date: 19 May, 2024",NA
https://onlinecourses.swayam2.ac.in/cec24_hs40/preview,Rethinking Development,Prof. Satyapriya Rout,"University of Hyderabad, Hyderabad ,CEC","16 Weeks
                          
                          
                              (Starts: 15-01-2024)","Enrollment Ends: 29 Feb, 2024","Exam Date: 19 May, 2024",NA
https://onlinecourses.nptel.ac.in/noc24_ee152/preview,5G Wireless Standard Design,Prof. Rohit Budhiraja,IIT Kanpur,"12 Weeks
                          
                          
                              (Starts: 22-07-2024)","Enrollment Ends: 5 Aug, 2024","Exam Date: 2 Nov, 2024","Exam Registration Ends: 16 Aug, 2024"
https://onlinecourses.nptel.ac.in/noc24_hs144/preview,Advance Course in Social Psychology,Prof. Pooja Garg,IIT Roorkee,"12 Weeks
                          
                          
                              (Starts: 22-07-2024)","Enrollment Ends: 5 Aug, 2024","Exam Date: 2 Nov, 2024","Exam Registration Ends: 16 Aug, 2024"
https://onlinecourses.nptel.ac.in/noc24_mg107/preview,Advanced Business Decision Support...,"Prof. Deepu Philip, Prof. Amandeep Singh Oberoi,...",IIT Kanpur,"12 Weeks
                          
                          
                              (Starts: 22-07-2024)","Enrollment Ends: 5 Aug, 2024","Exam Date: 2 Nov, 2024","Exam Registration Ends: 16 Aug, 2024"
https://onlinecourses.nptel.ac.in/noc24_ce104/preview,Advanced Concrete Technology,Prof. Manu Santhanam,IIT Madras,"12 Weeks
                          
                          
                              (Starts: 22-07-2024)","Enrollment Ends: 5 Aug, 2024","Exam Date: 2 Nov, 2024","Exam Registration Ends: 16 Aug, 2024"
https://onlinecourses.nptel.ac.in/noc24_ma68/preview,Advanced Engineering Mathematics,Prof. P. N. Agarwal,IIT Roorkee,"12 Weeks
                          
                          
                              (Starts: 22-07-2024)","Enrollment Ends: 5 Aug, 2024","Exam Date: 2 Nov, 2024","Exam Registration Ends: 16 Aug, 2024"
https://onlinecourses.nptel.ac.in/noc24_mg113/preview,Advanced R Programming for Data...,Prof. Abhinava Tripathi,IIT Kanpur,"12 Weeks
                          
                          
                              (Starts: 22-07-2024)","Enrollment Ends: 5 Aug, 2024","Exam Date: 2 Nov, 2024","Exam Registration Ends: 16 Aug, 2024"
https://onlinecourses.nptel.ac.in/noc24_ma79/preview,Advanced Theory of Ordinary...,Prof. Hari Shankar Mahato,IIT Kharagpur,"12 Weeks
                          
                          
                              (Starts: 22-07-2024)","Enrollment Ends: 5 Aug, 2024","Exam Date: 2 Nov, 2024","Exam Registration Ends: 16 Aug, 2024"
https://onlinecourses.nptel.ac.in/noc24_me151/preview,Advances in Welding and Joining...,Prof. Swarup Bag,IIT Guwahati,"8 Weeks
                          
                          
                              (Starts: 19-08-2024)","Enrollment Ends: 19 Aug, 2024","Exam Date: 2 Nov, 2024","Exam Registration Ends: 30 Aug, 2024"
https://onlinecourses.nptel.ac.in/noc24_ma65/preview,Algebra - I,"Prof. S. Viswanath, Prof. Amritanshu Prasad","The Institute of Mathematical Sciences, Chennai","12 Weeks
                          
                          
                              (Starts: 22-07-2024)","Enrollment Ends: 5 Aug, 2024","Exam Date: 2 Nov, 2024","Exam Registration Ends: 16 Aug, 2024"
https://onlinecourses.nptel.ac.in/noc24_ge52/preview,An Integrated Approach to Common...,"Prof. Soumi Kundu, Prof. Nabarun Karmakar, Prof....",IIT Kharagpur,"12 Weeks
                          
                          
                              (Starts: 22-07-2024)","Enrollment Ends: 5 Aug, 2024","Exam Date: 2 Nov, 2024","Exam Registration Ends: 16 Aug, 2024"
https://onlinecourses.nptel.ac.in/noc24_ee135/preview,Analog Communication,Prof. Goutam Das,IIT Kharagpur,"12 Weeks
                          
                          
                              (Starts: 22-07-2024)","Enrollment Ends: 5 Aug, 2024","Exam Date: 2 Nov, 2024","Exam Registration Ends: 16 Aug, 2024"
https://onlinecourses.nptel.ac.in/noc24_ee140/preview,Analog Electronic Circuit,Prof. Shouribrata chatterjee,IIT Delhi,"12 Weeks
                          
                          
                              (Starts: 22-07-2024)","Enrollment Ends: 5 Aug, 2024","Exam Date: 2 Nov, 2024","Exam Registration Ends: 16 Aug, 2024"
https://onlinecourses.nptel.ac.in/noc24_ae23/preview,Applied Computational Fluid Dynamics,Prof. Rajesh Ranjan,IIT Kanpur,"12 Weeks
                          
                          
                              (Starts: 22-07-2024)","Enrollment Ends: 5 Aug, 2024","Exam Date: 2 Nov, 2024","Exam Registration Ends: 16 Aug, 2024"
https://onlinecourses.nptel.ac.in/noc24_ee138/preview,Applied Linear Algebra for Signal...,Prof. Aditya K. Jagannatham,IIT Kanpur,"12 Weeks
                          
                          
                              (Starts: 22-07-2024)","Enrollment Ends: 5 Aug, 2024","Exam Date: 2 Nov, 2024","Exam Registration Ends: 16 Aug, 2024"
https://onlinecourses.nptel.ac.in/noc24_hs129/preview,Applied Linguistics,Prof. Rajesh Kumar,IIT Madras,"12 Weeks
                          
                          
                              (Starts: 22-07-2024)","Enrollment Ends: 5 Aug, 2024","Exam Date: 2 Nov, 2024","Exam Registration Ends: 16 Aug, 2024"
https://onlinecourses.nptel.ac.in/noc24_me111/preview,Applied Numerical Methods,Prof. Malay K. Das,IIT Kanpur,"12 Weeks
                          
                          
                              (Starts: 22-07-2024)","Enrollment Ends: 5 Aug, 2024","Exam Date: 2 Nov, 2024","Exam Registration Ends: 16 Aug, 2024"
https://onlinecourses.nptel.ac.in/noc24_ce107/preview,Artificial Intelligence and Machine...,Prof. Krishanu Biswas,IIT Kanpur,"12 Weeks
                          
                          
                              (Starts: 22-07-2024)","Enrollment Ends: 5 Aug, 2024","Exam Date: 2 Nov, 2024","Exam Registration Ends: 16 Aug, 2024"
https://onlinecourses.nptel.ac.in/noc24_ch71/preview,Aspen Plus® Simulation Software - A...,Prof. Prabirkumar Saha,IIT Guwahati,"12 Weeks
                          
                          
                              (Starts: 22-07-2024)","Enrollment Ends: 5 Aug, 2024","Exam Date: 2 Nov, 2024","Exam Registration Ends: 16 Aug, 2024"
https://onlinecourses.nptel.ac.in/noc24_ce106/preview,Availability and Management of...,Prof. Prasoon Kumar Singh,IIT(ISM) Dhanbad,"12 Weeks
                          
                          
                              (Starts: 22-07-2024)","Enrollment Ends: 5 Aug, 2024","Exam Date: 2 Nov, 2024","Exam Registration Ends: 16 Aug, 2024"
https://onlinecourses.nptel.ac.in/noc24_mg118/preview,Business and Sustainable Development,Prof. Trupti Mishra,IIT Bombay,"4 Weeks
                          
                          
                              (Starts: 19-08-2024)","Enrollment Ends: 19 Aug, 2024","Exam Date: 2 Nov, 2024","Exam Registration Ends: 30 Aug, 2024"
https://onlinecourses.nptel.ac.in/noc24_ge49/preview,Carbon Accounting and Sustainable...,"Prof. Deepu Philip, Prof. Amandeep Singh Oberoi,...",IIT Kanpur,"12 Weeks
                          
                          
                              (Starts: 22-07-2024)","Enrollment Ends: 5 Aug, 2024","Exam Date: 2 Nov, 2024","Exam Registration Ends: 16 Aug, 2024"
https://onlinecourses.nptel.ac.in/noc24_bt76/preview,Cell Culture Technologies,Prof. Mainak Das,IIT Kanpur,"8 Weeks
                          
                          
                              (Starts: 19-08-2024)","Enrollment Ends: 19 Aug, 2024","Exam Date: 2 Nov, 2024","Exam Registration Ends: 30 Aug, 2024"
https://onlinecourses.nptel.ac.in/noc24_ph30/preview,Classical Motion of a Single Particle,Prof. Supratik Banerjee,IIT Kanpur,"12 Weeks
                          
                          
                              (Starts: 22-07-2024)","Enrollment Ends: 5 Aug, 2024","Exam Date: 2 Nov, 2024","Exam Registration Ends: 16 Aug, 2024"
https://onlinecourses.nptel.ac.in/noc24_ma77/preview,Computational Commutative Algebra,Prof. Manoj Kummini,CMI,"12 Weeks
                          
                          
                              (Starts: 22-07-2024)","Enrollment Ends: 5 Aug, 2024","Exam Date: 2 Nov, 2024","Exam Registration Ends: 16 Aug, 2024"
https://onlinecourses.nptel.ac.in/noc24_me114/preview,Computational Fluid Dynamics using...,Prof. Kameswararao Anupindi,IIT Madras,"12 Weeks
                          
                          
                              (Starts: 22-07-2024)","Enrollment Ends: 5 Aug, 2024","Exam Date: 2 Nov, 2024","Exam Registration Ends: 16 Aug, 2024"
https://onlinecourses.nptel.ac.in/noc24_bt68/preview,Computational Neuroscience,Prof. Sharba Bandyopadhyay,IIT Kharagpur,"12 Weeks
                          
                          
                              (Starts: 22-07-2024)","Enrollment Ends: 5 Aug, 2024","Exam Date: 2 Nov, 2024","Exam Registration Ends: 16 Aug, 2024"
https://onlinecourses.nptel.ac.in/noc24_lw09/preview,Constitution of India and Environmental...,"Prof. Sairam Bhat, Prof. M. K. Ramesh",National Law School of India University,"12 Weeks
                          
                          
                              (Starts: 22-07-2024)","Enrollment Ends: 5 Aug, 2024","Exam Date: 2 Nov, 2024","Exam Registration Ends: 16 Aug, 2024"
https://onlinecourses.nptel.ac.in/noc24_de18/preview,Control Systems,Prof. C. S. Shankar Ram,IIT Madras,"12 Weeks
                          
                          
                              (Starts: 22-07-2024)","Enrollment Ends: 5 Aug, 2024","Exam Date: 2 Nov, 2024","Exam Registration Ends: 16 Aug, 2024"
https://onlinecourses.nptel.ac.in/noc24_me112/preview,Convective Heat Transfer,Prof. Saptarshi Basu,IISc Bangalore,"12 Weeks
                          
                          
                              (Starts: 22-07-2024)","Enrollment Ends: 5 Aug, 2024","Exam Date: 2 Nov, 2024","Exam Registration Ends: 16 Aug, 2024"
https://onlinecourses.nptel.ac.in/noc24_mm37/preview,Corrosion/Environmental...,Prof. (HAG) Harish Hirani,IIT Delhi,"12 Weeks
                          
                          
                              (Starts: 22-07-2024)","Enrollment Ends: 5 Aug, 2024","Exam Date: 2 Nov, 2024","Exam Registration Ends: 16 Aug, 2024"
https://onlinecourses.nptel.ac.in/noc24_mg98/preview,Data Analysis & Decision Making - III,Prof. Raghu Nandan Sengupta,IIT Kanpur,"12 Weeks
                          
                          
                              (Starts: 22-07-2024)","Enrollment Ends: 5 Aug, 2024","Exam Date: 2 Nov, 2024","Exam Registration Ends: 16 Aug, 2024"
https://onlinecourses.nptel.ac.in/noc24_cs114/preview,Deep Learning - IIT Ropar,Prof. Sudarshan Iyengar,IIT Ropar,"12 Weeks
                          
                          
                              (Starts: 22-07-2024)","Enrollment Ends: 5 Aug, 2024","Exam Date: 2 Nov, 2024","Exam Registration Ends: 16 Aug, 2024"
https://onlinecourses.nptel.ac.in/noc24_mg133/preview,Descriptive Statistics with R Software,"Prof. Prashant Jha, Prof. Shalabh","NIT Sikkim, IIT Kanpur","8 Weeks
                          
                          
                              (Starts: 19-08-2024)","Enrollment Ends: 19 Aug, 2024","Exam Date: 2 Nov, 2024","Exam Registration Ends: 30 Aug, 2024"
https://onlinecourses.nptel.ac.in/noc24_cs126/preview,Design & Implementation of...,Prof. Samit Bhattacharya,IIT Guwahati,"12 Weeks
                          
                          
                              (Starts: 22-07-2024)","Enrollment Ends: 5 Aug, 2024","Exam Date: 2 Nov, 2024","Exam Registration Ends: 16 Aug, 2024"
https://onlinecourses.nptel.ac.in/noc24_me120/preview,Design of Mechatronic Systems,Prof. Prasanna Gandhi,IIT Bombay,"12 Weeks
                          
                          
                              (Starts: 22-07-2024)","Enrollment Ends: 5 Aug, 2024","Exam Date: 2 Nov, 2024","Exam Registration Ends: 16 Aug, 2024"
https://onlinecourses.nptel.ac.in/noc24_hs181/preview,Development Research Methods,Prof. Rajshree Bedamatta,IIT Guwahati,"8 Weeks
                          
                          
                              (Starts: 19-08-2024)","Enrollment Ends: 19 Aug, 2024","Exam Date: 2 Nov, 2024","Exam Registration Ends: 30 Aug, 2024"
https://onlinecourses.nptel.ac.in/noc24_ee134/preview,Digital VLSI Testing,Prof. Santanu Chattopadhyay,IIT Kharagpur,"12 Weeks
                          
                          
                              (Starts: 22-07-2024)","Enrollment Ends: 5 Aug, 2024","Exam Date: 2 Nov, 2024","Exam Registration Ends: 16 Aug, 2024"
https://onlinecourses.nptel.ac.in/noc24_ph40/preview,Dynamics of Classical and Quantum...,Prof. Girish S. Setlur,IIT Guwahati,"12 Weeks
                          
                          
                              (Starts: 22-07-2024)","Enrollment Ends: 5 Aug, 2024","Exam Date: 2 Nov, 2024","Exam Registration Ends: 16 Aug, 2024"
https://onlinecourses.nptel.ac.in/noc24_hs149/preview,Ecology and Society,Prof. Ngamjahao Kipgen,IIT Guwahati,"12 Weeks
                          
                          
                              (Starts: 22-07-2024)","Enrollment Ends: 5 Aug, 2024","Exam Date: 2 Nov, 2024","Exam Registration Ends: 16 Aug, 2024"
https://onlinecourses.nptel.ac.in/noc24_ee141/preview,Economic Operations and Control of...,"Prof. Gururaj Mirle Vishwanath, Prof .Narayana...","IIT Kanpur, MNIT Jaipur (On-lien from IIT Roorkee)","12 Weeks
                          
                          
                              (Starts: 22-07-2024)","Enrollment Ends: 5 Aug, 2024","Exam Date: 2 Nov, 2024","Exam Registration Ends: 16 Aug, 2024"
https://onlinecourses.nptel.ac.in/noc24_hs154/preview,Economics of Health and Education,Prof. Rajshree Bedamatta,IIT Guwahati,"12 Weeks
                          
                          
                              (Starts: 22-07-2024)","Enrollment Ends: 5 Aug, 2024","Exam Date: 2 Nov, 2024","Exam Registration Ends: 16 Aug, 2024"
https://onlinecourses.nptel.ac.in/noc24_ee137/preview,Electromagnetic Theory,Prof. Pradeep Kumar K,IIT Kanpur,"12 Weeks
                          
                          
                              (Starts: 22-07-2024)","Enrollment Ends: 5 Aug, 2024","Exam Date: 2 Nov, 2024","Exam Registration Ends: 16 Aug, 2024"
https://onlinecourses.nptel.ac.in/noc24_hs172/preview,Energy Economics And Policy,Prof. Shyamasree Dasgupta,IIT Mandi,"8 Weeks
                          
                          
                              (Starts: 19-08-2024)","Enrollment Ends: 19 Aug, 2024","Exam Date: 2 Nov, 2024","Exam Registration Ends: 30 Aug, 2024"
https://onlinecourses.nptel.ac.in/noc24_me113/preview,Engineering Fracture Mechanics,Prof. K. Ramesh,IIT Madras,"12 Weeks
                          
                          
                              (Starts: 22-07-2024)","Enrollment Ends: 5 Aug, 2024","Exam Date: 2 Nov, 2024","Exam Registration Ends: 16 Aug, 2024"
https://onlinecourses.nptel.ac.in/noc24_hs150/preview,Environment and Development,Prof. Ngamjahao Kipgen,IIT Guwahati,"12 Weeks
                          
                          
                              (Starts: 22-07-2024)","Enrollment Ends: 5 Aug, 2024","Exam Date: 2 Nov, 2024","Exam Registration Ends: 16 Aug, 2024"
https://onlinecourses.nptel.ac.in/noc24_mg131/preview,Ethics in Engineering Practice,Prof. Susmita Mukhopadhyay,IIT Kharagpur,"8 Weeks
                          
                          
                              (Starts: 19-08-2024)","Enrollment Ends: 19 Aug, 2024","Exam Date: 2 Nov, 2024","Exam Registration Ends: 30 Aug, 2024"
https://onlinecourses.nptel.ac.in/noc24_ee131/preview,Fiber Optic Communication Technology,Prof. Deepa Venkitesh,IIT Madras,"12 Weeks
                          
                          
                              (Starts: 22-07-2024)","Enrollment Ends: 5 Aug, 2024","Exam Date: 2 Nov, 2024","Exam Registration Ends: 16 Aug, 2024"
https://onlinecourses.nptel.ac.in/noc24_ma81/preview,Foundations of R Software (In Hindi...,Prof. Shalabh,IIT Kanpur,"12 Weeks
                          
                          
                              (Starts: 22-07-2024)","Enrollment Ends: 5 Aug, 2024","Exam Date: 2 Nov, 2024","Exam Registration Ends: 16 Aug, 2024"
https://onlinecourses.nptel.ac.in/noc24_hs135/preview,Fundamental Concepts in...,"Prof. Rajesh Kumar, Prof. Om Prakash","IIT Madras, North-Eastern Hill University, Shillong","12 Weeks
                          
                          
                              (Starts: 22-07-2024)","Enrollment Ends: 5 Aug, 2024","Exam Date: 2 Nov, 2024","Exam Registration Ends: 16 Aug, 2024"
https://onlinecourses.nptel.ac.in/noc24_mm36/preview,Fundamentals of Composite and Cellular...,"Prof. Tapas laha, Prof. Siddhartha Roy",IIT Kharagpur,"12 Weeks
                          
                          
                              (Starts: 22-07-2024)","Enrollment Ends: 5 Aug, 2024","Exam Date: 2 Nov, 2024","Exam Registration Ends: 16 Aug, 2024"
https://onlinecourses.nptel.ac.in/noc24_me119/preview,Fundamentals of Convective Heat...,Prof. Amaresh Dalal,IIT Guwahati,"12 Weeks
                          
                          
                              (Starts: 22-07-2024)","Enrollment Ends: 5 Aug, 2024","Exam Date: 2 Nov, 2024","Exam Registration Ends: 16 Aug, 2024"
https://onlinecourses.nptel.ac.in/noc24_mg114/preview,Fundamentals of Cost Accounting,Prof. Arindam Banerjee,The Institute of Cost Accountants of India (ICMAI),"8 Weeks
                          
                          
                              (Starts: 19-08-2024)","Enrollment Ends: 19 Aug, 2024","Exam Date: 2 Nov, 2024","Exam Registration Ends: 30 Aug, 2024"
https://onlinecourses.nptel.ac.in/noc24_ma75/preview,Galois Theory,Prof. Dilip P. Patil,IIT Bombay,"12 Weeks
                          
                          
                              (Starts: 22-07-2024)","Enrollment Ends: 5 Aug, 2024","Exam Date: 2 Nov, 2024","Exam Registration Ends: 16 Aug, 2024"
https://onlinecourses.nptel.ac.in/noc24_hs130/preview,German - I,Prof. Milind Brahme,IIT Madras,"12 Weeks
                          
                          
                              (Starts: 22-07-2024)","Enrollment Ends: 5 Aug, 2024","Exam Date: 2 Nov, 2024","Exam Registration Ends: 16 Aug, 2024"
https://onlinecourses.nptel.ac.in/noc24_hs126/preview,HR Analytics,"Prof. Santosh Rangnekar, Prof. Abhishek Singh","IIT Roorkee, IIM Rohtak","12 Weeks
                          
                          
                              (Starts: 22-07-2024)","Enrollment Ends: 5 Aug, 2024","Exam Date: 2 Nov, 2024","Exam Registration Ends: 16 Aug, 2024"
https://onlinecourses.nptel.ac.in/noc24_ch72/preview,Heat Transfer,Prof. Sunando DasGupta,IIT Kharagpur,"12 Weeks
                          
                          
                              (Starts: 22-07-2024)","Enrollment Ends: 5 Aug, 2024","Exam Date: 2 Nov, 2024","Exam Registration Ends: 16 Aug, 2024"
https://onlinecourses.nptel.ac.in/noc24_hs133/preview,History of English Language and...,Prof. Merin Simi Raj,IIT Madras,"12 Weeks
                          
                          
                              (Starts: 22-07-2024)","Enrollment Ends: 5 Aug, 2024","Exam Date: 2 Nov, 2024","Exam Registration Ends: 16 Aug, 2024"
https://onlinecourses.nptel.ac.in/noc24_mg108/preview,Human Factors Engineering,"Prof. Pradip Kumar Ray, Prof. V. K. Tewari",IIT Kharagpur,"12 Weeks
                          
                          
                              (Starts: 22-07-2024)","Enrollment Ends: 5 Aug, 2024","Exam Date: 2 Nov, 2024","Exam Registration Ends: 16 Aug, 2024"
https://onlinecourses.nptel.ac.in/noc24_ch73/preview,"Hydrogen Energy: Production, Storage,...",Prof. Pratibha Sharma,IIT Bombay,"12 Weeks
                          
                          
                              (Starts: 22-07-2024)","Enrollment Ends: 5 Aug, 2024","Exam Date: 2 Nov, 2024","Exam Registration Ends: 16 Aug, 2024"
https://onlinecourses.nptel.ac.in/noc24_hs136/preview,"Indian Art: Materials, Techniques and...",Prof. Rajarshi Sengupta,IIT Kanpur,"12 Weeks
                          
                          
                              (Starts: 22-07-2024)","Enrollment Ends: 5 Aug, 2024","Exam Date: 2 Nov, 2024","Exam Registration Ends: 16 Aug, 2024"
https://onlinecourses.nptel.ac.in/noc24_hs140/preview,Indian Society: Sociological...,Prof. R. Santhosh,IIT Madras,"12 Weeks
                          
                          
                              (Starts: 22-07-2024)","Enrollment Ends: 5 Aug, 2024","Exam Date: 2 Nov, 2024","Exam Registration Ends: 16 Aug, 2024"
https://onlinecourses.nptel.ac.in/noc24_me117/preview,Industrial Robotics : Theories for...,Prof. Arun Dayal Udai,IIT-ISM Dhanbad,"12 Weeks
                          
                          
                              (Starts: 22-07-2024)","Enrollment Ends: 5 Aug, 2024","Exam Date: 2 Nov, 2024","Exam Registration Ends: 16 Aug, 2024"
https://onlinecourses.nptel.ac.in/noc24_mg110/preview,Industrial Safety Engineering,Prof. Jhareswar Maiti,IIT Kharagpur,"12 Weeks
                          
                          
                              (Starts: 22-07-2024)","Enrollment Ends: 5 Aug, 2024","Exam Date: 2 Nov, 2024","Exam Registration Ends: 16 Aug, 2024"
https://onlinecourses.nptel.ac.in/noc24_mg128/preview,"Innovation, Business Models and...","Prof. Vinay Sharma, Prof. Rajat Agrawal","IIT Roorkee, IIT Roorkee","8 Weeks
                          
                          
                              (Starts: 19-08-2024)","Enrollment Ends: 19 Aug, 2024","Exam Date: 2 Nov, 2024","Exam Registration Ends: 30 Aug, 2024"
https://onlinecourses.nptel.ac.in/noc24_hs141/preview,International Trade - Theory and...,Prof. Pratap C. Mohanty,IIT Roorkee,"12 Weeks
                          
                          
                              (Starts: 22-07-2024)","Enrollment Ends: 5 Aug, 2024","Exam Date: 2 Nov, 2024","Exam Registration Ends: 16 Aug, 2024"
https://onlinecourses.nptel.ac.in/noc24_cs116/preview,Introduction To Algorithms and Analysis,Prof. Sourav Mukhopadhyay,IIT Kharagpur,"12 Weeks
                          
                          
                              (Starts: 22-07-2024)","Enrollment Ends: 5 Aug, 2024","Exam Date: 2 Nov, 2024","Exam Registration Ends: 16 Aug, 2024"
https://onlinecourses.nptel.ac.in/noc24_ae22/preview,Introduction to Aerospace Engineering -...,Prof. Rajkumar S. Pant,IIT Bombay,"12 Weeks
                          
                          
                              (Starts: 22-07-2024)","Enrollment Ends: 5 Aug, 2024","Exam Date: 2 Nov, 2024","Exam Registration Ends: 16 Aug, 2024"
https://onlinecourses.nptel.ac.in/noc24_hs151/preview,Introduction to Basic Spoken Sanskrit...,Prof. Anuradha Choudry,IIT Kharagpur,"12 Weeks
                          
                          
                              (Starts: 22-07-2024)","Enrollment Ends: 5 Aug, 2024","Exam Date: 2 Nov, 2024","Exam Registration Ends: 16 Aug, 2024"
https://onlinecourses.nptel.ac.in/noc24_bt69/preview,Introduction to Biomedical Imaging...,Prof. Arun K. Thittai,IIT Madras,"12 Weeks
                          
                          
                              (Starts: 22-07-2024)","Enrollment Ends: 5 Aug, 2024","Exam Date: 2 Nov, 2024","Exam Registration Ends: 16 Aug, 2024"
https://onlinecourses.nptel.ac.in/noc24_bt67/preview,Introduction to Developmental Biology,Prof. Subramaniam K,IIT Madras,"12 Weeks
                          
                          
                              (Starts: 22-07-2024)","Enrollment Ends: 5 Aug, 2024","Exam Date: 2 Nov, 2024","Exam Registration Ends: 16 Aug, 2024"
https://onlinecourses.nptel.ac.in/noc24_ph37/preview,Introduction to Electromagnetic Theory...,Prof. Manoj Harbola,IIT Kanpur,"12 Weeks
                          
                          
                              (Starts: 22-07-2024)","Enrollment Ends: 5 Aug, 2024","Exam Date: 2 Nov, 2024","Exam Registration Ends: 16 Aug, 2024"
https://onlinecourses.nptel.ac.in/noc24_ma71/preview,"Introduction to Fuzzy Set Theory,...",Prof. Niladri Chatterjee,IIT Delhi,"12 Weeks
                          
                          
                              (Starts: 22-07-2024)","Enrollment Ends: 5 Aug, 2024","Exam Date: 2 Nov, 2024","Exam Registration Ends: 16 Aug, 2024"
https://onlinecourses.nptel.ac.in/noc24_cs115/preview,Introduction to Internet of Things,Prof. Sudip Misra,IIT Kharagpur,"12 Weeks
                          
                          
                              (Starts: 22-07-2024)","Enrollment Ends: 5 Aug, 2024","Exam Date: 2 Nov, 2024","Exam Registration Ends: 16 Aug, 2024"
https://onlinecourses.nptel.ac.in/noc24_hs127/preview,Introduction to Language and...,"Prof. Dripta Piplai (Mondal), Prof. Bornini...",IIT Kharagpur,"12 Weeks
                          
                          
                              (Starts: 22-07-2024)","Enrollment Ends: 5 Aug, 2024","Exam Date: 2 Nov, 2024","Exam Registration Ends: 16 Aug, 2024"
https://onlinecourses.nptel.ac.in/noc24_hs146/preview,Introduction to Market Structures,Prof. Amarjyoti Mahanta,IIT Guwahati,"12 Weeks
                          
                          
                              (Starts: 22-07-2024)","Enrollment Ends: 5 Aug, 2024","Exam Date: 2 Nov, 2024","Exam Registration Ends: 16 Aug, 2024"
https://onlinecourses.nptel.ac.in/noc24_mg103/preview,Introduction to Marketing Essentials,Prof. Zillur Rahman,IIT Roorkee,"12 Weeks
                          
                          
                              (Starts: 22-07-2024)","Enrollment Ends: 5 Aug, 2024","Exam Date: 2 Nov, 2024","Exam Registration Ends: 16 Aug, 2024"
https://onlinecourses.nptel.ac.in/noc24_hs148/preview,Introduction to Western Political...,Prof. Mithilesh Kumar Jha,IIT Guwahati,"12 Weeks
                          
                          
                              (Starts: 22-07-2024)","Enrollment Ends: 5 Aug, 2024","Exam Date: 2 Nov, 2024","Exam Registration Ends: 16 Aug, 2024"
https://onlinecourses.nptel.ac.in/noc24_mg104/preview,Labour Welfare and Industrial Relations,Prof. Abraham Cyril Issac,IIT Guwahati,"12 Weeks
                          
                          
                              (Starts: 22-07-2024)","Enrollment Ends: 5 Aug, 2024","Exam Date: 2 Nov, 2024","Exam Registration Ends: 16 Aug, 2024"
https://onlinecourses.nptel.ac.in/noc24_ge57/preview,Learning Analytics Tools,Prof. Ramkumar Rajendran,IIT Bombay,"12 Weeks
                          
                          
                              (Starts: 22-07-2024)","Enrollment Ends: 5 Aug, 2024","Exam Date: 2 Nov, 2024","Exam Registration Ends: 16 Aug, 2024"
https://onlinecourses.nptel.ac.in/noc24_ma69/preview,Linear Algebra,Prof. Dilip P. Patil,IISc Bangalore,"12 Weeks
                          
                          
                              (Starts: 22-07-2024)","Enrollment Ends: 5 Aug, 2024","Exam Date: 2 Nov, 2024","Exam Registration Ends: 16 Aug, 2024"
https://onlinecourses.nptel.ac.in/noc24_hs134/preview,Literary and Cultural Disability...,Prof. Hemachandran Karah,IIT Madras,"12 Weeks
                          
                          
                              (Starts: 22-07-2024)","Enrollment Ends: 5 Aug, 2024","Exam Date: 2 Nov, 2024","Exam Registration Ends: 16 Aug, 2024"
https://onlinecourses.nptel.ac.in/noc24_hs138/preview,"Literature, Culture and Media",Prof. Rashmi Gaur,IIT Roorkee,"12 Weeks
                          
                          
                              (Starts: 22-07-2024)","Enrollment Ends: 5 Aug, 2024","Exam Date: 2 Nov, 2024","Exam Registration Ends: 16 Aug, 2024"
https://onlinecourses.nptel.ac.in/noc24_ge63/preview,Manage TB,Multifaculty,ICMR-NIRT,"8 Weeks
                          
                          
                              (Starts: 19-08-2024)","Enrollment Ends: 19 Aug, 2024","Exam Date: 2 Nov, 2024","Exam Registration Ends: 30 Aug, 2024"
https://onlinecourses.nptel.ac.in/noc24_mg99/preview,Management Accounting,Prof. Anil K. Sharma,IIT Roorkee,"12 Weeks
                          
                          
                              (Starts: 22-07-2024)","Enrollment Ends: 5 Aug, 2024","Exam Date: 2 Nov, 2024","Exam Registration Ends: 16 Aug, 2024"
https://onlinecourses.nptel.ac.in/noc24_mg127/preview,Marketing Management - I,"Prof. Jayanta Chatterjee, Prof. Shashi Shekhar...",IIT Kanpur,"8 Weeks
                          
                          
                              (Starts: 19-08-2024)","Enrollment Ends: 19 Aug, 2024","Exam Date: 2 Nov, 2024","Exam Registration Ends: 30 Aug, 2024"
https://onlinecourses.nptel.ac.in/noc24_mm35/preview,"Materials Design for Electronic,...",Prof. Pavan Nukala,IISc Bangalore,"12 Weeks
                          
                          
                              (Starts: 22-07-2024)","Enrollment Ends: 5 Aug, 2024","Exam Date: 2 Nov, 2024","Exam Registration Ends: 16 Aug, 2024"
https://onlinecourses.nptel.ac.in/noc24_hs152/preview,Mathematics For Economics - I,Prof. Debarshi Das,IIT Guwahati,"12 Weeks
                          
                          
                              (Starts: 22-07-2024)","Enrollment Ends: 5 Aug, 2024","Exam Date: 2 Nov, 2024","Exam Registration Ends: 16 Aug, 2024"
https://onlinecourses.nptel.ac.in/noc24_ma70/preview,Measure Theory,Prof. I. K. Rana,IIT Bombay,"12 Weeks
                          
                          
                              (Starts: 22-07-2024)","Enrollment Ends: 5 Aug, 2024","Exam Date: 2 Nov, 2024","Exam Registration Ends: 16 Aug, 2024"
https://onlinecourses.nptel.ac.in/noc24_ma66/preview,Measure and Integration,Prof. S. Kesavan,IMSc,"12 Weeks
                          
                          
                              (Starts: 22-07-2024)","Enrollment Ends: 5 Aug, 2024","Exam Date: 2 Nov, 2024","Exam Registration Ends: 16 Aug, 2024"
https://onlinecourses.nptel.ac.in/noc24_ch70/preview,Mechanical Unit Operations,Prof. Nanda Kishore,IIT Guwahati,"12 Weeks
                          
                          
                              (Starts: 22-07-2024)","Enrollment Ends: 5 Aug, 2024","Exam Date: 2 Nov, 2024","Exam Registration Ends: 16 Aug, 2024"
https://onlinecourses.nptel.ac.in/noc24_ce110/preview,Metallurgical and Electronic Waste...,Prof. Arunabh Meshram,IIT Kanpur,"8 Weeks
                          
                          
                              (Starts: 19-08-2024)","Enrollment Ends: 19 Aug, 2024","Exam Date: 2 Nov, 2024","Exam Registration Ends: 30 Aug, 2024"
https://onlinecourses.nptel.ac.in/noc24_ee139/preview,Microelectronics: Devices to Circuits,Prof. Sudeb Dasgupta,IIT Roorkee,"12 Weeks
                          
                          
                              (Starts: 22-07-2024)","Enrollment Ends: 5 Aug, 2024","Exam Date: 2 Nov, 2024","Exam Registration Ends: 16 Aug, 2024"
https://onlinecourses.nptel.ac.in/noc24_me118/preview,Microfluidics and Nanofluidics,Prof. Suman Chakraborty,IIT Kharagpur,"12 Weeks
                          
                          
                              (Starts: 22-07-2024)","Enrollment Ends: 5 Aug, 2024","Exam Date: 2 Nov, 2024","Exam Registration Ends: 16 Aug, 2024"
https://onlinecourses.nptel.ac.in/noc24_ee142/preview,"Nanophotonics, Plasmonics, and...",Prof. Debabrata Sikdar,IIT Guwahati,"12 Weeks
                          
                          
                              (Starts: 22-07-2024)","Enrollment Ends: 5 Aug, 2024","Exam Date: 2 Nov, 2024","Exam Registration Ends: 16 Aug, 2024"
https://onlinecourses.nptel.ac.in/noc24_lw10/preview,New Labour Codes of India,Prof. KD Raju,IIT Kharagpur,"12 Weeks
                          
                          
                              (Starts: 22-07-2024)","Enrollment Ends: 5 Aug, 2024","Exam Date: 2 Nov, 2024","Exam Registration Ends: 16 Aug, 2024"
https://onlinecourses.nptel.ac.in/noc24_mg106/preview,Operations and Supply Chain Management,Prof. G. Srinivasan,IIT Madras,"12 Weeks
                          
                          
                              (Starts: 22-07-2024)","Enrollment Ends: 5 Aug, 2024","Exam Date: 2 Nov, 2024","Exam Registration Ends: 16 Aug, 2024"
https://onlinecourses.nptel.ac.in/noc24_ma78/preview,Ordinary Differential Equations,Prof. Kaushik Bal,IIT Kanpur,"12 Weeks
                          
                          
                              (Starts: 22-07-2024)","Enrollment Ends: 5 Aug, 2024","Exam Date: 2 Nov, 2024","Exam Registration Ends: 16 Aug, 2024"
https://onlinecourses.nptel.ac.in/noc24_mg109/preview,Organizational Behaviour - II,"Prof. Susmita Mukhopadhyay, Prof. Sangeeta...",IIT Kharagpur,"12 Weeks
                          
                          
                              (Starts: 22-07-2024)","Enrollment Ends: 5 Aug, 2024","Exam Date: 2 Nov, 2024","Exam Registration Ends: 16 Aug, 2024"
https://onlinecourses.nptel.ac.in/noc24_ma73/preview,Partial Differential Equations,Prof. Sivaji Ganesh,IIT Bombay,"12 Weeks
                          
                          
                              (Starts: 22-07-2024)","Enrollment Ends: 5 Aug, 2024","Exam Date: 2 Nov, 2024","Exam Registration Ends: 16 Aug, 2024"
https://onlinecourses.nptel.ac.in/noc24_hs142/preview,Partition of India in Print Media and...,Prof. Sarbani Banerjee,IIT Roorkee,"12 Weeks
                          
                          
                              (Starts: 22-07-2024)","Enrollment Ends: 5 Aug, 2024","Exam Date: 2 Nov, 2024","Exam Registration Ends: 16 Aug, 2024"
https://onlinecourses.nptel.ac.in/noc24_hs187/preview,Performance Traditions of the...,"Prof. Sashikanth Ananthachari, Prof. Rajesh Kumar",IIT Madras,"12 Weeks
                          
                          
                              (Starts: 22-07-2024)","Enrollment Ends: 5 Aug, 2024","Exam Date: 2 Nov, 2024","Exam Registration Ends: 16 Aug, 2024"
https://onlinecourses.nptel.ac.in/noc24_ce109/preview,Phase Diagrams in Single Component and...,Prof. Kallol Mondal,IIT Kanpur,"8 Weeks
                          
                          
                              (Starts: 19-08-2024)","Enrollment Ends: 19 Aug, 2024","Exam Date: 2 Nov, 2024","Exam Registration Ends: 30 Aug, 2024"
https://onlinecourses.nptel.ac.in/noc24_hs131/preview,Poetry,Prof. S P Dhanavel,IIT Madras,"12 Weeks
                          
                          
                              (Starts: 22-07-2024)","Enrollment Ends: 5 Aug, 2024","Exam Date: 2 Nov, 2024","Exam Registration Ends: 16 Aug, 2024"
https://onlinecourses.nptel.ac.in/noc24_bt55/preview,Principles of Downstream Techniques in...,Prof. Mukesh Doble,IIT Madras,"12 Weeks
                          
                          
                              (Starts: 22-07-2024)","Enrollment Ends: 5 Aug, 2024","Exam Date: 2 Nov, 2024","Exam Registration Ends: 16 Aug, 2024"
https://onlinecourses.nptel.ac.in/noc24_hs143/preview,Public Speaking,Prof. Binod Mishra,IIT Roorkee,"12 Weeks
                          
                          
                              (Starts: 22-07-2024)","Enrollment Ends: 5 Aug, 2024","Exam Date: 2 Nov, 2024","Exam Registration Ends: 16 Aug, 2024"
https://onlinecourses.nptel.ac.in/noc24_mg101/preview,Quantitative Investment Management,Prof. J P Singh,IIT Roorkee,"12 Weeks
                          
                          
                              (Starts: 22-07-2024)","Enrollment Ends: 5 Aug, 2024","Exam Date: 2 Nov, 2024","Exam Registration Ends: 16 Aug, 2024"
https://onlinecourses.nptel.ac.in/noc24_me115/preview,Rapid Manufacturing,"Prof. J. Ramkumar, Prof. Amandeep Singh Oberoi",IIT Kanpur,"12 Weeks
                          
                          
                              (Starts: 22-07-2024)","Enrollment Ends: 5 Aug, 2024","Exam Date: 2 Nov, 2024","Exam Registration Ends: 16 Aug, 2024"
https://onlinecourses.nptel.ac.in/noc24_ee136/preview,Real-Time Digital Signal Processing,Prof. Rathna G N,IISc Bangalore,"12 Weeks
                          
                          
                              (Starts: 22-07-2024)","Enrollment Ends: 5 Aug, 2024","Exam Date: 2 Nov, 2024","Exam Registration Ends: 16 Aug, 2024"
https://onlinecourses.nptel.ac.in/noc24_ma76/preview,Representation Theory of General Linear...,Prof. R. Venkatesh,IISc Bangalore,"12 Weeks
                          
                          
                              (Starts: 22-07-2024)","Enrollment Ends: 5 Aug, 2024","Exam Date: 2 Nov, 2024","Exam Registration Ends: 16 Aug, 2024"
https://onlinecourses.nptel.ac.in/noc24_ge50/preview,Research Methods in Health Promotion,"Dr.  Arista Lahiri, Dr. Sweety Suman Jha,...","IIT Kharagpur, AIIH&PH, Kolkata","12 Weeks
                          
                          
                              (Starts: 22-07-2024)","Enrollment Ends: 5 Aug, 2024","Exam Date: 2 Nov, 2024","Exam Registration Ends: 16 Aug, 2024"
https://onlinecourses.nptel.ac.in/noc24_cs132/preview,Responsible & Safe AI Systems,"Prof. Ponnurangam Kumaraguru, Prof. Balaraman...","IIIT Hyderabad, IIT Madras","12 Weeks
                          
                          
                              (Starts: 22-07-2024)","Enrollment Ends: 5 Aug, 2024","Exam Date: 2 Nov, 2024","Exam Registration Ends: 16 Aug, 2024"
https://onlinecourses.nptel.ac.in/noc24_hs147/preview,"Science, Technology and Society",Prof. Sambit Mallick,IIT Guwahati,"12 Weeks
                          
                          
                              (Starts: 22-07-2024)","Enrollment Ends: 5 Aug, 2024","Exam Date: 2 Nov, 2024","Exam Registration Ends: 16 Aug, 2024"
https://onlinecourses.nptel.ac.in/noc24_cs112/preview,Secure Computation: Part II,Prof. Ashish Choudhury,IIIT Bangalore,"12 Weeks
                          
                          
                              (Starts: 22-07-2024)","Enrollment Ends: 5 Aug, 2024","Exam Date: 2 Nov, 2024","Exam Registration Ends: 16 Aug, 2024"
https://onlinecourses.nptel.ac.in/noc24_mg102/preview,Security Analysis & Portfolio...,Prof. J. P. Singh,IIT Roorkee,"12 Weeks
                          
                          
                              (Starts: 22-07-2024)","Enrollment Ends: 5 Aug, 2024","Exam Date: 2 Nov, 2024","Exam Registration Ends: 16 Aug, 2024"
https://onlinecourses.nptel.ac.in/noc24_ee143/preview,Semiconductor Devices and Circuits,Prof. Sanjiv Sambandan,IISc Bangalore,"12 Weeks
                          
                          
                              (Starts: 22-07-2024)","Enrollment Ends: 5 Aug, 2024","Exam Date: 2 Nov, 2024","Exam Registration Ends: 16 Aug, 2024"
https://onlinecourses.nptel.ac.in/noc24_mg111/preview,Service Management: Integrating...,Prof. Sanjib Chowdhury,IIT Kharagpur,"12 Weeks
                          
                          
                              (Starts: 22-07-2024)","Enrollment Ends: 5 Aug, 2024","Exam Date: 2 Nov, 2024","Exam Registration Ends: 16 Aug, 2024"
https://onlinecourses.nptel.ac.in/noc24_hs132/preview,Short Fiction in Indian Literature,Prof. A. Divya,IIT Madras,"12 Weeks
                          
                          
                              (Starts: 22-07-2024)","Enrollment Ends: 5 Aug, 2024","Exam Date: 2 Nov, 2024","Exam Registration Ends: 16 Aug, 2024"
https://onlinecourses.nptel.ac.in/noc24_ee132/preview,Simulation of Communication Systems...,Prof. Ribhu,IIT Guwahati,"12 Weeks
                          
                          
                              (Starts: 22-07-2024)","Enrollment Ends: 5 Aug, 2024","Exam Date: 2 Nov, 2024","Exam Registration Ends: 16 Aug, 2024"
https://onlinecourses.nptel.ac.in/noc24_ma67/preview,Sobolev Spaces and Partial Differential...,Prof. S. Kesavan,IMSc,"12 Weeks
                          
                          
                              (Starts: 22-07-2024)","Enrollment Ends: 5 Aug, 2024","Exam Date: 2 Nov, 2024","Exam Registration Ends: 16 Aug, 2024"
https://onlinecourses.nptel.ac.in/noc24_hs165/preview,Sociology and Resource Management,"Prof. Archana Patnaik, Prof. Amrita Sen",IIT Kharagpur,"4 Weeks
                          
                          
                              (Starts: 19-08-2024)","Enrollment Ends: 19 Aug, 2024","Exam Date: 2 Nov, 2024","Exam Registration Ends: 30 Aug, 2024"
https://onlinecourses.nptel.ac.in/noc24_hs145/preview,Sociology of Development,Prof. Sambit Mallick,IIT Guwahati,"12 Weeks
                          
                          
                              (Starts: 22-07-2024)","Enrollment Ends: 5 Aug, 2024","Exam Date: 2 Nov, 2024","Exam Registration Ends: 16 Aug, 2024"
https://onlinecourses.nptel.ac.in/noc24_ge51/preview,Solar Energy Engineering and Technology,Prof. Pankaj Kalita,IIT Guwahati,"12 Weeks
                          
                          
                              (Starts: 22-07-2024)","Enrollment Ends: 5 Aug, 2024","Exam Date: 2 Nov, 2024","Exam Registration Ends: 16 Aug, 2024"
https://onlinecourses.nptel.ac.in/noc24_hs171/preview,Sports Psychology,"Prof. Chaitanya Sridhar, Prof. Nivedita Rajan,...",Private Consultant,"8 Weeks
                          
                          
                              (Starts: 19-08-2024)","Enrollment Ends: 19 Aug, 2024","Exam Date: 2 Nov, 2024","Exam Registration Ends: 30 Aug, 2024"
https://onlinecourses.nptel.ac.in/noc24_mg112/preview,Strategic Management,Prof. Vinay Sharma,IIT Roorkee,"12 Weeks
                          
                          
                              (Starts: 22-07-2024)","Enrollment Ends: 5 Aug, 2024","Exam Date: 2 Nov, 2024","Exam Registration Ends: 16 Aug, 2024"
https://onlinecourses.nptel.ac.in/noc24_mg130/preview,Strategic Management – The Competitive...,Prof. R Srinivasan,IISc Bangalore,"8 Weeks
                          
                          
                              (Starts: 19-08-2024)","Enrollment Ends: 19 Aug, 2024","Exam Date: 2 Nov, 2024","Exam Registration Ends: 30 Aug, 2024"
https://onlinecourses.nptel.ac.in/noc24_mg129/preview,Strategic Sales Management,"Prof. Sourabh Arora, Prof. Kalpak Kulkarni",IIT Roorkee,"8 Weeks
                          
                          
                              (Starts: 19-08-2024)","Enrollment Ends: 19 Aug, 2024","Exam Date: 2 Nov, 2024","Exam Registration Ends: 30 Aug, 2024"
https://onlinecourses.nptel.ac.in/noc24_mg97/preview,Strategy and Technology: A Practical...,Prof. C Bhaktavatsala Rao,IIT Madras,"12 Weeks
                          
                          
                              (Starts: 22-07-2024)","Enrollment Ends: 5 Aug, 2024","Exam Date: 2 Nov, 2024","Exam Registration Ends: 16 Aug, 2024"
https://onlinecourses.nptel.ac.in/noc24_ge54/preview,Sustainable Power Generation Systems,Prof. Pankaj Kalita,IIT Guwahati,"12 Weeks
                          
                          
                              (Starts: 22-07-2024)","Enrollment Ends: 5 Aug, 2024","Exam Date: 2 Nov, 2024","Exam Registration Ends: 16 Aug, 2024"
https://onlinecourses.nptel.ac.in/noc24_cs113/preview,The Joy of Computing using Python,Prof. Sudarshan Iyengar,IIT Ropar,"12 Weeks
                          
                          
                              (Starts: 22-07-2024)","Enrollment Ends: 5 Aug, 2024","Exam Date: 2 Nov, 2024","Exam Registration Ends: 16 Aug, 2024"
https://onlinecourses.nptel.ac.in/noc24_me110/preview,Turbulence Modeling,Prof. Vagesh D. Narasimhamurthy,IIT Madras,"12 Weeks
                          
                          
                              (Starts: 22-07-2024)","Enrollment Ends: 5 Aug, 2024","Exam Date: 2 Nov, 2024","Exam Registration Ends: 16 Aug, 2024"
https://onlinecourses.nptel.ac.in/noc24_hs166/preview,Urban Sociology,"Prof. Amrita Sen, Prof. Archana Patnaik",IIT Kharagpur,"4 Weeks
                          
                          
                              (Starts: 19-08-2024)","Enrollment Ends: 19 Aug, 2024","Exam Date: 2 Nov, 2024","Exam Registration Ends: 30 Aug, 2024"
https://onlinecourses.nptel.ac.in/noc24_ce105/preview,Wastewater Treatment and Recycling,Prof. Manoj Kumar Tiwari,IIT Kharagpur,"12 Weeks
                          
                          
                              (Starts: 22-07-2024)","Enrollment Ends: 5 Aug, 2024","Exam Date: 2 Nov, 2024","Exam Registration Ends: 16 Aug, 2024"
https://onlinecourses.nptel.ac.in/noc24_hs167/preview,"Water, Society And Sustainability",Prof. Jenia Mukherjee,IIT Kharagpur,"4 Weeks
                          
                          
                              (Starts: 19-08-2024)","Enrollment Ends: 19 Aug, 2024","Exam Date: 2 Nov, 2024","Exam Registration Ends: 30 Aug, 2024"
https://onlinecourses.nptel.ac.in/noc24_mg100/preview,Working Capital Management,Prof. Anil K. Sharma,IIT Roorkee,"12 Weeks
                          
                          
                              (Starts: 22-07-2024)","Enrollment Ends: 5 Aug, 2024","Exam Date: 2 Nov, 2024","Exam Registration Ends: 16 Aug, 2024"
https://onlinecourses.nptel.ac.in/noc24_mg119/preview,Working In Contemporary Teams,"Prof. M. P. Ganesh, Prof. Chitra Dey","IIT Hyderbad, Anna University","4 Weeks
                          
                          
                              (Starts: 19-08-2024)","Enrollment Ends: 19 Aug, 2024","Exam Date: 2 Nov, 2024","Exam Registration Ends: 30 Aug, 2024"
https://onlinecourses.nptel.ac.in/noc24_mg132/preview,वित्तीय प्रबंधन (Financial Management –...,Prof. Abhijeet Chandra,IIT Kharagpur,"8 Weeks
                          
                          
                              (Starts: 19-08-2024)","Enrollment Ends: 19 Aug, 2024","Exam Date: 2 Nov, 2024","Exam Registration Ends: 30 Aug, 2024"
https://onlinecourses.nptel.ac.in/noc24_hs139/preview,सन्धि sandhi in Paninian Grammar,Prof. Malhar Kulkarni,IIT Bombay,"12 Weeks
                          
                          
                              (Starts: 22-07-2024)","Enrollment Ends: 5 Aug, 2024","Exam Date: 2 Nov, 2024","Exam Registration Ends: 16 Aug, 2024"
https://onlinecourses.nptel.ac.in/noc24_ee152/preview,5G Wireless Standard Design,Prof. Rohit Budhiraja,"IIT Kanpur ,NPTEL","12 Weeks
                          
                          
                              (Starts: 22-07-2024)","Enrollment Ends: 5 Aug, 2024","Exam Date: 2 Nov, 2024","Exam Registration Ends: 16 Aug, 2024"
https://onlinecourses.nptel.ac.in/noc24_hs144/preview,Advance Course in Social Psychology,Prof. Pooja Garg,"IIT Roorkee ,NPTEL","12 Weeks
                          
                          
                              (Starts: 22-07-2024)","Enrollment Ends: 5 Aug, 2024","Exam Date: 2 Nov, 2024","Exam Registration Ends: 16 Aug, 2024"
https://onlinecourses.nptel.ac.in/noc24_mg107/preview,Advanced Business Decision Support...,"Prof. Deepu Philip, Prof. Amandeep Singh Oberoi,...","IIT Kanpur ,NPTEL","12 Weeks
                          
                          
                              (Starts: 22-07-2024)","Enrollment Ends: 5 Aug, 2024","Exam Date: 2 Nov, 2024","Exam Registration Ends: 16 Aug, 2024"
https://onlinecourses.nptel.ac.in/noc24_ce104/preview,Advanced Concrete Technology,Prof. Manu Santhanam,"IIT Madras ,NPTEL","12 Weeks
                          
                          
                              (Starts: 22-07-2024)","Enrollment Ends: 5 Aug, 2024","Exam Date: 2 Nov, 2024","Exam Registration Ends: 16 Aug, 2024"
https://onlinecourses.nptel.ac.in/noc24_ma68/preview,Advanced Engineering Mathematics,Prof. P. N. Agarwal,"IIT Roorkee ,NPTEL","12 Weeks
                          
                          
                              (Starts: 22-07-2024)","Enrollment Ends: 5 Aug, 2024","Exam Date: 2 Nov, 2024","Exam Registration Ends: 16 Aug, 2024"
https://onlinecourses.nptel.ac.in/noc24_mg113/preview,Advanced R Programming for Data...,Prof. Abhinava Tripathi,"IIT Kanpur ,NPTEL","12 Weeks
                          
                          
                              (Starts: 22-07-2024)","Enrollment Ends: 5 Aug, 2024","Exam Date: 2 Nov, 2024","Exam Registration Ends: 16 Aug, 2024"
https://onlinecourses.nptel.ac.in/noc24_ma79/preview,Advanced Theory of Ordinary...,Prof. Hari Shankar Mahato,"IIT Kharagpur ,NPTEL","12 Weeks
                          
                          
                              (Starts: 22-07-2024)","Enrollment Ends: 5 Aug, 2024","Exam Date: 2 Nov, 2024","Exam Registration Ends: 16 Aug, 2024"
https://onlinecourses.nptel.ac.in/noc24_me151/preview,Advances in Welding and Joining...,Prof. Swarup Bag,"IIT Guwahati ,NPTEL","8 Weeks
                          
                          
                              (Starts: 19-08-2024)","Enrollment Ends: 19 Aug, 2024","Exam Date: 2 Nov, 2024","Exam Registration Ends: 30 Aug, 2024"
https://onlinecourses.nptel.ac.in/noc24_ma65/preview,Algebra - I,"Prof. S. Viswanath, Prof. Amritanshu Prasad","The Institute of Mathematical Sciences, Chennai ,NPTEL","12 Weeks
                          
                          
                              (Starts: 22-07-2024)","Enrollment Ends: 5 Aug, 2024","Exam Date: 2 Nov, 2024","Exam Registration Ends: 16 Aug, 2024"
https://onlinecourses.nptel.ac.in/noc24_ge52/preview,An Integrated Approach to Common...,"Prof. Soumi Kundu, Prof. Nabarun Karmakar, Prof....","IIT Kharagpur ,NPTEL","12 Weeks
                          
                          
                              (Starts: 22-07-2024)","Enrollment Ends: 5 Aug, 2024","Exam Date: 2 Nov, 2024","Exam Registration Ends: 16 Aug, 2024"
https://onlinecourses.nptel.ac.in/noc24_ee135/preview,Analog Communication,Prof. Goutam Das,"IIT Kharagpur ,NPTEL","12 Weeks
                          
                          
                              (Starts: 22-07-2024)","Enrollment Ends: 5 Aug, 2024","Exam Date: 2 Nov, 2024","Exam Registration Ends: 16 Aug, 2024"
https://onlinecourses.nptel.ac.in/noc24_ee140/preview,Analog Electronic Circuit,Prof. Shouribrata chatterjee,"IIT Delhi ,NPTEL","12 Weeks
                          
                          
                              (Starts: 22-07-2024)","Enrollment Ends: 5 Aug, 2024","Exam Date: 2 Nov, 2024","Exam Registration Ends: 16 Aug, 2024"
https://onlinecourses.nptel.ac.in/noc24_ae23/preview,Applied Computational Fluid Dynamics,Prof. Rajesh Ranjan,"IIT Kanpur ,NPTEL","12 Weeks
                          
                          
                              (Starts: 22-07-2024)","Enrollment Ends: 5 Aug, 2024","Exam Date: 2 Nov, 2024","Exam Registration Ends: 16 Aug, 2024"
https://onlinecourses.nptel.ac.in/noc24_ee138/preview,Applied Linear Algebra for Signal...,Prof. Aditya K. Jagannatham,"IIT Kanpur ,NPTEL","12 Weeks
                          
                          
                              (Starts: 22-07-2024)","Enrollment Ends: 5 Aug, 2024","Exam Date: 2 Nov, 2024","Exam Registration Ends: 16 Aug, 2024"
https://onlinecourses.nptel.ac.in/noc24_hs129/preview,Applied Linguistics,Prof. Rajesh Kumar,"IIT Madras ,NPTEL","12 Weeks
                          
                          
                              (Starts: 22-07-2024)","Enrollment Ends: 5 Aug, 2024","Exam Date: 2 Nov, 2024","Exam Registration Ends: 16 Aug, 2024"
https://onlinecourses.nptel.ac.in/noc24_me111/preview,Applied Numerical Methods,Prof. Malay K. Das,"IIT Kanpur ,NPTEL","12 Weeks
                          
                          
                              (Starts: 22-07-2024)","Enrollment Ends: 5 Aug, 2024","Exam Date: 2 Nov, 2024","Exam Registration Ends: 16 Aug, 2024"
https://onlinecourses.nptel.ac.in/noc24_ce107/preview,Artificial Intelligence and Machine...,Prof. Krishanu Biswas,"IIT Kanpur ,NPTEL","12 Weeks
                          
                          
                              (Starts: 22-07-2024)","Enrollment Ends: 5 Aug, 2024","Exam Date: 2 Nov, 2024","Exam Registration Ends: 16 Aug, 2024"
https://onlinecourses.nptel.ac.in/noc24_ch71/preview,Aspen Plus® Simulation Software - A...,Prof. Prabirkumar Saha,"IIT Guwahati ,NPTEL","12 Weeks
                          
                          
                              (Starts: 22-07-2024)","Enrollment Ends: 5 Aug, 2024","Exam Date: 2 Nov, 2024","Exam Registration Ends: 16 Aug, 2024"
https://onlinecourses.nptel.ac.in/noc24_ce106/preview,Availability and Management of...,Prof. Prasoon Kumar Singh,"IIT(ISM) Dhanbad ,NPTEL","12 Weeks
                          
                          
                              (Starts: 22-07-2024)","Enrollment Ends: 5 Aug, 2024","Exam Date: 2 Nov, 2024","Exam Registration Ends: 16 Aug, 2024"
https://onlinecourses.nptel.ac.in/noc24_mg118/preview,Business and Sustainable Development,Prof. Trupti Mishra,"IIT Bombay ,NPTEL","4 Weeks
                          
                          
                              (Starts: 19-08-2024)","Enrollment Ends: 19 Aug, 2024","Exam Date: 2 Nov, 2024","Exam Registration Ends: 30 Aug, 2024"
https://onlinecourses.nptel.ac.in/noc24_ge49/preview,Carbon Accounting and Sustainable...,"Prof. Deepu Philip, Prof. Amandeep Singh Oberoi,...","IIT Kanpur ,NPTEL","12 Weeks
                          
                          
                              (Starts: 22-07-2024)","Enrollment Ends: 5 Aug, 2024","Exam Date: 2 Nov, 2024","Exam Registration Ends: 16 Aug, 2024"
https://onlinecourses.nptel.ac.in/noc24_bt76/preview,Cell Culture Technologies,Prof. Mainak Das,"IIT Kanpur ,NPTEL","8 Weeks
                          
                          
                              (Starts: 19-08-2024)","Enrollment Ends: 19 Aug, 2024","Exam Date: 2 Nov, 2024","Exam Registration Ends: 30 Aug, 2024"
https://onlinecourses.nptel.ac.in/noc24_ph30/preview,Classical Motion of a Single Particle,Prof. Supratik Banerjee,"IIT Kanpur ,NPTEL","12 Weeks
                          
                          
                              (Starts: 22-07-2024)","Enrollment Ends: 5 Aug, 2024","Exam Date: 2 Nov, 2024","Exam Registration Ends: 16 Aug, 2024"
https://onlinecourses.nptel.ac.in/noc24_ma77/preview,Computational Commutative Algebra,Prof. Manoj Kummini,"CMI ,NPTEL","12 Weeks
                          
                          
                              (Starts: 22-07-2024)","Enrollment Ends: 5 Aug, 2024","Exam Date: 2 Nov, 2024","Exam Registration Ends: 16 Aug, 2024"
https://onlinecourses.nptel.ac.in/noc24_me114/preview,Computational Fluid Dynamics using...,Prof. Kameswararao Anupindi,"IIT Madras ,NPTEL","12 Weeks
                          
                          
                              (Starts: 22-07-2024)","Enrollment Ends: 5 Aug, 2024","Exam Date: 2 Nov, 2024","Exam Registration Ends: 16 Aug, 2024"
https://onlinecourses.nptel.ac.in/noc24_bt68/preview,Computational Neuroscience,Prof. Sharba Bandyopadhyay,"IIT Kharagpur ,NPTEL","12 Weeks
                          
                          
                              (Starts: 22-07-2024)","Enrollment Ends: 5 Aug, 2024","Exam Date: 2 Nov, 2024","Exam Registration Ends: 16 Aug, 2024"
https://onlinecourses.nptel.ac.in/noc24_lw09/preview,Constitution of India and Environmental...,"Prof. Sairam Bhat, Prof. M. K. Ramesh","National Law School of India University ,NPTEL","12 Weeks
                          
                          
                              (Starts: 22-07-2024)","Enrollment Ends: 5 Aug, 2024","Exam Date: 2 Nov, 2024","Exam Registration Ends: 16 Aug, 2024"
https://onlinecourses.nptel.ac.in/noc24_de18/preview,Control Systems,Prof. C. S. Shankar Ram,"IIT Madras ,NPTEL","12 Weeks
                          
                          
                              (Starts: 22-07-2024)","Enrollment Ends: 5 Aug, 2024","Exam Date: 2 Nov, 2024","Exam Registration Ends: 16 Aug, 2024"
https://onlinecourses.nptel.ac.in/noc24_me112/preview,Convective Heat Transfer,Prof. Saptarshi Basu,"IISc Bangalore ,NPTEL","12 Weeks
                          
                          
                              (Starts: 22-07-2024)","Enrollment Ends: 5 Aug, 2024","Exam Date: 2 Nov, 2024","Exam Registration Ends: 16 Aug, 2024"
https://onlinecourses.nptel.ac.in/noc24_mm37/preview,Corrosion/Environmental...,Prof. (HAG) Harish Hirani,"IIT Delhi ,NPTEL","12 Weeks
                          
                          
                              (Starts: 22-07-2024)","Enrollment Ends: 5 Aug, 2024","Exam Date: 2 Nov, 2024","Exam Registration Ends: 16 Aug, 2024"
https://onlinecourses.nptel.ac.in/noc24_mg98/preview,Data Analysis & Decision Making - III,Prof. Raghu Nandan Sengupta,"IIT Kanpur ,NPTEL","12 Weeks
                          
                          
                              (Starts: 22-07-2024)","Enrollment Ends: 5 Aug, 2024","Exam Date: 2 Nov, 2024","Exam Registration Ends: 16 Aug, 2024"
https://onlinecourses.nptel.ac.in/noc24_cs114/preview,Deep Learning - IIT Ropar,Prof. Sudarshan Iyengar,"IIT Ropar ,NPTEL","12 Weeks
                          
                          
                              (Starts: 22-07-2024)","Enrollment Ends: 5 Aug, 2024","Exam Date: 2 Nov, 2024","Exam Registration Ends: 16 Aug, 2024"
https://onlinecourses.nptel.ac.in/noc24_mg133/preview,Descriptive Statistics with R Software,"Prof. Prashant Jha, Prof. Shalabh","NIT Sikkim, IIT Kanpur ,NPTEL","8 Weeks
                          
                          
                              (Starts: 19-08-2024)","Enrollment Ends: 19 Aug, 2024","Exam Date: 2 Nov, 2024","Exam Registration Ends: 30 Aug, 2024"
https://onlinecourses.nptel.ac.in/noc24_cs126/preview,Design & Implementation of...,Prof. Samit Bhattacharya,"IIT Guwahati ,NPTEL","12 Weeks
                          
                          
                              (Starts: 22-07-2024)","Enrollment Ends: 5 Aug, 2024","Exam Date: 2 Nov, 2024","Exam Registration Ends: 16 Aug, 2024"
https://onlinecourses.nptel.ac.in/noc24_me120/preview,Design of Mechatronic Systems,Prof. Prasanna Gandhi,"IIT Bombay ,NPTEL","12 Weeks
                          
                          
                              (Starts: 22-07-2024)","Enrollment Ends: 5 Aug, 2024","Exam Date: 2 Nov, 2024","Exam Registration Ends: 16 Aug, 2024"
https://onlinecourses.nptel.ac.in/noc24_hs181/preview,Development Research Methods,Prof. Rajshree Bedamatta,"IIT Guwahati ,NPTEL","8 Weeks
                          
                          
                              (Starts: 19-08-2024)","Enrollment Ends: 19 Aug, 2024","Exam Date: 2 Nov, 2024","Exam Registration Ends: 30 Aug, 2024"
https://onlinecourses.nptel.ac.in/noc24_ee134/preview,Digital VLSI Testing,Prof. Santanu Chattopadhyay,"IIT Kharagpur ,NPTEL","12 Weeks
                          
                          
                              (Starts: 22-07-2024)","Enrollment Ends: 5 Aug, 2024","Exam Date: 2 Nov, 2024","Exam Registration Ends: 16 Aug, 2024"
https://onlinecourses.nptel.ac.in/noc24_ph40/preview,Dynamics of Classical and Quantum...,Prof. Girish S. Setlur,"IIT Guwahati ,NPTEL","12 Weeks
                          
                          
                              (Starts: 22-07-2024)","Enrollment Ends: 5 Aug, 2024","Exam Date: 2 Nov, 2024","Exam Registration Ends: 16 Aug, 2024"
https://onlinecourses.nptel.ac.in/noc24_hs149/preview,Ecology and Society,Prof. Ngamjahao Kipgen,"IIT Guwahati ,NPTEL","12 Weeks
                          
                          
                              (Starts: 22-07-2024)","Enrollment Ends: 5 Aug, 2024","Exam Date: 2 Nov, 2024","Exam Registration Ends: 16 Aug, 2024"
https://onlinecourses.nptel.ac.in/noc24_ee141/preview,Economic Operations and Control of...,"Prof. Gururaj Mirle Vishwanath, Prof .Narayana...","IIT Kanpur, MNIT Jaipur (On-lien from IIT Roorkee) ,NPTEL","12 Weeks
                          
                          
                              (Starts: 22-07-2024)","Enrollment Ends: 5 Aug, 2024","Exam Date: 2 Nov, 2024","Exam Registration Ends: 16 Aug, 2024"
https://onlinecourses.nptel.ac.in/noc24_hs154/preview,Economics of Health and Education,Prof. Rajshree Bedamatta,"IIT Guwahati ,NPTEL","12 Weeks
                          
                          
                              (Starts: 22-07-2024)","Enrollment Ends: 5 Aug, 2024","Exam Date: 2 Nov, 2024","Exam Registration Ends: 16 Aug, 2024"
https://onlinecourses.nptel.ac.in/noc24_ee137/preview,Electromagnetic Theory,Prof. Pradeep Kumar K,"IIT Kanpur ,NPTEL","12 Weeks
                          
                          
                              (Starts: 22-07-2024)","Enrollment Ends: 5 Aug, 2024","Exam Date: 2 Nov, 2024","Exam Registration Ends: 16 Aug, 2024"
https://onlinecourses.nptel.ac.in/noc24_hs172/preview,Energy Economics And Policy,Prof. Shyamasree Dasgupta,"IIT Mandi ,NPTEL","8 Weeks
                          
                          
                              (Starts: 19-08-2024)","Enrollment Ends: 19 Aug, 2024","Exam Date: 2 Nov, 2024","Exam Registration Ends: 30 Aug, 2024"
https://onlinecourses.nptel.ac.in/noc24_me113/preview,Engineering Fracture Mechanics,Prof. K. Ramesh,"IIT Madras ,NPTEL","12 Weeks
                          
                          
                              (Starts: 22-07-2024)","Enrollment Ends: 5 Aug, 2024","Exam Date: 2 Nov, 2024","Exam Registration Ends: 16 Aug, 2024"
https://onlinecourses.nptel.ac.in/noc24_hs150/preview,Environment and Development,Prof. Ngamjahao Kipgen,"IIT Guwahati ,NPTEL","12 Weeks
                          
                          
                              (Starts: 22-07-2024)","Enrollment Ends: 5 Aug, 2024","Exam Date: 2 Nov, 2024","Exam Registration Ends: 16 Aug, 2024"
https://onlinecourses.nptel.ac.in/noc24_mg131/preview,Ethics in Engineering Practice,Prof. Susmita Mukhopadhyay,"IIT Kharagpur ,NPTEL","8 Weeks
                          
                          
                              (Starts: 19-08-2024)","Enrollment Ends: 19 Aug, 2024","Exam Date: 2 Nov, 2024","Exam Registration Ends: 30 Aug, 2024"
https://onlinecourses.nptel.ac.in/noc24_ee131/preview,Fiber Optic Communication Technology,Prof. Deepa Venkitesh,"IIT Madras ,NPTEL","12 Weeks
                          
                          
                              (Starts: 22-07-2024)","Enrollment Ends: 5 Aug, 2024","Exam Date: 2 Nov, 2024","Exam Registration Ends: 16 Aug, 2024"
https://onlinecourses.nptel.ac.in/noc24_ma81/preview,Foundations of R Software (In Hindi...,Prof. Shalabh,"IIT Kanpur ,NPTEL","12 Weeks
                          
                          
                              (Starts: 22-07-2024)","Enrollment Ends: 5 Aug, 2024","Exam Date: 2 Nov, 2024","Exam Registration Ends: 16 Aug, 2024"
https://onlinecourses.nptel.ac.in/noc24_hs135/preview,Fundamental Concepts in...,"Prof. Rajesh Kumar, Prof. Om Prakash","IIT Madras, North-Eastern Hill University, Shillong ,NPTEL","12 Weeks
                          
                          
                              (Starts: 22-07-2024)","Enrollment Ends: 5 Aug, 2024","Exam Date: 2 Nov, 2024","Exam Registration Ends: 16 Aug, 2024"
https://onlinecourses.nptel.ac.in/noc24_mm36/preview,Fundamentals of Composite and Cellular...,"Prof. Tapas laha, Prof. Siddhartha Roy","IIT Kharagpur ,NPTEL","12 Weeks
                          
                          
                              (Starts: 22-07-2024)","Enrollment Ends: 5 Aug, 2024","Exam Date: 2 Nov, 2024","Exam Registration Ends: 16 Aug, 2024"
https://onlinecourses.nptel.ac.in/noc24_me119/preview,Fundamentals of Convective Heat...,Prof. Amaresh Dalal,"IIT Guwahati ,NPTEL","12 Weeks
                          
                          
                              (Starts: 22-07-2024)","Enrollment Ends: 5 Aug, 2024","Exam Date: 2 Nov, 2024","Exam Registration Ends: 16 Aug, 2024"
https://onlinecourses.nptel.ac.in/noc24_mg114/preview,Fundamentals of Cost Accounting,Prof. Arindam Banerjee,"The Institute of Cost Accountants of India (ICMAI) ,NPTEL","8 Weeks
                          
                          
                              (Starts: 19-08-2024)","Enrollment Ends: 19 Aug, 2024","Exam Date: 2 Nov, 2024","Exam Registration Ends: 30 Aug, 2024"
https://onlinecourses.nptel.ac.in/noc24_ma75/preview,Galois Theory,Prof. Dilip P. Patil,"IIT Bombay ,NPTEL","12 Weeks
                          
                          
                              (Starts: 22-07-2024)","Enrollment Ends: 5 Aug, 2024","Exam Date: 2 Nov, 2024","Exam Registration Ends: 16 Aug, 2024"
https://onlinecourses.nptel.ac.in/noc24_hs130/preview,German - I,Prof. Milind Brahme,"IIT Madras ,NPTEL","12 Weeks
                          
                          
                              (Starts: 22-07-2024)","Enrollment Ends: 5 Aug, 2024","Exam Date: 2 Nov, 2024","Exam Registration Ends: 16 Aug, 2024"
https://onlinecourses.nptel.ac.in/noc24_hs126/preview,HR Analytics,"Prof. Santosh Rangnekar, Prof. Abhishek Singh","IIT Roorkee, IIM Rohtak ,NPTEL","12 Weeks
                          
                          
                              (Starts: 22-07-2024)","Enrollment Ends: 5 Aug, 2024","Exam Date: 2 Nov, 2024","Exam Registration Ends: 16 Aug, 2024"
https://onlinecourses.nptel.ac.in/noc24_ch72/preview,Heat Transfer,Prof. Sunando DasGupta,"IIT Kharagpur ,NPTEL","12 Weeks
                          
                          
                              (Starts: 22-07-2024)","Enrollment Ends: 5 Aug, 2024","Exam Date: 2 Nov, 2024","Exam Registration Ends: 16 Aug, 2024"
https://onlinecourses.nptel.ac.in/noc24_hs133/preview,History of English Language and...,Prof. Merin Simi Raj,"IIT Madras ,NPTEL","12 Weeks
                          
                          
                              (Starts: 22-07-2024)","Enrollment Ends: 5 Aug, 2024","Exam Date: 2 Nov, 2024","Exam Registration Ends: 16 Aug, 2024"
https://onlinecourses.nptel.ac.in/noc24_mg108/preview,Human Factors Engineering,"Prof. Pradip Kumar Ray, Prof. V. K. Tewari","IIT Kharagpur ,NPTEL","12 Weeks
                          
                          
                              (Starts: 22-07-2024)","Enrollment Ends: 5 Aug, 2024","Exam Date: 2 Nov, 2024","Exam Registration Ends: 16 Aug, 2024"
https://onlinecourses.nptel.ac.in/noc24_ch73/preview,"Hydrogen Energy: Production, Storage,...",Prof. Pratibha Sharma,"IIT Bombay ,NPTEL","12 Weeks
                          
                          
                              (Starts: 22-07-2024)","Enrollment Ends: 5 Aug, 2024","Exam Date: 2 Nov, 2024","Exam Registration Ends: 16 Aug, 2024"
https://onlinecourses.nptel.ac.in/noc24_hs136/preview,"Indian Art: Materials, Techniques and...",Prof. Rajarshi Sengupta,"IIT Kanpur ,NPTEL","12 Weeks
                          
                          
                              (Starts: 22-07-2024)","Enrollment Ends: 5 Aug, 2024","Exam Date: 2 Nov, 2024","Exam Registration Ends: 16 Aug, 2024"
https://onlinecourses.nptel.ac.in/noc24_hs140/preview,Indian Society: Sociological...,Prof. R. Santhosh,"IIT Madras ,NPTEL","12 Weeks
                          
                          
                              (Starts: 22-07-2024)","Enrollment Ends: 5 Aug, 2024","Exam Date: 2 Nov, 2024","Exam Registration Ends: 16 Aug, 2024"
https://onlinecourses.nptel.ac.in/noc24_me117/preview,Industrial Robotics : Theories for...,Prof. Arun Dayal Udai,"IIT-ISM Dhanbad ,NPTEL","12 Weeks
                          
                          
                              (Starts: 22-07-2024)","Enrollment Ends: 5 Aug, 2024","Exam Date: 2 Nov, 2024","Exam Registration Ends: 16 Aug, 2024"
https://onlinecourses.nptel.ac.in/noc24_mg110/preview,Industrial Safety Engineering,Prof. Jhareswar Maiti,"IIT Kharagpur ,NPTEL","12 Weeks
                          
                          
                              (Starts: 22-07-2024)","Enrollment Ends: 5 Aug, 2024","Exam Date: 2 Nov, 2024","Exam Registration Ends: 16 Aug, 2024"
https://onlinecourses.nptel.ac.in/noc24_mg128/preview,"Innovation, Business Models and...","Prof. Vinay Sharma, Prof. Rajat Agrawal","IIT Roorkee, IIT Roorkee ,NPTEL","8 Weeks
                          
                          
                              (Starts: 19-08-2024)","Enrollment Ends: 19 Aug, 2024","Exam Date: 2 Nov, 2024","Exam Registration Ends: 30 Aug, 2024"
https://onlinecourses.nptel.ac.in/noc24_hs141/preview,International Trade - Theory and...,Prof. Pratap C. Mohanty,"IIT Roorkee ,NPTEL","12 Weeks
                          
                          
                              (Starts: 22-07-2024)","Enrollment Ends: 5 Aug, 2024","Exam Date: 2 Nov, 2024","Exam Registration Ends: 16 Aug, 2024"
https://onlinecourses.nptel.ac.in/noc24_cs116/preview,Introduction To Algorithms and Analysis,Prof. Sourav Mukhopadhyay,"IIT Kharagpur ,NPTEL","12 Weeks
                          
                          
                              (Starts: 22-07-2024)","Enrollment Ends: 5 Aug, 2024","Exam Date: 2 Nov, 2024","Exam Registration Ends: 16 Aug, 2024"
https://onlinecourses.nptel.ac.in/noc24_ae22/preview,Introduction to Aerospace Engineering -...,Prof. Rajkumar S. Pant,"IIT Bombay ,NPTEL","12 Weeks
                          
                          
                              (Starts: 22-07-2024)","Enrollment Ends: 5 Aug, 2024","Exam Date: 2 Nov, 2024","Exam Registration Ends: 16 Aug, 2024"
https://onlinecourses.nptel.ac.in/noc24_hs151/preview,Introduction to Basic Spoken Sanskrit...,Prof. Anuradha Choudry,"IIT Kharagpur ,NPTEL","12 Weeks
                          
                          
                              (Starts: 22-07-2024)","Enrollment Ends: 5 Aug, 2024","Exam Date: 2 Nov, 2024","Exam Registration Ends: 16 Aug, 2024"
https://onlinecourses.nptel.ac.in/noc24_bt69/preview,Introduction to Biomedical Imaging...,Prof. Arun K. Thittai,"IIT Madras ,NPTEL","12 Weeks
                          
                          
                              (Starts: 22-07-2024)","Enrollment Ends: 5 Aug, 2024","Exam Date: 2 Nov, 2024","Exam Registration Ends: 16 Aug, 2024"
https://onlinecourses.nptel.ac.in/noc24_bt67/preview,Introduction to Developmental Biology,Prof. Subramaniam K,"IIT Madras ,NPTEL","12 Weeks
                          
                          
                              (Starts: 22-07-2024)","Enrollment Ends: 5 Aug, 2024","Exam Date: 2 Nov, 2024","Exam Registration Ends: 16 Aug, 2024"
https://onlinecourses.nptel.ac.in/noc24_ph37/preview,Introduction to Electromagnetic Theory...,Prof. Manoj Harbola,"IIT Kanpur ,NPTEL","12 Weeks
                          
                          
                              (Starts: 22-07-2024)","Enrollment Ends: 5 Aug, 2024","Exam Date: 2 Nov, 2024","Exam Registration Ends: 16 Aug, 2024"
https://onlinecourses.nptel.ac.in/noc24_ma71/preview,"Introduction to Fuzzy Set Theory,...",Prof. Niladri Chatterjee,"IIT Delhi ,NPTEL","12 Weeks
                          
                          
                              (Starts: 22-07-2024)","Enrollment Ends: 5 Aug, 2024","Exam Date: 2 Nov, 2024","Exam Registration Ends: 16 Aug, 2024"
https://onlinecourses.nptel.ac.in/noc24_cs115/preview,Introduction to Internet of Things,Prof. Sudip Misra,"IIT Kharagpur ,NPTEL","12 Weeks
                          
                          
                              (Starts: 22-07-2024)","Enrollment Ends: 5 Aug, 2024","Exam Date: 2 Nov, 2024","Exam Registration Ends: 16 Aug, 2024"
https://onlinecourses.nptel.ac.in/noc24_hs127/preview,Introduction to Language and...,"Prof. Dripta Piplai (Mondal), Prof. Bornini...","IIT Kharagpur ,NPTEL","12 Weeks
                          
                          
                              (Starts: 22-07-2024)","Enrollment Ends: 5 Aug, 2024","Exam Date: 2 Nov, 2024","Exam Registration Ends: 16 Aug, 2024"
https://onlinecourses.nptel.ac.in/noc24_hs146/preview,Introduction to Market Structures,Prof. Amarjyoti Mahanta,"IIT Guwahati ,NPTEL","12 Weeks
                          
                          
                              (Starts: 22-07-2024)","Enrollment Ends: 5 Aug, 2024","Exam Date: 2 Nov, 2024","Exam Registration Ends: 16 Aug, 2024"
https://onlinecourses.nptel.ac.in/noc24_mg103/preview,Introduction to Marketing Essentials,Prof. Zillur Rahman,"IIT Roorkee ,NPTEL","12 Weeks
                          
                          
                              (Starts: 22-07-2024)","Enrollment Ends: 5 Aug, 2024","Exam Date: 2 Nov, 2024","Exam Registration Ends: 16 Aug, 2024"
https://onlinecourses.nptel.ac.in/noc24_hs148/preview,Introduction to Western Political...,Prof. Mithilesh Kumar Jha,"IIT Guwahati ,NPTEL","12 Weeks
                          
                          
                              (Starts: 22-07-2024)","Enrollment Ends: 5 Aug, 2024","Exam Date: 2 Nov, 2024","Exam Registration Ends: 16 Aug, 2024"
https://onlinecourses.nptel.ac.in/noc24_mg104/preview,Labour Welfare and Industrial Relations,Prof. Abraham Cyril Issac,"IIT Guwahati ,NPTEL","12 Weeks
                          
                          
                              (Starts: 22-07-2024)","Enrollment Ends: 5 Aug, 2024","Exam Date: 2 Nov, 2024","Exam Registration Ends: 16 Aug, 2024"
https://onlinecourses.nptel.ac.in/noc24_ge57/preview,Learning Analytics Tools,Prof. Ramkumar Rajendran,"IIT Bombay ,NPTEL","12 Weeks
                          
                          
                              (Starts: 22-07-2024)","Enrollment Ends: 5 Aug, 2024","Exam Date: 2 Nov, 2024","Exam Registration Ends: 16 Aug, 2024"
https://onlinecourses.nptel.ac.in/noc24_ma69/preview,Linear Algebra,Prof. Dilip P. Patil,"IISc Bangalore ,NPTEL","12 Weeks
                          
                          
                              (Starts: 22-07-2024)","Enrollment Ends: 5 Aug, 2024","Exam Date: 2 Nov, 2024","Exam Registration Ends: 16 Aug, 2024"
https://onlinecourses.nptel.ac.in/noc24_hs134/preview,Literary and Cultural Disability...,Prof. Hemachandran Karah,"IIT Madras ,NPTEL","12 Weeks
                          
                          
                              (Starts: 22-07-2024)","Enrollment Ends: 5 Aug, 2024","Exam Date: 2 Nov, 2024","Exam Registration Ends: 16 Aug, 2024"
https://onlinecourses.nptel.ac.in/noc24_hs138/preview,"Literature, Culture and Media",Prof. Rashmi Gaur,"IIT Roorkee ,NPTEL","12 Weeks
                          
                          
                              (Starts: 22-07-2024)","Enrollment Ends: 5 Aug, 2024","Exam Date: 2 Nov, 2024","Exam Registration Ends: 16 Aug, 2024"
https://onlinecourses.nptel.ac.in/noc24_ge63/preview,Manage TB,Multifaculty,"ICMR-NIRT ,NPTEL","8 Weeks
                          
                          
                              (Starts: 19-08-2024)","Enrollment Ends: 19 Aug, 2024","Exam Date: 2 Nov, 2024","Exam Registration Ends: 30 Aug, 2024"
https://onlinecourses.nptel.ac.in/noc24_mg99/preview,Management Accounting,Prof. Anil K. Sharma,"IIT Roorkee ,NPTEL","12 Weeks
                          
                          
                              (Starts: 22-07-2024)","Enrollment Ends: 5 Aug, 2024","Exam Date: 2 Nov, 2024","Exam Registration Ends: 16 Aug, 2024"
https://onlinecourses.nptel.ac.in/noc24_mg127/preview,Marketing Management - I,"Prof. Jayanta Chatterjee, Prof. Shashi Shekhar...","IIT Kanpur ,NPTEL","8 Weeks
                          
                          
                              (Starts: 19-08-2024)","Enrollment Ends: 19 Aug, 2024","Exam Date: 2 Nov, 2024","Exam Registration Ends: 30 Aug, 2024"
https://onlinecourses.nptel.ac.in/noc24_mm35/preview,"Materials Design for Electronic,...",Prof. Pavan Nukala,"IISc Bangalore ,NPTEL","12 Weeks
                          
                          
                              (Starts: 22-07-2024)","Enrollment Ends: 5 Aug, 2024","Exam Date: 2 Nov, 2024","Exam Registration Ends: 16 Aug, 2024"
https://onlinecourses.nptel.ac.in/noc24_hs152/preview,Mathematics For Economics - I,Prof. Debarshi Das,"IIT Guwahati ,NPTEL","12 Weeks
                          
                          
                              (Starts: 22-07-2024)","Enrollment Ends: 5 Aug, 2024","Exam Date: 2 Nov, 2024","Exam Registration Ends: 16 Aug, 2024"
https://onlinecourses.nptel.ac.in/noc24_ma70/preview,Measure Theory,Prof. I. K. Rana,"IIT Bombay ,NPTEL","12 Weeks
                          
                          
                              (Starts: 22-07-2024)","Enrollment Ends: 5 Aug, 2024","Exam Date: 2 Nov, 2024","Exam Registration Ends: 16 Aug, 2024"
https://onlinecourses.nptel.ac.in/noc24_ma66/preview,Measure and Integration,Prof. S. Kesavan,"IMSc ,NPTEL","12 Weeks
                          
                          
                              (Starts: 22-07-2024)","Enrollment Ends: 5 Aug, 2024","Exam Date: 2 Nov, 2024","Exam Registration Ends: 16 Aug, 2024"
https://onlinecourses.nptel.ac.in/noc24_ch70/preview,Mechanical Unit Operations,Prof. Nanda Kishore,"IIT Guwahati ,NPTEL","12 Weeks
                          
                          
                              (Starts: 22-07-2024)","Enrollment Ends: 5 Aug, 2024","Exam Date: 2 Nov, 2024","Exam Registration Ends: 16 Aug, 2024"
https://onlinecourses.nptel.ac.in/noc24_ce110/preview,Metallurgical and Electronic Waste...,Prof. Arunabh Meshram,"IIT Kanpur ,NPTEL","8 Weeks
                          
                          
                              (Starts: 19-08-2024)","Enrollment Ends: 19 Aug, 2024","Exam Date: 2 Nov, 2024","Exam Registration Ends: 30 Aug, 2024"
https://onlinecourses.nptel.ac.in/noc24_ee139/preview,Microelectronics: Devices to Circuits,Prof. Sudeb Dasgupta,"IIT Roorkee ,NPTEL","12 Weeks
                          
                          
                              (Starts: 22-07-2024)","Enrollment Ends: 5 Aug, 2024","Exam Date: 2 Nov, 2024","Exam Registration Ends: 16 Aug, 2024"
https://onlinecourses.nptel.ac.in/noc24_me118/preview,Microfluidics and Nanofluidics,Prof. Suman Chakraborty,"IIT Kharagpur ,NPTEL","12 Weeks
                          
                          
                              (Starts: 22-07-2024)","Enrollment Ends: 5 Aug, 2024","Exam Date: 2 Nov, 2024","Exam Registration Ends: 16 Aug, 2024"
https://onlinecourses.nptel.ac.in/noc24_ee142/preview,"Nanophotonics, Plasmonics, and...",Prof. Debabrata Sikdar,"IIT Guwahati ,NPTEL","12 Weeks
                          
                          
                              (Starts: 22-07-2024)","Enrollment Ends: 5 Aug, 2024","Exam Date: 2 Nov, 2024","Exam Registration Ends: 16 Aug, 2024"
https://onlinecourses.nptel.ac.in/noc24_lw10/preview,New Labour Codes of India,Prof. KD Raju,"IIT Kharagpur ,NPTEL","12 Weeks
                          
                          
                              (Starts: 22-07-2024)","Enrollment Ends: 5 Aug, 2024","Exam Date: 2 Nov, 2024","Exam Registration Ends: 16 Aug, 2024"
https://onlinecourses.nptel.ac.in/noc24_mg106/preview,Operations and Supply Chain Management,Prof. G. Srinivasan,"IIT Madras ,NPTEL","12 Weeks
                          
                          
                              (Starts: 22-07-2024)","Enrollment Ends: 5 Aug, 2024","Exam Date: 2 Nov, 2024","Exam Registration Ends: 16 Aug, 2024"
https://onlinecourses.nptel.ac.in/noc24_ma78/preview,Ordinary Differential Equations,Prof. Kaushik Bal,"IIT Kanpur ,NPTEL","12 Weeks
                          
                          
                              (Starts: 22-07-2024)","Enrollment Ends: 5 Aug, 2024","Exam Date: 2 Nov, 2024","Exam Registration Ends: 16 Aug, 2024"
https://onlinecourses.nptel.ac.in/noc24_mg109/preview,Organizational Behaviour - II,"Prof. Susmita Mukhopadhyay, Prof. Sangeeta...","IIT Kharagpur ,NPTEL","12 Weeks
                          
                          
                              (Starts: 22-07-2024)","Enrollment Ends: 5 Aug, 2024","Exam Date: 2 Nov, 2024","Exam Registration Ends: 16 Aug, 2024"
https://onlinecourses.nptel.ac.in/noc24_ma73/preview,Partial Differential Equations,Prof. Sivaji Ganesh,"IIT Bombay ,NPTEL","12 Weeks
                          
                          
                              (Starts: 22-07-2024)","Enrollment Ends: 5 Aug, 2024","Exam Date: 2 Nov, 2024","Exam Registration Ends: 16 Aug, 2024"
https://onlinecourses.nptel.ac.in/noc24_hs142/preview,Partition of India in Print Media and...,Prof. Sarbani Banerjee,"IIT Roorkee ,NPTEL","12 Weeks
                          
                          
                              (Starts: 22-07-2024)","Enrollment Ends: 5 Aug, 2024","Exam Date: 2 Nov, 2024","Exam Registration Ends: 16 Aug, 2024"
https://onlinecourses.nptel.ac.in/noc24_hs187/preview,Performance Traditions of the...,"Prof. Sashikanth Ananthachari, Prof. Rajesh Kumar","IIT Madras ,NPTEL","12 Weeks
                          
                          
                              (Starts: 22-07-2024)","Enrollment Ends: 5 Aug, 2024","Exam Date: 2 Nov, 2024","Exam Registration Ends: 16 Aug, 2024"
https://onlinecourses.nptel.ac.in/noc24_ce109/preview,Phase Diagrams in Single Component and...,Prof. Kallol Mondal,"IIT Kanpur ,NPTEL","8 Weeks
                          
                          
                              (Starts: 19-08-2024)","Enrollment Ends: 19 Aug, 2024","Exam Date: 2 Nov, 2024","Exam Registration Ends: 30 Aug, 2024"
https://onlinecourses.nptel.ac.in/noc24_hs131/preview,Poetry,Prof. S P Dhanavel,"IIT Madras ,NPTEL","12 Weeks
                          
                          
                              (Starts: 22-07-2024)","Enrollment Ends: 5 Aug, 2024","Exam Date: 2 Nov, 2024","Exam Registration Ends: 16 Aug, 2024"
https://onlinecourses.nptel.ac.in/noc24_bt55/preview,Principles of Downstream Techniques in...,Prof. Mukesh Doble,"IIT Madras ,NPTEL","12 Weeks
                          
                          
                              (Starts: 22-07-2024)","Enrollment Ends: 5 Aug, 2024","Exam Date: 2 Nov, 2024","Exam Registration Ends: 16 Aug, 2024"
https://onlinecourses.nptel.ac.in/noc24_hs143/preview,Public Speaking,Prof. Binod Mishra,"IIT Roorkee ,NPTEL","12 Weeks
                          
                          
                              (Starts: 22-07-2024)","Enrollment Ends: 5 Aug, 2024","Exam Date: 2 Nov, 2024","Exam Registration Ends: 16 Aug, 2024"
https://onlinecourses.nptel.ac.in/noc24_mg101/preview,Quantitative Investment Management,Prof. J P Singh,"IIT Roorkee ,NPTEL","12 Weeks
                          
                          
                              (Starts: 22-07-2024)","Enrollment Ends: 5 Aug, 2024","Exam Date: 2 Nov, 2024","Exam Registration Ends: 16 Aug, 2024"
https://onlinecourses.nptel.ac.in/noc24_me115/preview,Rapid Manufacturing,"Prof. J. Ramkumar, Prof. Amandeep Singh Oberoi","IIT Kanpur ,NPTEL","12 Weeks
                          
                          
                              (Starts: 22-07-2024)","Enrollment Ends: 5 Aug, 2024","Exam Date: 2 Nov, 2024","Exam Registration Ends: 16 Aug, 2024"
https://onlinecourses.nptel.ac.in/noc24_ee136/preview,Real-Time Digital Signal Processing,Prof. Rathna G N,"IISc Bangalore ,NPTEL","12 Weeks
                          
                          
                              (Starts: 22-07-2024)","Enrollment Ends: 5 Aug, 2024","Exam Date: 2 Nov, 2024","Exam Registration Ends: 16 Aug, 2024"
https://onlinecourses.nptel.ac.in/noc24_ma76/preview,Representation Theory of General Linear...,Prof. R. Venkatesh,"IISc Bangalore ,NPTEL","12 Weeks
                          
                          
                              (Starts: 22-07-2024)","Enrollment Ends: 5 Aug, 2024","Exam Date: 2 Nov, 2024","Exam Registration Ends: 16 Aug, 2024"
https://onlinecourses.nptel.ac.in/noc24_ge50/preview,Research Methods in Health Promotion,"Dr.  Arista Lahiri, Dr. Sweety Suman Jha,...","IIT Kharagpur, AIIH&PH, Kolkata ,NPTEL","12 Weeks
                          
                          
                              (Starts: 22-07-2024)","Enrollment Ends: 5 Aug, 2024","Exam Date: 2 Nov, 2024","Exam Registration Ends: 16 Aug, 2024"
https://onlinecourses.nptel.ac.in/noc24_cs132/preview,Responsible & Safe AI Systems,"Prof. Ponnurangam Kumaraguru, Prof. Balaraman...","IIIT Hyderabad, IIT Madras ,NPTEL","12 Weeks
                          
                          
                              (Starts: 22-07-2024)","Enrollment Ends: 5 Aug, 2024","Exam Date: 2 Nov, 2024","Exam Registration Ends: 16 Aug, 2024"
https://onlinecourses.nptel.ac.in/noc24_hs147/preview,"Science, Technology and Society",Prof. Sambit Mallick,"IIT Guwahati ,NPTEL","12 Weeks
                          
                          
                              (Starts: 22-07-2024)","Enrollment Ends: 5 Aug, 2024","Exam Date: 2 Nov, 2024","Exam Registration Ends: 16 Aug, 2024"
https://onlinecourses.nptel.ac.in/noc24_cs112/preview,Secure Computation: Part II,Prof. Ashish Choudhury,"IIIT Bangalore ,NPTEL","12 Weeks
                          
                          
                              (Starts: 22-07-2024)","Enrollment Ends: 5 Aug, 2024","Exam Date: 2 Nov, 2024","Exam Registration Ends: 16 Aug, 2024"
https://onlinecourses.nptel.ac.in/noc24_mg102/preview,Security Analysis & Portfolio...,Prof. J. P. Singh,"IIT Roorkee ,NPTEL","12 Weeks
                          
                          
                              (Starts: 22-07-2024)","Enrollment Ends: 5 Aug, 2024","Exam Date: 2 Nov, 2024","Exam Registration Ends: 16 Aug, 2024"
https://onlinecourses.nptel.ac.in/noc24_ee143/preview,Semiconductor Devices and Circuits,Prof. Sanjiv Sambandan,"IISc Bangalore ,NPTEL","12 Weeks
                          
                          
                              (Starts: 22-07-2024)","Enrollment Ends: 5 Aug, 2024","Exam Date: 2 Nov, 2024","Exam Registration Ends: 16 Aug, 2024"
https://onlinecourses.nptel.ac.in/noc24_mg111/preview,Service Management: Integrating...,Prof. Sanjib Chowdhury,"IIT Kharagpur ,NPTEL","12 Weeks
                          
                          
                              (Starts: 22-07-2024)","Enrollment Ends: 5 Aug, 2024","Exam Date: 2 Nov, 2024","Exam Registration Ends: 16 Aug, 2024"
https://onlinecourses.nptel.ac.in/noc24_hs132/preview,Short Fiction in Indian Literature,Prof. A. Divya,"IIT Madras ,NPTEL","12 Weeks
                          
                          
                              (Starts: 22-07-2024)","Enrollment Ends: 5 Aug, 2024","Exam Date: 2 Nov, 2024","Exam Registration Ends: 16 Aug, 2024"
https://onlinecourses.nptel.ac.in/noc24_ee132/preview,Simulation of Communication Systems...,Prof. Ribhu,"IIT Guwahati ,NPTEL","12 Weeks
                          
                          
                              (Starts: 22-07-2024)","Enrollment Ends: 5 Aug, 2024","Exam Date: 2 Nov, 2024","Exam Registration Ends: 16 Aug, 2024"
https://onlinecourses.nptel.ac.in/noc24_ma67/preview,Sobolev Spaces and Partial Differential...,Prof. S. Kesavan,"IMSc ,NPTEL","12 Weeks
                          
                          
                              (Starts: 22-07-2024)","Enrollment Ends: 5 Aug, 2024","Exam Date: 2 Nov, 2024","Exam Registration Ends: 16 Aug, 2024"
https://onlinecourses.nptel.ac.in/noc24_hs165/preview,Sociology and Resource Management,"Prof. Archana Patnaik, Prof. Amrita Sen","IIT Kharagpur ,NPTEL","4 Weeks
                          
                          
                              (Starts: 19-08-2024)","Enrollment Ends: 19 Aug, 2024","Exam Date: 2 Nov, 2024","Exam Registration Ends: 30 Aug, 2024"
https://onlinecourses.nptel.ac.in/noc24_hs145/preview,Sociology of Development,Prof. Sambit Mallick,"IIT Guwahati ,NPTEL","12 Weeks
                          
                          
                              (Starts: 22-07-2024)","Enrollment Ends: 5 Aug, 2024","Exam Date: 2 Nov, 2024","Exam Registration Ends: 16 Aug, 2024"
https://onlinecourses.nptel.ac.in/noc24_ge51/preview,Solar Energy Engineering and Technology,Prof. Pankaj Kalita,"IIT Guwahati ,NPTEL","12 Weeks
                          
                          
                              (Starts: 22-07-2024)","Enrollment Ends: 5 Aug, 2024","Exam Date: 2 Nov, 2024","Exam Registration Ends: 16 Aug, 2024"
https://onlinecourses.nptel.ac.in/noc24_hs171/preview,Sports Psychology,"Prof. Chaitanya Sridhar, Prof. Nivedita Rajan,...","Private Consultant ,NPTEL","8 Weeks
                          
                          
                              (Starts: 19-08-2024)","Enrollment Ends: 19 Aug, 2024","Exam Date: 2 Nov, 2024","Exam Registration Ends: 30 Aug, 2024"
https://onlinecourses.nptel.ac.in/noc24_mg112/preview,Strategic Management,Prof. Vinay Sharma,"IIT Roorkee ,NPTEL","12 Weeks
                          
                          
                              (Starts: 22-07-2024)","Enrollment Ends: 5 Aug, 2024","Exam Date: 2 Nov, 2024","Exam Registration Ends: 16 Aug, 2024"
https://onlinecourses.nptel.ac.in/noc24_mg130/preview,Strategic Management – The Competitive...,Prof. R Srinivasan,"IISc Bangalore ,NPTEL","8 Weeks
                          
                          
                              (Starts: 19-08-2024)","Enrollment Ends: 19 Aug, 2024","Exam Date: 2 Nov, 2024","Exam Registration Ends: 30 Aug, 2024"
https://onlinecourses.nptel.ac.in/noc24_mg129/preview,Strategic Sales Management,"Prof. Sourabh Arora, Prof. Kalpak Kulkarni","IIT Roorkee ,NPTEL","8 Weeks
                          
                          
                              (Starts: 19-08-2024)","Enrollment Ends: 19 Aug, 2024","Exam Date: 2 Nov, 2024","Exam Registration Ends: 30 Aug, 2024"
https://onlinecourses.nptel.ac.in/noc24_mg97/preview,Strategy and Technology: A Practical...,Prof. C Bhaktavatsala Rao,"IIT Madras ,NPTEL","12 Weeks
                          
                          
                              (Starts: 22-07-2024)","Enrollment Ends: 5 Aug, 2024","Exam Date: 2 Nov, 2024","Exam Registration Ends: 16 Aug, 2024"
https://onlinecourses.nptel.ac.in/noc24_ge54/preview,Sustainable Power Generation Systems,Prof. Pankaj Kalita,"IIT Guwahati ,NPTEL","12 Weeks
                          
                          
                              (Starts: 22-07-2024)","Enrollment Ends: 5 Aug, 2024","Exam Date: 2 Nov, 2024","Exam Registration Ends: 16 Aug, 2024"
https://onlinecourses.nptel.ac.in/noc24_cs113/preview,The Joy of Computing using Python,Prof. Sudarshan Iyengar,"IIT Ropar ,NPTEL","12 Weeks
                          
                          
                              (Starts: 22-07-2024)","Enrollment Ends: 5 Aug, 2024","Exam Date: 2 Nov, 2024","Exam Registration Ends: 16 Aug, 2024"
https://onlinecourses.nptel.ac.in/noc24_me110/preview,Turbulence Modeling,Prof. Vagesh D. Narasimhamurthy,"IIT Madras ,NPTEL","12 Weeks
                          
                          
                              (Starts: 22-07-2024)","Enrollment Ends: 5 Aug, 2024","Exam Date: 2 Nov, 2024","Exam Registration Ends: 16 Aug, 2024"
https://onlinecourses.nptel.ac.in/noc24_hs166/preview,Urban Sociology,"Prof. Amrita Sen, Prof. Archana Patnaik","IIT Kharagpur ,NPTEL","4 Weeks
                          
                          
                              (Starts: 19-08-2024)","Enrollment Ends: 19 Aug, 2024","Exam Date: 2 Nov, 2024","Exam Registration Ends: 30 Aug, 2024"
https://onlinecourses.nptel.ac.in/noc24_ce105/preview,Wastewater Treatment and Recycling,Prof. Manoj Kumar Tiwari,"IIT Kharagpur ,NPTEL","12 Weeks
                          
                          
                              (Starts: 22-07-2024)","Enrollment Ends: 5 Aug, 2024","Exam Date: 2 Nov, 2024","Exam Registration Ends: 16 Aug, 2024"
https://onlinecourses.nptel.ac.in/noc24_hs167/preview,"Water, Society And Sustainability",Prof. Jenia Mukherjee,"IIT Kharagpur ,NPTEL","4 Weeks
                          
                          
                              (Starts: 19-08-2024)","Enrollment Ends: 19 Aug, 2024","Exam Date: 2 Nov, 2024","Exam Registration Ends: 30 Aug, 2024"
https://onlinecourses.nptel.ac.in/noc24_mg100/preview,Working Capital Management,Prof. Anil K. Sharma,"IIT Roorkee ,NPTEL","12 Weeks
                          
                          
                              (Starts: 22-07-2024)","Enrollment Ends: 5 Aug, 2024","Exam Date: 2 Nov, 2024","Exam Registration Ends: 16 Aug, 2024"
https://onlinecourses.nptel.ac.in/noc24_mg119/preview,Working In Contemporary Teams,"Prof. M. P. Ganesh, Prof. Chitra Dey","IIT Hyderbad, Anna University ,NPTEL","4 Weeks
                          
                          
                              (Starts: 19-08-2024)","Enrollment Ends: 19 Aug, 2024","Exam Date: 2 Nov, 2024","Exam Registration Ends: 30 Aug, 2024"
https://onlinecourses.nptel.ac.in/noc24_mg132/preview,वित्तीय प्रबंधन (Financial Management –...,Prof. Abhijeet Chandra,"IIT Kharagpur ,NPTEL","8 Weeks
                          
                          
                              (Starts: 19-08-2024)","Enrollment Ends: 19 Aug, 2024","Exam Date: 2 Nov, 2024","Exam Registration Ends: 30 Aug, 2024"
https://onlinecourses.nptel.ac.in/noc24_hs139/preview,सन्धि sandhi in Paninian Grammar,Prof. Malhar Kulkarni,"IIT Bombay ,NPTEL","12 Weeks
                          
                          
                              (Starts: 22-07-2024)","Enrollment Ends: 5 Aug, 2024","Exam Date: 2 Nov, 2024","Exam Registration Ends: 16 Aug, 2024"
https://onlinecourses.nptel.ac.in/noc24_ee88/preview,Advance Power Electronics and Control,Prof. Avik Bhattacharya,IIT Roorkee,"8 Weeks
                          
                          
                              (Starts: 22-07-2024)","Enrollment Ends: 5 Aug, 2024","Exam Date: 21 Sept, 2024","Exam Registration Ends: 16 Aug, 2024"
https://onlinecourses.nptel.ac.in/noc24_ee90/preview,Advanced Linear Continuous Control...,Prof. Yogesh Vijay Hote,IIT Roorkee,"8 Weeks
                          
                          
                              (Starts: 22-07-2024)","Enrollment Ends: 5 Aug, 2024","Exam Date: 21 Sept, 2024","Exam Registration Ends: 16 Aug, 2024"
https://onlinecourses.nptel.ac.in/noc24_bt42/preview,Advances in Omics,Prof. Nagarjun Vijay,IISER Bhopal,"8 Weeks
                          
                          
                              (Starts: 22-07-2024)","Enrollment Ends: 5 Aug, 2024","Exam Date: 21 Sept, 2024","Exam Registration Ends: 16 Aug, 2024"
https://onlinecourses.nptel.ac.in/noc24_ee84/preview,Advances in UHV Transmission and...,Prof. Subba Reddy,IISc Bangalore,"8 Weeks
                          
                          
                              (Starts: 22-07-2024)","Enrollment Ends: 5 Aug, 2024","Exam Date: 21 Sept, 2024","Exam Registration Ends: 16 Aug, 2024"
https://onlinecourses.nptel.ac.in/noc24_ee81/preview,Analog Circuits and Systems,Prof. K Radhakrishna Rao,IIT Madras,"8 Weeks
                          
                          
                              (Starts: 22-07-2024)","Enrollment Ends: 5 Aug, 2024","Exam Date: 21 Sept, 2024","Exam Registration Ends: 16 Aug, 2024"
https://onlinecourses.nptel.ac.in/noc24_cy35/preview,Application of Spectroscopic Methods in...,Prof. S. Sankararaman,IIT Madras,"8 Weeks
                          
                          
                              (Starts: 22-07-2024)","Enrollment Ends: 5 Aug, 2024","Exam Date: 21 Sept, 2024","Exam Registration Ends: 16 Aug, 2024"
https://onlinecourses.nptel.ac.in/noc24_hs104/preview,Appreciating Carnatic Music,Prof. Lakshmi Sreeram,"Associate Professor, Ahmedabad University","8 Weeks
                          
                          
                              (Starts: 22-07-2024)","Enrollment Ends: 5 Aug, 2024","Exam Date: 21 Sept, 2024","Exam Registration Ends: 16 Aug, 2024"
https://onlinecourses.nptel.ac.in/noc24_bt39/preview,Bioreactors,Prof. G. K. Suraishkumar,IIT Madras,"4 Weeks
                          
                          
                              (Starts: 22-07-2024)","Enrollment Ends: 5 Aug, 2024","Exam Date: 21 Sept, 2024","Exam Registration Ends: 16 Aug, 2024"
https://onlinecourses.nptel.ac.in/noc24_ma47/preview,Calculus of One Real Variable,Prof. Joydeep Dutta,IIT Kanpur,"8 Weeks
                          
                          
                              (Starts: 22-07-2024)","Enrollment Ends: 5 Aug, 2024","Exam Date: 21 Sept, 2024","Exam Registration Ends: 16 Aug, 2024"
https://onlinecourses.nptel.ac.in/noc24_ma52/preview,Calculus of Several Real Variables,Prof. Joydeep Dutta,IIT Kanpur,"8 Weeks
                          
                          
                              (Starts: 22-07-2024)","Enrollment Ends: 5 Aug, 2024","Exam Date: 21 Sept, 2024","Exam Registration Ends: 16 Aug, 2024"
https://onlinecourses.nptel.ac.in/noc24_bt43/preview,Cellular Biophysics: A Framework for...,Prof. Chaitanya A. Athale,IISER Pune,"8 Weeks
                          
                          
                              (Starts: 22-07-2024)","Enrollment Ends: 5 Aug, 2024","Exam Date: 21 Sept, 2024","Exam Registration Ends: 16 Aug, 2024"
https://onlinecourses.nptel.ac.in/noc24_ch44/preview,Chemical Process Control,Prof. Sujit Jogwar,IIT Bombay,"8 Weeks
                          
                          
                              (Starts: 22-07-2024)","Enrollment Ends: 5 Aug, 2024","Exam Date: 21 Sept, 2024","Exam Registration Ends: 16 Aug, 2024"
https://onlinecourses.nptel.ac.in/noc24_cy36/preview,Chemistry and Physics of Surfaces and...,Prof. Thiruvancheril G. Gopakumar,IIT Kanpur,"8 Weeks
                          
                          
                              (Starts: 22-07-2024)","Enrollment Ends: 5 Aug, 2024","Exam Date: 21 Sept, 2024","Exam Registration Ends: 16 Aug, 2024"
https://onlinecourses.nptel.ac.in/noc24_hs90/preview,"Cognition, Transformation and Lives",Prof. Alok Bajpai,IIT Kanpur,"4 Weeks
                          
                          
                              (Starts: 22-07-2024)","Enrollment Ends: 5 Aug, 2024","Exam Date: 21 Sept, 2024","Exam Registration Ends: 16 Aug, 2024"
https://onlinecourses.nptel.ac.in/noc24_ch40/preview,Colloids and Surfaces,Prof. Basavaraj Madivala Gurappa,IIT Madras,"8 Weeks
                          
                          
                              (Starts: 22-07-2024)","Enrollment Ends: 5 Aug, 2024","Exam Date: 21 Sept, 2024","Exam Registration Ends: 16 Aug, 2024"
https://onlinecourses.nptel.ac.in/noc24_bt44/preview,Computer Aided Drug Design,Prof. Mukesh Doble,IIT Madras,"8 Weeks
                          
                          
                              (Starts: 22-07-2024)","Enrollment Ends: 5 Aug, 2024","Exam Date: 21 Sept, 2024","Exam Registration Ends: 16 Aug, 2024"
https://onlinecourses.nptel.ac.in/noc24_ee85/preview,Concentration Inequalities,"Prof. Aditya Gopalan, Prof. Himanshu Tyagi",IISc Bangalore,"8 Weeks
                          
                          
                              (Starts: 22-07-2024)","Enrollment Ends: 5 Aug, 2024","Exam Date: 21 Sept, 2024","Exam Registration Ends: 16 Aug, 2024"
https://onlinecourses.nptel.ac.in/noc24_ar12/preview,Contemporary Architecture and Design,Prof. Saptarshi Kolay,IIT Roorkee,"8 Weeks
                          
                          
                              (Starts: 22-07-2024)","Enrollment Ends: 5 Aug, 2024","Exam Date: 21 Sept, 2024","Exam Registration Ends: 16 Aug, 2024"
https://onlinecourses.nptel.ac.in/noc24_mg86/preview,Corporate Social Responsibility,Prof. Aradhna Malik,IIT Kharagpur,"8 Weeks
                          
                          
                              (Starts: 22-07-2024)","Enrollment Ends: 5 Aug, 2024","Exam Date: 21 Sept, 2024","Exam Registration Ends: 16 Aug, 2024"
https://onlinecourses.nptel.ac.in/noc24_cs75/preview,Data Base Management System,"Prof. Partha Pratim Das, Prof. Samiran...",IIT Kharagpur,"8 Weeks
                          
                          
                              (Starts: 22-07-2024)","Enrollment Ends: 5 Aug, 2024","Exam Date: 21 Sept, 2024","Exam Registration Ends: 16 Aug, 2024"
https://onlinecourses.nptel.ac.in/noc24_ee87/preview,Dc Microgrid and Control System,Prof. Avik Bhattacharya,IIT Roorkee,"8 Weeks
                          
                          
                              (Starts: 22-07-2024)","Enrollment Ends: 5 Aug, 2024","Exam Date: 21 Sept, 2024","Exam Registration Ends: 16 Aug, 2024"
https://onlinecourses.nptel.ac.in/noc24_mg69/preview,Decision-Making Under Uncertainty,Prof. N. Gautam,Syracuse University,"4 Weeks
                          
                          
                              (Starts: 22-07-2024)","Enrollment Ends: 5 Aug, 2024","Exam Date: 21 Sept, 2024","Exam Registration Ends: 16 Aug, 2024"
https://onlinecourses.nptel.ac.in/noc24_ee86/preview,Digital Switching - I,Prof. Y. N. Singh,IIT Kanpur,"8 Weeks
                          
                          
                              (Starts: 22-07-2024)","Enrollment Ends: 5 Aug, 2024","Exam Date: 21 Sept, 2024","Exam Registration Ends: 16 Aug, 2024"
https://onlinecourses.nptel.ac.in/noc24_ce62/preview,Earth Sciences for Civil Engineering...,Prof. Javed N. Malik,IIT Kanpur,"8 Weeks
                          
                          
                              (Starts: 22-07-2024)","Enrollment Ends: 5 Aug, 2024","Exam Date: 21 Sept, 2024","Exam Registration Ends: 16 Aug, 2024"
https://onlinecourses.nptel.ac.in/noc24_hs92/preview,Economics Of IPR,Prof. Nalin Bharti,IIT Patna,"4 Weeks
                          
                          
                              (Starts: 22-07-2024)","Enrollment Ends: 5 Aug, 2024","Exam Date: 21 Sept, 2024","Exam Registration Ends: 16 Aug, 2024"
https://onlinecourses.nptel.ac.in/noc24_ee91/preview,Electrical Equipment and Machines:...,Prof. Shrikrishna V. Kulkarni,IIT Bombay,"8 Weeks
                          
                          
                              (Starts: 22-07-2024)","Enrollment Ends: 5 Aug, 2024","Exam Date: 21 Sept, 2024","Exam Registration Ends: 16 Aug, 2024"
https://onlinecourses.nptel.ac.in/noc24_ge39/preview,Electrocardiogram - Interpretation and...,Multi Faculty,Chettinad Hospital and Research Institute,"4 Weeks
                          
                          
                              (Starts: 22-07-2024)","Enrollment Ends: 5 Aug, 2024","Exam Date: 21 Sept, 2024","Exam Registration Ends: 16 Aug, 2024"
https://onlinecourses.nptel.ac.in/noc24_mm27/preview,Electronic Properties of The Materials:...,Prof. Somnath Bhowmick,IIT Kanpur,"8 Weeks
                          
                          
                              (Starts: 22-07-2024)","Enrollment Ends: 5 Aug, 2024","Exam Date: 21 Sept, 2024","Exam Registration Ends: 16 Aug, 2024"
https://onlinecourses.nptel.ac.in/noc24_ch48/preview,Energy Conversion Technologies (Biomass...,Prof. Vaibhav Vasant Goud,IIT Guwahati,"8 Weeks
                          
                          
                              (Starts: 22-07-2024)","Enrollment Ends: 5 Aug, 2024","Exam Date: 21 Sept, 2024","Exam Registration Ends: 16 Aug, 2024"
https://onlinecourses.nptel.ac.in/noc24_ch38/preview,Equipment Design: Mechanical Aspects,Prof. Shabina Khanam,IIT Roorkee,"4 Weeks
                          
                          
                              (Starts: 22-07-2024)","Enrollment Ends: 5 Aug, 2024","Exam Date: 21 Sept, 2024","Exam Registration Ends: 16 Aug, 2024"
https://onlinecourses.nptel.ac.in/noc24_de10/preview,Ergonomics Workplace Analysis,Prof. Urmi R. Salve,IIT Guwahati,"4 Weeks
                          
                          
                              (Starts: 22-07-2024)","Enrollment Ends: 5 Aug, 2024","Exam Date: 21 Sept, 2024","Exam Registration Ends: 16 Aug, 2024"
https://onlinecourses.nptel.ac.in/noc24_ma48/preview,First Course on Partial Differential...,"Prof. A. K. Nandakumaran, Prof. P.S. Datti",IISc Bangalore,"8 Weeks
                          
                          
                              (Starts: 22-07-2024)","Enrollment Ends: 5 Aug, 2024","Exam Date: 21 Sept, 2024","Exam Registration Ends: 16 Aug, 2024"
https://onlinecourses.nptel.ac.in/noc24_me86/preview,Foundation of Computational Fluid...,Prof. Vengadesan,IIT Madras,"8 Weeks
                          
                          
                              (Starts: 22-07-2024)","Enrollment Ends: 5 Aug, 2024","Exam Date: 21 Sept, 2024","Exam Registration Ends: 16 Aug, 2024"
https://onlinecourses.nptel.ac.in/noc24_cs74/preview,Foundations and Applications of Machine...,Prof. Adway Mitra,IIT Kharagpur,"8 Weeks
                          
                          
                              (Starts: 22-07-2024)","Enrollment Ends: 5 Aug, 2024","Exam Date: 21 Sept, 2024","Exam Registration Ends: 16 Aug, 2024"
https://onlinecourses.nptel.ac.in/noc24_ee82/preview,Fundamentals Of Wireless Communication...,Prof. Vivek Ashok Bohara,IIIT-Delhi,"8 Weeks
                          
                          
                              (Starts: 22-07-2024)","Enrollment Ends: 5 Aug, 2024","Exam Date: 21 Sept, 2024","Exam Registration Ends: 16 Aug, 2024"
https://onlinecourses.nptel.ac.in/noc24_ce55/preview,Geotechnical Engineering Laboratory,Prof. J. N. Mandal,IIT Bombay,"4 Weeks
                          
                          
                              (Starts: 22-07-2024)","Enrollment Ends: 5 Aug, 2024","Exam Date: 21 Sept, 2024","Exam Registration Ends: 16 Aug, 2024"
https://onlinecourses.nptel.ac.in/noc24_ce56/preview,Global Navigation Satellite Systems and...,Prof. Arun K. Saraf,IIT Roorkee,"4 Weeks
                          
                          
                              (Starts: 22-07-2024)","Enrollment Ends: 5 Aug, 2024","Exam Date: 21 Sept, 2024","Exam Registration Ends: 16 Aug, 2024"
https://onlinecourses.nptel.ac.in/noc24_ar14/preview,Housing Policy & Planning,Prof. Uttam Kumar Roy,IIT Roorkee,"8 Weeks
                          
                          
                              (Starts: 22-07-2024)","Enrollment Ends: 5 Aug, 2024","Exam Date: 21 Sept, 2024","Exam Registration Ends: 16 Aug, 2024"
https://onlinecourses.nptel.ac.in/noc24_ae13/preview,Introduction to Airplane Performance,"Prof. A.K. Ghosh, Prof. Deepu Philip",IIT Kanpur,"8 Weeks
                          
                          
                              (Starts: 22-07-2024)","Enrollment Ends: 5 Aug, 2024","Exam Date: 21 Sept, 2024","Exam Registration Ends: 16 Aug, 2024"
https://onlinecourses.nptel.ac.in/noc24_bt47/preview,Introduction to Biostatistics,Prof. Shamik Sen,IIT Bombay,"8 Weeks
                          
                          
                              (Starts: 22-07-2024)","Enrollment Ends: 5 Aug, 2024","Exam Date: 21 Sept, 2024","Exam Registration Ends: 16 Aug, 2024"
https://onlinecourses.nptel.ac.in/noc24_cs73/preview,Introduction to Machine Learning...,Prof. Arun Rajkumar,IIT Madras,"8 Weeks
                          
                          
                              (Starts: 22-07-2024)","Enrollment Ends: 5 Aug, 2024","Exam Date: 21 Sept, 2024","Exam Registration Ends: 16 Aug, 2024"
https://onlinecourses.nptel.ac.in/noc24_me85/preview,Introduction to Mechanical Vibration,Prof. Anil Kumar,IIT Roorkee,"8 Weeks
                          
                          
                              (Starts: 22-07-2024)","Enrollment Ends: 5 Aug, 2024","Exam Date: 21 Sept, 2024","Exam Registration Ends: 16 Aug, 2024"
https://onlinecourses.nptel.ac.in/noc24_ch45/preview,Introduction to Polymer Physics - IITG,Prof. Amit Kumar,IIT Guwahati,"8 Weeks
                          
                          
                              (Starts: 22-07-2024)","Enrollment Ends: 5 Aug, 2024","Exam Date: 21 Sept, 2024","Exam Registration Ends: 16 Aug, 2024"
https://onlinecourses.nptel.ac.in/noc24_cy37/preview,Introduction to Polymer Science,Prof. Dibakar Dhara,IIT Kharagpur,"8 Weeks
                          
                          
                              (Starts: 22-07-2024)","Enrollment Ends: 5 Aug, 2024","Exam Date: 21 Sept, 2024","Exam Registration Ends: 16 Aug, 2024"
https://onlinecourses.nptel.ac.in/noc24_bt46/preview,Introduction to Proteomics,Prof. Sanjeeva Srivastava,IIT Bombay,"8 Weeks
                          
                          
                              (Starts: 22-07-2024)","Enrollment Ends: 5 Aug, 2024","Exam Date: 21 Sept, 2024","Exam Registration Ends: 16 Aug, 2024"
https://onlinecourses.nptel.ac.in/noc24_cs67/preview,Introduction to Quantum Computing:...,"Prof. Prabha Mandayam, Prof. Anupama Ray, Prof....","IIT Madras, IBM Research, IBM Systems","4 Weeks
                          
                          
                              (Starts: 22-07-2024)","Enrollment Ends: 5 Aug, 2024","Exam Date: 21 Sept, 2024","Exam Registration Ends: 16 Aug, 2024"
https://onlinecourses.nptel.ac.in/noc24_ar11/preview,Introduction to Urban Planning,Prof. Harshit Sosan Lakra,IIT Roorkee,"8 Weeks
                          
                          
                              (Starts: 22-07-2024)","Enrollment Ends: 5 Aug, 2024","Exam Date: 21 Sept, 2024","Exam Registration Ends: 16 Aug, 2024"
https://onlinecourses.nptel.ac.in/noc24_ee80/preview,Low Voltage CMOS Circuit Operation,Prof. Anand Bulusu,IIT Roorkee,"8 Weeks
                          
                          
                              (Starts: 22-07-2024)","Enrollment Ends: 5 Aug, 2024","Exam Date: 21 Sept, 2024","Exam Registration Ends: 16 Aug, 2024"
https://onlinecourses.nptel.ac.in/noc24_hs89/preview,Managing Intellectual Property in...,Prof. Feroz Ali,IIT Madras,"4 Weeks
                          
                          
                              (Starts: 22-07-2024)","Enrollment Ends: 5 Aug, 2024","Exam Date: 21 Sept, 2024","Exam Registration Ends: 16 Aug, 2024"
https://onlinecourses.nptel.ac.in/noc24_ma51/preview,Mathematical Methods in Physics 2,Prof. Auditya Sharma,IISER Bhopal,"8 Weeks
                          
                          
                              (Starts: 22-07-2024)","Enrollment Ends: 5 Aug, 2024","Exam Date: 21 Sept, 2024","Exam Registration Ends: 16 Aug, 2024"
https://onlinecourses.nptel.ac.in/noc24_ma49/preview,Measure Theoretic Probability 2,Prof. Suprio Bhar,IIT Kanpur,"8 Weeks
                          
                          
                              (Starts: 22-07-2024)","Enrollment Ends: 5 Aug, 2024","Exam Date: 21 Sept, 2024","Exam Registration Ends: 16 Aug, 2024"
https://onlinecourses.nptel.ac.in/noc24_mm26/preview,Mechanical Behaviour of Materials (Part...,"Prof. Shashank Shekhar, Prof. Sudhanshu Shekhar...",IIT Kanpur,"8 Weeks
                          
                          
                              (Starts: 22-07-2024)","Enrollment Ends: 5 Aug, 2024","Exam Date: 21 Sept, 2024","Exam Registration Ends: 16 Aug, 2024"
https://onlinecourses.nptel.ac.in/noc24_ch37/preview,Mechanical Operations,Prof. Shabina Khanam,IIT Roorkee,"4 Weeks
                          
                          
                              (Starts: 22-07-2024)","Enrollment Ends: 5 Aug, 2024","Exam Date: 21 Sept, 2024","Exam Registration Ends: 16 Aug, 2024"
https://onlinecourses.nptel.ac.in/noc24_cy39/preview,Mechanisms in Organic Chemistry,Prof. Nandita Madhavan,IIT Bombay,"8 Weeks
                          
                          
                              (Starts: 22-07-2024)","Enrollment Ends: 5 Aug, 2024","Exam Date: 21 Sept, 2024","Exam Registration Ends: 16 Aug, 2024"
https://onlinecourses.nptel.ac.in/noc24_cy34/preview,Metal Mediated Synthesis - I,Prof. D. Maiti,IIT Bombay,"4 Weeks
                          
                          
                              (Starts: 22-07-2024)","Enrollment Ends: 5 Aug, 2024","Exam Date: 21 Sept, 2024","Exam Registration Ends: 16 Aug, 2024"
https://onlinecourses.nptel.ac.in/noc24_cy38/preview,Metals in Biology,Prof. D. Maiti,IIT Bombay,"8 Weeks
                          
                          
                              (Starts: 22-07-2024)","Enrollment Ends: 5 Aug, 2024","Exam Date: 21 Sept, 2024","Exam Registration Ends: 16 Aug, 2024"
https://onlinecourses.nptel.ac.in/noc24_cs72/preview,Modern Algebra,Prof. Manindra Agrawal,IIT Kanpur,"8 Weeks
                          
                          
                              (Starts: 22-07-2024)","Enrollment Ends: 5 Aug, 2024","Exam Date: 21 Sept, 2024","Exam Registration Ends: 16 Aug, 2024"
https://onlinecourses.nptel.ac.in/noc24_ch46/preview,Natural Gas Engineering,Prof. Pankaj Tiwari,IIT Guwahati,"8 Weeks
                          
                          
                              (Starts: 22-07-2024)","Enrollment Ends: 5 Aug, 2024","Exam Date: 21 Sept, 2024","Exam Registration Ends: 16 Aug, 2024"
https://onlinecourses.nptel.ac.in/noc24_bt45/preview,Organ Printing,Prof. Falguni Pati,IIT Hyderabad,"8 Weeks
                          
                          
                              (Starts: 22-07-2024)","Enrollment Ends: 5 Aug, 2024","Exam Date: 21 Sept, 2024","Exam Registration Ends: 16 Aug, 2024"
https://onlinecourses.nptel.ac.in/noc24_mg74/preview,Organization Development and Change in...,Prof. Ashish Pandey,IIT Bombay,"8 Weeks
                          
                          
                              (Starts: 22-07-2024)","Enrollment Ends: 5 Aug, 2024","Exam Date: 21 Sept, 2024","Exam Registration Ends: 16 Aug, 2024"
https://onlinecourses.nptel.ac.in/noc24_hs93/preview,Perspectives on Neurolinguistic,Prof. Smita Jha,IIT Roorkee,"4 Weeks
                          
                          
                              (Starts: 22-07-2024)","Enrollment Ends: 5 Aug, 2024","Exam Date: 21 Sept, 2024","Exam Registration Ends: 16 Aug, 2024"
https://onlinecourses.nptel.ac.in/noc24_ch41/preview,Petroleum Technology,Prof. Sonali Sengupta,IIT Kharagpur,"8 Weeks
                          
                          
                              (Starts: 22-07-2024)","Enrollment Ends: 5 Aug, 2024","Exam Date: 21 Sept, 2024","Exam Registration Ends: 16 Aug, 2024"
https://onlinecourses.nptel.ac.in/noc24_ee89/preview,Power System Protection and Switchgear,Prof. Bhaveshkumar R. Bhalja,IIT Roorkee,"8 Weeks
                          
                          
                              (Starts: 22-07-2024)","Enrollment Ends: 5 Aug, 2024","Exam Date: 21 Sept, 2024","Exam Registration Ends: 16 Aug, 2024"
https://onlinecourses.nptel.ac.in/noc24_ar10/preview,Principles and Applications of Building...,Prof. E. Rajasekar,IIT Roorkee,"4 Weeks
                          
                          
                              (Starts: 22-07-2024)","Enrollment Ends: 5 Aug, 2024","Exam Date: 21 Sept, 2024","Exam Registration Ends: 16 Aug, 2024"
https://onlinecourses.nptel.ac.in/noc24_ce57/preview,Principles of Construction Management,Prof. Sudhir Misra,IIT Kanpur,"8 Weeks
                          
                          
                              (Starts: 22-07-2024)","Enrollment Ends: 5 Aug, 2024","Exam Date: 21 Sept, 2024","Exam Registration Ends: 16 Aug, 2024"
https://onlinecourses.nptel.ac.in/noc24_mg78/preview,"Project Management : Planning,...",Prof. Sanjib Chowdhury,IIT Kharagpur,"8 Weeks
                          
                          
                              (Starts: 22-07-2024)","Enrollment Ends: 5 Aug, 2024","Exam Date: 21 Sept, 2024","Exam Registration Ends: 16 Aug, 2024"
https://onlinecourses.nptel.ac.in/noc24_cs68/preview,Python for Data Science,Prof. Ragunathan Rengasamy,IIT Madras,"4 Weeks
                          
                          
                              (Starts: 22-07-2024)","Enrollment Ends: 5 Aug, 2024","Exam Date: 21 Sept, 2024","Exam Registration Ends: 16 Aug, 2024"
https://onlinecourses.nptel.ac.in/noc24_ph25/preview,Quantum Hall Effects,Prof. Saurabh Basu,IIT Guwahati,"8 Weeks
                          
                          
                              (Starts: 22-07-2024)","Enrollment Ends: 5 Aug, 2024","Exam Date: 21 Sept, 2024","Exam Registration Ends: 16 Aug, 2024"
https://onlinecourses.nptel.ac.in/noc24_ce60/preview,Remote Sensing and GIS,Prof. Rishikesh Bharti,IIT Guwahati,"8 Weeks
                          
                          
                              (Starts: 22-07-2024)","Enrollment Ends: 5 Aug, 2024","Exam Date: 21 Sept, 2024","Exam Registration Ends: 16 Aug, 2024"
https://onlinecourses.nptel.ac.in/noc24_ge41/preview,Research Methodology,"Prof. Edamana Prasad, Prof. Prathap Haridoss",IIT Madras,"8 Weeks
                          
                          
                              (Starts: 22-07-2024)","Enrollment Ends: 5 Aug, 2024","Exam Date: 21 Sept, 2024","Exam Registration Ends: 16 Aug, 2024"
https://onlinecourses.nptel.ac.in/noc24_ch42/preview,"Rheology and Processing of Paints,...",Prof. Santanu Chattopadhyay,IIT Kharagpur,"8 Weeks
                          
                          
                              (Starts: 22-07-2024)","Enrollment Ends: 5 Aug, 2024","Exam Date: 21 Sept, 2024","Exam Registration Ends: 16 Aug, 2024"
https://onlinecourses.nptel.ac.in/noc24_ce58/preview,River Engineering,Prof. Subashisa Dutta,IIT Guwahati,"8 Weeks
                          
                          
                              (Starts: 22-07-2024)","Enrollment Ends: 5 Aug, 2024","Exam Date: 21 Sept, 2024","Exam Registration Ends: 16 Aug, 2024"
https://onlinecourses.nptel.ac.in/noc24_me88/preview,Robotics,Prof. Dilip Kumar Pratihar,IIT Kharagpur,"8 Weeks
                          
                          
                              (Starts: 22-07-2024)","Enrollment Ends: 5 Aug, 2024","Exam Date: 21 Sept, 2024","Exam Registration Ends: 16 Aug, 2024"
https://onlinecourses.nptel.ac.in/noc24_ar13/preview,Role of Craft and Technology in...,Prof. Smriti Saraswat,IIT Roorkee,"8 Weeks
                          
                          
                              (Starts: 22-07-2024)","Enrollment Ends: 5 Aug, 2024","Exam Date: 21 Sept, 2024","Exam Registration Ends: 16 Aug, 2024"
https://onlinecourses.nptel.ac.in/noc24_ee83/preview,"Sensor Technologies: Physics,...",Prof. Mitradip Bhattacharjee,IISER Bhopal,"8 Weeks
                          
                          
                              (Starts: 22-07-2024)","Enrollment Ends: 5 Aug, 2024","Exam Date: 21 Sept, 2024","Exam Registration Ends: 16 Aug, 2024"
https://onlinecourses.nptel.ac.in/noc24_hs101/preview,Soft Skill Development,"Prof. Priyadarshi Patnaik, Prof. V.N. Giri, Prof....",IIT Kharagpur,"8 Weeks
                          
                          
                              (Starts: 22-07-2024)","Enrollment Ends: 5 Aug, 2024","Exam Date: 21 Sept, 2024","Exam Registration Ends: 16 Aug, 2024"
https://onlinecourses.nptel.ac.in/noc24_me87/preview,Steam Power Engineering,Prof. Vinayak N. Kulkarni,IIT Guwahati,"8 Weeks
                          
                          
                              (Starts: 22-07-2024)","Enrollment Ends: 5 Aug, 2024","Exam Date: 21 Sept, 2024","Exam Registration Ends: 16 Aug, 2024"
https://onlinecourses.nptel.ac.in/noc24_ce59/preview,Subsurface Exploration :Importance And...,Prof. Abhishek Kumar,IIT Guwahati,"8 Weeks
                          
                          
                              (Starts: 22-07-2024)","Enrollment Ends: 5 Aug, 2024","Exam Date: 21 Sept, 2024","Exam Registration Ends: 16 Aug, 2024"
https://onlinecourses.nptel.ac.in/noc24_ce61/preview,Sustainable Engineering Concepts and...,Prof. Brajesh Kumar Dubey,IIT Kharagpur,"8 Weeks
                          
                          
                              (Starts: 22-07-2024)","Enrollment Ends: 5 Aug, 2024","Exam Date: 21 Sept, 2024","Exam Registration Ends: 16 Aug, 2024"
https://onlinecourses.nptel.ac.in/noc24_hs102/preview,Sustainable Happiness,Prof. Atasi Mohanty,IIT Kharagpur,"8 Weeks
                          
                          
                              (Starts: 22-07-2024)","Enrollment Ends: 5 Aug, 2024","Exam Date: 21 Sept, 2024","Exam Registration Ends: 16 Aug, 2024"
https://onlinecourses.nptel.ac.in/noc24_ge38/preview,Teaching And Learning in General...,Prof. N J Rao,IISc Bangalore,"4 Weeks
                          
                          
                              (Starts: 22-07-2024)","Enrollment Ends: 5 Aug, 2024","Exam Date: 21 Sept, 2024","Exam Registration Ends: 16 Aug, 2024"
https://onlinecourses.nptel.ac.in/noc24_ge37/preview,Technical Communication for Engineers,Prof. Arun K. Saraf,IIT Roorkee,"4 Weeks
                          
                          
                              (Starts: 22-07-2024)","Enrollment Ends: 5 Aug, 2024","Exam Date: 21 Sept, 2024","Exam Registration Ends: 16 Aug, 2024"
https://onlinecourses.nptel.ac.in/noc24_ch43/preview,Technologies for Clean and Renewable...,Prof. P. Mondal,IIT Roorkee,"8 Weeks
                          
                          
                              (Starts: 22-07-2024)","Enrollment Ends: 5 Aug, 2024","Exam Date: 21 Sept, 2024","Exam Registration Ends: 16 Aug, 2024"
https://onlinecourses.nptel.ac.in/noc24_hs153/preview,The English Novel: Interdisciplinary...,"Prof. Smita Jha, Prof. Aruni Mahapatra",IIT Roorkee,"8 Weeks
                          
                          
                              (Starts: 22-07-2024)","Enrollment Ends: 5 Aug, 2024","Exam Date: 21 Sept, 2024","Exam Registration Ends: 16 Aug, 2024"
https://onlinecourses.nptel.ac.in/noc24_hs106/preview,The Psychology of Language,Prof. Naveen Kashyap,IIT Guwahati,"8 Weeks
                          
                          
                              (Starts: 22-07-2024)","Enrollment Ends: 5 Aug, 2024","Exam Date: 21 Sept, 2024","Exam Registration Ends: 16 Aug, 2024"
https://onlinecourses.nptel.ac.in/noc24_cs71/preview,Theory of Computation,Prof. Raghunath Tewari,IIT Kanpur,"8 Weeks
                          
                          
                              (Starts: 22-07-2024)","Enrollment Ends: 5 Aug, 2024","Exam Date: 21 Sept, 2024","Exam Registration Ends: 16 Aug, 2024"
https://onlinecourses.nptel.ac.in/noc24_hs103/preview,Tools and Technologies of Language...,"Prof. Bornini Lahiri, Prof. Dripta Piplai...",IIT Kharagpur,"8 Weeks
                          
                          
                              (Starts: 22-07-2024)","Enrollment Ends: 5 Aug, 2024","Exam Date: 21 Sept, 2024","Exam Registration Ends: 16 Aug, 2024"
https://onlinecourses.nptel.ac.in/noc24_ch39/preview,Trace and Ultra-trace Analysis of...,Prof. J. R. Mudakavi,IISc Bangalore,"8 Weeks
                          
                          
                              (Starts: 22-07-2024)","Enrollment Ends: 5 Aug, 2024","Exam Date: 21 Sept, 2024","Exam Registration Ends: 16 Aug, 2024"
https://onlinecourses.nptel.ac.in/noc24_de13/preview,Understanding Ethnography,Prof. Nina Sabnani,IIT Bombay,"8 Weeks
                          
                          
                              (Starts: 22-07-2024)","Enrollment Ends: 5 Aug, 2024","Exam Date: 21 Sept, 2024","Exam Registration Ends: 16 Aug, 2024"
https://onlinecourses.nptel.ac.in/noc24_ee93/preview,VLSI Interconnects,Prof. Sarang Pendharker,IIT Kharagpur,"8 Weeks
                          
                          
                              (Starts: 22-07-2024)","Enrollment Ends: 5 Aug, 2024","Exam Date: 21 Sept, 2024","Exam Registration Ends: 16 Aug, 2024"
https://onlinecourses.nptel.ac.in/noc24_ar09/preview,Visual Communication Design for Digital...,Prof. Saptarshi Kolay,IIT Roorkee,"4 Weeks
                          
                          
                              (Starts: 22-07-2024)","Enrollment Ends: 5 Aug, 2024","Exam Date: 21 Sept, 2024","Exam Registration Ends: 16 Aug, 2024"
https://onlinecourses.nptel.ac.in/noc24_hs91/preview,Visual Perception and Art: A Survey...,Prof. Soumik Nandy Majumdar,"Visva Bharati University, Santiniketan","4 Weeks
                          
                          
                              (Starts: 22-07-2024)","Enrollment Ends: 5 Aug, 2024","Exam Date: 21 Sept, 2024","Exam Registration Ends: 16 Aug, 2024"
https://onlinecourses.nptel.ac.in/noc24_ee92/preview,डिजिटल स्विचिंग (Digital Switching),Prof. Yatindra N Singh,IIT Kanpur,"8 Weeks
                          
                          
                              (Starts: 22-07-2024)","Enrollment Ends: 5 Aug, 2024","Exam Date: 21 Sept, 2024","Exam Registration Ends: 16 Aug, 2024"
https://onlinecourses.nptel.ac.in/noc24_ee88/preview,Advance Power Electronics and Control,Prof. Avik Bhattacharya,"IIT Roorkee ,NPTEL","8 Weeks
                          
                          
                              (Starts: 22-07-2024)","Enrollment Ends: 5 Aug, 2024","Exam Date: 21 Sept, 2024","Exam Registration Ends: 16 Aug, 2024"
https://onlinecourses.nptel.ac.in/noc24_ee90/preview,Advanced Linear Continuous Control...,Prof. Yogesh Vijay Hote,"IIT Roorkee ,NPTEL","8 Weeks
                          
                          
                              (Starts: 22-07-2024)","Enrollment Ends: 5 Aug, 2024","Exam Date: 21 Sept, 2024","Exam Registration Ends: 16 Aug, 2024"
https://onlinecourses.nptel.ac.in/noc24_bt42/preview,Advances in Omics,Prof. Nagarjun Vijay,"IISER Bhopal ,NPTEL","8 Weeks
                          
                          
                              (Starts: 22-07-2024)","Enrollment Ends: 5 Aug, 2024","Exam Date: 21 Sept, 2024","Exam Registration Ends: 16 Aug, 2024"
https://onlinecourses.nptel.ac.in/noc24_ee84/preview,Advances in UHV Transmission and...,Prof. Subba Reddy,"IISc Bangalore ,NPTEL","8 Weeks
                          
                          
                              (Starts: 22-07-2024)","Enrollment Ends: 5 Aug, 2024","Exam Date: 21 Sept, 2024","Exam Registration Ends: 16 Aug, 2024"
https://onlinecourses.nptel.ac.in/noc24_ee81/preview,Analog Circuits and Systems,Prof. K Radhakrishna Rao,"IIT Madras ,NPTEL","8 Weeks
                          
                          
                              (Starts: 22-07-2024)","Enrollment Ends: 5 Aug, 2024","Exam Date: 21 Sept, 2024","Exam Registration Ends: 16 Aug, 2024"
https://onlinecourses.nptel.ac.in/noc24_cy35/preview,Application of Spectroscopic Methods in...,Prof. S. Sankararaman,"IIT Madras ,NPTEL","8 Weeks
                          
                          
                              (Starts: 22-07-2024)","Enrollment Ends: 5 Aug, 2024","Exam Date: 21 Sept, 2024","Exam Registration Ends: 16 Aug, 2024"
https://onlinecourses.nptel.ac.in/noc24_hs104/preview,Appreciating Carnatic Music,Prof. Lakshmi Sreeram,"Associate Professor, Ahmedabad University ,NPTEL","8 Weeks
                          
                          
                              (Starts: 22-07-2024)","Enrollment Ends: 5 Aug, 2024","Exam Date: 21 Sept, 2024","Exam Registration Ends: 16 Aug, 2024"
https://onlinecourses.nptel.ac.in/noc24_bt39/preview,Bioreactors,Prof. G. K. Suraishkumar,"IIT Madras ,NPTEL","4 Weeks
                          
                          
                              (Starts: 22-07-2024)","Enrollment Ends: 5 Aug, 2024","Exam Date: 21 Sept, 2024","Exam Registration Ends: 16 Aug, 2024"
https://onlinecourses.nptel.ac.in/noc24_ma47/preview,Calculus of One Real Variable,Prof. Joydeep Dutta,"IIT Kanpur ,NPTEL","8 Weeks
                          
                          
                              (Starts: 22-07-2024)","Enrollment Ends: 5 Aug, 2024","Exam Date: 21 Sept, 2024","Exam Registration Ends: 16 Aug, 2024"
https://onlinecourses.nptel.ac.in/noc24_ma52/preview,Calculus of Several Real Variables,Prof. Joydeep Dutta,"IIT Kanpur ,NPTEL","8 Weeks
                          
                          
                              (Starts: 22-07-2024)","Enrollment Ends: 5 Aug, 2024","Exam Date: 21 Sept, 2024","Exam Registration Ends: 16 Aug, 2024"
https://onlinecourses.nptel.ac.in/noc24_bt43/preview,Cellular Biophysics: A Framework for...,Prof. Chaitanya A. Athale,"IISER Pune ,NPTEL","8 Weeks
                          
                          
                              (Starts: 22-07-2024)","Enrollment Ends: 5 Aug, 2024","Exam Date: 21 Sept, 2024","Exam Registration Ends: 16 Aug, 2024"
https://onlinecourses.nptel.ac.in/noc24_ch44/preview,Chemical Process Control,Prof. Sujit Jogwar,"IIT Bombay ,NPTEL","8 Weeks
                          
                          
                              (Starts: 22-07-2024)","Enrollment Ends: 5 Aug, 2024","Exam Date: 21 Sept, 2024","Exam Registration Ends: 16 Aug, 2024"
https://onlinecourses.nptel.ac.in/noc24_cy36/preview,Chemistry and Physics of Surfaces and...,Prof. Thiruvancheril G. Gopakumar,"IIT Kanpur ,NPTEL","8 Weeks
                          
                          
                              (Starts: 22-07-2024)","Enrollment Ends: 5 Aug, 2024","Exam Date: 21 Sept, 2024","Exam Registration Ends: 16 Aug, 2024"
https://onlinecourses.nptel.ac.in/noc24_hs90/preview,"Cognition, Transformation and Lives",Prof. Alok Bajpai,"IIT Kanpur ,NPTEL","4 Weeks
                          
                          
                              (Starts: 22-07-2024)","Enrollment Ends: 5 Aug, 2024","Exam Date: 21 Sept, 2024","Exam Registration Ends: 16 Aug, 2024"
https://onlinecourses.nptel.ac.in/noc24_ch40/preview,Colloids and Surfaces,Prof. Basavaraj Madivala Gurappa,"IIT Madras ,NPTEL","8 Weeks
                          
                          
                              (Starts: 22-07-2024)","Enrollment Ends: 5 Aug, 2024","Exam Date: 21 Sept, 2024","Exam Registration Ends: 16 Aug, 2024"
https://onlinecourses.nptel.ac.in/noc24_bt44/preview,Computer Aided Drug Design,Prof. Mukesh Doble,"IIT Madras ,NPTEL","8 Weeks
                          
                          
                              (Starts: 22-07-2024)","Enrollment Ends: 5 Aug, 2024","Exam Date: 21 Sept, 2024","Exam Registration Ends: 16 Aug, 2024"
https://onlinecourses.nptel.ac.in/noc24_ee85/preview,Concentration Inequalities,"Prof. Aditya Gopalan, Prof. Himanshu Tyagi","IISc Bangalore ,NPTEL","8 Weeks
                          
                          
                              (Starts: 22-07-2024)","Enrollment Ends: 5 Aug, 2024","Exam Date: 21 Sept, 2024","Exam Registration Ends: 16 Aug, 2024"
https://onlinecourses.nptel.ac.in/noc24_ar12/preview,Contemporary Architecture and Design,Prof. Saptarshi Kolay,"IIT Roorkee ,NPTEL","8 Weeks
                          
                          
                              (Starts: 22-07-2024)","Enrollment Ends: 5 Aug, 2024","Exam Date: 21 Sept, 2024","Exam Registration Ends: 16 Aug, 2024"
https://onlinecourses.nptel.ac.in/noc24_mg86/preview,Corporate Social Responsibility,Prof. Aradhna Malik,"IIT Kharagpur ,NPTEL","8 Weeks
                          
                          
                              (Starts: 22-07-2024)","Enrollment Ends: 5 Aug, 2024","Exam Date: 21 Sept, 2024","Exam Registration Ends: 16 Aug, 2024"
https://onlinecourses.nptel.ac.in/noc24_cs75/preview,Data Base Management System,"Prof. Partha Pratim Das, Prof. Samiran...","IIT Kharagpur ,NPTEL","8 Weeks
                          
                          
                              (Starts: 22-07-2024)","Enrollment Ends: 5 Aug, 2024","Exam Date: 21 Sept, 2024","Exam Registration Ends: 16 Aug, 2024"
https://onlinecourses.nptel.ac.in/noc24_ee87/preview,Dc Microgrid and Control System,Prof. Avik Bhattacharya,"IIT Roorkee ,NPTEL","8 Weeks
                          
                          
                              (Starts: 22-07-2024)","Enrollment Ends: 5 Aug, 2024","Exam Date: 21 Sept, 2024","Exam Registration Ends: 16 Aug, 2024"
https://onlinecourses.nptel.ac.in/noc24_mg69/preview,Decision-Making Under Uncertainty,Prof. N. Gautam,"Syracuse University ,NPTEL","4 Weeks
                          
                          
                              (Starts: 22-07-2024)","Enrollment Ends: 5 Aug, 2024","Exam Date: 21 Sept, 2024","Exam Registration Ends: 16 Aug, 2024"
https://onlinecourses.nptel.ac.in/noc24_ee86/preview,Digital Switching - I,Prof. Y. N. Singh,"IIT Kanpur ,NPTEL","8 Weeks
                          
                          
                              (Starts: 22-07-2024)","Enrollment Ends: 5 Aug, 2024","Exam Date: 21 Sept, 2024","Exam Registration Ends: 16 Aug, 2024"
https://onlinecourses.nptel.ac.in/noc24_ce62/preview,Earth Sciences for Civil Engineering...,Prof. Javed N. Malik,"IIT Kanpur ,NPTEL","8 Weeks
                          
                          
                              (Starts: 22-07-2024)","Enrollment Ends: 5 Aug, 2024","Exam Date: 21 Sept, 2024","Exam Registration Ends: 16 Aug, 2024"
https://onlinecourses.nptel.ac.in/noc24_hs92/preview,Economics Of IPR,Prof. Nalin Bharti,"IIT Patna ,NPTEL","4 Weeks
                          
                          
                              (Starts: 22-07-2024)","Enrollment Ends: 5 Aug, 2024","Exam Date: 21 Sept, 2024","Exam Registration Ends: 16 Aug, 2024"
https://onlinecourses.nptel.ac.in/noc24_ee91/preview,Electrical Equipment and Machines:...,Prof. Shrikrishna V. Kulkarni,"IIT Bombay ,NPTEL","8 Weeks
                          
                          
                              (Starts: 22-07-2024)","Enrollment Ends: 5 Aug, 2024","Exam Date: 21 Sept, 2024","Exam Registration Ends: 16 Aug, 2024"
https://onlinecourses.nptel.ac.in/noc24_ge39/preview,Electrocardiogram - Interpretation and...,Multi Faculty,"Chettinad Hospital and Research Institute ,NPTEL","4 Weeks
                          
                          
                              (Starts: 22-07-2024)","Enrollment Ends: 5 Aug, 2024","Exam Date: 21 Sept, 2024","Exam Registration Ends: 16 Aug, 2024"
https://onlinecourses.nptel.ac.in/noc24_mm27/preview,Electronic Properties of The Materials:...,Prof. Somnath Bhowmick,"IIT Kanpur ,NPTEL","8 Weeks
                          
                          
                              (Starts: 22-07-2024)","Enrollment Ends: 5 Aug, 2024","Exam Date: 21 Sept, 2024","Exam Registration Ends: 16 Aug, 2024"
https://onlinecourses.nptel.ac.in/noc24_ch48/preview,Energy Conversion Technologies (Biomass...,Prof. Vaibhav Vasant Goud,"IIT Guwahati ,NPTEL","8 Weeks
                          
                          
                              (Starts: 22-07-2024)","Enrollment Ends: 5 Aug, 2024","Exam Date: 21 Sept, 2024","Exam Registration Ends: 16 Aug, 2024"
https://onlinecourses.nptel.ac.in/noc24_ch38/preview,Equipment Design: Mechanical Aspects,Prof. Shabina Khanam,"IIT Roorkee ,NPTEL","4 Weeks
                          
                          
                              (Starts: 22-07-2024)","Enrollment Ends: 5 Aug, 2024","Exam Date: 21 Sept, 2024","Exam Registration Ends: 16 Aug, 2024"
https://onlinecourses.nptel.ac.in/noc24_de10/preview,Ergonomics Workplace Analysis,Prof. Urmi R. Salve,"IIT Guwahati ,NPTEL","4 Weeks
                          
                          
                              (Starts: 22-07-2024)","Enrollment Ends: 5 Aug, 2024","Exam Date: 21 Sept, 2024","Exam Registration Ends: 16 Aug, 2024"
https://onlinecourses.nptel.ac.in/noc24_ma48/preview,First Course on Partial Differential...,"Prof. A. K. Nandakumaran, Prof. P.S. Datti","IISc Bangalore ,NPTEL","8 Weeks
                          
                          
                              (Starts: 22-07-2024)","Enrollment Ends: 5 Aug, 2024","Exam Date: 21 Sept, 2024","Exam Registration Ends: 16 Aug, 2024"
https://onlinecourses.nptel.ac.in/noc24_me86/preview,Foundation of Computational Fluid...,Prof. Vengadesan,"IIT Madras ,NPTEL","8 Weeks
                          
                          
                              (Starts: 22-07-2024)","Enrollment Ends: 5 Aug, 2024","Exam Date: 21 Sept, 2024","Exam Registration Ends: 16 Aug, 2024"
https://onlinecourses.nptel.ac.in/noc24_cs74/preview,Foundations and Applications of Machine...,Prof. Adway Mitra,"IIT Kharagpur ,NPTEL","8 Weeks
                          
                          
                              (Starts: 22-07-2024)","Enrollment Ends: 5 Aug, 2024","Exam Date: 21 Sept, 2024","Exam Registration Ends: 16 Aug, 2024"
https://onlinecourses.nptel.ac.in/noc24_ee82/preview,Fundamentals Of Wireless Communication...,Prof. Vivek Ashok Bohara,"IIIT-Delhi ,NPTEL","8 Weeks
                          
                          
                              (Starts: 22-07-2024)","Enrollment Ends: 5 Aug, 2024","Exam Date: 21 Sept, 2024","Exam Registration Ends: 16 Aug, 2024"
https://onlinecourses.nptel.ac.in/noc24_ce55/preview,Geotechnical Engineering Laboratory,Prof. J. N. Mandal,"IIT Bombay ,NPTEL","4 Weeks
                          
                          
                              (Starts: 22-07-2024)","Enrollment Ends: 5 Aug, 2024","Exam Date: 21 Sept, 2024","Exam Registration Ends: 16 Aug, 2024"
https://onlinecourses.nptel.ac.in/noc24_ce56/preview,Global Navigation Satellite Systems and...,Prof. Arun K. Saraf,"IIT Roorkee ,NPTEL","4 Weeks
                          
                          
                              (Starts: 22-07-2024)","Enrollment Ends: 5 Aug, 2024","Exam Date: 21 Sept, 2024","Exam Registration Ends: 16 Aug, 2024"
https://onlinecourses.nptel.ac.in/noc24_ar14/preview,Housing Policy & Planning,Prof. Uttam Kumar Roy,"IIT Roorkee ,NPTEL","8 Weeks
                          
                          
                              (Starts: 22-07-2024)","Enrollment Ends: 5 Aug, 2024","Exam Date: 21 Sept, 2024","Exam Registration Ends: 16 Aug, 2024"
https://onlinecourses.nptel.ac.in/noc24_ae13/preview,Introduction to Airplane Performance,"Prof. A.K. Ghosh, Prof. Deepu Philip","IIT Kanpur ,NPTEL","8 Weeks
                          
                          
                              (Starts: 22-07-2024)","Enrollment Ends: 5 Aug, 2024","Exam Date: 21 Sept, 2024","Exam Registration Ends: 16 Aug, 2024"
https://onlinecourses.nptel.ac.in/noc24_bt47/preview,Introduction to Biostatistics,Prof. Shamik Sen,"IIT Bombay ,NPTEL","8 Weeks
                          
                          
                              (Starts: 22-07-2024)","Enrollment Ends: 5 Aug, 2024","Exam Date: 21 Sept, 2024","Exam Registration Ends: 16 Aug, 2024"
https://onlinecourses.nptel.ac.in/noc24_cs73/preview,Introduction to Machine Learning...,Prof. Arun Rajkumar,"IIT Madras ,NPTEL","8 Weeks
                          
                          
                              (Starts: 22-07-2024)","Enrollment Ends: 5 Aug, 2024","Exam Date: 21 Sept, 2024","Exam Registration Ends: 16 Aug, 2024"
https://onlinecourses.nptel.ac.in/noc24_me85/preview,Introduction to Mechanical Vibration,Prof. Anil Kumar,"IIT Roorkee ,NPTEL","8 Weeks
                          
                          
                              (Starts: 22-07-2024)","Enrollment Ends: 5 Aug, 2024","Exam Date: 21 Sept, 2024","Exam Registration Ends: 16 Aug, 2024"
https://onlinecourses.nptel.ac.in/noc24_ch45/preview,Introduction to Polymer Physics - IITG,Prof. Amit Kumar,"IIT Guwahati ,NPTEL","8 Weeks
                          
                          
                              (Starts: 22-07-2024)","Enrollment Ends: 5 Aug, 2024","Exam Date: 21 Sept, 2024","Exam Registration Ends: 16 Aug, 2024"
https://onlinecourses.nptel.ac.in/noc24_cy37/preview,Introduction to Polymer Science,Prof. Dibakar Dhara,"IIT Kharagpur ,NPTEL","8 Weeks
                          
                          
                              (Starts: 22-07-2024)","Enrollment Ends: 5 Aug, 2024","Exam Date: 21 Sept, 2024","Exam Registration Ends: 16 Aug, 2024"
https://onlinecourses.nptel.ac.in/noc24_bt46/preview,Introduction to Proteomics,Prof. Sanjeeva Srivastava,"IIT Bombay ,NPTEL","8 Weeks
                          
                          
                              (Starts: 22-07-2024)","Enrollment Ends: 5 Aug, 2024","Exam Date: 21 Sept, 2024","Exam Registration Ends: 16 Aug, 2024"
https://onlinecourses.nptel.ac.in/noc24_cs67/preview,Introduction to Quantum Computing:...,"Prof. Prabha Mandayam, Prof. Anupama Ray, Prof....","IIT Madras, IBM Research, IBM Systems ,NPTEL","4 Weeks
                          
                          
                              (Starts: 22-07-2024)","Enrollment Ends: 5 Aug, 2024","Exam Date: 21 Sept, 2024","Exam Registration Ends: 16 Aug, 2024"
https://onlinecourses.nptel.ac.in/noc24_ar11/preview,Introduction to Urban Planning,Prof. Harshit Sosan Lakra,"IIT Roorkee ,NPTEL","8 Weeks
                          
                          
                              (Starts: 22-07-2024)","Enrollment Ends: 5 Aug, 2024","Exam Date: 21 Sept, 2024","Exam Registration Ends: 16 Aug, 2024"
https://onlinecourses.nptel.ac.in/noc24_ee80/preview,Low Voltage CMOS Circuit Operation,Prof. Anand Bulusu,"IIT Roorkee ,NPTEL","8 Weeks
                          
                          
                              (Starts: 22-07-2024)","Enrollment Ends: 5 Aug, 2024","Exam Date: 21 Sept, 2024","Exam Registration Ends: 16 Aug, 2024"
https://onlinecourses.nptel.ac.in/noc24_hs89/preview,Managing Intellectual Property in...,Prof. Feroz Ali,"IIT Madras ,NPTEL","4 Weeks
                          
                          
                              (Starts: 22-07-2024)","Enrollment Ends: 5 Aug, 2024","Exam Date: 21 Sept, 2024","Exam Registration Ends: 16 Aug, 2024"
https://onlinecourses.nptel.ac.in/noc24_ma51/preview,Mathematical Methods in Physics 2,Prof. Auditya Sharma,"IISER Bhopal ,NPTEL","8 Weeks
                          
                          
                              (Starts: 22-07-2024)","Enrollment Ends: 5 Aug, 2024","Exam Date: 21 Sept, 2024","Exam Registration Ends: 16 Aug, 2024"
https://onlinecourses.nptel.ac.in/noc24_ma49/preview,Measure Theoretic Probability 2,Prof. Suprio Bhar,"IIT Kanpur ,NPTEL","8 Weeks
                          
                          
                              (Starts: 22-07-2024)","Enrollment Ends: 5 Aug, 2024","Exam Date: 21 Sept, 2024","Exam Registration Ends: 16 Aug, 2024"
https://onlinecourses.nptel.ac.in/noc24_mm26/preview,Mechanical Behaviour of Materials (Part...,"Prof. Shashank Shekhar, Prof. Sudhanshu Shekhar...","IIT Kanpur ,NPTEL","8 Weeks
                          
                          
                              (Starts: 22-07-2024)","Enrollment Ends: 5 Aug, 2024","Exam Date: 21 Sept, 2024","Exam Registration Ends: 16 Aug, 2024"
https://onlinecourses.nptel.ac.in/noc24_ch37/preview,Mechanical Operations,Prof. Shabina Khanam,"IIT Roorkee ,NPTEL","4 Weeks
                          
                          
                              (Starts: 22-07-2024)","Enrollment Ends: 5 Aug, 2024","Exam Date: 21 Sept, 2024","Exam Registration Ends: 16 Aug, 2024"
https://onlinecourses.nptel.ac.in/noc24_cy39/preview,Mechanisms in Organic Chemistry,Prof. Nandita Madhavan,"IIT Bombay ,NPTEL","8 Weeks
                          
                          
                              (Starts: 22-07-2024)","Enrollment Ends: 5 Aug, 2024","Exam Date: 21 Sept, 2024","Exam Registration Ends: 16 Aug, 2024"
https://onlinecourses.nptel.ac.in/noc24_cy34/preview,Metal Mediated Synthesis - I,Prof. D. Maiti,"IIT Bombay ,NPTEL","4 Weeks
                          
                          
                              (Starts: 22-07-2024)","Enrollment Ends: 5 Aug, 2024","Exam Date: 21 Sept, 2024","Exam Registration Ends: 16 Aug, 2024"
https://onlinecourses.nptel.ac.in/noc24_cy38/preview,Metals in Biology,Prof. D. Maiti,"IIT Bombay ,NPTEL","8 Weeks
                          
                          
                              (Starts: 22-07-2024)","Enrollment Ends: 5 Aug, 2024","Exam Date: 21 Sept, 2024","Exam Registration Ends: 16 Aug, 2024"
https://onlinecourses.nptel.ac.in/noc24_cs72/preview,Modern Algebra,Prof. Manindra Agrawal,"IIT Kanpur ,NPTEL","8 Weeks
                          
                          
                              (Starts: 22-07-2024)","Enrollment Ends: 5 Aug, 2024","Exam Date: 21 Sept, 2024","Exam Registration Ends: 16 Aug, 2024"
https://onlinecourses.nptel.ac.in/noc24_ch46/preview,Natural Gas Engineering,Prof. Pankaj Tiwari,"IIT Guwahati ,NPTEL","8 Weeks
                          
                          
                              (Starts: 22-07-2024)","Enrollment Ends: 5 Aug, 2024","Exam Date: 21 Sept, 2024","Exam Registration Ends: 16 Aug, 2024"
https://onlinecourses.nptel.ac.in/noc24_bt45/preview,Organ Printing,Prof. Falguni Pati,"IIT Hyderabad ,NPTEL","8 Weeks
                          
                          
                              (Starts: 22-07-2024)","Enrollment Ends: 5 Aug, 2024","Exam Date: 21 Sept, 2024","Exam Registration Ends: 16 Aug, 2024"
https://onlinecourses.nptel.ac.in/noc24_mg74/preview,Organization Development and Change in...,Prof. Ashish Pandey,"IIT Bombay ,NPTEL","8 Weeks
                          
                          
                              (Starts: 22-07-2024)","Enrollment Ends: 5 Aug, 2024","Exam Date: 21 Sept, 2024","Exam Registration Ends: 16 Aug, 2024"
https://onlinecourses.nptel.ac.in/noc24_hs93/preview,Perspectives on Neurolinguistic,Prof. Smita Jha,"IIT Roorkee ,NPTEL","4 Weeks
                          
                          
                              (Starts: 22-07-2024)","Enrollment Ends: 5 Aug, 2024","Exam Date: 21 Sept, 2024","Exam Registration Ends: 16 Aug, 2024"
https://onlinecourses.nptel.ac.in/noc24_ch41/preview,Petroleum Technology,Prof. Sonali Sengupta,"IIT Kharagpur ,NPTEL","8 Weeks
                          
                          
                              (Starts: 22-07-2024)","Enrollment Ends: 5 Aug, 2024","Exam Date: 21 Sept, 2024","Exam Registration Ends: 16 Aug, 2024"
https://onlinecourses.nptel.ac.in/noc24_ee89/preview,Power System Protection and Switchgear,Prof. Bhaveshkumar R. Bhalja,"IIT Roorkee ,NPTEL","8 Weeks
                          
                          
                              (Starts: 22-07-2024)","Enrollment Ends: 5 Aug, 2024","Exam Date: 21 Sept, 2024","Exam Registration Ends: 16 Aug, 2024"
https://onlinecourses.nptel.ac.in/noc24_ar10/preview,Principles and Applications of Building...,Prof. E. Rajasekar,"IIT Roorkee ,NPTEL","4 Weeks
                          
                          
                              (Starts: 22-07-2024)","Enrollment Ends: 5 Aug, 2024","Exam Date: 21 Sept, 2024","Exam Registration Ends: 16 Aug, 2024"
https://onlinecourses.nptel.ac.in/noc24_ce57/preview,Principles of Construction Management,Prof. Sudhir Misra,"IIT Kanpur ,NPTEL","8 Weeks
                          
                          
                              (Starts: 22-07-2024)","Enrollment Ends: 5 Aug, 2024","Exam Date: 21 Sept, 2024","Exam Registration Ends: 16 Aug, 2024"
https://onlinecourses.nptel.ac.in/noc24_mg78/preview,"Project Management : Planning,...",Prof. Sanjib Chowdhury,"IIT Kharagpur ,NPTEL","8 Weeks
                          
                          
                              (Starts: 22-07-2024)","Enrollment Ends: 5 Aug, 2024","Exam Date: 21 Sept, 2024","Exam Registration Ends: 16 Aug, 2024"
https://onlinecourses.nptel.ac.in/noc24_cs68/preview,Python for Data Science,Prof. Ragunathan Rengasamy,"IIT Madras ,NPTEL","4 Weeks
                          
                          
                              (Starts: 22-07-2024)","Enrollment Ends: 5 Aug, 2024","Exam Date: 21 Sept, 2024","Exam Registration Ends: 16 Aug, 2024"
https://onlinecourses.nptel.ac.in/noc24_ph25/preview,Quantum Hall Effects,Prof. Saurabh Basu,"IIT Guwahati ,NPTEL","8 Weeks
                          
                          
                              (Starts: 22-07-2024)","Enrollment Ends: 5 Aug, 2024","Exam Date: 21 Sept, 2024","Exam Registration Ends: 16 Aug, 2024"
https://onlinecourses.nptel.ac.in/noc24_ce60/preview,Remote Sensing and GIS,Prof. Rishikesh Bharti,"IIT Guwahati ,NPTEL","8 Weeks
                          
                          
                              (Starts: 22-07-2024)","Enrollment Ends: 5 Aug, 2024","Exam Date: 21 Sept, 2024","Exam Registration Ends: 16 Aug, 2024"
https://onlinecourses.nptel.ac.in/noc24_ge41/preview,Research Methodology,"Prof. Edamana Prasad, Prof. Prathap Haridoss","IIT Madras ,NPTEL","8 Weeks
                          
                          
                              (Starts: 22-07-2024)","Enrollment Ends: 5 Aug, 2024","Exam Date: 21 Sept, 2024","Exam Registration Ends: 16 Aug, 2024"
https://onlinecourses.nptel.ac.in/noc24_ch42/preview,"Rheology and Processing of Paints,...",Prof. Santanu Chattopadhyay,"IIT Kharagpur ,NPTEL","8 Weeks
                          
                          
                              (Starts: 22-07-2024)","Enrollment Ends: 5 Aug, 2024","Exam Date: 21 Sept, 2024","Exam Registration Ends: 16 Aug, 2024"
https://onlinecourses.nptel.ac.in/noc24_ce58/preview,River Engineering,Prof. Subashisa Dutta,"IIT Guwahati ,NPTEL","8 Weeks
                          
                          
                              (Starts: 22-07-2024)","Enrollment Ends: 5 Aug, 2024","Exam Date: 21 Sept, 2024","Exam Registration Ends: 16 Aug, 2024"
https://onlinecourses.nptel.ac.in/noc24_me88/preview,Robotics,Prof. Dilip Kumar Pratihar,"IIT Kharagpur ,NPTEL","8 Weeks
                          
                          
                              (Starts: 22-07-2024)","Enrollment Ends: 5 Aug, 2024","Exam Date: 21 Sept, 2024","Exam Registration Ends: 16 Aug, 2024"
https://onlinecourses.nptel.ac.in/noc24_ar13/preview,Role of Craft and Technology in...,Prof. Smriti Saraswat,"IIT Roorkee ,NPTEL","8 Weeks
                          
                          
                              (Starts: 22-07-2024)","Enrollment Ends: 5 Aug, 2024","Exam Date: 21 Sept, 2024","Exam Registration Ends: 16 Aug, 2024"
https://onlinecourses.nptel.ac.in/noc24_ee83/preview,"Sensor Technologies: Physics,...",Prof. Mitradip Bhattacharjee,"IISER Bhopal ,NPTEL","8 Weeks
                          
                          
                              (Starts: 22-07-2024)","Enrollment Ends: 5 Aug, 2024","Exam Date: 21 Sept, 2024","Exam Registration Ends: 16 Aug, 2024"
https://onlinecourses.nptel.ac.in/noc24_hs101/preview,Soft Skill Development,"Prof. Priyadarshi Patnaik, Prof. V.N. Giri, Prof....","IIT Kharagpur ,NPTEL","8 Weeks
                          
                          
                              (Starts: 22-07-2024)","Enrollment Ends: 5 Aug, 2024","Exam Date: 21 Sept, 2024","Exam Registration Ends: 16 Aug, 2024"
https://onlinecourses.nptel.ac.in/noc24_me87/preview,Steam Power Engineering,Prof. Vinayak N. Kulkarni,"IIT Guwahati ,NPTEL","8 Weeks
                          
                          
                              (Starts: 22-07-2024)","Enrollment Ends: 5 Aug, 2024","Exam Date: 21 Sept, 2024","Exam Registration Ends: 16 Aug, 2024"
https://onlinecourses.nptel.ac.in/noc24_ce59/preview,Subsurface Exploration :Importance And...,Prof. Abhishek Kumar,"IIT Guwahati ,NPTEL","8 Weeks
                          
                          
                              (Starts: 22-07-2024)","Enrollment Ends: 5 Aug, 2024","Exam Date: 21 Sept, 2024","Exam Registration Ends: 16 Aug, 2024"
https://onlinecourses.nptel.ac.in/noc24_ce61/preview,Sustainable Engineering Concepts and...,Prof. Brajesh Kumar Dubey,"IIT Kharagpur ,NPTEL","8 Weeks
                          
                          
                              (Starts: 22-07-2024)","Enrollment Ends: 5 Aug, 2024","Exam Date: 21 Sept, 2024","Exam Registration Ends: 16 Aug, 2024"
https://onlinecourses.nptel.ac.in/noc24_hs102/preview,Sustainable Happiness,Prof. Atasi Mohanty,"IIT Kharagpur ,NPTEL","8 Weeks
                          
                          
                              (Starts: 22-07-2024)","Enrollment Ends: 5 Aug, 2024","Exam Date: 21 Sept, 2024","Exam Registration Ends: 16 Aug, 2024"
https://onlinecourses.nptel.ac.in/noc24_ge38/preview,Teaching And Learning in General...,Prof. N J Rao,"IISc Bangalore ,NPTEL","4 Weeks
                          
                          
                              (Starts: 22-07-2024)","Enrollment Ends: 5 Aug, 2024","Exam Date: 21 Sept, 2024","Exam Registration Ends: 16 Aug, 2024"
https://onlinecourses.nptel.ac.in/noc24_ge37/preview,Technical Communication for Engineers,Prof. Arun K. Saraf,"IIT Roorkee ,NPTEL","4 Weeks
                          
                          
                              (Starts: 22-07-2024)","Enrollment Ends: 5 Aug, 2024","Exam Date: 21 Sept, 2024","Exam Registration Ends: 16 Aug, 2024"
https://onlinecourses.nptel.ac.in/noc24_ch43/preview,Technologies for Clean and Renewable...,Prof. P. Mondal,"IIT Roorkee ,NPTEL","8 Weeks
                          
                          
                              (Starts: 22-07-2024)","Enrollment Ends: 5 Aug, 2024","Exam Date: 21 Sept, 2024","Exam Registration Ends: 16 Aug, 2024"
https://onlinecourses.nptel.ac.in/noc24_hs153/preview,The English Novel: Interdisciplinary...,"Prof. Smita Jha, Prof. Aruni Mahapatra","IIT Roorkee ,NPTEL","8 Weeks
                          
                          
                              (Starts: 22-07-2024)","Enrollment Ends: 5 Aug, 2024","Exam Date: 21 Sept, 2024","Exam Registration Ends: 16 Aug, 2024"
https://onlinecourses.nptel.ac.in/noc24_hs106/preview,The Psychology of Language,Prof. Naveen Kashyap,"IIT Guwahati ,NPTEL","8 Weeks
                          
                          
                              (Starts: 22-07-2024)","Enrollment Ends: 5 Aug, 2024","Exam Date: 21 Sept, 2024","Exam Registration Ends: 16 Aug, 2024"
https://onlinecourses.nptel.ac.in/noc24_cs71/preview,Theory of Computation,Prof. Raghunath Tewari,"IIT Kanpur ,NPTEL","8 Weeks
                          
                          
                              (Starts: 22-07-2024)","Enrollment Ends: 5 Aug, 2024","Exam Date: 21 Sept, 2024","Exam Registration Ends: 16 Aug, 2024"
https://onlinecourses.nptel.ac.in/noc24_hs103/preview,Tools and Technologies of Language...,"Prof. Bornini Lahiri, Prof. Dripta Piplai...","IIT Kharagpur ,NPTEL","8 Weeks
                          
                          
                              (Starts: 22-07-2024)","Enrollment Ends: 5 Aug, 2024","Exam Date: 21 Sept, 2024","Exam Registration Ends: 16 Aug, 2024"
https://onlinecourses.nptel.ac.in/noc24_ch39/preview,Trace and Ultra-trace Analysis of...,Prof. J. R. Mudakavi,"IISc Bangalore ,NPTEL","8 Weeks
                          
                          
                              (Starts: 22-07-2024)","Enrollment Ends: 5 Aug, 2024","Exam Date: 21 Sept, 2024","Exam Registration Ends: 16 Aug, 2024"
https://onlinecourses.nptel.ac.in/noc24_de13/preview,Understanding Ethnography,Prof. Nina Sabnani,"IIT Bombay ,NPTEL","8 Weeks
                          
                          
                              (Starts: 22-07-2024)","Enrollment Ends: 5 Aug, 2024","Exam Date: 21 Sept, 2024","Exam Registration Ends: 16 Aug, 2024"
https://onlinecourses.nptel.ac.in/noc24_ee93/preview,VLSI Interconnects,Prof. Sarang Pendharker,"IIT Kharagpur ,NPTEL","8 Weeks
                          
                          
                              (Starts: 22-07-2024)","Enrollment Ends: 5 Aug, 2024","Exam Date: 21 Sept, 2024","Exam Registration Ends: 16 Aug, 2024"
https://onlinecourses.nptel.ac.in/noc24_ar09/preview,Visual Communication Design for Digital...,Prof. Saptarshi Kolay,"IIT Roorkee ,NPTEL","4 Weeks
                          
                          
                              (Starts: 22-07-2024)","Enrollment Ends: 5 Aug, 2024","Exam Date: 21 Sept, 2024","Exam Registration Ends: 16 Aug, 2024"
https://onlinecourses.nptel.ac.in/noc24_hs91/preview,Visual Perception and Art: A Survey...,Prof. Soumik Nandy Majumdar,"Visva Bharati University, Santiniketan ,NPTEL","4 Weeks
                          
                          
                              (Starts: 22-07-2024)","Enrollment Ends: 5 Aug, 2024","Exam Date: 21 Sept, 2024","Exam Registration Ends: 16 Aug, 2024"
https://onlinecourses.nptel.ac.in/noc24_ee92/preview,डिजिटल स्विचिंग (Digital Switching),Prof. Yatindra N Singh,"IIT Kanpur ,NPTEL","8 Weeks
                          
                          
                              (Starts: 22-07-2024)","Enrollment Ends: 5 Aug, 2024","Exam Date: 21 Sept, 2024","Exam Registration Ends: 16 Aug, 2024"
https://onlinecourses.nptel.ac.in/noc24_ch47/preview,Adsorption Science and Technology:...,Prof. Sourav Mondal,IIT Kharagpur,"8 Weeks
                          
                          
                              (Starts: 22-07-2024)","Enrollment Ends: 5 Aug, 2024","Exam Date: 22 Sept, 2024","Exam Registration Ends: 16 Aug, 2024"
https://onlinecourses.nptel.ac.in/noc24_mg83/preview,Advanced Algorithmic Trading and...,Prof. Abhinava Tripathi,IIT Kanpur,"8 Weeks
                          
                          
                              (Starts: 22-07-2024)","Enrollment Ends: 5 Aug, 2024","Exam Date: 22 Sept, 2024","Exam Registration Ends: 16 Aug, 2024"
https://onlinecourses.nptel.ac.in/noc24_ph27/preview,Advanced Quantum Mechanics with...,Prof. Saurabh Basu,IIT Guwahati,"8 Weeks
                          
                          
                              (Starts: 22-07-2024)","Enrollment Ends: 5 Aug, 2024","Exam Date: 22 Sept, 2024","Exam Registration Ends: 16 Aug, 2024"
https://onlinecourses.nptel.ac.in/noc24_ee95/preview,An Introduction to Coding Theory,Prof. Adrish Banerjee,IIT Kanpur,"8 Weeks
                          
                          
                              (Starts: 22-07-2024)","Enrollment Ends: 5 Aug, 2024","Exam Date: 22 Sept, 2024","Exam Registration Ends: 16 Aug, 2024"
https://onlinecourses.nptel.ac.in/noc24_cs76/preview,Artificial Intelligence for Economics,"Prof. Adway Mitra, Prof. Dripto Bakshi, Prof....",IIT Kharagpur,"8 Weeks
                          
                          
                              (Starts: 22-07-2024)","Enrollment Ends: 5 Aug, 2024","Exam Date: 22 Sept, 2024","Exam Registration Ends: 16 Aug, 2024"
https://onlinecourses.nptel.ac.in/noc24_me93/preview,Basics of Finite Element Analysis - I,Prof. Nachiketa Tiwari,IIT Kanpur,"8 Weeks
                          
                          
                              (Starts: 22-07-2024)","Enrollment Ends: 5 Aug, 2024","Exam Date: 22 Sept, 2024","Exam Registration Ends: 16 Aug, 2024"
https://onlinecourses.nptel.ac.in/noc24_ge44/preview,Basics of Health Promotion and...,"Dr.  Arista Lahiri, Dr. Sweety Suman Jha, Prof....","IIT Kharagpur, AIIH&PH, Kolkata, AIIH&PH, Kolkata","8 Weeks
                          
                          
                              (Starts: 22-07-2024)","Enrollment Ends: 5 Aug, 2024","Exam Date: 22 Sept, 2024","Exam Registration Ends: 16 Aug, 2024"
https://onlinecourses.nptel.ac.in/noc24_ee79/preview,Basics of Software Defined Radios and...,Prof. Meenakshi Rawat,IIT Roorkee,"4 Weeks
                          
                          
                              (Starts: 22-07-2024)","Enrollment Ends: 5 Aug, 2024","Exam Date: 22 Sept, 2024","Exam Registration Ends: 16 Aug, 2024"
https://onlinecourses.nptel.ac.in/noc24_lw06/preview,"Biodiversity Protection , Farmers and...","Prof. Padmavati Manchikanti, Prof. Narendran...",IIT Kharagpur,"8 Weeks
                          
                          
                              (Starts: 22-07-2024)","Enrollment Ends: 5 Aug, 2024","Exam Date: 22 Sept, 2024","Exam Registration Ends: 16 Aug, 2024"
https://onlinecourses.nptel.ac.in/noc24_mg84/preview,Brand Management,Prof. Abhishek Kumar,Army Institute of Management Kolkata,"8 Weeks
                          
                          
                              (Starts: 22-07-2024)","Enrollment Ends: 5 Aug, 2024","Exam Date: 22 Sept, 2024","Exam Registration Ends: 16 Aug, 2024"
https://onlinecourses.nptel.ac.in/noc24_hs96/preview,Brief Introduction to Psychology,Prof. Braj Bhushan,IIT Kanpur,"4 Weeks
                          
                          
                              (Starts: 22-07-2024)","Enrollment Ends: 5 Aug, 2024","Exam Date: 22 Sept, 2024","Exam Registration Ends: 16 Aug, 2024"
https://onlinecourses.nptel.ac.in/noc24_ar15/preview,Building Materials and Composites,Prof. Sumana Gupta,IIT Kharagpur,"8 Weeks
                          
                          
                              (Starts: 22-07-2024)","Enrollment Ends: 5 Aug, 2024","Exam Date: 22 Sept, 2024","Exam Registration Ends: 16 Aug, 2024"
https://onlinecourses.nptel.ac.in/noc24_mg70/preview,Business Analytics & Data Mining...,Prof. Gaurav Dixit,IIT Roorkee,"4 Weeks
                          
                          
                              (Starts: 22-07-2024)","Enrollment Ends: 5 Aug, 2024","Exam Date: 22 Sept, 2024","Exam Registration Ends: 16 Aug, 2024"
https://onlinecourses.nptel.ac.in/noc24_mg79/preview,Business Analytics & Text Mining...,Prof. Gaurav Dixit,IIT Roorkee,"8 Weeks
                          
                          
                              (Starts: 22-07-2024)","Enrollment Ends: 5 Aug, 2024","Exam Date: 22 Sept, 2024","Exam Registration Ends: 16 Aug, 2024"
https://onlinecourses.nptel.ac.in/noc24_hs99/preview,Business Japanese and Business Manner,"Prof. Vatsala Misra, Prof. Yumiko Furuichi","IIT Kanpur, University of Tokyo","4 Weeks
                          
                          
                              (Starts: 22-07-2024)","Enrollment Ends: 5 Aug, 2024","Exam Date: 22 Sept, 2024","Exam Registration Ends: 16 Aug, 2024"
https://onlinecourses.nptel.ac.in/noc24_ma56/preview,"Calculus for Economics, Commerce and...",Prof. I. K. Rana,IIT Bombay,"8 Weeks
                          
                          
                              (Starts: 22-07-2024)","Enrollment Ends: 5 Aug, 2024","Exam Date: 22 Sept, 2024","Exam Registration Ends: 16 Aug, 2024"
https://onlinecourses.nptel.ac.in/noc24_cs82/preview,Computer Graphics,Prof. Samit Bhattacharya,IIT Guwahati,"8 Weeks
                          
                          
                              (Starts: 22-07-2024)","Enrollment Ends: 5 Aug, 2024","Exam Date: 22 Sept, 2024","Exam Registration Ends: 16 Aug, 2024"
https://onlinecourses.nptel.ac.in/noc24_ph28/preview,Concepts in Magnetism and...,Prof. Arghya Taraphder,IIT Kharagpur,"8 Weeks
                          
                          
                              (Starts: 22-07-2024)","Enrollment Ends: 5 Aug, 2024","Exam Date: 22 Sept, 2024","Exam Registration Ends: 16 Aug, 2024"
https://onlinecourses.nptel.ac.in/noc24_lw08/preview,Conflict Management through Mediation,Prof. (Dr.) Ashok R. Patil,"Vice Chancellor, National University of Study and...","8 Weeks
                          
                          
                              (Starts: 22-07-2024)","Enrollment Ends: 5 Aug, 2024","Exam Date: 22 Sept, 2024","Exam Registration Ends: 16 Aug, 2024"
https://onlinecourses.nptel.ac.in/noc24_hs107/preview,Consumer Psychology,Prof. Naveen Kashyap,IIT Guwahati,"8 Weeks
                          
                          
                              (Starts: 22-07-2024)","Enrollment Ends: 5 Aug, 2024","Exam Date: 22 Sept, 2024","Exam Registration Ends: 16 Aug, 2024"
https://onlinecourses.nptel.ac.in/noc24_mg85/preview,Corporate Finance,Prof. Abhijeet Chandra,IIT Kharagpur,"8 Weeks
                          
                          
                              (Starts: 22-07-2024)","Enrollment Ends: 5 Aug, 2024","Exam Date: 22 Sept, 2024","Exam Registration Ends: 16 Aug, 2024"
https://onlinecourses.nptel.ac.in/noc24_mg71/preview,Cost Accounting,Prof. Varadraj Bapat,IIT Bombay,"4 Weeks
                          
                          
                              (Starts: 22-07-2024)","Enrollment Ends: 5 Aug, 2024","Exam Date: 22 Sept, 2024","Exam Registration Ends: 16 Aug, 2024"
https://onlinecourses.nptel.ac.in/noc24_ge43/preview,Current Regulatory Requirements for...,"Prof. D. K. Sable, Prof. Rubina Bose, Professor...","CDSA,THSTI,DBT","8 Weeks
                          
                          
                              (Starts: 22-07-2024)","Enrollment Ends: 5 Aug, 2024","Exam Date: 22 Sept, 2024","Exam Registration Ends: 16 Aug, 2024"
https://onlinecourses.nptel.ac.in/noc24_cs133/preview,Data Science for Engineers,"Prof. Ragunathan Rengasamy, Prof. Shankar...",IIT Madras,"8 Weeks
                          
                          
                              (Starts: 22-07-2024)","Enrollment Ends: 5 Aug, 2024","Exam Date: 22 Sept, 2024","Exam Registration Ends: 16 Aug, 2024"
https://onlinecourses.nptel.ac.in/noc24_mm28/preview,Defects in Crystalline Solids (Part -...,Prof. Shashank Shekhar,IIT Kanpur,"8 Weeks
                          
                          
                              (Starts: 22-07-2024)","Enrollment Ends: 5 Aug, 2024","Exam Date: 22 Sept, 2024","Exam Registration Ends: 16 Aug, 2024"
https://onlinecourses.nptel.ac.in/noc24_cs69/preview,Demystifying Networking,"Prof. Sridhar Iyer, Prof. Ashutosh Raina",IIT Bombay,"4 Weeks
                          
                          
                              (Starts: 22-07-2024)","Enrollment Ends: 5 Aug, 2024","Exam Date: 22 Sept, 2024","Exam Registration Ends: 16 Aug, 2024"
https://onlinecourses.nptel.ac.in/noc24_mg72/preview,Design Thinking - A Primer,"Prof. Ashwin Mahalingam, Prof. Bala Ramadurai",IIT Madras,"4 Weeks
                          
                          
                              (Starts: 22-07-2024)","Enrollment Ends: 5 Aug, 2024","Exam Date: 22 Sept, 2024","Exam Registration Ends: 16 Aug, 2024"
https://onlinecourses.nptel.ac.in/noc24_cs79/preview,Design and Analysis of Algorithms,Prof. Madhavan Mukund,Chennai Mathematical Institute,"8 Weeks
                          
                          
                              (Starts: 22-07-2024)","Enrollment Ends: 5 Aug, 2024","Exam Date: 22 Sept, 2024","Exam Registration Ends: 16 Aug, 2024"
https://onlinecourses.nptel.ac.in/noc24_ae14/preview,Design of Fixed Wing Unmanned Aerial...,Prof. Subrahmanyam Saderla,IIT Kanpur,"8 Weeks
                          
                          
                              (Starts: 22-07-2024)","Enrollment Ends: 5 Aug, 2024","Exam Date: 22 Sept, 2024","Exam Registration Ends: 16 Aug, 2024"
https://onlinecourses.nptel.ac.in/noc24_de14/preview,"Design, Technology and Innovation",Prof. B.K. Chakravarthy,IIT Bombay,"8 Weeks
                          
                          
                              (Starts: 22-07-2024)","Enrollment Ends: 5 Aug, 2024","Exam Date: 22 Sept, 2024","Exam Registration Ends: 16 Aug, 2024"
https://onlinecourses.nptel.ac.in/noc24_cs77/preview,Distributed Systems,Prof. Rajiv Misra,IIT Patna,"8 Weeks
                          
                          
                              (Starts: 22-07-2024)","Enrollment Ends: 5 Aug, 2024","Exam Date: 22 Sept, 2024","Exam Registration Ends: 16 Aug, 2024"
https://onlinecourses.nptel.ac.in/noc24_mg80/preview,Econometric Modelling,Prof. Sujata Kar,IIT Roorkee,"8 Weeks
                          
                          
                              (Starts: 22-07-2024)","Enrollment Ends: 5 Aug, 2024","Exam Date: 22 Sept, 2024","Exam Registration Ends: 16 Aug, 2024"
https://onlinecourses.nptel.ac.in/noc24_hs116/preview,Entrepreneurship and IP Strategy,Prof. Gouri Gargate,IIT Kharagpur,"8 Weeks
                          
                          
                              (Starts: 22-07-2024)","Enrollment Ends: 5 Aug, 2024","Exam Date: 22 Sept, 2024","Exam Registration Ends: 16 Aug, 2024"
https://onlinecourses.nptel.ac.in/noc24_hs109/preview,Film Appreciation,Prof. Aysha Viswamohan,IIT Madras,"8 Weeks
                          
                          
                              (Starts: 22-07-2024)","Enrollment Ends: 5 Aug, 2024","Exam Date: 22 Sept, 2024","Exam Registration Ends: 16 Aug, 2024"
https://onlinecourses.nptel.ac.in/noc24_mg81/preview,Financial Accounting,Prof. Varadraj Bapat,IIT Bombay,"8 Weeks
                          
                          
                              (Starts: 22-07-2024)","Enrollment Ends: 5 Aug, 2024","Exam Date: 22 Sept, 2024","Exam Registration Ends: 16 Aug, 2024"
https://onlinecourses.nptel.ac.in/noc24_hs111/preview,Folk and Minor Art in india,Prof. Shatarupa Thakurta Roy,IIT Kanpur,"8 Weeks
                          
                          
                              (Starts: 22-07-2024)","Enrollment Ends: 5 Aug, 2024","Exam Date: 22 Sept, 2024","Exam Registration Ends: 16 Aug, 2024"
https://onlinecourses.nptel.ac.in/noc24_me82/preview,Foundations of Cognitive Robotics,Prof. Bishakh Bhattacharya,IIT Kanpur,"4 Weeks
                          
                          
                              (Starts: 22-07-2024)","Enrollment Ends: 5 Aug, 2024","Exam Date: 22 Sept, 2024","Exam Registration Ends: 16 Aug, 2024"
https://onlinecourses.nptel.ac.in/noc24_mm31/preview,Fundamentals and Applications of...,Prof. Ashish Garg,IIT Kanpur,"8 Weeks
                          
                          
                              (Starts: 22-07-2024)","Enrollment Ends: 5 Aug, 2024","Exam Date: 22 Sept, 2024","Exam Registration Ends: 16 Aug, 2024"
https://onlinecourses.nptel.ac.in/noc24_mm25/preview,Fundamentals of Electronic Device...,Prof. Parasuraman Swaminathan,IIT Madras,"4 Weeks
                          
                          
                              (Starts: 22-07-2024)","Enrollment Ends: 5 Aug, 2024","Exam Date: 22 Sept, 2024","Exam Registration Ends: 16 Aug, 2024"
https://onlinecourses.nptel.ac.in/noc24_mm33/preview,Fundamentals of Material Processing - I,Prof. Shashank Shekhar,IIT Kanpur,"8 Weeks
                          
                          
                              (Starts: 22-07-2024)","Enrollment Ends: 5 Aug, 2024","Exam Date: 22 Sept, 2024","Exam Registration Ends: 16 Aug, 2024"
https://onlinecourses.nptel.ac.in/noc24_hs115/preview,Globalization and Culture,Prof. Anjali Gera Roy,IIT Kharagpur,"8 Weeks
                          
                          
                              (Starts: 22-07-2024)","Enrollment Ends: 5 Aug, 2024","Exam Date: 22 Sept, 2024","Exam Registration Ends: 16 Aug, 2024"
https://onlinecourses.nptel.ac.in/noc24_hs94/preview,Great Experiments in Psychology,Prof. Rajlakshmi Guha,IIT Kharagpur,"4 Weeks
                          
                          
                              (Starts: 22-07-2024)","Enrollment Ends: 5 Aug, 2024","Exam Date: 22 Sept, 2024","Exam Registration Ends: 16 Aug, 2024"
https://onlinecourses.nptel.ac.in/noc24_hs113/preview,Handling Large-Scale Unit Level Data,Prof. Pratap C. Mohanty,IIT Roorkee,"8 Weeks
                          
                          
                              (Starts: 22-07-2024)","Enrollment Ends: 5 Aug, 2024","Exam Date: 22 Sept, 2024","Exam Registration Ends: 16 Aug, 2024"
https://onlinecourses.nptel.ac.in/noc24_hs112/preview,Health Research Fundamentals,Multi Faculty,National Institute of Epidemiology,"8 Weeks
                          
                          
                              (Starts: 22-07-2024)","Enrollment Ends: 5 Aug, 2024","Exam Date: 22 Sept, 2024","Exam Registration Ends: 16 Aug, 2024"
https://onlinecourses.nptel.ac.in/noc24_de12/preview,Innovation by Design,Prof. B.K. Chakravarthy,IIT Bombay,"4 Weeks
                          
                          
                              (Starts: 22-07-2024)","Enrollment Ends: 5 Aug, 2024","Exam Date: 22 Sept, 2024","Exam Registration Ends: 16 Aug, 2024"
https://onlinecourses.nptel.ac.in/noc24_cs81/preview,Introduction To Machine Learning -...,Prof. Sudeshna Sarkar,IIT Kharagpur,"8 Weeks
                          
                          
                              (Starts: 22-07-2024)","Enrollment Ends: 5 Aug, 2024","Exam Date: 22 Sept, 2024","Exam Registration Ends: 16 Aug, 2024"
https://onlinecourses.nptel.ac.in/noc24_ma50/preview,Introduction to Abstract Group Theory,Prof. Krishna Hanumanthu,Chennai Mathematical Institute,"8 Weeks
                          
                          
                              (Starts: 22-07-2024)","Enrollment Ends: 5 Aug, 2024","Exam Date: 22 Sept, 2024","Exam Registration Ends: 16 Aug, 2024"
https://onlinecourses.nptel.ac.in/noc24_ma58/preview,Introduction to Abstract and Linear...,Prof. Sourav Mukhopadhyay,IIT Kharagpur,"8 Weeks
                          
                          
                              (Starts: 22-07-2024)","Enrollment Ends: 5 Aug, 2024","Exam Date: 22 Sept, 2024","Exam Registration Ends: 16 Aug, 2024"
https://onlinecourses.nptel.ac.in/noc24_hs110/preview,Introduction to Basic Cognitive...,Prof. Ark Verma,IIT Kanpur,"8 Weeks
                          
                          
                              (Starts: 22-07-2024)","Enrollment Ends: 5 Aug, 2024","Exam Date: 22 Sept, 2024","Exam Registration Ends: 16 Aug, 2024"
https://onlinecourses.nptel.ac.in/noc24_ge42/preview,Introduction to Biomimicry,"Prof. Mrinalini, Prof. Shiva Subramaniam, Prof....",IIT Madras,"8 Weeks
                          
                          
                              (Starts: 22-07-2024)","Enrollment Ends: 5 Aug, 2024","Exam Date: 22 Sept, 2024","Exam Registration Ends: 16 Aug, 2024"
https://onlinecourses.nptel.ac.in/noc24_bt41/preview,Introduction to Dynamical Models in...,Prof. Biplab Bose,IIT Guwahati,"4 Weeks
                          
                          
                              (Starts: 22-07-2024)","Enrollment Ends: 5 Aug, 2024","Exam Date: 22 Sept, 2024","Exam Registration Ends: 16 Aug, 2024"
https://onlinecourses.nptel.ac.in/noc24_cs70/preview,Introduction to Graph Algorithms,Prof. C. Pandu Rangan,IISc Bangalore,"8 Weeks
                          
                          
                              (Starts: 22-07-2024)","Enrollment Ends: 5 Aug, 2024","Exam Date: 22 Sept, 2024","Exam Registration Ends: 16 Aug, 2024"
https://onlinecourses.nptel.ac.in/noc24_hs98/preview,Introduction to Indian Art - An...,Prof. Soumik Nandy Majumdar,"Visva Bharati University, Santiniketan","4 Weeks
                          
                          
                              (Starts: 22-07-2024)","Enrollment Ends: 5 Aug, 2024","Exam Date: 22 Sept, 2024","Exam Registration Ends: 16 Aug, 2024"
https://onlinecourses.nptel.ac.in/noc24_lw07/preview,Introduction to Law on Electricity,Prof. Uday Shankar,IIT Kharagpur,"8 Weeks
                          
                          
                              (Starts: 22-07-2024)","Enrollment Ends: 5 Aug, 2024","Exam Date: 22 Sept, 2024","Exam Registration Ends: 16 Aug, 2024"
https://onlinecourses.nptel.ac.in/noc24_bt50/preview,Introduction to Mechanobiology,Prof. Shamik Sen,IIT Bombay,"8 Weeks
                          
                          
                              (Starts: 22-07-2024)","Enrollment Ends: 5 Aug, 2024","Exam Date: 22 Sept, 2024","Exam Registration Ends: 16 Aug, 2024"
https://onlinecourses.nptel.ac.in/noc24_cs80/preview,Introduction to Operating Systems,Prof. Chester Rebeiro,IIT Madras,"8 Weeks
                          
                          
                              (Starts: 22-07-2024)","Enrollment Ends: 5 Aug, 2024","Exam Date: 22 Sept, 2024","Exam Registration Ends: 16 Aug, 2024"
https://onlinecourses.nptel.ac.in/noc24_ec09/preview,Labour Economics-Theory and Practice,Prof. Falguni Pattanaik,IIT Roorkee,"8 Weeks
                          
                          
                              (Starts: 22-07-2024)","Enrollment Ends: 5 Aug, 2024","Exam Date: 22 Sept, 2024","Exam Registration Ends: 16 Aug, 2024"
https://onlinecourses.nptel.ac.in/noc24_ge40/preview,Making Learning Engaging Through...,Prof. Kartic Vaidyanathan,IIT Madras,"4 Weeks
                          
                          
                              (Starts: 22-07-2024)","Enrollment Ends: 5 Aug, 2024","Exam Date: 22 Sept, 2024","Exam Registration Ends: 16 Aug, 2024"
https://onlinecourses.nptel.ac.in/noc24_mg76/preview,Managing Services,Prof. Jayanta Chatterjee,IIT Kanpur,"8 Weeks
                          
                          
                              (Starts: 22-07-2024)","Enrollment Ends: 5 Aug, 2024","Exam Date: 22 Sept, 2024","Exam Registration Ends: 16 Aug, 2024"
https://onlinecourses.nptel.ac.in/noc24_me84/preview,Manufacturing Processes - Casting and...,Prof. Sounak Kumar Choudhury,IIT Kanpur,"4 Weeks
                          
                          
                              (Starts: 22-07-2024)","Enrollment Ends: 5 Aug, 2024","Exam Date: 22 Sept, 2024","Exam Registration Ends: 16 Aug, 2024"
https://onlinecourses.nptel.ac.in/noc24_ma53/preview,Matrix Analysis with Applications,"Prof. S. K. Gupta, Prof. Sanjeev Kumar",IIT Roorkee,"8 Weeks
                          
                          
                              (Starts: 22-07-2024)","Enrollment Ends: 5 Aug, 2024","Exam Date: 22 Sept, 2024","Exam Registration Ends: 16 Aug, 2024"
https://onlinecourses.nptel.ac.in/noc24_me92/preview,Mechanics and Control of Robotic...,Prof. Santhakumar Mohan,IIT Palakkad,"8 Weeks
                          
                          
                              (Starts: 22-07-2024)","Enrollment Ends: 5 Aug, 2024","Exam Date: 22 Sept, 2024","Exam Registration Ends: 16 Aug, 2024"
https://onlinecourses.nptel.ac.in/noc24_mm29/preview,"Nanotechnology, Science and...",Prof. Prathap Haridoss,IIT Madras,"8 Weeks
                          
                          
                              (Starts: 22-07-2024)","Enrollment Ends: 5 Aug, 2024","Exam Date: 22 Sept, 2024","Exam Registration Ends: 16 Aug, 2024"
https://onlinecourses.nptel.ac.in/noc24_mm32/preview,Nature and Properties of Materials-An...,Prof. Ashish Garg,IIT Kanpur,"8 Weeks
                          
                          
                              (Starts: 22-07-2024)","Enrollment Ends: 5 Aug, 2024","Exam Date: 22 Sept, 2024","Exam Registration Ends: 16 Aug, 2024"
https://onlinecourses.nptel.ac.in/noc24_ma46/preview,Non-Parametric Statistical Inference,Prof. Niladri Chatterjee,IIT Delhi,"4 Weeks
                          
                          
                              (Starts: 22-07-2024)","Enrollment Ends: 5 Aug, 2024","Exam Date: 22 Sept, 2024","Exam Registration Ends: 16 Aug, 2024"
https://onlinecourses.nptel.ac.in/noc24_ma54/preview,Numerical methods,"Prof. Ameeya Kumar Nayak, Prof. Sanjeev Kumar",IIT Roorkee,"8 Weeks
                          
                          
                              (Starts: 22-07-2024)","Enrollment Ends: 5 Aug, 2024","Exam Date: 22 Sept, 2024","Exam Registration Ends: 16 Aug, 2024"
https://onlinecourses.nptel.ac.in/noc24_ma55/preview,Operations Research,Prof. Kusum Deep,IIT Roorkee,"8 Weeks
                          
                          
                              (Starts: 22-07-2024)","Enrollment Ends: 5 Aug, 2024","Exam Date: 22 Sept, 2024","Exam Registration Ends: 16 Aug, 2024"
https://onlinecourses.nptel.ac.in/noc24_hs95/preview,Patent Drafting for Beginners,Prof. Feroz Ali,IIT Madras,"4 Weeks
                          
                          
                              (Starts: 22-07-2024)","Enrollment Ends: 5 Aug, 2024","Exam Date: 22 Sept, 2024","Exam Registration Ends: 16 Aug, 2024"
https://onlinecourses.nptel.ac.in/noc24_bt48/preview,Plant Cell Bioprocessing,Prof. Smita Srivastava,IIT Madras,"8 Weeks
                          
                          
                              (Starts: 22-07-2024)","Enrollment Ends: 5 Aug, 2024","Exam Date: 22 Sept, 2024","Exam Registration Ends: 16 Aug, 2024"
https://onlinecourses.nptel.ac.in/noc24_ma57/preview,Point Set Topology,Prof. Ronnie Sebastian,IIT Bombay,"8 Weeks
                          
                          
                              (Starts: 22-07-2024)","Enrollment Ends: 5 Aug, 2024","Exam Date: 22 Sept, 2024","Exam Registration Ends: 16 Aug, 2024"
https://onlinecourses.nptel.ac.in/noc24_hs108/preview,Postmodernism in Literature,Prof. Merin Simi Raj,IIT Madras,"8 Weeks
                          
                          
                              (Starts: 22-07-2024)","Enrollment Ends: 5 Aug, 2024","Exam Date: 22 Sept, 2024","Exam Registration Ends: 16 Aug, 2024"
https://onlinecourses.nptel.ac.in/noc24_me89/preview,Power Plant Engineering,Prof. Ravi Kumar,IIT Roorkee,"8 Weeks
                          
                          
                              (Starts: 22-07-2024)","Enrollment Ends: 5 Aug, 2024","Exam Date: 22 Sept, 2024","Exam Registration Ends: 16 Aug, 2024"
https://onlinecourses.nptel.ac.in/noc24_me91/preview,Principles of Metal Forming Technology,Prof. Pradeep Kumar Jha,IIT Roorkee,"8 Weeks
                          
                          
                              (Starts: 22-07-2024)","Enrollment Ends: 5 Aug, 2024","Exam Date: 22 Sept, 2024","Exam Registration Ends: 16 Aug, 2024"
https://onlinecourses.nptel.ac.in/noc24_me83/preview,Principles of Vibration Control,Prof. Bishakh Bhattacharya,IIT Kanpur,"4 Weeks
                          
                          
                              (Starts: 22-07-2024)","Enrollment Ends: 5 Aug, 2024","Exam Date: 22 Sept, 2024","Exam Registration Ends: 16 Aug, 2024"
https://onlinecourses.nptel.ac.in/noc24_me81/preview,Product Design and Development,Prof. Inderdeep Singh,IIT Roorkee,"4 Weeks
                          
                          
                              (Starts: 22-07-2024)","Enrollment Ends: 5 Aug, 2024","Exam Date: 22 Sept, 2024","Exam Registration Ends: 16 Aug, 2024"
https://onlinecourses.nptel.ac.in/noc24_cs78/preview,"Programming, Data Structures and...",Prof. Madhavan Mukund,Chennai Mathematical Institute,"8 Weeks
                          
                          
                              (Starts: 22-07-2024)","Enrollment Ends: 5 Aug, 2024","Exam Date: 22 Sept, 2024","Exam Registration Ends: 16 Aug, 2024"
https://onlinecourses.nptel.ac.in/noc24_mg75/preview,Project Management,Prof. Raghu Nandan Sengupta,IIT Kanpur,"8 Weeks
                          
                          
                              (Starts: 22-07-2024)","Enrollment Ends: 5 Aug, 2024","Exam Date: 22 Sept, 2024","Exam Registration Ends: 16 Aug, 2024"
https://onlinecourses.nptel.ac.in/noc24_bt40/preview,Proteins and Gel-Based Proteomics,Prof. Sanjeeva Srivastava,IIT Bombay,"4 Weeks
                          
                          
                              (Starts: 22-07-2024)","Enrollment Ends: 5 Aug, 2024","Exam Date: 22 Sept, 2024","Exam Registration Ends: 16 Aug, 2024"
https://onlinecourses.nptel.ac.in/noc24_cy42/preview,Quantum Mechanics and Molecular...,Prof. G Naresh Patwari,IIT Bombay,"8 Weeks
                          
                          
                              (Starts: 22-07-2024)","Enrollment Ends: 5 Aug, 2024","Exam Date: 22 Sept, 2024","Exam Registration Ends: 16 Aug, 2024"
https://onlinecourses.nptel.ac.in/noc24_me90/preview,Refrigeration and Air-conditioning,Prof. Ravi Kumar,IIT Roorkee,"8 Weeks
                          
                          
                              (Starts: 22-07-2024)","Enrollment Ends: 5 Aug, 2024","Exam Date: 22 Sept, 2024","Exam Registration Ends: 16 Aug, 2024"
https://onlinecourses.nptel.ac.in/noc24_mg82/preview,Retail Marketing Strategy,Prof. Sourabh Arora,IIT Roorkee,"8 Weeks
                          
                          
                              (Starts: 22-07-2024)","Enrollment Ends: 5 Aug, 2024","Exam Date: 22 Sept, 2024","Exam Registration Ends: 16 Aug, 2024"
https://onlinecourses.nptel.ac.in/noc24_me79/preview,Selection of Nanomaterials for Energy...,Prof. Kaushik Pal,IIT Roorkee,"4 Weeks
                          
                          
                              (Starts: 22-07-2024)","Enrollment Ends: 5 Aug, 2024","Exam Date: 22 Sept, 2024","Exam Registration Ends: 16 Aug, 2024"
https://onlinecourses.nptel.ac.in/noc24_hs100/preview,Sociology Of Science,Prof. A. J. Mishra,IIT Roorkee,"4 Weeks
                          
                          
                              (Starts: 22-07-2024)","Enrollment Ends: 5 Aug, 2024","Exam Date: 22 Sept, 2024","Exam Registration Ends: 16 Aug, 2024"
https://onlinecourses.nptel.ac.in/noc24_ph26/preview,"Solar Photovoltaics Fundamentals,...",Prof. Soumitra Satapathi,IIT Roorkee,"8 Weeks
                          
                          
                              (Starts: 22-07-2024)","Enrollment Ends: 5 Aug, 2024","Exam Date: 22 Sept, 2024","Exam Registration Ends: 16 Aug, 2024"
https://onlinecourses.nptel.ac.in/noc24_mg73/preview,Strategic Communication for Sustainable...,Prof. Aradhna Malik,IIT Kharagpur,"4 Weeks
                          
                          
                              (Starts: 22-07-2024)","Enrollment Ends: 5 Aug, 2024","Exam Date: 22 Sept, 2024","Exam Registration Ends: 16 Aug, 2024"
https://onlinecourses.nptel.ac.in/noc24_mg77/preview,Strategy: An Introduction to Game...,"Prof. Aditya K. Jagannatham, Prof. Vimal Kumar","IIT Kanpur, IIT Kanpur","8 Weeks
                          
                          
                              (Starts: 22-07-2024)","Enrollment Ends: 5 Aug, 2024","Exam Date: 22 Sept, 2024","Exam Registration Ends: 16 Aug, 2024"
https://onlinecourses.nptel.ac.in/noc24_me80/preview,Structural Analysis of Nanomaterials,Prof. Kaushik Pal,IIT Roorkee,"4 Weeks
                          
                          
                              (Starts: 22-07-2024)","Enrollment Ends: 5 Aug, 2024","Exam Date: 22 Sept, 2024","Exam Registration Ends: 16 Aug, 2024"
https://onlinecourses.nptel.ac.in/noc24_ee94/preview,System Design Through Verilog,Prof. Shaik Rafi Ahamed,IIT Guwahati,"8 Weeks
                          
                          
                              (Starts: 22-07-2024)","Enrollment Ends: 5 Aug, 2024","Exam Date: 22 Sept, 2024","Exam Registration Ends: 16 Aug, 2024"
https://onlinecourses.nptel.ac.in/noc24_mm30/preview,Thermo-Mechanical and Thermo-Chemical...,"Prof. Vivek Pancholi, Prof. S. R. Meka",IIT Roorkee,"8 Weeks
                          
                          
                              (Starts: 22-07-2024)","Enrollment Ends: 5 Aug, 2024","Exam Date: 22 Sept, 2024","Exam Registration Ends: 16 Aug, 2024"
https://onlinecourses.nptel.ac.in/noc24_hs114/preview,Threads of Visual Exploration: Textiles...,Prof. Rajarshi Sengupta,IIT Kanpur,"8 Weeks
                          
                          
                              (Starts: 22-07-2024)","Enrollment Ends: 5 Aug, 2024","Exam Date: 22 Sept, 2024","Exam Registration Ends: 16 Aug, 2024"
https://onlinecourses.nptel.ac.in/noc24_bt49/preview,Tissue Engineering,Prof. Vignesh Muthuvijayan,IIT Madras,"8 Weeks
                          
                          
                              (Starts: 22-07-2024)","Enrollment Ends: 5 Aug, 2024","Exam Date: 22 Sept, 2024","Exam Registration Ends: 16 Aug, 2024"
https://onlinecourses.nptel.ac.in/noc24_ae15/preview,UAV Design - Part II,Prof. Saderla Subrahmanyam,IIT Kanpur,"8 Weeks
                          
                          
                              (Starts: 22-07-2024)","Enrollment Ends: 5 Aug, 2024","Exam Date: 22 Sept, 2024","Exam Registration Ends: 16 Aug, 2024"
https://onlinecourses.nptel.ac.in/noc24_de11/preview,Understanding Design,Prof. Nina Sabnani,IIT Bombay,"4 Weeks
                          
                          
                              (Starts: 22-07-2024)","Enrollment Ends: 5 Aug, 2024","Exam Date: 22 Sept, 2024","Exam Registration Ends: 16 Aug, 2024"
https://onlinecourses.nptel.ac.in/noc24_me94/preview,Welding Application Technology,Prof. Pankaj Biswas,IIT Guwahati,"8 Weeks
                          
                          
                              (Starts: 22-07-2024)","Enrollment Ends: 5 Aug, 2024","Exam Date: 22 Sept, 2024","Exam Registration Ends: 16 Aug, 2024"
https://onlinecourses.nptel.ac.in/noc24_hs97/preview,प्रमुख हिंदी कहानियां और भारतीय समाज,Prof. Shri Prakash Shukla,IIT Kanpur,"4 Weeks
                          
                          
                              (Starts: 22-07-2024)","Enrollment Ends: 5 Aug, 2024","Exam Date: 22 Sept, 2024","Exam Registration Ends: 16 Aug, 2024"
https://onlinecourses.nptel.ac.in/noc24_ch47/preview,Adsorption Science and Technology:...,Prof. Sourav Mondal,"IIT Kharagpur ,NPTEL","8 Weeks
                          
                          
                              (Starts: 22-07-2024)","Enrollment Ends: 5 Aug, 2024","Exam Date: 22 Sept, 2024","Exam Registration Ends: 16 Aug, 2024"
https://onlinecourses.nptel.ac.in/noc24_mg83/preview,Advanced Algorithmic Trading and...,Prof. Abhinava Tripathi,"IIT Kanpur ,NPTEL","8 Weeks
                          
                          
                              (Starts: 22-07-2024)","Enrollment Ends: 5 Aug, 2024","Exam Date: 22 Sept, 2024","Exam Registration Ends: 16 Aug, 2024"
https://onlinecourses.nptel.ac.in/noc24_ph27/preview,Advanced Quantum Mechanics with...,Prof. Saurabh Basu,"IIT Guwahati ,NPTEL","8 Weeks
                          
                          
                              (Starts: 22-07-2024)","Enrollment Ends: 5 Aug, 2024","Exam Date: 22 Sept, 2024","Exam Registration Ends: 16 Aug, 2024"
https://onlinecourses.nptel.ac.in/noc24_ee95/preview,An Introduction to Coding Theory,Prof. Adrish Banerjee,"IIT Kanpur ,NPTEL","8 Weeks
                          
                          
                              (Starts: 22-07-2024)","Enrollment Ends: 5 Aug, 2024","Exam Date: 22 Sept, 2024","Exam Registration Ends: 16 Aug, 2024"
https://onlinecourses.nptel.ac.in/noc24_cs76/preview,Artificial Intelligence for Economics,"Prof. Adway Mitra, Prof. Dripto Bakshi, Prof....","IIT Kharagpur ,NPTEL","8 Weeks
                          
                          
                              (Starts: 22-07-2024)","Enrollment Ends: 5 Aug, 2024","Exam Date: 22 Sept, 2024","Exam Registration Ends: 16 Aug, 2024"
https://onlinecourses.nptel.ac.in/noc24_me93/preview,Basics of Finite Element Analysis - I,Prof. Nachiketa Tiwari,"IIT Kanpur ,NPTEL","8 Weeks
                          
                          
                              (Starts: 22-07-2024)","Enrollment Ends: 5 Aug, 2024","Exam Date: 22 Sept, 2024","Exam Registration Ends: 16 Aug, 2024"
https://onlinecourses.nptel.ac.in/noc24_ge44/preview,Basics of Health Promotion and...,"Dr.  Arista Lahiri, Dr. Sweety Suman Jha, Prof....","IIT Kharagpur, AIIH&PH, Kolkata, AIIH&PH, Kolkata ,NPTEL","8 Weeks
                          
                          
                              (Starts: 22-07-2024)","Enrollment Ends: 5 Aug, 2024","Exam Date: 22 Sept, 2024","Exam Registration Ends: 16 Aug, 2024"
https://onlinecourses.nptel.ac.in/noc24_ee79/preview,Basics of Software Defined Radios and...,Prof. Meenakshi Rawat,"IIT Roorkee ,NPTEL","4 Weeks
                          
                          
                              (Starts: 22-07-2024)","Enrollment Ends: 5 Aug, 2024","Exam Date: 22 Sept, 2024","Exam Registration Ends: 16 Aug, 2024"
https://onlinecourses.nptel.ac.in/noc24_lw06/preview,"Biodiversity Protection , Farmers and...","Prof. Padmavati Manchikanti, Prof. Narendran...","IIT Kharagpur ,NPTEL","8 Weeks
                          
                          
                              (Starts: 22-07-2024)","Enrollment Ends: 5 Aug, 2024","Exam Date: 22 Sept, 2024","Exam Registration Ends: 16 Aug, 2024"
https://onlinecourses.nptel.ac.in/noc24_mg84/preview,Brand Management,Prof. Abhishek Kumar,"Army Institute of Management Kolkata ,NPTEL","8 Weeks
                          
                          
                              (Starts: 22-07-2024)","Enrollment Ends: 5 Aug, 2024","Exam Date: 22 Sept, 2024","Exam Registration Ends: 16 Aug, 2024"
https://onlinecourses.nptel.ac.in/noc24_hs96/preview,Brief Introduction to Psychology,Prof. Braj Bhushan,"IIT Kanpur ,NPTEL","4 Weeks
                          
                          
                              (Starts: 22-07-2024)","Enrollment Ends: 5 Aug, 2024","Exam Date: 22 Sept, 2024","Exam Registration Ends: 16 Aug, 2024"
https://onlinecourses.nptel.ac.in/noc24_ar15/preview,Building Materials and Composites,Prof. Sumana Gupta,"IIT Kharagpur ,NPTEL","8 Weeks
                          
                          
                              (Starts: 22-07-2024)","Enrollment Ends: 5 Aug, 2024","Exam Date: 22 Sept, 2024","Exam Registration Ends: 16 Aug, 2024"
https://onlinecourses.nptel.ac.in/noc24_mg70/preview,Business Analytics & Data Mining...,Prof. Gaurav Dixit,"IIT Roorkee ,NPTEL","4 Weeks
                          
                          
                              (Starts: 22-07-2024)","Enrollment Ends: 5 Aug, 2024","Exam Date: 22 Sept, 2024","Exam Registration Ends: 16 Aug, 2024"
https://onlinecourses.nptel.ac.in/noc24_mg79/preview,Business Analytics & Text Mining...,Prof. Gaurav Dixit,"IIT Roorkee ,NPTEL","8 Weeks
                          
                          
                              (Starts: 22-07-2024)","Enrollment Ends: 5 Aug, 2024","Exam Date: 22 Sept, 2024","Exam Registration Ends: 16 Aug, 2024"
https://onlinecourses.nptel.ac.in/noc24_hs99/preview,Business Japanese and Business Manner,"Prof. Vatsala Misra, Prof. Yumiko Furuichi","IIT Kanpur, University of Tokyo ,NPTEL","4 Weeks
                          
                          
                              (Starts: 22-07-2024)","Enrollment Ends: 5 Aug, 2024","Exam Date: 22 Sept, 2024","Exam Registration Ends: 16 Aug, 2024"
https://onlinecourses.nptel.ac.in/noc24_ma56/preview,"Calculus for Economics, Commerce and...",Prof. I. K. Rana,"IIT Bombay ,NPTEL","8 Weeks
                          
                          
                              (Starts: 22-07-2024)","Enrollment Ends: 5 Aug, 2024","Exam Date: 22 Sept, 2024","Exam Registration Ends: 16 Aug, 2024"
https://onlinecourses.nptel.ac.in/noc24_cs82/preview,Computer Graphics,Prof. Samit Bhattacharya,"IIT Guwahati ,NPTEL","8 Weeks
                          
                          
                              (Starts: 22-07-2024)","Enrollment Ends: 5 Aug, 2024","Exam Date: 22 Sept, 2024","Exam Registration Ends: 16 Aug, 2024"
https://onlinecourses.nptel.ac.in/noc24_ph28/preview,Concepts in Magnetism and...,Prof. Arghya Taraphder,"IIT Kharagpur ,NPTEL","8 Weeks
                          
                          
                              (Starts: 22-07-2024)","Enrollment Ends: 5 Aug, 2024","Exam Date: 22 Sept, 2024","Exam Registration Ends: 16 Aug, 2024"
https://onlinecourses.nptel.ac.in/noc24_lw08/preview,Conflict Management through Mediation,Prof. (Dr.) Ashok R. Patil,"Vice Chancellor, National University of Study and... ,NPTEL","8 Weeks
                          
                          
                              (Starts: 22-07-2024)","Enrollment Ends: 5 Aug, 2024","Exam Date: 22 Sept, 2024","Exam Registration Ends: 16 Aug, 2024"
https://onlinecourses.nptel.ac.in/noc24_hs107/preview,Consumer Psychology,Prof. Naveen Kashyap,"IIT Guwahati ,NPTEL","8 Weeks
                          
                          
                              (Starts: 22-07-2024)","Enrollment Ends: 5 Aug, 2024","Exam Date: 22 Sept, 2024","Exam Registration Ends: 16 Aug, 2024"
https://onlinecourses.nptel.ac.in/noc24_mg85/preview,Corporate Finance,Prof. Abhijeet Chandra,"IIT Kharagpur ,NPTEL","8 Weeks
                          
                          
                              (Starts: 22-07-2024)","Enrollment Ends: 5 Aug, 2024","Exam Date: 22 Sept, 2024","Exam Registration Ends: 16 Aug, 2024"
https://onlinecourses.nptel.ac.in/noc24_mg71/preview,Cost Accounting,Prof. Varadraj Bapat,"IIT Bombay ,NPTEL","4 Weeks
                          
                          
                              (Starts: 22-07-2024)","Enrollment Ends: 5 Aug, 2024","Exam Date: 22 Sept, 2024","Exam Registration Ends: 16 Aug, 2024"
https://onlinecourses.nptel.ac.in/noc24_ge43/preview,Current Regulatory Requirements for...,"Prof. D. K. Sable, Prof. Rubina Bose, Professor...","CDSA,THSTI,DBT ,NPTEL","8 Weeks
                          
                          
                              (Starts: 22-07-2024)","Enrollment Ends: 5 Aug, 2024","Exam Date: 22 Sept, 2024","Exam Registration Ends: 16 Aug, 2024"
https://onlinecourses.nptel.ac.in/noc24_cs133/preview,Data Science for Engineers,"Prof. Ragunathan Rengasamy, Prof. Shankar...","IIT Madras ,NPTEL","8 Weeks
                          
                          
                              (Starts: 22-07-2024)","Enrollment Ends: 5 Aug, 2024","Exam Date: 22 Sept, 2024","Exam Registration Ends: 16 Aug, 2024"
https://onlinecourses.nptel.ac.in/noc24_mm28/preview,Defects in Crystalline Solids (Part -...,Prof. Shashank Shekhar,"IIT Kanpur ,NPTEL","8 Weeks
                          
                          
                              (Starts: 22-07-2024)","Enrollment Ends: 5 Aug, 2024","Exam Date: 22 Sept, 2024","Exam Registration Ends: 16 Aug, 2024"
https://onlinecourses.nptel.ac.in/noc24_cs69/preview,Demystifying Networking,"Prof. Sridhar Iyer, Prof. Ashutosh Raina","IIT Bombay ,NPTEL","4 Weeks
                          
                          
                              (Starts: 22-07-2024)","Enrollment Ends: 5 Aug, 2024","Exam Date: 22 Sept, 2024","Exam Registration Ends: 16 Aug, 2024"
https://onlinecourses.nptel.ac.in/noc24_mg72/preview,Design Thinking - A Primer,"Prof. Ashwin Mahalingam, Prof. Bala Ramadurai","IIT Madras ,NPTEL","4 Weeks
                          
                          
                              (Starts: 22-07-2024)","Enrollment Ends: 5 Aug, 2024","Exam Date: 22 Sept, 2024","Exam Registration Ends: 16 Aug, 2024"
https://onlinecourses.nptel.ac.in/noc24_cs79/preview,Design and Analysis of Algorithms,Prof. Madhavan Mukund,"Chennai Mathematical Institute ,NPTEL","8 Weeks
                          
                          
                              (Starts: 22-07-2024)","Enrollment Ends: 5 Aug, 2024","Exam Date: 22 Sept, 2024","Exam Registration Ends: 16 Aug, 2024"
https://onlinecourses.nptel.ac.in/noc24_ae14/preview,Design of Fixed Wing Unmanned Aerial...,Prof. Subrahmanyam Saderla,"IIT Kanpur ,NPTEL","8 Weeks
                          
                          
                              (Starts: 22-07-2024)","Enrollment Ends: 5 Aug, 2024","Exam Date: 22 Sept, 2024","Exam Registration Ends: 16 Aug, 2024"
https://onlinecourses.nptel.ac.in/noc24_de14/preview,"Design, Technology and Innovation",Prof. B.K. Chakravarthy,"IIT Bombay ,NPTEL","8 Weeks
                          
                          
                              (Starts: 22-07-2024)","Enrollment Ends: 5 Aug, 2024","Exam Date: 22 Sept, 2024","Exam Registration Ends: 16 Aug, 2024"
https://onlinecourses.nptel.ac.in/noc24_cs77/preview,Distributed Systems,Prof. Rajiv Misra,"IIT Patna ,NPTEL","8 Weeks
                          
                          
                              (Starts: 22-07-2024)","Enrollment Ends: 5 Aug, 2024","Exam Date: 22 Sept, 2024","Exam Registration Ends: 16 Aug, 2024"
https://onlinecourses.nptel.ac.in/noc24_mg80/preview,Econometric Modelling,Prof. Sujata Kar,"IIT Roorkee ,NPTEL","8 Weeks
                          
                          
                              (Starts: 22-07-2024)","Enrollment Ends: 5 Aug, 2024","Exam Date: 22 Sept, 2024","Exam Registration Ends: 16 Aug, 2024"
https://onlinecourses.nptel.ac.in/noc24_hs116/preview,Entrepreneurship and IP Strategy,Prof. Gouri Gargate,"IIT Kharagpur ,NPTEL","8 Weeks
                          
                          
                              (Starts: 22-07-2024)","Enrollment Ends: 5 Aug, 2024","Exam Date: 22 Sept, 2024","Exam Registration Ends: 16 Aug, 2024"
https://onlinecourses.nptel.ac.in/noc24_hs109/preview,Film Appreciation,Prof. Aysha Viswamohan,"IIT Madras ,NPTEL","8 Weeks
                          
                          
                              (Starts: 22-07-2024)","Enrollment Ends: 5 Aug, 2024","Exam Date: 22 Sept, 2024","Exam Registration Ends: 16 Aug, 2024"
https://onlinecourses.nptel.ac.in/noc24_mg81/preview,Financial Accounting,Prof. Varadraj Bapat,"IIT Bombay ,NPTEL","8 Weeks
                          
                          
                              (Starts: 22-07-2024)","Enrollment Ends: 5 Aug, 2024","Exam Date: 22 Sept, 2024","Exam Registration Ends: 16 Aug, 2024"
https://onlinecourses.nptel.ac.in/noc24_hs111/preview,Folk and Minor Art in india,Prof. Shatarupa Thakurta Roy,"IIT Kanpur ,NPTEL","8 Weeks
                          
                          
                              (Starts: 22-07-2024)","Enrollment Ends: 5 Aug, 2024","Exam Date: 22 Sept, 2024","Exam Registration Ends: 16 Aug, 2024"
https://onlinecourses.nptel.ac.in/noc24_me82/preview,Foundations of Cognitive Robotics,Prof. Bishakh Bhattacharya,"IIT Kanpur ,NPTEL","4 Weeks
                          
                          
                              (Starts: 22-07-2024)","Enrollment Ends: 5 Aug, 2024","Exam Date: 22 Sept, 2024","Exam Registration Ends: 16 Aug, 2024"
https://onlinecourses.nptel.ac.in/noc24_mm31/preview,Fundamentals and Applications of...,Prof. Ashish Garg,"IIT Kanpur ,NPTEL","8 Weeks
                          
                          
                              (Starts: 22-07-2024)","Enrollment Ends: 5 Aug, 2024","Exam Date: 22 Sept, 2024","Exam Registration Ends: 16 Aug, 2024"
https://onlinecourses.nptel.ac.in/noc24_mm25/preview,Fundamentals of Electronic Device...,Prof. Parasuraman Swaminathan,"IIT Madras ,NPTEL","4 Weeks
                          
                          
                              (Starts: 22-07-2024)","Enrollment Ends: 5 Aug, 2024","Exam Date: 22 Sept, 2024","Exam Registration Ends: 16 Aug, 2024"
https://onlinecourses.nptel.ac.in/noc24_mm33/preview,Fundamentals of Material Processing - I,Prof. Shashank Shekhar,"IIT Kanpur ,NPTEL","8 Weeks
                          
                          
                              (Starts: 22-07-2024)","Enrollment Ends: 5 Aug, 2024","Exam Date: 22 Sept, 2024","Exam Registration Ends: 16 Aug, 2024"
https://onlinecourses.nptel.ac.in/noc24_hs115/preview,Globalization and Culture,Prof. Anjali Gera Roy,"IIT Kharagpur ,NPTEL","8 Weeks
                          
                          
                              (Starts: 22-07-2024)","Enrollment Ends: 5 Aug, 2024","Exam Date: 22 Sept, 2024","Exam Registration Ends: 16 Aug, 2024"
https://onlinecourses.nptel.ac.in/noc24_hs94/preview,Great Experiments in Psychology,Prof. Rajlakshmi Guha,"IIT Kharagpur ,NPTEL","4 Weeks
                          
                          
                              (Starts: 22-07-2024)","Enrollment Ends: 5 Aug, 2024","Exam Date: 22 Sept, 2024","Exam Registration Ends: 16 Aug, 2024"
https://onlinecourses.nptel.ac.in/noc24_hs113/preview,Handling Large-Scale Unit Level Data,Prof. Pratap C. Mohanty,"IIT Roorkee ,NPTEL","8 Weeks
                          
                          
                              (Starts: 22-07-2024)","Enrollment Ends: 5 Aug, 2024","Exam Date: 22 Sept, 2024","Exam Registration Ends: 16 Aug, 2024"
https://onlinecourses.nptel.ac.in/noc24_hs112/preview,Health Research Fundamentals,Multi Faculty,"National Institute of Epidemiology ,NPTEL","8 Weeks
                          
                          
                              (Starts: 22-07-2024)","Enrollment Ends: 5 Aug, 2024","Exam Date: 22 Sept, 2024","Exam Registration Ends: 16 Aug, 2024"
https://onlinecourses.nptel.ac.in/noc24_de12/preview,Innovation by Design,Prof. B.K. Chakravarthy,"IIT Bombay ,NPTEL","4 Weeks
                          
                          
                              (Starts: 22-07-2024)","Enrollment Ends: 5 Aug, 2024","Exam Date: 22 Sept, 2024","Exam Registration Ends: 16 Aug, 2024"
https://onlinecourses.nptel.ac.in/noc24_cs81/preview,Introduction To Machine Learning -...,Prof. Sudeshna Sarkar,"IIT Kharagpur ,NPTEL","8 Weeks
                          
                          
                              (Starts: 22-07-2024)","Enrollment Ends: 5 Aug, 2024","Exam Date: 22 Sept, 2024","Exam Registration Ends: 16 Aug, 2024"
https://onlinecourses.nptel.ac.in/noc24_ma50/preview,Introduction to Abstract Group Theory,Prof. Krishna Hanumanthu,"Chennai Mathematical Institute ,NPTEL","8 Weeks
                          
                          
                              (Starts: 22-07-2024)","Enrollment Ends: 5 Aug, 2024","Exam Date: 22 Sept, 2024","Exam Registration Ends: 16 Aug, 2024"
https://onlinecourses.nptel.ac.in/noc24_ma58/preview,Introduction to Abstract and Linear...,Prof. Sourav Mukhopadhyay,"IIT Kharagpur ,NPTEL","8 Weeks
                          
                          
                              (Starts: 22-07-2024)","Enrollment Ends: 5 Aug, 2024","Exam Date: 22 Sept, 2024","Exam Registration Ends: 16 Aug, 2024"
https://onlinecourses.nptel.ac.in/noc24_hs110/preview,Introduction to Basic Cognitive...,Prof. Ark Verma,"IIT Kanpur ,NPTEL","8 Weeks
                          
                          
                              (Starts: 22-07-2024)","Enrollment Ends: 5 Aug, 2024","Exam Date: 22 Sept, 2024","Exam Registration Ends: 16 Aug, 2024"
https://onlinecourses.nptel.ac.in/noc24_ge42/preview,Introduction to Biomimicry,"Prof. Mrinalini, Prof. Shiva Subramaniam, Prof....","IIT Madras ,NPTEL","8 Weeks
                          
                          
                              (Starts: 22-07-2024)","Enrollment Ends: 5 Aug, 2024","Exam Date: 22 Sept, 2024","Exam Registration Ends: 16 Aug, 2024"
https://onlinecourses.nptel.ac.in/noc24_bt41/preview,Introduction to Dynamical Models in...,Prof. Biplab Bose,"IIT Guwahati ,NPTEL","4 Weeks
                          
                          
                              (Starts: 22-07-2024)","Enrollment Ends: 5 Aug, 2024","Exam Date: 22 Sept, 2024","Exam Registration Ends: 16 Aug, 2024"
https://onlinecourses.nptel.ac.in/noc24_cs70/preview,Introduction to Graph Algorithms,Prof. C. Pandu Rangan,"IISc Bangalore ,NPTEL","8 Weeks
                          
                          
                              (Starts: 22-07-2024)","Enrollment Ends: 5 Aug, 2024","Exam Date: 22 Sept, 2024","Exam Registration Ends: 16 Aug, 2024"
https://onlinecourses.nptel.ac.in/noc24_hs98/preview,Introduction to Indian Art - An...,Prof. Soumik Nandy Majumdar,"Visva Bharati University, Santiniketan ,NPTEL","4 Weeks
                          
                          
                              (Starts: 22-07-2024)","Enrollment Ends: 5 Aug, 2024","Exam Date: 22 Sept, 2024","Exam Registration Ends: 16 Aug, 2024"
https://onlinecourses.nptel.ac.in/noc24_lw07/preview,Introduction to Law on Electricity,Prof. Uday Shankar,"IIT Kharagpur ,NPTEL","8 Weeks
                          
                          
                              (Starts: 22-07-2024)","Enrollment Ends: 5 Aug, 2024","Exam Date: 22 Sept, 2024","Exam Registration Ends: 16 Aug, 2024"
https://onlinecourses.nptel.ac.in/noc24_bt50/preview,Introduction to Mechanobiology,Prof. Shamik Sen,"IIT Bombay ,NPTEL","8 Weeks
                          
                          
                              (Starts: 22-07-2024)","Enrollment Ends: 5 Aug, 2024","Exam Date: 22 Sept, 2024","Exam Registration Ends: 16 Aug, 2024"
https://onlinecourses.nptel.ac.in/noc24_cs80/preview,Introduction to Operating Systems,Prof. Chester Rebeiro,"IIT Madras ,NPTEL","8 Weeks
                          
                          
                              (Starts: 22-07-2024)","Enrollment Ends: 5 Aug, 2024","Exam Date: 22 Sept, 2024","Exam Registration Ends: 16 Aug, 2024"
https://onlinecourses.nptel.ac.in/noc24_ec09/preview,Labour Economics-Theory and Practice,Prof. Falguni Pattanaik,"IIT Roorkee ,NPTEL","8 Weeks
                          
                          
                              (Starts: 22-07-2024)","Enrollment Ends: 5 Aug, 2024","Exam Date: 22 Sept, 2024","Exam Registration Ends: 16 Aug, 2024"
https://onlinecourses.nptel.ac.in/noc24_ge40/preview,Making Learning Engaging Through...,Prof. Kartic Vaidyanathan,"IIT Madras ,NPTEL","4 Weeks
                          
                          
                              (Starts: 22-07-2024)","Enrollment Ends: 5 Aug, 2024","Exam Date: 22 Sept, 2024","Exam Registration Ends: 16 Aug, 2024"
https://onlinecourses.nptel.ac.in/noc24_mg76/preview,Managing Services,Prof. Jayanta Chatterjee,"IIT Kanpur ,NPTEL","8 Weeks
                          
                          
                              (Starts: 22-07-2024)","Enrollment Ends: 5 Aug, 2024","Exam Date: 22 Sept, 2024","Exam Registration Ends: 16 Aug, 2024"
https://onlinecourses.nptel.ac.in/noc24_me84/preview,Manufacturing Processes - Casting and...,Prof. Sounak Kumar Choudhury,"IIT Kanpur ,NPTEL","4 Weeks
                          
                          
                              (Starts: 22-07-2024)","Enrollment Ends: 5 Aug, 2024","Exam Date: 22 Sept, 2024","Exam Registration Ends: 16 Aug, 2024"
https://onlinecourses.nptel.ac.in/noc24_ma53/preview,Matrix Analysis with Applications,"Prof. S. K. Gupta, Prof. Sanjeev Kumar","IIT Roorkee ,NPTEL","8 Weeks
                          
                          
                              (Starts: 22-07-2024)","Enrollment Ends: 5 Aug, 2024","Exam Date: 22 Sept, 2024","Exam Registration Ends: 16 Aug, 2024"
https://onlinecourses.nptel.ac.in/noc24_me92/preview,Mechanics and Control of Robotic...,Prof. Santhakumar Mohan,"IIT Palakkad ,NPTEL","8 Weeks
                          
                          
                              (Starts: 22-07-2024)","Enrollment Ends: 5 Aug, 2024","Exam Date: 22 Sept, 2024","Exam Registration Ends: 16 Aug, 2024"
https://onlinecourses.nptel.ac.in/noc24_mm29/preview,"Nanotechnology, Science and...",Prof. Prathap Haridoss,"IIT Madras ,NPTEL","8 Weeks
                          
                          
                              (Starts: 22-07-2024)","Enrollment Ends: 5 Aug, 2024","Exam Date: 22 Sept, 2024","Exam Registration Ends: 16 Aug, 2024"
https://onlinecourses.nptel.ac.in/noc24_mm32/preview,Nature and Properties of Materials-An...,Prof. Ashish Garg,"IIT Kanpur ,NPTEL","8 Weeks
                          
                          
                              (Starts: 22-07-2024)","Enrollment Ends: 5 Aug, 2024","Exam Date: 22 Sept, 2024","Exam Registration Ends: 16 Aug, 2024"
https://onlinecourses.nptel.ac.in/noc24_ma46/preview,Non-Parametric Statistical Inference,Prof. Niladri Chatterjee,"IIT Delhi ,NPTEL","4 Weeks
                          
                          
                              (Starts: 22-07-2024)","Enrollment Ends: 5 Aug, 2024","Exam Date: 22 Sept, 2024","Exam Registration Ends: 16 Aug, 2024"
https://onlinecourses.nptel.ac.in/noc24_ma54/preview,Numerical methods,"Prof. Ameeya Kumar Nayak, Prof. Sanjeev Kumar","IIT Roorkee ,NPTEL","8 Weeks
                          
                          
                              (Starts: 22-07-2024)","Enrollment Ends: 5 Aug, 2024","Exam Date: 22 Sept, 2024","Exam Registration Ends: 16 Aug, 2024"
https://onlinecourses.nptel.ac.in/noc24_ma55/preview,Operations Research,Prof. Kusum Deep,"IIT Roorkee ,NPTEL","8 Weeks
                          
                          
                              (Starts: 22-07-2024)","Enrollment Ends: 5 Aug, 2024","Exam Date: 22 Sept, 2024","Exam Registration Ends: 16 Aug, 2024"
https://onlinecourses.nptel.ac.in/noc24_hs95/preview,Patent Drafting for Beginners,Prof. Feroz Ali,"IIT Madras ,NPTEL","4 Weeks
                          
                          
                              (Starts: 22-07-2024)","Enrollment Ends: 5 Aug, 2024","Exam Date: 22 Sept, 2024","Exam Registration Ends: 16 Aug, 2024"
https://onlinecourses.nptel.ac.in/noc24_bt48/preview,Plant Cell Bioprocessing,Prof. Smita Srivastava,"IIT Madras ,NPTEL","8 Weeks
                          
                          
                              (Starts: 22-07-2024)","Enrollment Ends: 5 Aug, 2024","Exam Date: 22 Sept, 2024","Exam Registration Ends: 16 Aug, 2024"
https://onlinecourses.nptel.ac.in/noc24_ma57/preview,Point Set Topology,Prof. Ronnie Sebastian,"IIT Bombay ,NPTEL","8 Weeks
                          
                          
                              (Starts: 22-07-2024)","Enrollment Ends: 5 Aug, 2024","Exam Date: 22 Sept, 2024","Exam Registration Ends: 16 Aug, 2024"
https://onlinecourses.nptel.ac.in/noc24_hs108/preview,Postmodernism in Literature,Prof. Merin Simi Raj,"IIT Madras ,NPTEL","8 Weeks
                          
                          
                              (Starts: 22-07-2024)","Enrollment Ends: 5 Aug, 2024","Exam Date: 22 Sept, 2024","Exam Registration Ends: 16 Aug, 2024"
https://onlinecourses.nptel.ac.in/noc24_me89/preview,Power Plant Engineering,Prof. Ravi Kumar,"IIT Roorkee ,NPTEL","8 Weeks
                          
                          
                              (Starts: 22-07-2024)","Enrollment Ends: 5 Aug, 2024","Exam Date: 22 Sept, 2024","Exam Registration Ends: 16 Aug, 2024"
https://onlinecourses.nptel.ac.in/noc24_me91/preview,Principles of Metal Forming Technology,Prof. Pradeep Kumar Jha,"IIT Roorkee ,NPTEL","8 Weeks
                          
                          
                              (Starts: 22-07-2024)","Enrollment Ends: 5 Aug, 2024","Exam Date: 22 Sept, 2024","Exam Registration Ends: 16 Aug, 2024"
https://onlinecourses.nptel.ac.in/noc24_me83/preview,Principles of Vibration Control,Prof. Bishakh Bhattacharya,"IIT Kanpur ,NPTEL","4 Weeks
                          
                          
                              (Starts: 22-07-2024)","Enrollment Ends: 5 Aug, 2024","Exam Date: 22 Sept, 2024","Exam Registration Ends: 16 Aug, 2024"
https://onlinecourses.nptel.ac.in/noc24_me81/preview,Product Design and Development,Prof. Inderdeep Singh,"IIT Roorkee ,NPTEL","4 Weeks
                          
                          
                              (Starts: 22-07-2024)","Enrollment Ends: 5 Aug, 2024","Exam Date: 22 Sept, 2024","Exam Registration Ends: 16 Aug, 2024"
https://onlinecourses.nptel.ac.in/noc24_cs78/preview,"Programming, Data Structures and...",Prof. Madhavan Mukund,"Chennai Mathematical Institute ,NPTEL","8 Weeks
                          
                          
                              (Starts: 22-07-2024)","Enrollment Ends: 5 Aug, 2024","Exam Date: 22 Sept, 2024","Exam Registration Ends: 16 Aug, 2024"
https://onlinecourses.nptel.ac.in/noc24_mg75/preview,Project Management,Prof. Raghu Nandan Sengupta,"IIT Kanpur ,NPTEL","8 Weeks
                          
                          
                              (Starts: 22-07-2024)","Enrollment Ends: 5 Aug, 2024","Exam Date: 22 Sept, 2024","Exam Registration Ends: 16 Aug, 2024"
https://onlinecourses.nptel.ac.in/noc24_bt40/preview,Proteins and Gel-Based Proteomics,Prof. Sanjeeva Srivastava,"IIT Bombay ,NPTEL","4 Weeks
                          
                          
                              (Starts: 22-07-2024)","Enrollment Ends: 5 Aug, 2024","Exam Date: 22 Sept, 2024","Exam Registration Ends: 16 Aug, 2024"
https://onlinecourses.nptel.ac.in/noc24_cy42/preview,Quantum Mechanics and Molecular...,Prof. G Naresh Patwari,"IIT Bombay ,NPTEL","8 Weeks
                          
                          
                              (Starts: 22-07-2024)","Enrollment Ends: 5 Aug, 2024","Exam Date: 22 Sept, 2024","Exam Registration Ends: 16 Aug, 2024"
https://onlinecourses.nptel.ac.in/noc24_me90/preview,Refrigeration and Air-conditioning,Prof. Ravi Kumar,"IIT Roorkee ,NPTEL","8 Weeks
                          
                          
                              (Starts: 22-07-2024)","Enrollment Ends: 5 Aug, 2024","Exam Date: 22 Sept, 2024","Exam Registration Ends: 16 Aug, 2024"
https://onlinecourses.nptel.ac.in/noc24_mg82/preview,Retail Marketing Strategy,Prof. Sourabh Arora,"IIT Roorkee ,NPTEL","8 Weeks
                          
                          
                              (Starts: 22-07-2024)","Enrollment Ends: 5 Aug, 2024","Exam Date: 22 Sept, 2024","Exam Registration Ends: 16 Aug, 2024"
https://onlinecourses.nptel.ac.in/noc24_me79/preview,Selection of Nanomaterials for Energy...,Prof. Kaushik Pal,"IIT Roorkee ,NPTEL","4 Weeks
                          
                          
                              (Starts: 22-07-2024)","Enrollment Ends: 5 Aug, 2024","Exam Date: 22 Sept, 2024","Exam Registration Ends: 16 Aug, 2024"
https://onlinecourses.nptel.ac.in/noc24_hs100/preview,Sociology Of Science,Prof. A. J. Mishra,"IIT Roorkee ,NPTEL","4 Weeks
                          
                          
                              (Starts: 22-07-2024)","Enrollment Ends: 5 Aug, 2024","Exam Date: 22 Sept, 2024","Exam Registration Ends: 16 Aug, 2024"
https://onlinecourses.nptel.ac.in/noc24_ph26/preview,"Solar Photovoltaics Fundamentals,...",Prof. Soumitra Satapathi,"IIT Roorkee ,NPTEL","8 Weeks
                          
                          
                              (Starts: 22-07-2024)","Enrollment Ends: 5 Aug, 2024","Exam Date: 22 Sept, 2024","Exam Registration Ends: 16 Aug, 2024"
https://onlinecourses.nptel.ac.in/noc24_mg73/preview,Strategic Communication for Sustainable...,Prof. Aradhna Malik,"IIT Kharagpur ,NPTEL","4 Weeks
                          
                          
                              (Starts: 22-07-2024)","Enrollment Ends: 5 Aug, 2024","Exam Date: 22 Sept, 2024","Exam Registration Ends: 16 Aug, 2024"
https://onlinecourses.nptel.ac.in/noc24_mg77/preview,Strategy: An Introduction to Game...,"Prof. Aditya K. Jagannatham, Prof. Vimal Kumar","IIT Kanpur, IIT Kanpur ,NPTEL","8 Weeks
                          
                          
                              (Starts: 22-07-2024)","Enrollment Ends: 5 Aug, 2024","Exam Date: 22 Sept, 2024","Exam Registration Ends: 16 Aug, 2024"
https://onlinecourses.nptel.ac.in/noc24_me80/preview,Structural Analysis of Nanomaterials,Prof. Kaushik Pal,"IIT Roorkee ,NPTEL","4 Weeks
                          
                          
                              (Starts: 22-07-2024)","Enrollment Ends: 5 Aug, 2024","Exam Date: 22 Sept, 2024","Exam Registration Ends: 16 Aug, 2024"
https://onlinecourses.nptel.ac.in/noc24_ee94/preview,System Design Through Verilog,Prof. Shaik Rafi Ahamed,"IIT Guwahati ,NPTEL","8 Weeks
                          
                          
                              (Starts: 22-07-2024)","Enrollment Ends: 5 Aug, 2024","Exam Date: 22 Sept, 2024","Exam Registration Ends: 16 Aug, 2024"
https://onlinecourses.nptel.ac.in/noc24_mm30/preview,Thermo-Mechanical and Thermo-Chemical...,"Prof. Vivek Pancholi, Prof. S. R. Meka","IIT Roorkee ,NPTEL","8 Weeks
                          
                          
                              (Starts: 22-07-2024)","Enrollment Ends: 5 Aug, 2024","Exam Date: 22 Sept, 2024","Exam Registration Ends: 16 Aug, 2024"
https://onlinecourses.nptel.ac.in/noc24_hs114/preview,Threads of Visual Exploration: Textiles...,Prof. Rajarshi Sengupta,"IIT Kanpur ,NPTEL","8 Weeks
                          
                          
                              (Starts: 22-07-2024)","Enrollment Ends: 5 Aug, 2024","Exam Date: 22 Sept, 2024","Exam Registration Ends: 16 Aug, 2024"
https://onlinecourses.nptel.ac.in/noc24_bt49/preview,Tissue Engineering,Prof. Vignesh Muthuvijayan,"IIT Madras ,NPTEL","8 Weeks
                          
                          
                              (Starts: 22-07-2024)","Enrollment Ends: 5 Aug, 2024","Exam Date: 22 Sept, 2024","Exam Registration Ends: 16 Aug, 2024"
https://onlinecourses.nptel.ac.in/noc24_ae15/preview,UAV Design - Part II,Prof. Saderla Subrahmanyam,"IIT Kanpur ,NPTEL","8 Weeks
                          
                          
                              (Starts: 22-07-2024)","Enrollment Ends: 5 Aug, 2024","Exam Date: 22 Sept, 2024","Exam Registration Ends: 16 Aug, 2024"
https://onlinecourses.nptel.ac.in/noc24_de11/preview,Understanding Design,Prof. Nina Sabnani,"IIT Bombay ,NPTEL","4 Weeks
                          
                          
                              (Starts: 22-07-2024)","Enrollment Ends: 5 Aug, 2024","Exam Date: 22 Sept, 2024","Exam Registration Ends: 16 Aug, 2024"
https://onlinecourses.nptel.ac.in/noc24_me94/preview,Welding Application Technology,Prof. Pankaj Biswas,"IIT Guwahati ,NPTEL","8 Weeks
                          
                          
                              (Starts: 22-07-2024)","Enrollment Ends: 5 Aug, 2024","Exam Date: 22 Sept, 2024","Exam Registration Ends: 16 Aug, 2024"
https://onlinecourses.nptel.ac.in/noc24_hs97/preview,प्रमुख हिंदी कहानियां और भारतीय समाज,Prof. Shri Prakash Shukla,"IIT Kanpur ,NPTEL","4 Weeks
                          
                          
                              (Starts: 22-07-2024)","Enrollment Ends: 5 Aug, 2024","Exam Date: 22 Sept, 2024","Exam Registration Ends: 16 Aug, 2024"
https://onlinecourses.swayam2.ac.in/cec24_ma08/preview,FUNCTIONAL ANALYSIS,DR. MANTU SAHA,"THE UNIVERSITY OF BURDWAN ,CEC","15 Weeks
                          
                          
                              (Starts: 15-01-2024)","Enrollment Ends: 29 Feb, 2024","Exam Date: 25 May, 2024",NA
https://onlinecourses.swayam2.ac.in/ini24_ge09/preview,Basic Statistics using R (BlueSky...,Prof. Harsh Pradhan,"Banaras Hindu University ,INI","8 Weeks
                          
                          
                              (Starts: 19-08-2024)","Enrollment Ends: 19 Aug, 2024","Exam Date: 25 Oct, 2024","Exam Registration Ends: 30 Aug, 2024"
https://onlinecourses.swayam2.ac.in/ini24_cm01/preview,Business Tourism,"Prof. Sheeba Hamid, Prof. Mohd Saeem Khan","Aligarh Muslim University ,INI","12 Weeks
                          
                          
                              (Starts: 22-07-2024)","Enrollment Ends: 5 Aug, 2024","Exam Date: 25 Oct, 2024","Exam Registration Ends: 16 Aug, 2024"
https://onlinecourses.swayam2.ac.in/ini24_ph02/preview,Classical Mechanics-I,Prof. Bhabani Prasad Mandal,"Banaras Hindu University ,INI","12 Weeks
                          
                          
                              (Starts: 22-07-2024)","Enrollment Ends: 5 Aug, 2024","Exam Date: 25 Oct, 2024","Exam Registration Ends: 16 Aug, 2024"
https://onlinecourses.swayam2.ac.in/ini24_hs05/preview,Critical Traditions and their...,Prof. Sonali Singh,"Banaras Hindu University ,INI","12 Weeks
                          
                          
                              (Starts: 22-07-2024)","Enrollment Ends: 5 Aug, 2024","Exam Date: 25 Oct, 2024","Exam Registration Ends: 16 Aug, 2024"
https://onlinecourses.swayam2.ac.in/ini24_cs02/preview,Data Science Using Python,"Prof. Faisal Anwer, Prof. Mohammad Nadeem","Aligarh Muslim University ,INI","12 Weeks
                          
                          
                              (Starts: 22-07-2024)","Enrollment Ends: 5 Aug, 2024","Exam Date: 25 Oct, 2024","Exam Registration Ends: 16 Aug, 2024"
https://onlinecourses.swayam2.ac.in/ini24_cs01/preview,Database Management System,Prof. Mohammad Ubaidullah Bokhari,"Aligarh Muslim University ,INI","12 Weeks
                          
                          
                              (Starts: 22-07-2024)","Enrollment Ends: 5 Aug, 2024","Exam Date: 25 Oct, 2024","Exam Registration Ends: 16 Aug, 2024"
https://onlinecourses.swayam2.ac.in/ini24_ma02/preview,Digital Logic and Circuits Simulations,Prof. Awadhesh Kumar,"Banaras Hindu University ,INI","8 Weeks
                          
                          
                              (Starts: 19-08-2024)","Enrollment Ends: 19 Aug, 2024","Exam Date: 25 Oct, 2024","Exam Registration Ends: 30 Aug, 2024"
https://onlinecourses.swayam2.ac.in/ini24_mg02/preview,Digital Marketing Strategy,Prof. Chinmoy Kumar Roy,"Banaras Hindu University ,INI","8 Weeks
                          
                          
                              (Starts: 19-08-2024)","Enrollment Ends: 19 Aug, 2024","Exam Date: 25 Oct, 2024","Exam Registration Ends: 30 Aug, 2024"
https://onlinecourses.swayam2.ac.in/ini24_ge01/preview,Econometric Methods,Dr. Md Imdadul Haque,"Aligarh Muslim University ,INI","12 Weeks
                          
                          
                              (Starts: 22-07-2024)","Enrollment Ends: 5 Aug, 2024","Exam Date: 25 Oct, 2024","Exam Registration Ends: 16 Aug, 2024"
https://onlinecourses.swayam2.ac.in/ini24_cm02/preview,Entrepreneurship,"Prof. Mohsin Khan, Prof. Asiya Chaudhary","Aligarh Muslim University ,INI","12 Weeks
                          
                          
                              (Starts: 22-07-2024)","Enrollment Ends: 5 Aug, 2024","Exam Date: 25 Oct, 2024","Exam Registration Ends: 16 Aug, 2024"
https://onlinecourses.swayam2.ac.in/ini24_es01/preview,Environmental Studies,"Prof. Orus Ilyas, Dr. Sharad Kumar","Aligarh Muslim University ,INI","12 Weeks
                          
                          
                              (Starts: 22-07-2024)","Enrollment Ends: 5 Aug, 2024","Exam Date: 25 Oct, 2024","Exam Registration Ends: 16 Aug, 2024"
https://onlinecourses.swayam2.ac.in/ini24_ce01/preview,Fundamentals of Geology,Prof. Sayandeep Banerjee,"Banaras Hindu University ,INI","12 Weeks
                          
                          
                              (Starts: 22-07-2024)","Enrollment Ends: 5 Aug, 2024","Exam Date: 25 Oct, 2024","Exam Registration Ends: 16 Aug, 2024"
https://onlinecourses.swayam2.ac.in/ini24_ge06/preview,Fundamentals of Research (Major),Prof. Asma Parveen,"Aligarh Muslim University ,INI","12 Weeks
                          
                          
                              (Starts: 22-07-2024)","Enrollment Ends: 5 Aug, 2024","Exam Date: 25 Oct, 2024","Exam Registration Ends: 16 Aug, 2024"
https://onlinecourses.swayam2.ac.in/ini24_lg02/preview,Hindi Bhasha Bodh (हिन्दी भाषा बोध),"Prof. Meraj Ahmad, Prof. Gulam Farid Sabri","Aligarh Muslim University ,INI","12 Weeks
                          
                          
                              (Starts: 22-07-2024)","Enrollment Ends: 5 Aug, 2024","Exam Date: 25 Oct, 2024","Exam Registration Ends: 16 Aug, 2024"
https://onlinecourses.swayam2.ac.in/ini24_bt03/preview,Injuries,Prof. Mohd Kaleem Khan,"Aligarh Muslim University ,INI","8 Weeks
                          
                          
                              (Starts: 19-08-2024)","Enrollment Ends: 19 Jul, 2024","Exam Date: 25 Oct, 2024","Exam Registration Ends: 30 Aug, 2024"
https://onlinecourses.swayam2.ac.in/ini24_ge05/preview,International Relations in a Changing...,"Prof. Mirza Asmer Beg, Prof. Md. Rahat Hasan","Aligarh Muslim University ,INI","12 Weeks
                          
                          
                              (Starts: 22-07-2024)","Enrollment Ends: 5 Aug, 2024","Exam Date: 25 Oct, 2024","Exam Registration Ends: 16 Aug, 2024"
https://onlinecourses.swayam2.ac.in/ini24_ge04/preview,Introduction to International Relations,Prof. Upendra Choudhury,"Aligarh Muslim University ,INI","12 Weeks
                          
                          
                              (Starts: 22-07-2024)","Enrollment Ends: 5 Aug, 2024","Exam Date: 25 Oct, 2024","Exam Registration Ends: 16 Aug, 2024"
https://onlinecourses.swayam2.ac.in/ini24_hs06/preview,Introduction to Logic,Dr. Arvind Jaiswal,"Banaras Hindu University ,INI","12 Weeks
                          
                          
                              (Starts: 22-07-2024)","Enrollment Ends: 5 Aug, 2024","Exam Date: 25 Oct, 2024","Exam Registration Ends: 16 Aug, 2024"
https://onlinecourses.swayam2.ac.in/ini24_lg05/preview,Japanese Text and Grammar - 1,Prof. Chandani Kumari,"Banaras Hindu University ,INI","8 Weeks
                          
                          
                              (Starts: 19-08-2024)","Enrollment Ends: 19 Aug, 2024","Exam Date: 25 Oct, 2024","Exam Registration Ends: 30 Aug, 2024"
https://onlinecourses.swayam2.ac.in/ini24_lb02/preview,Library Automation and Networking,Prof. Gireesh Kumar T. K.,"Banaras Hindu University ,INI","8 Weeks
                          
                          
                              (Starts: 19-08-2024)","Enrollment Ends: 19 Aug, 2024","Exam Date: 25 Oct, 2024","Exam Registration Ends: 30 Aug, 2024"
https://onlinecourses.swayam2.ac.in/ini24_cm03/preview,Management Concept,"Dr. Sheema Tarab, Prof. Nawab Ali Khan","Aligarh Muslim University ,INI","12 Weeks
                          
                          
                              (Starts: 22-07-2024)","Enrollment Ends: 5 Aug, 2024","Exam Date: 25 Oct, 2024","Exam Registration Ends: 16 Aug, 2024"
https://onlinecourses.swayam2.ac.in/ini24_lb01/preview,Management of Library and Information...,Prof. M. Masoom Raza,"Aligarh Muslim University ,INI","12 Weeks
                          
                          
                              (Starts: 22-07-2024)","Enrollment Ends: 5 Aug, 2024","Exam Date: 25 Oct, 2024","Exam Registration Ends: 16 Aug, 2024"
https://onlinecourses.swayam2.ac.in/ini24_as01/preview,Marathi Bhasha Parichay 1,Prof. Sandip Jotiram Bhuyekar,"Banaras Hindu University ,INI","4 Weeks
                          
                          
                              (Starts: 19-08-2024)","Enrollment Ends: 19 Aug, 2024","Exam Date: 25 Oct, 2024","Exam Registration Ends: 30 Aug, 2024"
https://onlinecourses.swayam2.ac.in/ini24_ge02/preview,Mathematical Methods-I (Economics),Prof. Abdul Azeez N.P,"Aligarh Muslim University ,INI","12 Weeks
                          
                          
                              (Starts: 22-07-2024)","Enrollment Ends: 5 Aug, 2024","Exam Date: 25 Oct, 2024","Exam Registration Ends: 16 Aug, 2024"
https://onlinecourses.swayam2.ac.in/ini24_ma01/preview,Metric Spaces,"Prof. Qamrul Hasan Ansari, Prof. Monirul Islam","Aligarh Muslim University ,INI","12 Weeks
                          
                          
                              (Starts: 22-07-2024)","Enrollment Ends: 5 Aug, 2024","Exam Date: 25 Oct, 2024","Exam Registration Ends: 16 Aug, 2024"
https://onlinecourses.swayam2.ac.in/ini24_hs03/preview,Nationalism and Constitutional Growth...,Prof. Parvez Alam,"Aligarh Muslim University ,INI","12 Weeks
                          
                          
                              (Starts: 22-07-2024)","Enrollment Ends: 5 Aug, 2024","Exam Date: 25 Oct, 2024","Exam Registration Ends: 16 Aug, 2024"
https://onlinecourses.swayam2.ac.in/ini24_cy02/preview,Organic Photochemistry,Prof. M. Muneer,"Aligarh Muslim University ,INI","8 Weeks
                          
                          
                              (Starts: 19-08-2024)","Enrollment Ends: 19 Aug, 2024","Exam Date: 25 Oct, 2024","Exam Registration Ends: 30 Aug, 2024"
https://onlinecourses.swayam2.ac.in/ini24_ph01/preview,Particle Physics,Prof. Mohammad Sajjad Athar,"Aligarh Muslim University ,INI","12 Weeks
                          
                          
                              (Starts: 22-07-2024)","Enrollment Ends: 5 Aug, 2024","Exam Date: 25 Oct, 2024","Exam Registration Ends: 16 Aug, 2024"
https://onlinecourses.swayam2.ac.in/ini24_ge07/preview,Personnel Administration,Prof. Mohd.Nafees Ahmad Ansari,"Aligarh Muslim University ,INI","12 Weeks
                          
                          
                              (Starts: 22-07-2024)","Enrollment Ends: 5 Aug, 2024","Exam Date: 25 Oct, 2024","Exam Registration Ends: 16 Aug, 2024"
https://onlinecourses.swayam2.ac.in/ini24_bt02/preview,Plant Physiology and Metabolism,"Prof. Shamsul Hayat, Prof. Qazi Fariduddin","Aligarh Muslim University ,INI","12 Weeks
                          
                          
                              (Starts: 22-07-2024)","Enrollment Ends: 5 Aug, 2024","Exam Date: 25 Oct, 2024","Exam Registration Ends: 16 Aug, 2024"
https://onlinecourses.swayam2.ac.in/ini24_cm04/preview,Principles and Practices of Managerial...,"Prof. H K Singh, Prof. Veenita Singh, Prof....","Banaras Hindu University,Varanasi ,INI","12 Weeks
                          
                          
                              (Starts: 22-07-2024)","Enrollment Ends: 5 Aug, 2024","Exam Date: 25 Oct, 2024","Exam Registration Ends: 16 Aug, 2024"
https://onlinecourses.swayam2.ac.in/ini24_bt01/preview,Principles of Landscaping & Gardening,"Prof. Gausiya Bashri, Prof. Shamsul Hayat","Aligarh Muslim University ,INI","8 Weeks
                          
                          
                              (Starts: 19-08-2024)","Enrollment Ends: 19 Aug, 2024","Exam Date: 25 Oct, 2024","Exam Registration Ends: 30 Aug, 2024"
https://onlinecourses.swayam2.ac.in/ini24_mg01/preview,Principles of Management,Prof. Vishal Kumar Laheri,"Banaras Hindu University ,INI","12 Weeks
                          
                          
                              (Starts: 22-07-2024)","Enrollment Ends: 5 Aug, 2024","Exam Date: 25 Oct, 2024","Exam Registration Ends: 16 Aug, 2024"
https://onlinecourses.swayam2.ac.in/ini24_ph03/preview,Radiation Physics,"Prof. Abhijit Mandal, Dr. Ganeshkumar Patel","Banaras Hindu University ,INI","8 Weeks
                          
                          
                              (Starts: 19-08-2024)","Enrollment Ends: 19 Aug, 2024","Exam Date: 25 Oct, 2024","Exam Registration Ends: 30 Aug, 2024"
https://onlinecourses.swayam2.ac.in/ini24_hc01/preview,Sociology of Health,Prof. Mohammad Akram,"Aligarh Muslim University ,INI","12 Weeks
                          
                          
                              (Starts: 22-07-2024)","Enrollment Ends: 5 Aug, 2024","Exam Date: 25 Oct, 2024","Exam Registration Ends: 16 Aug, 2024"
https://onlinecourses.swayam2.ac.in/ini24_ge03/preview,Spatial Information Science,"Prof. Shahab Fazal, Dr. Saleha Jamal","Aligarh Muslim University ,INI","12 Weeks
                          
                          
                              (Starts: 22-07-2024)","Enrollment Ends: 5 Aug, 2024","Exam Date: 25 Oct, 2024","Exam Registration Ends: 16 Aug, 2024"
https://onlinecourses.swayam2.ac.in/ini24_lg01/preview,Studies in Theatre,Prof. Vibha Sharma,"Aligarh Muslim University ,INI","12 Weeks
                          
                          
                              (Starts: 22-07-2024)","Enrollment Ends: 5 Aug, 2024","Exam Date: 25 Oct, 2024","Exam Registration Ends: 16 Aug, 2024"
https://onlinecourses.swayam2.ac.in/ini24_lg03/preview,Tafseer wa UsooI-e-Tafseer,Prof. Towqueer Alam,"Aligarh Muslim University ,INI","12 Weeks
                          
                          
                              (Starts: 22-07-2024)","Enrollment Ends: 5 Aug, 2024","Exam Date: 25 Oct, 2024","Exam Registration Ends: 16 Aug, 2024"
https://onlinecourses.swayam2.ac.in/ini24_ge08/preview,TalkTime German: A Beginner's Guide to...,"Dr. Jyoti Sharma, Ms. Charu Waliyan (Teaching...","Banaras Hindu University ,INI","12 Weeks
                          
                          
                              (Starts: 22-07-2024)","Enrollment Ends: 5 Aug, 2024","Exam Date: 25 Oct, 2024","Exam Registration Ends: 16 Aug, 2024"
https://onlinecourses.swayam2.ac.in/ini24_bt04/preview,Toxicology,Prof. Jitendra Kumar,"Aligarh Muslim University ,INI","12 Weeks
                          
                          
                              (Starts: 22-07-2024)","Enrollment Ends: 5 Aug, 2024","Exam Date: 25 Oct, 2024","Exam Registration Ends: 16 Aug, 2024"
https://onlinecourses.swayam2.ac.in/ini24_lw01/preview,Transnational Competition Law,Prof. Md. Zafar Mahfooz Nomani,"Aligarh Muslim University ,INI","12 Weeks
                          
                          
                              (Starts: 22-07-2024)","Enrollment Ends: 5 Aug, 2024","Exam Date: 25 Oct, 2024","Exam Registration Ends: 16 Aug, 2024"
https://onlinecourses.swayam2.ac.in/ini24_hs07/preview,Tribal Entrepreneurship & Economics,"Prof. Ashish Kant Chaudhari, Prof. Vikas Kumar...","Banaras Hindu University ,INI","12 Weeks
                          
                          
                              (Starts: 22-07-2024)","Enrollment Ends: 5 Aug, 2024","Exam Date: 25 Oct, 2024","Exam Registration Ends: 16 Aug, 2024"
https://onlinecourses.swayam2.ac.in/ini24_hs02/preview,UN & The World Peace,"Prof. Iqbalur Rehman, Prof. Mohd Amin Mir","Aligarh Muslim University ,INI","12 Weeks
                          
                          
                              (Starts: 22-07-2024)","Enrollment Ends: 5 Aug, 2024","Exam Date: 25 Oct, 2024","Exam Registration Ends: 16 Aug, 2024"
https://onlinecourses.swayam2.ac.in/ini24_hs01/preview,Understanding Human Rights,Prof. Mohammad Mohibul Haque,"Aligarh Muslim University ,INI","12 Weeks
                          
                          
                              (Starts: 22-07-2024)","Enrollment Ends: 5 Aug, 2024","Exam Date: 25 Oct, 2024","Exam Registration Ends: 16 Aug, 2024"
https://onlinecourses.swayam2.ac.in/ini24_hs04/preview,Understanding Politics,Prof. Iftekhar Ahmad Ansari,"Aligarh Muslim University ,INI","12 Weeks
                          
                          
                              (Starts: 22-07-2024)","Enrollment Ends: 5 Aug, 2024","Exam Date: 25 Oct, 2024","Exam Registration Ends: 16 Aug, 2024"
https://onlinecourses.swayam2.ac.in/ini24_lg04/preview,Urdu Marsiya,Prof. Syed Sirajuddin Ajmali,"Aligarh Muslim University ,INI","12 Weeks
                          
                          
                              (Starts: 22-07-2024)","Enrollment Ends: 5 Aug, 2024","Exam Date: 25 Oct, 2024","Exam Registration Ends: 16 Aug, 2024"
https://onlinecourses.swayam2.ac.in/nou24_ge37/preview,Introduction to Virtual Reality,Ramesh C Sharma,"Dr B R Ambedkar University Delhi, New Delhi ,IGNOU","12 Weeks
                          
                          
                              (Starts: 01-01-2024)","Enrollment Ends: 29 Feb, 2024","Exam Date: 26 May, 2024",NA
https://onlinecourses.swayam2.ac.in/nou24_lg02/preview,ORUL-002- Basics of...,Mr. Shivaji Bhaskar,"Indira Gandhi National Open University, New Delhi ,IGNOU","12 Weeks
                          
                          
                              (Starts: 01-01-2024)","Enrollment Ends: 29 Feb, 2024","Exam Date: 26 May, 2024",NA
https://onlinecourses.swayam2.ac.in/nou24_ge30/preview,Skill Development of the youths and...,Dr. Ritimoni Bordoloi,"Krishna Kanta Handiqui State Open University, Assam ,IGNOU","12 Weeks
                          
                          
                              (Starts: 01-01-2024)","Enrollment Ends: 29 Feb, 2024","Exam Date: 26 May, 2024",NA
https://onlinecourses.swayam2.ac.in/cec24_hs10/preview,Social Formations and Cultural Patterns...,Dr. Shilleima Chanu Naoroibam,"Assistant Professor, Department of History, G.P... ,CEC","15 Weeks
                          
                          
                              (Starts: 15-01-2024)","Enrollment Ends: 29 Feb, 2024","Exam Date: 26 May, 2024",NA
https://onlinecourses.nptel.ac.in/noc24_ag10/preview,Advanced Aquaculture Technology,Prof. Gourav Dhar Bhowmick,IIT Kharagpur,"12 Weeks
                          
                          
                              (Starts: 22-07-2024)","Enrollment Ends: 5 Aug, 2024","Exam Date: 26 Oct, 2024","Exam Registration Ends: 16 Aug, 2024"
https://onlinecourses.nptel.ac.in/noc24_ce67/preview,Advanced Geomatics Engineering,Prof. Pradeep Kumar Garg,IIT Roorkee,"12 Weeks
                          
                          
                              (Starts: 22-07-2024)","Enrollment Ends: 5 Aug, 2024","Exam Date: 26 Oct, 2024","Exam Registration Ends: 16 Aug, 2024"
https://onlinecourses.nptel.ac.in/noc24_ch66/preview,Advanced Reaction Engineering,Prof. Taraknath Das,IIT Roorkee,"12 Weeks
                          
                          
                              (Starts: 22-07-2024)","Enrollment Ends: 5 Aug, 2024","Exam Date: 26 Oct, 2024","Exam Registration Ends: 16 Aug, 2024"
https://onlinecourses.nptel.ac.in/noc24_ae19/preview,Aeroengine Gas Turbine Cycles,Prof. Chetankumar Sureshbhai Mistry,IIT Kharagpur,"12 Weeks
                          
                          
                              (Starts: 22-07-2024)","Enrollment Ends: 5 Aug, 2024","Exam Date: 26 Oct, 2024","Exam Registration Ends: 16 Aug, 2024"
https://onlinecourses.nptel.ac.in/noc24_me96/preview,Aircraft Propulsion,Prof. Vinayak N. Kulkarni,IIT Guwahati,"12 Weeks
                          
                          
                              (Starts: 22-07-2024)","Enrollment Ends: 5 Aug, 2024","Exam Date: 26 Oct, 2024","Exam Registration Ends: 16 Aug, 2024"
https://onlinecourses.nptel.ac.in/noc24_ae17/preview,Aircraft Stability and Control,Prof. A.K. Ghosh,IIT Kanpur,"12 Weeks
                          
                          
                              (Starts: 22-07-2024)","Enrollment Ends: 5 Aug, 2024","Exam Date: 26 Oct, 2024","Exam Registration Ends: 16 Aug, 2024"
https://onlinecourses.nptel.ac.in/noc24_hs170/preview,An Introduction to Indian Literary...,Prof. Sreenath V.S,IISER Bhopal,"8 Weeks
                          
                          
                              (Starts: 19-08-2024)","Enrollment Ends: 19 Aug, 2024","Exam Date: 26 Oct, 2024","Exam Registration Ends: 30 Aug, 2024"
https://onlinecourses.nptel.ac.in/noc24_bt56/preview,Animal Physiology,Prof. Mainak Das,IIT Kanpur,"12 Weeks
                          
                          
                              (Starts: 22-07-2024)","Enrollment Ends: 5 Aug, 2024","Exam Date: 26 Oct, 2024","Exam Registration Ends: 16 Aug, 2024"
https://onlinecourses.nptel.ac.in/noc24_cs97/preview,Approximation Algorithm,Prof. Palash Dey,IIT Kharagpur,"12 Weeks
                          
                          
                              (Starts: 22-07-2024)","Enrollment Ends: 5 Aug, 2024","Exam Date: 26 Oct, 2024","Exam Registration Ends: 16 Aug, 2024"
https://onlinecourses.nptel.ac.in/noc24_cs88/preview,Artificial Intelligence : Search...,Prof. Deepak Khemani,IIT Madras,"12 Weeks
                          
                          
                              (Starts: 22-07-2024)","Enrollment Ends: 5 Aug, 2024","Exam Date: 26 Oct, 2024","Exam Registration Ends: 16 Aug, 2024"
https://onlinecourses.nptel.ac.in/noc24_ch78/preview,Artificial Lift,Prof. Abdus Samad,IIT Madras,"12 Weeks
                          
                          
                              (Starts: 22-07-2024)","Enrollment Ends: 5 Aug, 2024","Exam Date: 26 Oct, 2024","Exam Registration Ends: 16 Aug, 2024"
https://onlinecourses.nptel.ac.in/noc24_ee112/preview,Basic Electrical Circuits,Prof. Gajendranath Chowdary,IIT Hyderabad,"12 Weeks
                          
                          
                              (Starts: 22-07-2024)","Enrollment Ends: 5 Aug, 2024","Exam Date: 26 Oct, 2024","Exam Registration Ends: 16 Aug, 2024"
https://onlinecourses.nptel.ac.in/noc24_ch53/preview,Basic Environmental Engineering and...,Prof. P. Mondal,IIT Roorkee,"12 Weeks
                          
                          
                              (Starts: 22-07-2024)","Enrollment Ends: 5 Aug, 2024","Exam Date: 26 Oct, 2024","Exam Registration Ends: 16 Aug, 2024"
https://onlinecourses.nptel.ac.in/noc24_cs130/preview,Big Data Computing,Prof. Rajiv Misra,IIT Patna,"8 Weeks
                          
                          
                              (Starts: 19-08-2024)","Enrollment Ends: 19 Aug, 2024","Exam Date: 26 Oct, 2024","Exam Registration Ends: 30 Aug, 2024"
https://onlinecourses.nptel.ac.in/noc24_ge45/preview,Biomedical Ultrasound: Fundamentals of...,"Prof. Karla P. Mercado-Shekhar, Prof. Himanshu...","IIT Gandhinagar, IISc Bangalore","12 Weeks
                          
                          
                              (Starts: 22-07-2024)","Enrollment Ends: 5 Aug, 2024","Exam Date: 26 Oct, 2024","Exam Registration Ends: 16 Aug, 2024"
https://onlinecourses.nptel.ac.in/noc24_bt72/preview,Biomedical nanotechnology,Prof. P. Gopinath,IIT Roorkee,"4 Weeks
                          
                          
                              (Starts: 19-08-2024)","Enrollment Ends: 19 Aug, 2024","Exam Date: 26 Oct, 2024","Exam Registration Ends: 30 Aug, 2024"
https://onlinecourses.nptel.ac.in/noc24_hs162/preview,Body Language: Key to Professional...,Prof. Rashmi Gaur,IIT Roorkee,"4 Weeks
                          
                          
                              (Starts: 19-08-2024)","Enrollment Ends: 19 Aug, 2024","Exam Date: 26 Oct, 2024","Exam Registration Ends: 30 Aug, 2024"
https://onlinecourses.nptel.ac.in/noc24_ce79/preview,Bridge Engineering,Prof. Piyali Sengupta,IIT (ISM) Dhanbad,"12 Weeks
                          
                          
                              (Starts: 22-07-2024)","Enrollment Ends: 5 Aug, 2024","Exam Date: 26 Oct, 2024","Exam Registration Ends: 16 Aug, 2024"
https://onlinecourses.nptel.ac.in/noc24_mg91/preview,Business to Business Marketing (B2B),Prof. J. K. Nayak,IIT Roorkee,"12 Weeks
                          
                          
                              (Starts: 22-07-2024)","Enrollment Ends: 5 Aug, 2024","Exam Date: 26 Oct, 2024","Exam Registration Ends: 16 Aug, 2024"
https://onlinecourses.nptel.ac.in/noc24_cy40/preview,Chemical Crystallography,Prof. Angshuman Roy Choudhury,IISER Mohali,"12 Weeks
                          
                          
                              (Starts: 22-07-2024)","Enrollment Ends: 5 Aug, 2024","Exam Date: 26 Oct, 2024","Exam Registration Ends: 16 Aug, 2024"
https://onlinecourses.nptel.ac.in/noc24_ch51/preview,Chemical Engineering Thermodynamics,Prof. Jayant K. Singh,IIT Kanpur,"12 Weeks
                          
                          
                              (Starts: 22-07-2024)","Enrollment Ends: 5 Aug, 2024","Exam Date: 26 Oct, 2024","Exam Registration Ends: 16 Aug, 2024"
https://onlinecourses.nptel.ac.in/noc24_ch58/preview,Chemical Process Intensification,Prof. Subrata Kumar Majumder,IIT Guwahati,"12 Weeks
                          
                          
                              (Starts: 22-07-2024)","Enrollment Ends: 5 Aug, 2024","Exam Date: 26 Oct, 2024","Exam Registration Ends: 16 Aug, 2024"
https://onlinecourses.nptel.ac.in/noc24_ee96/preview,Cognition and its Computation,"Prof. Sharba Bandyopadhyay, Prof. Rajlakshmi Guha",IIT Kharagpur,"12 Weeks
                          
                          
                              (Starts: 22-07-2024)","Enrollment Ends: 5 Aug, 2024","Exam Date: 26 Oct, 2024","Exam Registration Ends: 16 Aug, 2024"
https://onlinecourses.nptel.ac.in/noc24_ma60/preview,Complex Analysis,Prof. Pranav Haridas,Kerala School of Mathematics,"12 Weeks
                          
                          
                              (Starts: 22-07-2024)","Enrollment Ends: 5 Aug, 2024","Exam Date: 26 Oct, 2024","Exam Registration Ends: 16 Aug, 2024"
https://onlinecourses.nptel.ac.in/noc24_cs87/preview,Computational Arithmetic - Geometry for...,Prof. Nitin Saxena,IIT Kanpur,"12 Weeks
                          
                          
                              (Starts: 22-07-2024)","Enrollment Ends: 5 Aug, 2024","Exam Date: 26 Oct, 2024","Exam Registration Ends: 16 Aug, 2024"
https://onlinecourses.nptel.ac.in/noc24_cs83/preview,Computer Architecture,Prof. Smruti Ranjan Sarangi,IIT Delhi,"12 Weeks
                          
                          
                              (Starts: 22-07-2024)","Enrollment Ends: 5 Aug, 2024","Exam Date: 26 Oct, 2024","Exam Registration Ends: 16 Aug, 2024"
https://onlinecourses.nptel.ac.in/noc24_bt58/preview,Conservation Geography,Prof. Ankur Awadhiya,IIT Kanpur,"12 Weeks
                          
                          
                              (Starts: 22-07-2024)","Enrollment Ends: 5 Aug, 2024","Exam Date: 26 Oct, 2024","Exam Registration Ends: 16 Aug, 2024"
https://onlinecourses.nptel.ac.in/noc24_ag15/preview,Dairy and Food Process and Products...,Prof. Tridib Kumar Goswami,IIT Kharagpur,"12 Weeks
                          
                          
                              (Starts: 22-07-2024)","Enrollment Ends: 5 Aug, 2024","Exam Date: 26 Oct, 2024","Exam Registration Ends: 16 Aug, 2024"
https://onlinecourses.nptel.ac.in/noc24_cs96/preview,Data Structure and Algorithms using...,Prof. Debasis Samanta,IIT Kharagpur,"12 Weeks
                          
                          
                              (Starts: 22-07-2024)","Enrollment Ends: 5 Aug, 2024","Exam Date: 26 Oct, 2024","Exam Registration Ends: 16 Aug, 2024"
https://onlinecourses.nptel.ac.in/noc24_mg90/preview,Decision Making with Spreadsheet,Prof. Ramesh Anbanandam,IIT Roorkee,"12 Weeks
                          
                          
                              (Starts: 22-07-2024)","Enrollment Ends: 5 Aug, 2024","Exam Date: 26 Oct, 2024","Exam Registration Ends: 16 Aug, 2024"
https://onlinecourses.nptel.ac.in/noc24_cs89/preview,Deep Learning for Computer Vision,Prof. Vineeth N Balasubramanian,IIT Hyderabad,"12 Weeks
                          
                          
                              (Starts: 22-07-2024)","Enrollment Ends: 5 Aug, 2024","Exam Date: 26 Oct, 2024","Exam Registration Ends: 16 Aug, 2024"
https://onlinecourses.nptel.ac.in/noc24_ce113/preview,Design Of Steel Structures,Prof. Damodar Maity,IIT Kharagpur,"12 Weeks
                          
                          
                              (Starts: 22-07-2024)","Enrollment Ends: 5 Aug, 2024","Exam Date: 26 Oct, 2024","Exam Registration Ends: 16 Aug, 2024"
https://onlinecourses.nptel.ac.in/noc24_ge59/preview,Designing Learner-Centric E-learning in...,Prof. Sahana Murthy,IIT Bombay,"4 Weeks
                          
                          
                              (Starts: 19-08-2024)","Enrollment Ends: 19 Aug, 2024","Exam Date: 26 Oct, 2024","Exam Registration Ends: 30 Aug, 2024"
https://onlinecourses.nptel.ac.in/noc24_cs92/preview,Discrete Mathematics - IIT Ropar,"Prof. Sudarshan Iyengar, Prof. Anil Shukla",IIT Ropar,"12 Weeks
                          
                          
                              (Starts: 22-07-2024)","Enrollment Ends: 5 Aug, 2024","Exam Date: 26 Oct, 2024","Exam Registration Ends: 16 Aug, 2024"
https://onlinecourses.nptel.ac.in/noc24_cs86/preview,Distributed Optimization and Machine...,Prof. Mayank Baranwal,IIT Bombay,"12 Weeks
                          
                          
                              (Starts: 22-07-2024)","Enrollment Ends: 5 Aug, 2024","Exam Date: 26 Oct, 2024","Exam Registration Ends: 16 Aug, 2024"
https://onlinecourses.nptel.ac.in/noc24_me102/preview,Dynamic Behaviour of Materials,Prof. Prasenjit Khanikar,IIT Guwahati,"12 Weeks
                          
                          
                              (Starts: 22-07-2024)","Enrollment Ends: 5 Aug, 2024","Exam Date: 26 Oct, 2024","Exam Registration Ends: 16 Aug, 2024"
https://onlinecourses.nptel.ac.in/noc24_ce74/preview,Dynamics of Structures,Prof. Manish Kumar,IIT Bombay,"12 Weeks
                          
                          
                              (Starts: 22-07-2024)","Enrollment Ends: 5 Aug, 2024","Exam Date: 26 Oct, 2024","Exam Registration Ends: 16 Aug, 2024"
https://onlinecourses.nptel.ac.in/noc24_mg92/preview,E-Business,Prof. Mamata Jenamani,IIT Kharagpur,"12 Weeks
                          
                          
                              (Starts: 22-07-2024)","Enrollment Ends: 5 Aug, 2024","Exam Date: 26 Oct, 2024","Exam Registration Ends: 16 Aug, 2024"
https://onlinecourses.nptel.ac.in/noc24_ce111/preview,Earth Sciences For Civil Engineering...,Prof. Javed N. Malik,IIT Kanpur,"8 Weeks
                          
                          
                              (Starts: 19-08-2024)","Enrollment Ends: 19 Aug, 2024","Exam Date: 26 Oct, 2024","Exam Registration Ends: 30 Aug, 2024"
https://onlinecourses.nptel.ac.in/noc24_ce75/preview,Earthquake Geotechnical Engineering,Prof. B. K. Maheshwari,IIT Roorkee,"12 Weeks
                          
                          
                              (Starts: 22-07-2024)","Enrollment Ends: 5 Aug, 2024","Exam Date: 26 Oct, 2024","Exam Registration Ends: 16 Aug, 2024"
https://onlinecourses.nptel.ac.in/noc24_mg122/preview,Economics of Health and Health Care,Prof. Angan Sengupta,IIT Kanpur,"8 Weeks
                          
                          
                              (Starts: 19-08-2024)","Enrollment Ends: 19 Aug, 2024","Exam Date: 26 Oct, 2024","Exam Registration Ends: 30 Aug, 2024"
https://onlinecourses.nptel.ac.in/noc24_ee105/preview,Electrical Distribution System Analysis,"Prof. N. P. Padhy, Late. Prof. G. B. Kumbhar",IIT Roorkee,"12 Weeks
                          
                          
                              (Starts: 22-07-2024)","Enrollment Ends: 5 Aug, 2024","Exam Date: 26 Oct, 2024","Exam Registration Ends: 16 Aug, 2024"
https://onlinecourses.nptel.ac.in/noc24_ee103/preview,Electrical Machines - I,Prof. Tapas Kumar Bhattacharya,IIT Kharagpur,"12 Weeks
                          
                          
                              (Starts: 22-07-2024)","Enrollment Ends: 5 Aug, 2024","Exam Date: 26 Oct, 2024","Exam Registration Ends: 16 Aug, 2024"
https://onlinecourses.nptel.ac.in/noc24_ae16/preview,Elements of Mechanical Vibration,Prof. Ashish K Darpe,IIT Delhi,"12 Weeks
                          
                          
                              (Starts: 22-07-2024)","Enrollment Ends: 5 Aug, 2024","Exam Date: 26 Oct, 2024","Exam Registration Ends: 16 Aug, 2024"
https://onlinecourses.nptel.ac.in/noc24_ch61/preview,Enhanced Oil Recovery Techniques,Prof. Ajay Mandal,IIT Dhanbad,"12 Weeks
                          
                          
                              (Starts: 22-07-2024)","Enrollment Ends: 5 Aug, 2024","Exam Date: 26 Oct, 2024","Exam Registration Ends: 16 Aug, 2024"
https://onlinecourses.nptel.ac.in/noc24_ce72/preview,Environmental Geomechanics,Prof. D. N. Singh,IIT Bombay,"12 Weeks
                          
                          
                              (Starts: 22-07-2024)","Enrollment Ends: 5 Aug, 2024","Exam Date: 26 Oct, 2024","Exam Registration Ends: 16 Aug, 2024"
https://onlinecourses.nptel.ac.in/noc24_ma59/preview,Essentials Of Topology,Prof. S.P. Tiwari,IIT(ISM) Dhanbad,"12 Weeks
                          
                          
                              (Starts: 22-07-2024)","Enrollment Ends: 5 Aug, 2024","Exam Date: 26 Oct, 2024","Exam Registration Ends: 16 Aug, 2024"
https://onlinecourses.nptel.ac.in/noc24_cs94/preview,Ethical Hacking,Prof. Indranil Sengupta,IIT Kharagpur,"12 Weeks
                          
                          
                              (Starts: 22-07-2024)","Enrollment Ends: 5 Aug, 2024","Exam Date: 26 Oct, 2024","Exam Registration Ends: 16 Aug, 2024"
https://onlinecourses.nptel.ac.in/noc24_hs119/preview,Feminist Writings,Prof. Avishek Parui,IIT Madras,"12 Weeks
                          
                          
                              (Starts: 22-07-2024)","Enrollment Ends: 5 Aug, 2024","Exam Date: 26 Oct, 2024","Exam Registration Ends: 16 Aug, 2024"
https://onlinecourses.nptel.ac.in/noc24_ce78/preview,Fluid Mechanics,Prof. Subashisa Dutta,IIT Guwahati,"12 Weeks
                          
                          
                              (Starts: 22-07-2024)","Enrollment Ends: 5 Aug, 2024","Exam Date: 26 Oct, 2024","Exam Registration Ends: 16 Aug, 2024"
https://onlinecourses.nptel.ac.in/noc24_ch57/preview,Fluidization Engineering,Prof. Subrata Kumar Majumder,IIT Guwahati,"12 Weeks
                          
                          
                              (Starts: 22-07-2024)","Enrollment Ends: 5 Aug, 2024","Exam Date: 26 Oct, 2024","Exam Registration Ends: 16 Aug, 2024"
https://onlinecourses.nptel.ac.in/noc24_ag09/preview,Food Oils and Fats : Chemistry and...,Prof. Hari. Niwas Mishra,IIT Kharagpur,"12 Weeks
                          
                          
                              (Starts: 22-07-2024)","Enrollment Ends: 5 Aug, 2024","Exam Date: 26 Oct, 2024","Exam Registration Ends: 16 Aug, 2024"
https://onlinecourses.nptel.ac.in/noc24_ge47/preview,Fundamentals of Artificial intelligence,Prof. Shyamanta M. Hazarika,IIT Guwahati,"12 Weeks
                          
                          
                              (Starts: 22-07-2024)","Enrollment Ends: 5 Aug, 2024","Exam Date: 26 Oct, 2024","Exam Registration Ends: 16 Aug, 2024"
https://onlinecourses.nptel.ac.in/noc24_bt51/preview,Fundamentals of Micro and...,"Prof. Shankar Selvaraja, Prof. Sushobhan avasthi",IISc Bangalore,"12 Weeks
                          
                          
                              (Starts: 22-07-2024)","Enrollment Ends: 5 Aug, 2024","Exam Date: 26 Oct, 2024","Exam Registration Ends: 16 Aug, 2024"
https://onlinecourses.nptel.ac.in/noc24_bt57/preview,Genetic Engineering: Theory and...,Prof. Vishal Trivedi,IIT Guwahati,"12 Weeks
                          
                          
                              (Starts: 22-07-2024)","Enrollment Ends: 5 Aug, 2024","Exam Date: 26 Oct, 2024","Exam Registration Ends: 16 Aug, 2024"
https://onlinecourses.nptel.ac.in/noc24_ce82/preview,Geoengineering,Prof. R. K. Dubey,IIT(ISM) Dhanbad,"12 Weeks
                          
                          
                              (Starts: 22-07-2024)","Enrollment Ends: 5 Aug, 2024","Exam Date: 26 Oct, 2024","Exam Registration Ends: 16 Aug, 2024"
https://onlinecourses.nptel.ac.in/noc24_ce68/preview,Geometric Design of Highways,Prof. Rajat Rastogi,IIT Roorkee,"12 Weeks
                          
                          
                              (Starts: 22-07-2024)","Enrollment Ends: 5 Aug, 2024","Exam Date: 26 Oct, 2024","Exam Registration Ends: 16 Aug, 2024"
https://onlinecourses.nptel.ac.in/noc24_ce63/preview,Geosynthetics and Reinforced Soil...,Prof. K.Rajagopal,Andhra University,"12 Weeks
                          
                          
                              (Starts: 22-07-2024)","Enrollment Ends: 5 Aug, 2024","Exam Date: 26 Oct, 2024","Exam Registration Ends: 16 Aug, 2024"
https://onlinecourses.nptel.ac.in/noc24_ce64/preview,Geotechnical Earthquake Engineering,Prof. Kousik Deb,IIT Kharagpur,"12 Weeks
                          
                          
                              (Starts: 22-07-2024)","Enrollment Ends: 5 Aug, 2024","Exam Date: 26 Oct, 2024","Exam Registration Ends: 16 Aug, 2024"
https://onlinecourses.nptel.ac.in/noc24_ce83/preview,Groundwater Engineering,Prof. Arun K. Saraf,IIT Roorkee,"12 Weeks
                          
                          
                              (Starts: 22-07-2024)","Enrollment Ends: 5 Aug, 2024","Exam Date: 26 Oct, 2024","Exam Registration Ends: 16 Aug, 2024"
https://onlinecourses.nptel.ac.in/noc24_ar22/preview,International Studies in Vernacular...,"Prof. Ram Sateesh Pasupuleti, Prof.  Yenny...","IIT Roorkee, CAREDs","4 Weeks
                          
                          
                              (Starts: 19-08-2024)","Enrollment Ends: 19 Aug, 2024","Exam Date: 26 Oct, 2024","Exam Registration Ends: 30 Aug, 2024"
https://onlinecourses.nptel.ac.in/noc24_ee149/preview,Introduction to Adaptive Signal...,Prof. Mrityunjoy Chakraborty,IIT Kharagpur,"8 Weeks
                          
                          
                              (Starts: 19-08-2024)","Enrollment Ends: 19 Aug, 2024","Exam Date: 26 Oct, 2024","Exam Registration Ends: 30 Aug, 2024"
https://onlinecourses.nptel.ac.in/noc24_bt75/preview,Introduction to Cell Biology,"Prof. Nagaraj Balasubramanian, Prof. Girish...",IISER Pune,"8 Weeks
                          
                          
                              (Starts: 19-08-2024)","Enrollment Ends: 19 Aug, 2024","Exam Date: 26 Oct, 2024","Exam Registration Ends: 30 Aug, 2024"
https://onlinecourses.nptel.ac.in/noc24_ce70/preview,Introduction to Engineering Seismology,Prof. Anbazhagan P,IISc Bangalore,"12 Weeks
                          
                          
                              (Starts: 22-07-2024)","Enrollment Ends: 5 Aug, 2024","Exam Date: 26 Oct, 2024","Exam Registration Ends: 16 Aug, 2024"
https://onlinecourses.nptel.ac.in/noc24_hs105/preview,Introduction to Exercise Physiology &...,"Prof. Col (Dr) Anup Krishnan (Retd), Prof. Wg Cdr...","School of Sports, Exercise & Nutrition Sciences,...","8 Weeks
                          
                          
                              (Starts: 19-08-2024)","Enrollment Ends: 19 Aug, 2024","Exam Date: 26 Oct, 2024","Exam Registration Ends: 30 Aug, 2024"
https://onlinecourses.nptel.ac.in/noc24_cs95/preview,Introduction to Industry 4.0 and...,Prof. Sudip Misra,IIT Kharagpur,"12 Weeks
                          
                          
                              (Starts: 22-07-2024)","Enrollment Ends: 5 Aug, 2024","Exam Date: 26 Oct, 2024","Exam Registration Ends: 16 Aug, 2024"
https://onlinecourses.nptel.ac.in/noc24_ar23/preview,Introduction to Interaction Design,Prof. Sonal Atreya,IIT Roorkee,"4 Weeks
                          
                          
                              (Starts: 19-08-2024)","Enrollment Ends: 19 Aug, 2024","Exam Date: 26 Oct, 2024","Exam Registration Ends: 30 Aug, 2024"
https://onlinecourses.nptel.ac.in/noc24_ce80/preview,Introduction to Multimodal Urban...,Prof. Arkopal Kishore Goswami,IIT Kharagpur,"12 Weeks
                          
                          
                              (Starts: 22-07-2024)","Enrollment Ends: 5 Aug, 2024","Exam Date: 26 Oct, 2024","Exam Registration Ends: 16 Aug, 2024"
https://onlinecourses.nptel.ac.in/noc24_ma97/preview,Introduction to Probability Theory and...,Prof. S Dharmaraja,IIT Delhi,"12 Weeks
                          
                          
                              (Starts: 22-07-2024)","Enrollment Ends: 5 Aug, 2024","Exam Date: 26 Oct, 2024","Exam Registration Ends: 16 Aug, 2024"
https://onlinecourses.nptel.ac.in/noc24_bt52/preview,Introduction to Proteogenomics,Prof. Sanjeeva Srivastava,IIT Bombay,"12 Weeks
                          
                          
                              (Starts: 22-07-2024)","Enrollment Ends: 5 Aug, 2024","Exam Date: 26 Oct, 2024","Exam Registration Ends: 16 Aug, 2024"
https://onlinecourses.nptel.ac.in/noc24_ee99/preview,Introduction to Semiconductor Devices,Prof. Naresh Kumar Emani,IIT Hyderabad,"12 Weeks
                          
                          
                              (Starts: 22-07-2024)","Enrollment Ends: 5 Aug, 2024","Exam Date: 26 Oct, 2024","Exam Registration Ends: 16 Aug, 2024"
https://onlinecourses.nptel.ac.in/noc24_ce108/preview,Introductory Field Structural Geology,Prof. Santanu Misra,IIT Kanpur,"4 Weeks
                          
                          
                              (Starts: 19-08-2024)","Enrollment Ends: 19 Aug, 2024","Exam Date: 26 Oct, 2024","Exam Registration Ends: 30 Aug, 2024"
https://onlinecourses.nptel.ac.in/noc24_cy60/preview,Introductory Organic Chemistry II,"Prof. Harinath Chakrapani, Prof. Neeraja...",IISER Pune,"8 Weeks
                          
                          
                              (Starts: 19-08-2024)","Enrollment Ends: 19 Aug, 2024","Exam Date: 26 Oct, 2024","Exam Registration Ends: 30 Aug, 2024"
https://onlinecourses.nptel.ac.in/noc24_cs111/preview,Linear Algebra Through Geometry,"Prof. M Krishna Kumar, Prof. Ashok Rao, Prof....","IISc Bangalore, NITK Surathkal","12 Weeks
                          
                          
                              (Starts: 22-07-2024)","Enrollment Ends: 5 Aug, 2024","Exam Date: 26 Oct, 2024","Exam Registration Ends: 16 Aug, 2024"
https://onlinecourses.nptel.ac.in/noc24_hs128/preview,Logistics & Supply Chain Management,Prof. Vikas Thakur,IIT Kharagpur,"12 Weeks
                          
                          
                              (Starts: 22-07-2024)","Enrollment Ends: 5 Aug, 2024","Exam Date: 26 Oct, 2024","Exam Registration Ends: 16 Aug, 2024"
https://onlinecourses.nptel.ac.in/noc24_ee98/preview,Mathematical Aspects of Biomedical...,Prof. Chandramani Singh,IISc Bangalore,"12 Weeks
                          
                          
                              (Starts: 22-07-2024)","Enrollment Ends: 5 Aug, 2024","Exam Date: 26 Oct, 2024","Exam Registration Ends: 16 Aug, 2024"
https://onlinecourses.nptel.ac.in/noc24_me95/preview,Mathematical Modeling of Manufacturing...,Prof. Swarup Bag,IIT Guwahati,"12 Weeks
                          
                          
                              (Starts: 22-07-2024)","Enrollment Ends: 5 Aug, 2024","Exam Date: 26 Oct, 2024","Exam Registration Ends: 16 Aug, 2024"
https://onlinecourses.nptel.ac.in/noc24_ch52/preview,Matlab-Based Programming Lab in...,Prof. Parag A. Deshpande,IIT Kharagpur,"12 Weeks
                          
                          
                              (Starts: 22-07-2024)","Enrollment Ends: 5 Aug, 2024","Exam Date: 26 Oct, 2024","Exam Registration Ends: 16 Aug, 2024"
https://onlinecourses.nptel.ac.in/noc24_bt53/preview,Medical Image Analysis,Prof. Ganapathy krishnamurthi,IIT Madras,"12 Weeks
                          
                          
                              (Starts: 22-07-2024)","Enrollment Ends: 5 Aug, 2024","Exam Date: 26 Oct, 2024","Exam Registration Ends: 16 Aug, 2024"
https://onlinecourses.nptel.ac.in/noc24_ag13/preview,Micro Irrigation Engineering,Prof. Kamlesh Narayan Tiwari,IIT Kharagpur,"12 Weeks
                          
                          
                              (Starts: 22-07-2024)","Enrollment Ends: 5 Aug, 2024","Exam Date: 26 Oct, 2024","Exam Registration Ends: 16 Aug, 2024"
https://onlinecourses.nptel.ac.in/noc24_ar24/preview,Modern Indian Architecture,Prof. P.S. Chani,IIT Roorkee,"8 Weeks
                          
                          
                              (Starts: 19-08-2024)","Enrollment Ends: 19 Aug, 2024","Exam Date: 26 Oct, 2024","Exam Registration Ends: 30 Aug, 2024"
https://onlinecourses.nptel.ac.in/noc24_cy46/preview,Molecular Rearrangements and Reactive...,Prof. Santanu Panda,IIT Kharagpur,"12 Weeks
                          
                          
                              (Starts: 22-07-2024)","Enrollment Ends: 5 Aug, 2024","Exam Date: 26 Oct, 2024","Exam Registration Ends: 16 Aug, 2024"
https://onlinecourses.nptel.ac.in/noc24_cs93/preview,Multi-Core Computer Architecture,Prof. John Jose,IIT Guwahati,"12 Weeks
                          
                          
                              (Starts: 22-07-2024)","Enrollment Ends: 5 Aug, 2024","Exam Date: 26 Oct, 2024","Exam Registration Ends: 16 Aug, 2024"
https://onlinecourses.nptel.ac.in/noc24_ce77/preview,Municipal Solid Waste Management,Prof. Ajay Kalamdhad,IIT Guwahati,"12 Weeks
                          
                          
                              (Starts: 22-07-2024)","Enrollment Ends: 5 Aug, 2024","Exam Date: 26 Oct, 2024","Exam Registration Ends: 16 Aug, 2024"
https://onlinecourses.nptel.ac.in/noc24_cy50/preview,NMR spectroscopy for Structural Biology,"Prof. Ashutosh Kumar, Prof. R. V Hosur",IIT Bombay,"12 Weeks
                          
                          
                              (Starts: 22-07-2024)","Enrollment Ends: 5 Aug, 2024","Exam Date: 26 Oct, 2024","Exam Registration Ends: 16 Aug, 2024"
https://onlinecourses.nptel.ac.in/noc24_ee101/preview,Nanobiophotonics: Touching Our Daily...,Prof. Basudev Lahiri,IIT Kharagpur,"12 Weeks
                          
                          
                              (Starts: 22-07-2024)","Enrollment Ends: 5 Aug, 2024","Exam Date: 26 Oct, 2024","Exam Registration Ends: 16 Aug, 2024"
https://onlinecourses.nptel.ac.in/noc24_bt73/preview,Neurobiology,Prof. Nitin Gupta,IIT Kanpur,"4 Weeks
                          
                          
                              (Starts: 19-08-2024)","Enrollment Ends: 19 Aug, 2024","Exam Date: 26 Oct, 2024","Exam Registration Ends: 30 Aug, 2024"
https://onlinecourses.nptel.ac.in/noc24_ge46/preview,Numerical Methods for Engineers,Prof. Niket Kaisare,IIT Madras,"12 Weeks
                          
                          
                              (Starts: 22-07-2024)","Enrollment Ends: 5 Aug, 2024","Exam Date: 26 Oct, 2024","Exam Registration Ends: 16 Aug, 2024"
https://onlinecourses.nptel.ac.in/noc24_ch59/preview,Organic Chemical Technology,Prof. Nanda Kishore,IIT Guwahati,"12 Weeks
                          
                          
                              (Starts: 22-07-2024)","Enrollment Ends: 5 Aug, 2024","Exam Date: 26 Oct, 2024","Exam Registration Ends: 16 Aug, 2024"
https://onlinecourses.nptel.ac.in/noc24_cy45/preview,Organic Chemistry in Biology and Drug...,Prof. Amit Basak,IIT Kharagpur,"12 Weeks
                          
                          
                              (Starts: 22-07-2024)","Enrollment Ends: 5 Aug, 2024","Exam Date: 26 Oct, 2024","Exam Registration Ends: 16 Aug, 2024"
https://onlinecourses.nptel.ac.in/noc24_mg87/preview,Organizational Behaviour,Prof. M. P. Ganesh,IIT Hyderbad,"12 Weeks
                          
                          
                              (Starts: 22-07-2024)","Enrollment Ends: 5 Aug, 2024","Exam Date: 26 Oct, 2024","Exam Registration Ends: 16 Aug, 2024"
https://onlinecourses.nptel.ac.in/noc24_cy47/preview,Overview and Integration of Cellular...,"Prof. Aritri Bir, Prof. Arindam Ghosh",IIT Kharagpur,"12 Weeks
                          
                          
                              (Starts: 22-07-2024)","Enrollment Ends: 5 Aug, 2024","Exam Date: 26 Oct, 2024","Exam Registration Ends: 16 Aug, 2024"
https://onlinecourses.nptel.ac.in/noc24_ce66/preview,Pavement Materials (Under Pavement...,Prof. Nikhil Saboo,IIT Roorkee,"12 Weeks
                          
                          
                              (Starts: 22-07-2024)","Enrollment Ends: 5 Aug, 2024","Exam Date: 26 Oct, 2024","Exam Registration Ends: 16 Aug, 2024"
https://onlinecourses.nptel.ac.in/noc24_ch77/preview,Petroleum Reservoir Engineering,Prof. Pankaj Tiwari,IIT Guwahati,"8 Weeks
                          
                          
                              (Starts: 19-08-2024)","Enrollment Ends: 19 Aug, 2024","Exam Date: 26 Oct, 2024","Exam Registration Ends: 30 Aug, 2024"
https://onlinecourses.nptel.ac.in/noc24_ee100/preview,Phase-Locked Loops,Prof. Saurabh Saxena,IIT Madras,"12 Weeks
                          
                          
                              (Starts: 22-07-2024)","Enrollment Ends: 5 Aug, 2024","Exam Date: 26 Oct, 2024","Exam Registration Ends: 16 Aug, 2024"
https://onlinecourses.nptel.ac.in/noc24_ce69/preview,Plate Tectonics,Prof. Pitambar Pati,IIT Roorkee,"12 Weeks
                          
                          
                              (Starts: 22-07-2024)","Enrollment Ends: 5 Aug, 2024","Exam Date: 26 Oct, 2024","Exam Registration Ends: 16 Aug, 2024"
https://onlinecourses.nptel.ac.in/noc24_ch55/preview,Polymer Process Engineering,Prof. Shishir Sinha,IIT Roorkee,"12 Weeks
                          
                          
                              (Starts: 22-07-2024)","Enrollment Ends: 5 Aug, 2024","Exam Date: 26 Oct, 2024","Exam Registration Ends: 16 Aug, 2024"
https://onlinecourses.nptel.ac.in/noc24_ch50/preview,"Polymers: Concepts, Properties, Uses...",Prof. Abhijit P Deshpande,IIT Madras,"12 Weeks
                          
                          
                              (Starts: 22-07-2024)","Enrollment Ends: 5 Aug, 2024","Exam Date: 26 Oct, 2024","Exam Registration Ends: 16 Aug, 2024"
https://onlinecourses.nptel.ac.in/noc24_ag11/preview,Post Harvest Operations and Processing...,Prof. Hari. Niwas Mishra,IIT Kharagpur,"12 Weeks
                          
                          
                              (Starts: 22-07-2024)","Enrollment Ends: 5 Aug, 2024","Exam Date: 26 Oct, 2024","Exam Registration Ends: 16 Aug, 2024"
https://onlinecourses.nptel.ac.in/noc24_cs85/preview,Practical Cyber Security for Cyber...,Prof. Sandeep K. Shukla,IIT Kanpur,"12 Weeks
                          
                          
                              (Starts: 22-07-2024)","Enrollment Ends: 5 Aug, 2024","Exam Date: 26 Oct, 2024","Exam Registration Ends: 16 Aug, 2024"
https://onlinecourses.nptel.ac.in/noc24_ee104/preview,Principles and Techniques of Modern...,Prof. Amitabha Bhattacharya,IIT Kharagpur,"12 Weeks
                          
                          
                              (Starts: 22-07-2024)","Enrollment Ends: 5 Aug, 2024","Exam Date: 26 Oct, 2024","Exam Registration Ends: 16 Aug, 2024"
https://onlinecourses.nptel.ac.in/noc24_cy43/preview,Principles of Organic Synthesis,Prof. T Punniyamurthy,IIT Guwahati,"12 Weeks
                          
                          
                              (Starts: 22-07-2024)","Enrollment Ends: 5 Aug, 2024","Exam Date: 26 Oct, 2024","Exam Registration Ends: 16 Aug, 2024"
https://onlinecourses.nptel.ac.in/noc24_mg89/preview,Product and Brand Management,Prof. Vinay Sharma,IIT Roorkee,"12 Weeks
                          
                          
                              (Starts: 22-07-2024)","Enrollment Ends: 5 Aug, 2024","Exam Date: 26 Oct, 2024","Exam Registration Ends: 16 Aug, 2024"
https://onlinecourses.nptel.ac.in/noc24_hs161/preview,Psychology of Everyday,"Prof. Braj Bhushan, Prof. Alok Bajpai",IIT Kanpur,"4 Weeks
                          
                          
                              (Starts: 19-08-2024)","Enrollment Ends: 19 Aug, 2024","Exam Date: 26 Oct, 2024","Exam Registration Ends: 30 Aug, 2024"
https://onlinecourses.nptel.ac.in/noc24_hs117/preview,Psychology of Learning,Prof. Atasi Mohanty,IIT Kharagpur,"12 Weeks
                          
                          
                              (Starts: 22-07-2024)","Enrollment Ends: 5 Aug, 2024","Exam Date: 26 Oct, 2024","Exam Registration Ends: 16 Aug, 2024"
https://onlinecourses.nptel.ac.in/noc24_cy48/preview,Quantum Chemistry of Atoms and...,Prof. Anindya Datta,IIT Bombay,"12 Weeks
                          
                          
                              (Starts: 22-07-2024)","Enrollment Ends: 5 Aug, 2024","Exam Date: 26 Oct, 2024","Exam Registration Ends: 16 Aug, 2024"
https://onlinecourses.nptel.ac.in/noc24_ce81/preview,Railway Engineering,Prof. Rajat Rastogi,IIT Roorkee,"12 Weeks
                          
                          
                              (Starts: 22-07-2024)","Enrollment Ends: 5 Aug, 2024","Exam Date: 26 Oct, 2024","Exam Registration Ends: 16 Aug, 2024"
https://onlinecourses.nptel.ac.in/noc24_cy44/preview,Reagents in Organic Synthesis,Prof. Subhas Chandra Pan,IIT Guwahati,"12 Weeks
                          
                          
                              (Starts: 22-07-2024)","Enrollment Ends: 5 Aug, 2024","Exam Date: 26 Oct, 2024","Exam Registration Ends: 16 Aug, 2024"
https://onlinecourses.nptel.ac.in/noc24_ce71/preview,Remote Sensing: Principles and...,Prof. Eswar Rajasekaran,IIT Bombay,"12 Weeks
                          
                          
                              (Starts: 22-07-2024)","Enrollment Ends: 5 Aug, 2024","Exam Date: 26 Oct, 2024","Exam Registration Ends: 16 Aug, 2024"
https://onlinecourses.nptel.ac.in/noc24_ae18/preview,Smart Structures,Prof. Mohammed Rabius Sunny,IIT Kharagpur,"12 Weeks
                          
                          
                              (Starts: 22-07-2024)","Enrollment Ends: 5 Aug, 2024","Exam Date: 26 Oct, 2024","Exam Registration Ends: 16 Aug, 2024"
https://onlinecourses.nptel.ac.in/noc24_cs90/preview,Social Network Analysis,Prof. Tanmoy Chakraborty,IIT Delhi,"12 Weeks
                          
                          
                              (Starts: 22-07-2024)","Enrollment Ends: 5 Aug, 2024","Exam Date: 26 Oct, 2024","Exam Registration Ends: 16 Aug, 2024"
https://onlinecourses.nptel.ac.in/noc24_cs91/preview,Software Testing,Prof. Meenakshi D'souza,IIIT Bangalore,"12 Weeks
                          
                          
                              (Starts: 22-07-2024)","Enrollment Ends: 5 Aug, 2024","Exam Date: 26 Oct, 2024","Exam Registration Ends: 16 Aug, 2024"
https://onlinecourses.nptel.ac.in/noc24_ag12/preview,Soil Fertility and Fertilizers,Prof. Somsubhra Chakraborty,IIT Kharagpur,"12 Weeks
                          
                          
                              (Starts: 22-07-2024)","Enrollment Ends: 5 Aug, 2024","Exam Date: 26 Oct, 2024","Exam Registration Ends: 16 Aug, 2024"
https://onlinecourses.nptel.ac.in/noc24_ch56/preview,Solid-Fluid Operations,Prof. Subrata Kumar Majumder,IIT Guwahati,"12 Weeks
                          
                          
                              (Starts: 22-07-2024)","Enrollment Ends: 5 Aug, 2024","Exam Date: 26 Oct, 2024","Exam Registration Ends: 16 Aug, 2024"
https://onlinecourses.nptel.ac.in/noc24_ae20/preview,Space Flight Mechanics,Prof. Manoranjan Sinha,IIT Kharagpur,"12 Weeks
                          
                          
                              (Starts: 22-07-2024)","Enrollment Ends: 5 Aug, 2024","Exam Date: 26 Oct, 2024","Exam Registration Ends: 16 Aug, 2024"
https://onlinecourses.nptel.ac.in/noc24_cy41/preview,Spectroscopic Techniques for...,Prof. Shashank Deep,IIT Delhi,"12 Weeks
                          
                          
                              (Starts: 22-07-2024)","Enrollment Ends: 5 Aug, 2024","Exam Date: 26 Oct, 2024","Exam Registration Ends: 16 Aug, 2024"
https://onlinecourses.nptel.ac.in/noc24_hs163/preview,Stress Management,Prof. Rajlakshmi Guha,IIT Kharagpur,"4 Weeks
                          
                          
                              (Starts: 19-08-2024)","Enrollment Ends: 19 Aug, 2024","Exam Date: 26 Oct, 2024","Exam Registration Ends: 30 Aug, 2024"
https://onlinecourses.nptel.ac.in/noc24_ce84/preview,Stress and Strain Issues in Structural...,Prof. Soumyajit Mukherjee,IIT Bombay,"12 Weeks
                          
                          
                              (Starts: 22-07-2024)","Enrollment Ends: 5 Aug, 2024","Exam Date: 26 Oct, 2024","Exam Registration Ends: 16 Aug, 2024"
https://onlinecourses.nptel.ac.in/noc24_ar16/preview,Sustainable Architecture,Prof. Avlokita Agrawal,IIT Roorkee,"12 Weeks
                          
                          
                              (Starts: 22-07-2024)","Enrollment Ends: 5 Aug, 2024","Exam Date: 26 Oct, 2024","Exam Registration Ends: 16 Aug, 2024"
https://onlinecourses.nptel.ac.in/noc24_ce65/preview,Sustainable Transportation Systems,Prof. Bhola Ram Gurjar,IIT Roorkee,"12 Weeks
                          
                          
                              (Starts: 22-07-2024)","Enrollment Ends: 5 Aug, 2024","Exam Date: 26 Oct, 2024","Exam Registration Ends: 16 Aug, 2024"
https://onlinecourses.nptel.ac.in/noc24_ag16/preview,Thermal Operations in Food Process...,Prof. Tridib Kumar Goswami,IIT Kharagpur,"12 Weeks
                          
                          
                              (Starts: 22-07-2024)","Enrollment Ends: 5 Aug, 2024","Exam Date: 26 Oct, 2024","Exam Registration Ends: 16 Aug, 2024"
https://onlinecourses.nptel.ac.in/noc24_ch60/preview,Thermal Processing of Foods,Prof. R. Anandalakshmi,IIT Guwahati,"12 Weeks
                          
                          
                              (Starts: 22-07-2024)","Enrollment Ends: 5 Aug, 2024","Exam Date: 26 Oct, 2024","Exam Registration Ends: 16 Aug, 2024"
https://onlinecourses.nptel.ac.in/noc24_mg88/preview,Training of Trainers,Prof. Santosh Rangnekar,IIT Roorkee,"12 Weeks
                          
                          
                              (Starts: 22-07-2024)","Enrollment Ends: 5 Aug, 2024","Exam Date: 26 Oct, 2024","Exam Registration Ends: 16 Aug, 2024"
https://onlinecourses.nptel.ac.in/noc24_cy49/preview,Transition Metal Organometallic...,Prof. P. Ghosh,IIT Bombay,"12 Weeks
                          
                          
                              (Starts: 22-07-2024)","Enrollment Ends: 5 Aug, 2024","Exam Date: 26 Oct, 2024","Exam Registration Ends: 16 Aug, 2024"
https://onlinecourses.nptel.ac.in/noc24_bt54/preview,Transport Phenomena in Biological...,Prof. G. K. Suraishkumar,IIT Madras,"12 Weeks
                          
                          
                              (Starts: 22-07-2024)","Enrollment Ends: 5 Aug, 2024","Exam Date: 26 Oct, 2024","Exam Registration Ends: 16 Aug, 2024"
https://onlinecourses.nptel.ac.in/noc24_ch49/preview,Transport Processes I: Heat and Mass...,Prof. Kumaran V,IISc Bangalore,"12 Weeks
                          
                          
                              (Starts: 22-07-2024)","Enrollment Ends: 5 Aug, 2024","Exam Date: 26 Oct, 2024","Exam Registration Ends: 16 Aug, 2024"
https://onlinecourses.nptel.ac.in/noc24_de15/preview,Understanding Incubation and...,Prof. B.K. Chakravarthy,IIT Bombay,"12 Weeks
                          
                          
                              (Starts: 22-07-2024)","Enrollment Ends: 5 Aug, 2024","Exam Date: 26 Oct, 2024","Exam Registration Ends: 16 Aug, 2024"
https://onlinecourses.nptel.ac.in/noc24_ar25/preview,Understanding and Reducing Ghg...,Prof. Avlokita Agrawal,IIT Roorkee,"8 Weeks
                          
                          
                              (Starts: 19-08-2024)","Enrollment Ends: 19 Aug, 2024","Exam Date: 26 Oct, 2024","Exam Registration Ends: 30 Aug, 2024"
https://onlinecourses.nptel.ac.in/noc24_ar19/preview,Urban Landuse and Transportation...,Prof. Debapratim Pandit,IIT Kharagpur,"12 Weeks
                          
                          
                              (Starts: 22-07-2024)","Enrollment Ends: 5 Aug, 2024","Exam Date: 26 Oct, 2024","Exam Registration Ends: 16 Aug, 2024"
https://onlinecourses.nptel.ac.in/noc24_ar18/preview,Urban Utilities Planning : Water...,Prof. Debapratim Pandit,IIT Kharagpur,"12 Weeks
                          
                          
                              (Starts: 22-07-2024)","Enrollment Ends: 5 Aug, 2024","Exam Date: 26 Oct, 2024","Exam Registration Ends: 16 Aug, 2024"
https://onlinecourses.nptel.ac.in/noc24_ar17/preview,Urban governance and Development...,Prof. Uttam Kumar Roy,IIT Roorkee,"12 Weeks
                          
                          
                              (Starts: 22-07-2024)","Enrollment Ends: 5 Aug, 2024","Exam Date: 26 Oct, 2024","Exam Registration Ends: 16 Aug, 2024"
https://onlinecourses.nptel.ac.in/noc24_ee102/preview,VLSI Design Flow: RTL to GDS,Prof. Sneh Saurabh,IIIT Delhi,"12 Weeks
                          
                          
                              (Starts: 22-07-2024)","Enrollment Ends: 5 Aug, 2024","Exam Date: 26 Oct, 2024","Exam Registration Ends: 16 Aug, 2024"
https://onlinecourses.nptel.ac.in/noc24_bt59/preview,Wild Life Ecology,Prof. Ankur Awadhiya,IIT Kanpur,"12 Weeks
                          
                          
                              (Starts: 22-07-2024)","Enrollment Ends: 5 Aug, 2024","Exam Date: 26 Oct, 2024","Exam Registration Ends: 16 Aug, 2024"
https://onlinecourses.nptel.ac.in/noc24_ag10/preview,Advanced Aquaculture Technology,Prof. Gourav Dhar Bhowmick,"IIT Kharagpur ,NPTEL","12 Weeks
                          
                          
                              (Starts: 22-07-2024)","Enrollment Ends: 5 Aug, 2024","Exam Date: 26 Oct, 2024","Exam Registration Ends: 16 Aug, 2024"
https://onlinecourses.nptel.ac.in/noc24_ce67/preview,Advanced Geomatics Engineering,Prof. Pradeep Kumar Garg,"IIT Roorkee ,NPTEL","12 Weeks
                          
                          
                              (Starts: 22-07-2024)","Enrollment Ends: 5 Aug, 2024","Exam Date: 26 Oct, 2024","Exam Registration Ends: 16 Aug, 2024"
https://onlinecourses.nptel.ac.in/noc24_ch66/preview,Advanced Reaction Engineering,Prof. Taraknath Das,"IIT Roorkee ,NPTEL","12 Weeks
                          
                          
                              (Starts: 22-07-2024)","Enrollment Ends: 5 Aug, 2024","Exam Date: 26 Oct, 2024","Exam Registration Ends: 16 Aug, 2024"
https://onlinecourses.nptel.ac.in/noc24_ae19/preview,Aeroengine Gas Turbine Cycles,Prof. Chetankumar Sureshbhai Mistry,"IIT Kharagpur ,NPTEL","12 Weeks
                          
                          
                              (Starts: 22-07-2024)","Enrollment Ends: 5 Aug, 2024","Exam Date: 26 Oct, 2024","Exam Registration Ends: 16 Aug, 2024"
https://onlinecourses.nptel.ac.in/noc24_me96/preview,Aircraft Propulsion,Prof. Vinayak N. Kulkarni,"IIT Guwahati ,NPTEL","12 Weeks
                          
                          
                              (Starts: 22-07-2024)","Enrollment Ends: 5 Aug, 2024","Exam Date: 26 Oct, 2024","Exam Registration Ends: 16 Aug, 2024"
https://onlinecourses.nptel.ac.in/noc24_ae17/preview,Aircraft Stability and Control,Prof. A.K. Ghosh,"IIT Kanpur ,NPTEL","12 Weeks
                          
                          
                              (Starts: 22-07-2024)","Enrollment Ends: 5 Aug, 2024","Exam Date: 26 Oct, 2024","Exam Registration Ends: 16 Aug, 2024"
https://onlinecourses.nptel.ac.in/noc24_hs170/preview,An Introduction to Indian Literary...,Prof. Sreenath V.S,"IISER Bhopal ,NPTEL","8 Weeks
                          
                          
                              (Starts: 19-08-2024)","Enrollment Ends: 19 Aug, 2024","Exam Date: 26 Oct, 2024","Exam Registration Ends: 30 Aug, 2024"
https://onlinecourses.nptel.ac.in/noc24_bt56/preview,Animal Physiology,Prof. Mainak Das,"IIT Kanpur ,NPTEL","12 Weeks
                          
                          
                              (Starts: 22-07-2024)","Enrollment Ends: 5 Aug, 2024","Exam Date: 26 Oct, 2024","Exam Registration Ends: 16 Aug, 2024"
https://onlinecourses.nptel.ac.in/noc24_cs97/preview,Approximation Algorithm,Prof. Palash Dey,"IIT Kharagpur ,NPTEL","12 Weeks
                          
                          
                              (Starts: 22-07-2024)","Enrollment Ends: 5 Aug, 2024","Exam Date: 26 Oct, 2024","Exam Registration Ends: 16 Aug, 2024"
https://onlinecourses.nptel.ac.in/noc24_cs88/preview,Artificial Intelligence : Search...,Prof. Deepak Khemani,"IIT Madras ,NPTEL","12 Weeks
                          
                          
                              (Starts: 22-07-2024)","Enrollment Ends: 5 Aug, 2024","Exam Date: 26 Oct, 2024","Exam Registration Ends: 16 Aug, 2024"
https://onlinecourses.nptel.ac.in/noc24_ch78/preview,Artificial Lift,Prof. Abdus Samad,"IIT Madras ,NPTEL","12 Weeks
                          
                          
                              (Starts: 22-07-2024)","Enrollment Ends: 5 Aug, 2024","Exam Date: 26 Oct, 2024","Exam Registration Ends: 16 Aug, 2024"
https://onlinecourses.nptel.ac.in/noc24_ee112/preview,Basic Electrical Circuits,Prof. Gajendranath Chowdary,"IIT Hyderabad ,NPTEL","12 Weeks
                          
                          
                              (Starts: 22-07-2024)","Enrollment Ends: 5 Aug, 2024","Exam Date: 26 Oct, 2024","Exam Registration Ends: 16 Aug, 2024"
https://onlinecourses.nptel.ac.in/noc24_ch53/preview,Basic Environmental Engineering and...,Prof. P. Mondal,"IIT Roorkee ,NPTEL","12 Weeks
                          
                          
                              (Starts: 22-07-2024)","Enrollment Ends: 5 Aug, 2024","Exam Date: 26 Oct, 2024","Exam Registration Ends: 16 Aug, 2024"
https://onlinecourses.nptel.ac.in/noc24_cs130/preview,Big Data Computing,Prof. Rajiv Misra,"IIT Patna ,NPTEL","8 Weeks
                          
                          
                              (Starts: 19-08-2024)","Enrollment Ends: 19 Aug, 2024","Exam Date: 26 Oct, 2024","Exam Registration Ends: 30 Aug, 2024"
https://onlinecourses.nptel.ac.in/noc24_ge45/preview,Biomedical Ultrasound: Fundamentals of...,"Prof. Karla P. Mercado-Shekhar, Prof. Himanshu...","IIT Gandhinagar, IISc Bangalore ,NPTEL","12 Weeks
                          
                          
                              (Starts: 22-07-2024)","Enrollment Ends: 5 Aug, 2024","Exam Date: 26 Oct, 2024","Exam Registration Ends: 16 Aug, 2024"
https://onlinecourses.nptel.ac.in/noc24_bt72/preview,Biomedical nanotechnology,Prof. P. Gopinath,"IIT Roorkee ,NPTEL","4 Weeks
                          
                          
                              (Starts: 19-08-2024)","Enrollment Ends: 19 Aug, 2024","Exam Date: 26 Oct, 2024","Exam Registration Ends: 30 Aug, 2024"
https://onlinecourses.nptel.ac.in/noc24_hs162/preview,Body Language: Key to Professional...,Prof. Rashmi Gaur,"IIT Roorkee ,NPTEL","4 Weeks
                          
                          
                              (Starts: 19-08-2024)","Enrollment Ends: 19 Aug, 2024","Exam Date: 26 Oct, 2024","Exam Registration Ends: 30 Aug, 2024"
https://onlinecourses.nptel.ac.in/noc24_ce79/preview,Bridge Engineering,Prof. Piyali Sengupta,"IIT (ISM) Dhanbad ,NPTEL","12 Weeks
                          
                          
                              (Starts: 22-07-2024)","Enrollment Ends: 5 Aug, 2024","Exam Date: 26 Oct, 2024","Exam Registration Ends: 16 Aug, 2024"
https://onlinecourses.nptel.ac.in/noc24_mg91/preview,Business to Business Marketing (B2B),Prof. J. K. Nayak,"IIT Roorkee ,NPTEL","12 Weeks
                          
                          
                              (Starts: 22-07-2024)","Enrollment Ends: 5 Aug, 2024","Exam Date: 26 Oct, 2024","Exam Registration Ends: 16 Aug, 2024"
https://onlinecourses.nptel.ac.in/noc24_cy40/preview,Chemical Crystallography,Prof. Angshuman Roy Choudhury,"IISER Mohali ,NPTEL","12 Weeks
                          
                          
                              (Starts: 22-07-2024)","Enrollment Ends: 5 Aug, 2024","Exam Date: 26 Oct, 2024","Exam Registration Ends: 16 Aug, 2024"
https://onlinecourses.nptel.ac.in/noc24_ch51/preview,Chemical Engineering Thermodynamics,Prof. Jayant K. Singh,"IIT Kanpur ,NPTEL","12 Weeks
                          
                          
                              (Starts: 22-07-2024)","Enrollment Ends: 5 Aug, 2024","Exam Date: 26 Oct, 2024","Exam Registration Ends: 16 Aug, 2024"
https://onlinecourses.nptel.ac.in/noc24_ch58/preview,Chemical Process Intensification,Prof. Subrata Kumar Majumder,"IIT Guwahati ,NPTEL","12 Weeks
                          
                          
                              (Starts: 22-07-2024)","Enrollment Ends: 5 Aug, 2024","Exam Date: 26 Oct, 2024","Exam Registration Ends: 16 Aug, 2024"
https://onlinecourses.nptel.ac.in/noc24_ee96/preview,Cognition and its Computation,"Prof. Sharba Bandyopadhyay, Prof. Rajlakshmi Guha","IIT Kharagpur ,NPTEL","12 Weeks
                          
                          
                              (Starts: 22-07-2024)","Enrollment Ends: 5 Aug, 2024","Exam Date: 26 Oct, 2024","Exam Registration Ends: 16 Aug, 2024"
https://onlinecourses.nptel.ac.in/noc24_ma60/preview,Complex Analysis,Prof. Pranav Haridas,"Kerala School of Mathematics ,NPTEL","12 Weeks
                          
                          
                              (Starts: 22-07-2024)","Enrollment Ends: 5 Aug, 2024","Exam Date: 26 Oct, 2024","Exam Registration Ends: 16 Aug, 2024"
https://onlinecourses.nptel.ac.in/noc24_cs87/preview,Computational Arithmetic - Geometry for...,Prof. Nitin Saxena,"IIT Kanpur ,NPTEL","12 Weeks
                          
                          
                              (Starts: 22-07-2024)","Enrollment Ends: 5 Aug, 2024","Exam Date: 26 Oct, 2024","Exam Registration Ends: 16 Aug, 2024"
https://onlinecourses.nptel.ac.in/noc24_cs83/preview,Computer Architecture,Prof. Smruti Ranjan Sarangi,"IIT Delhi ,NPTEL","12 Weeks
                          
                          
                              (Starts: 22-07-2024)","Enrollment Ends: 5 Aug, 2024","Exam Date: 26 Oct, 2024","Exam Registration Ends: 16 Aug, 2024"
https://onlinecourses.nptel.ac.in/noc24_bt58/preview,Conservation Geography,Prof. Ankur Awadhiya,"IIT Kanpur ,NPTEL","12 Weeks
                          
                          
                              (Starts: 22-07-2024)","Enrollment Ends: 5 Aug, 2024","Exam Date: 26 Oct, 2024","Exam Registration Ends: 16 Aug, 2024"
https://onlinecourses.nptel.ac.in/noc24_ag15/preview,Dairy and Food Process and Products...,Prof. Tridib Kumar Goswami,"IIT Kharagpur ,NPTEL","12 Weeks
                          
                          
                              (Starts: 22-07-2024)","Enrollment Ends: 5 Aug, 2024","Exam Date: 26 Oct, 2024","Exam Registration Ends: 16 Aug, 2024"
https://onlinecourses.nptel.ac.in/noc24_cs96/preview,Data Structure and Algorithms using...,Prof. Debasis Samanta,"IIT Kharagpur ,NPTEL","12 Weeks
                          
                          
                              (Starts: 22-07-2024)","Enrollment Ends: 5 Aug, 2024","Exam Date: 26 Oct, 2024","Exam Registration Ends: 16 Aug, 2024"
https://onlinecourses.nptel.ac.in/noc24_mg90/preview,Decision Making with Spreadsheet,Prof. Ramesh Anbanandam,"IIT Roorkee ,NPTEL","12 Weeks
                          
                          
                              (Starts: 22-07-2024)","Enrollment Ends: 5 Aug, 2024","Exam Date: 26 Oct, 2024","Exam Registration Ends: 16 Aug, 2024"
https://onlinecourses.nptel.ac.in/noc24_cs89/preview,Deep Learning for Computer Vision,Prof. Vineeth N Balasubramanian,"IIT Hyderabad ,NPTEL","12 Weeks
                          
                          
                              (Starts: 22-07-2024)","Enrollment Ends: 5 Aug, 2024","Exam Date: 26 Oct, 2024","Exam Registration Ends: 16 Aug, 2024"
https://onlinecourses.nptel.ac.in/noc24_ce113/preview,Design Of Steel Structures,Prof. Damodar Maity,"IIT Kharagpur ,NPTEL","12 Weeks
                          
                          
                              (Starts: 22-07-2024)","Enrollment Ends: 5 Aug, 2024","Exam Date: 26 Oct, 2024","Exam Registration Ends: 16 Aug, 2024"
https://onlinecourses.nptel.ac.in/noc24_ge59/preview,Designing Learner-Centric E-learning in...,Prof. Sahana Murthy,"IIT Bombay ,NPTEL","4 Weeks
                          
                          
                              (Starts: 19-08-2024)","Enrollment Ends: 19 Aug, 2024","Exam Date: 26 Oct, 2024","Exam Registration Ends: 30 Aug, 2024"
https://onlinecourses.nptel.ac.in/noc24_cs92/preview,Discrete Mathematics - IIT Ropar,"Prof. Sudarshan Iyengar, Prof. Anil Shukla","IIT Ropar ,NPTEL","12 Weeks
                          
                          
                              (Starts: 22-07-2024)","Enrollment Ends: 5 Aug, 2024","Exam Date: 26 Oct, 2024","Exam Registration Ends: 16 Aug, 2024"
https://onlinecourses.nptel.ac.in/noc24_cs86/preview,Distributed Optimization and Machine...,Prof. Mayank Baranwal,"IIT Bombay ,NPTEL","12 Weeks
                          
                          
                              (Starts: 22-07-2024)","Enrollment Ends: 5 Aug, 2024","Exam Date: 26 Oct, 2024","Exam Registration Ends: 16 Aug, 2024"
https://onlinecourses.nptel.ac.in/noc24_me102/preview,Dynamic Behaviour of Materials,Prof. Prasenjit Khanikar,"IIT Guwahati ,NPTEL","12 Weeks
                          
                          
                              (Starts: 22-07-2024)","Enrollment Ends: 5 Aug, 2024","Exam Date: 26 Oct, 2024","Exam Registration Ends: 16 Aug, 2024"
https://onlinecourses.nptel.ac.in/noc24_ce74/preview,Dynamics of Structures,Prof. Manish Kumar,"IIT Bombay ,NPTEL","12 Weeks
                          
                          
                              (Starts: 22-07-2024)","Enrollment Ends: 5 Aug, 2024","Exam Date: 26 Oct, 2024","Exam Registration Ends: 16 Aug, 2024"
https://onlinecourses.nptel.ac.in/noc24_mg92/preview,E-Business,Prof. Mamata Jenamani,"IIT Kharagpur ,NPTEL","12 Weeks
                          
                          
                              (Starts: 22-07-2024)","Enrollment Ends: 5 Aug, 2024","Exam Date: 26 Oct, 2024","Exam Registration Ends: 16 Aug, 2024"
https://onlinecourses.nptel.ac.in/noc24_ce111/preview,Earth Sciences For Civil Engineering...,Prof. Javed N. Malik,"IIT Kanpur ,NPTEL","8 Weeks
                          
                          
                              (Starts: 19-08-2024)","Enrollment Ends: 19 Aug, 2024","Exam Date: 26 Oct, 2024","Exam Registration Ends: 30 Aug, 2024"
https://onlinecourses.nptel.ac.in/noc24_ce75/preview,Earthquake Geotechnical Engineering,Prof. B. K. Maheshwari,"IIT Roorkee ,NPTEL","12 Weeks
                          
                          
                              (Starts: 22-07-2024)","Enrollment Ends: 5 Aug, 2024","Exam Date: 26 Oct, 2024","Exam Registration Ends: 16 Aug, 2024"
https://onlinecourses.nptel.ac.in/noc24_mg122/preview,Economics of Health and Health Care,Prof. Angan Sengupta,"IIT Kanpur ,NPTEL","8 Weeks
                          
                          
                              (Starts: 19-08-2024)","Enrollment Ends: 19 Aug, 2024","Exam Date: 26 Oct, 2024","Exam Registration Ends: 30 Aug, 2024"
https://onlinecourses.nptel.ac.in/noc24_ee105/preview,Electrical Distribution System Analysis,"Prof. N. P. Padhy, Late. Prof. G. B. Kumbhar","IIT Roorkee ,NPTEL","12 Weeks
                          
                          
                              (Starts: 22-07-2024)","Enrollment Ends: 5 Aug, 2024","Exam Date: 26 Oct, 2024","Exam Registration Ends: 16 Aug, 2024"
https://onlinecourses.nptel.ac.in/noc24_ee103/preview,Electrical Machines - I,Prof. Tapas Kumar Bhattacharya,"IIT Kharagpur ,NPTEL","12 Weeks
                          
                          
                              (Starts: 22-07-2024)","Enrollment Ends: 5 Aug, 2024","Exam Date: 26 Oct, 2024","Exam Registration Ends: 16 Aug, 2024"
https://onlinecourses.nptel.ac.in/noc24_ae16/preview,Elements of Mechanical Vibration,Prof. Ashish K Darpe,"IIT Delhi ,NPTEL","12 Weeks
                          
                          
                              (Starts: 22-07-2024)","Enrollment Ends: 5 Aug, 2024","Exam Date: 26 Oct, 2024","Exam Registration Ends: 16 Aug, 2024"
https://onlinecourses.nptel.ac.in/noc24_ch61/preview,Enhanced Oil Recovery Techniques,Prof. Ajay Mandal,"IIT Dhanbad ,NPTEL","12 Weeks
                          
                          
                              (Starts: 22-07-2024)","Enrollment Ends: 5 Aug, 2024","Exam Date: 26 Oct, 2024","Exam Registration Ends: 16 Aug, 2024"
https://onlinecourses.nptel.ac.in/noc24_ce72/preview,Environmental Geomechanics,Prof. D. N. Singh,"IIT Bombay ,NPTEL","12 Weeks
                          
                          
                              (Starts: 22-07-2024)","Enrollment Ends: 5 Aug, 2024","Exam Date: 26 Oct, 2024","Exam Registration Ends: 16 Aug, 2024"
https://onlinecourses.nptel.ac.in/noc24_ma59/preview,Essentials Of Topology,Prof. S.P. Tiwari,"IIT(ISM) Dhanbad ,NPTEL","12 Weeks
                          
                          
                              (Starts: 22-07-2024)","Enrollment Ends: 5 Aug, 2024","Exam Date: 26 Oct, 2024","Exam Registration Ends: 16 Aug, 2024"
https://onlinecourses.nptel.ac.in/noc24_cs94/preview,Ethical Hacking,Prof. Indranil Sengupta,"IIT Kharagpur ,NPTEL","12 Weeks
                          
                          
                              (Starts: 22-07-2024)","Enrollment Ends: 5 Aug, 2024","Exam Date: 26 Oct, 2024","Exam Registration Ends: 16 Aug, 2024"
https://onlinecourses.nptel.ac.in/noc24_hs119/preview,Feminist Writings,Prof. Avishek Parui,"IIT Madras ,NPTEL","12 Weeks
                          
                          
                              (Starts: 22-07-2024)","Enrollment Ends: 5 Aug, 2024","Exam Date: 26 Oct, 2024","Exam Registration Ends: 16 Aug, 2024"
https://onlinecourses.nptel.ac.in/noc24_ce78/preview,Fluid Mechanics,Prof. Subashisa Dutta,"IIT Guwahati ,NPTEL","12 Weeks
                          
                          
                              (Starts: 22-07-2024)","Enrollment Ends: 5 Aug, 2024","Exam Date: 26 Oct, 2024","Exam Registration Ends: 16 Aug, 2024"
https://onlinecourses.nptel.ac.in/noc24_ch57/preview,Fluidization Engineering,Prof. Subrata Kumar Majumder,"IIT Guwahati ,NPTEL","12 Weeks
                          
                          
                              (Starts: 22-07-2024)","Enrollment Ends: 5 Aug, 2024","Exam Date: 26 Oct, 2024","Exam Registration Ends: 16 Aug, 2024"
https://onlinecourses.nptel.ac.in/noc24_ag09/preview,Food Oils and Fats : Chemistry and...,Prof. Hari. Niwas Mishra,"IIT Kharagpur ,NPTEL","12 Weeks
                          
                          
                              (Starts: 22-07-2024)","Enrollment Ends: 5 Aug, 2024","Exam Date: 26 Oct, 2024","Exam Registration Ends: 16 Aug, 2024"
https://onlinecourses.nptel.ac.in/noc24_ge47/preview,Fundamentals of Artificial intelligence,Prof. Shyamanta M. Hazarika,"IIT Guwahati ,NPTEL","12 Weeks
                          
                          
                              (Starts: 22-07-2024)","Enrollment Ends: 5 Aug, 2024","Exam Date: 26 Oct, 2024","Exam Registration Ends: 16 Aug, 2024"
https://onlinecourses.nptel.ac.in/noc24_bt51/preview,Fundamentals of Micro and...,"Prof. Shankar Selvaraja, Prof. Sushobhan avasthi","IISc Bangalore ,NPTEL","12 Weeks
                          
                          
                              (Starts: 22-07-2024)","Enrollment Ends: 5 Aug, 2024","Exam Date: 26 Oct, 2024","Exam Registration Ends: 16 Aug, 2024"
https://onlinecourses.nptel.ac.in/noc24_bt57/preview,Genetic Engineering: Theory and...,Prof. Vishal Trivedi,"IIT Guwahati ,NPTEL","12 Weeks
                          
                          
                              (Starts: 22-07-2024)","Enrollment Ends: 5 Aug, 2024","Exam Date: 26 Oct, 2024","Exam Registration Ends: 16 Aug, 2024"
https://onlinecourses.nptel.ac.in/noc24_ce82/preview,Geoengineering,Prof. R. K. Dubey,"IIT(ISM) Dhanbad ,NPTEL","12 Weeks
                          
                          
                              (Starts: 22-07-2024)","Enrollment Ends: 5 Aug, 2024","Exam Date: 26 Oct, 2024","Exam Registration Ends: 16 Aug, 2024"
https://onlinecourses.nptel.ac.in/noc24_ce68/preview,Geometric Design of Highways,Prof. Rajat Rastogi,"IIT Roorkee ,NPTEL","12 Weeks
                          
                          
                              (Starts: 22-07-2024)","Enrollment Ends: 5 Aug, 2024","Exam Date: 26 Oct, 2024","Exam Registration Ends: 16 Aug, 2024"
https://onlinecourses.nptel.ac.in/noc24_ce63/preview,Geosynthetics and Reinforced Soil...,Prof. K.Rajagopal,"Andhra University ,NPTEL","12 Weeks
                          
                          
                              (Starts: 22-07-2024)","Enrollment Ends: 5 Aug, 2024","Exam Date: 26 Oct, 2024","Exam Registration Ends: 16 Aug, 2024"
https://onlinecourses.nptel.ac.in/noc24_ce64/preview,Geotechnical Earthquake Engineering,Prof. Kousik Deb,"IIT Kharagpur ,NPTEL","12 Weeks
                          
                          
                              (Starts: 22-07-2024)","Enrollment Ends: 5 Aug, 2024","Exam Date: 26 Oct, 2024","Exam Registration Ends: 16 Aug, 2024"
https://onlinecourses.nptel.ac.in/noc24_ce83/preview,Groundwater Engineering,Prof. Arun K. Saraf,"IIT Roorkee ,NPTEL","12 Weeks
                          
                          
                              (Starts: 22-07-2024)","Enrollment Ends: 5 Aug, 2024","Exam Date: 26 Oct, 2024","Exam Registration Ends: 16 Aug, 2024"
https://onlinecourses.nptel.ac.in/noc24_ar22/preview,International Studies in Vernacular...,"Prof. Ram Sateesh Pasupuleti, Prof.  Yenny...","IIT Roorkee, CAREDs ,NPTEL","4 Weeks
                          
                          
                              (Starts: 19-08-2024)","Enrollment Ends: 19 Aug, 2024","Exam Date: 26 Oct, 2024","Exam Registration Ends: 30 Aug, 2024"
https://onlinecourses.nptel.ac.in/noc24_ee149/preview,Introduction to Adaptive Signal...,Prof. Mrityunjoy Chakraborty,"IIT Kharagpur ,NPTEL","8 Weeks
                          
                          
                              (Starts: 19-08-2024)","Enrollment Ends: 19 Aug, 2024","Exam Date: 26 Oct, 2024","Exam Registration Ends: 30 Aug, 2024"
https://onlinecourses.nptel.ac.in/noc24_bt75/preview,Introduction to Cell Biology,"Prof. Nagaraj Balasubramanian, Prof. Girish...","IISER Pune ,NPTEL","8 Weeks
                          
                          
                              (Starts: 19-08-2024)","Enrollment Ends: 19 Aug, 2024","Exam Date: 26 Oct, 2024","Exam Registration Ends: 30 Aug, 2024"
https://onlinecourses.nptel.ac.in/noc24_ce70/preview,Introduction to Engineering Seismology,Prof. Anbazhagan P,"IISc Bangalore ,NPTEL","12 Weeks
                          
                          
                              (Starts: 22-07-2024)","Enrollment Ends: 5 Aug, 2024","Exam Date: 26 Oct, 2024","Exam Registration Ends: 16 Aug, 2024"
https://onlinecourses.nptel.ac.in/noc24_hs105/preview,Introduction to Exercise Physiology &...,"Prof. Col (Dr) Anup Krishnan (Retd), Prof. Wg Cdr...","School of Sports, Exercise & Nutrition Sciences,... ,NPTEL","8 Weeks
                          
                          
                              (Starts: 19-08-2024)","Enrollment Ends: 19 Aug, 2024","Exam Date: 26 Oct, 2024","Exam Registration Ends: 30 Aug, 2024"
https://onlinecourses.nptel.ac.in/noc24_cs95/preview,Introduction to Industry 4.0 and...,Prof. Sudip Misra,"IIT Kharagpur ,NPTEL","12 Weeks
                          
                          
                              (Starts: 22-07-2024)","Enrollment Ends: 5 Aug, 2024","Exam Date: 26 Oct, 2024","Exam Registration Ends: 16 Aug, 2024"
https://onlinecourses.nptel.ac.in/noc24_ar23/preview,Introduction to Interaction Design,Prof. Sonal Atreya,"IIT Roorkee ,NPTEL","4 Weeks
                          
                          
                              (Starts: 19-08-2024)","Enrollment Ends: 19 Aug, 2024","Exam Date: 26 Oct, 2024","Exam Registration Ends: 30 Aug, 2024"
https://onlinecourses.nptel.ac.in/noc24_ce80/preview,Introduction to Multimodal Urban...,Prof. Arkopal Kishore Goswami,"IIT Kharagpur ,NPTEL","12 Weeks
                          
                          
                              (Starts: 22-07-2024)","Enrollment Ends: 5 Aug, 2024","Exam Date: 26 Oct, 2024","Exam Registration Ends: 16 Aug, 2024"
https://onlinecourses.nptel.ac.in/noc24_ma97/preview,Introduction to Probability Theory and...,Prof. S Dharmaraja,"IIT Delhi ,NPTEL","12 Weeks
                          
                          
                              (Starts: 22-07-2024)","Enrollment Ends: 5 Aug, 2024","Exam Date: 26 Oct, 2024","Exam Registration Ends: 16 Aug, 2024"
https://onlinecourses.nptel.ac.in/noc24_bt52/preview,Introduction to Proteogenomics,Prof. Sanjeeva Srivastava,"IIT Bombay ,NPTEL","12 Weeks
                          
                          
                              (Starts: 22-07-2024)","Enrollment Ends: 5 Aug, 2024","Exam Date: 26 Oct, 2024","Exam Registration Ends: 16 Aug, 2024"
https://onlinecourses.nptel.ac.in/noc24_ee99/preview,Introduction to Semiconductor Devices,Prof. Naresh Kumar Emani,"IIT Hyderabad ,NPTEL","12 Weeks
                          
                          
                              (Starts: 22-07-2024)","Enrollment Ends: 5 Aug, 2024","Exam Date: 26 Oct, 2024","Exam Registration Ends: 16 Aug, 2024"
https://onlinecourses.nptel.ac.in/noc24_ce108/preview,Introductory Field Structural Geology,Prof. Santanu Misra,"IIT Kanpur ,NPTEL","4 Weeks
                          
                          
                              (Starts: 19-08-2024)","Enrollment Ends: 19 Aug, 2024","Exam Date: 26 Oct, 2024","Exam Registration Ends: 30 Aug, 2024"
https://onlinecourses.nptel.ac.in/noc24_cy60/preview,Introductory Organic Chemistry II,"Prof. Harinath Chakrapani, Prof. Neeraja...","IISER Pune ,NPTEL","8 Weeks
                          
                          
                              (Starts: 19-08-2024)","Enrollment Ends: 19 Aug, 2024","Exam Date: 26 Oct, 2024","Exam Registration Ends: 30 Aug, 2024"
https://onlinecourses.nptel.ac.in/noc24_cs111/preview,Linear Algebra Through Geometry,"Prof. M Krishna Kumar, Prof. Ashok Rao, Prof....","IISc Bangalore, NITK Surathkal ,NPTEL","12 Weeks
                          
                          
                              (Starts: 22-07-2024)","Enrollment Ends: 5 Aug, 2024","Exam Date: 26 Oct, 2024","Exam Registration Ends: 16 Aug, 2024"
https://onlinecourses.nptel.ac.in/noc24_hs128/preview,Logistics & Supply Chain Management,Prof. Vikas Thakur,"IIT Kharagpur ,NPTEL","12 Weeks
                          
                          
                              (Starts: 22-07-2024)","Enrollment Ends: 5 Aug, 2024","Exam Date: 26 Oct, 2024","Exam Registration Ends: 16 Aug, 2024"
https://onlinecourses.nptel.ac.in/noc24_ee98/preview,Mathematical Aspects of Biomedical...,Prof. Chandramani Singh,"IISc Bangalore ,NPTEL","12 Weeks
                          
                          
                              (Starts: 22-07-2024)","Enrollment Ends: 5 Aug, 2024","Exam Date: 26 Oct, 2024","Exam Registration Ends: 16 Aug, 2024"
https://onlinecourses.nptel.ac.in/noc24_me95/preview,Mathematical Modeling of Manufacturing...,Prof. Swarup Bag,"IIT Guwahati ,NPTEL","12 Weeks
                          
                          
                              (Starts: 22-07-2024)","Enrollment Ends: 5 Aug, 2024","Exam Date: 26 Oct, 2024","Exam Registration Ends: 16 Aug, 2024"
https://onlinecourses.nptel.ac.in/noc24_ch52/preview,Matlab-Based Programming Lab in...,Prof. Parag A. Deshpande,"IIT Kharagpur ,NPTEL","12 Weeks
                          
                          
                              (Starts: 22-07-2024)","Enrollment Ends: 5 Aug, 2024","Exam Date: 26 Oct, 2024","Exam Registration Ends: 16 Aug, 2024"
https://onlinecourses.nptel.ac.in/noc24_bt53/preview,Medical Image Analysis,Prof. Ganapathy krishnamurthi,"IIT Madras ,NPTEL","12 Weeks
                          
                          
                              (Starts: 22-07-2024)","Enrollment Ends: 5 Aug, 2024","Exam Date: 26 Oct, 2024","Exam Registration Ends: 16 Aug, 2024"
https://onlinecourses.nptel.ac.in/noc24_ag13/preview,Micro Irrigation Engineering,Prof. Kamlesh Narayan Tiwari,"IIT Kharagpur ,NPTEL","12 Weeks
                          
                          
                              (Starts: 22-07-2024)","Enrollment Ends: 5 Aug, 2024","Exam Date: 26 Oct, 2024","Exam Registration Ends: 16 Aug, 2024"
https://onlinecourses.nptel.ac.in/noc24_ar24/preview,Modern Indian Architecture,Prof. P.S. Chani,"IIT Roorkee ,NPTEL","8 Weeks
                          
                          
                              (Starts: 19-08-2024)","Enrollment Ends: 19 Aug, 2024","Exam Date: 26 Oct, 2024","Exam Registration Ends: 30 Aug, 2024"
https://onlinecourses.nptel.ac.in/noc24_cy46/preview,Molecular Rearrangements and Reactive...,Prof. Santanu Panda,"IIT Kharagpur ,NPTEL","12 Weeks
                          
                          
                              (Starts: 22-07-2024)","Enrollment Ends: 5 Aug, 2024","Exam Date: 26 Oct, 2024","Exam Registration Ends: 16 Aug, 2024"
https://onlinecourses.nptel.ac.in/noc24_cs93/preview,Multi-Core Computer Architecture,Prof. John Jose,"IIT Guwahati ,NPTEL","12 Weeks
                          
                          
                              (Starts: 22-07-2024)","Enrollment Ends: 5 Aug, 2024","Exam Date: 26 Oct, 2024","Exam Registration Ends: 16 Aug, 2024"
https://onlinecourses.nptel.ac.in/noc24_ce77/preview,Municipal Solid Waste Management,Prof. Ajay Kalamdhad,"IIT Guwahati ,NPTEL","12 Weeks
                          
                          
                              (Starts: 22-07-2024)","Enrollment Ends: 5 Aug, 2024","Exam Date: 26 Oct, 2024","Exam Registration Ends: 16 Aug, 2024"
https://onlinecourses.nptel.ac.in/noc24_cy50/preview,NMR spectroscopy for Structural Biology,"Prof. Ashutosh Kumar, Prof. R. V Hosur","IIT Bombay ,NPTEL","12 Weeks
                          
                          
                              (Starts: 22-07-2024)","Enrollment Ends: 5 Aug, 2024","Exam Date: 26 Oct, 2024","Exam Registration Ends: 16 Aug, 2024"
https://onlinecourses.nptel.ac.in/noc24_ee101/preview,Nanobiophotonics: Touching Our Daily...,Prof. Basudev Lahiri,"IIT Kharagpur ,NPTEL","12 Weeks
                          
                          
                              (Starts: 22-07-2024)","Enrollment Ends: 5 Aug, 2024","Exam Date: 26 Oct, 2024","Exam Registration Ends: 16 Aug, 2024"
https://onlinecourses.nptel.ac.in/noc24_bt73/preview,Neurobiology,Prof. Nitin Gupta,"IIT Kanpur ,NPTEL","4 Weeks
                          
                          
                              (Starts: 19-08-2024)","Enrollment Ends: 19 Aug, 2024","Exam Date: 26 Oct, 2024","Exam Registration Ends: 30 Aug, 2024"
https://onlinecourses.nptel.ac.in/noc24_ge46/preview,Numerical Methods for Engineers,Prof. Niket Kaisare,"IIT Madras ,NPTEL","12 Weeks
                          
                          
                              (Starts: 22-07-2024)","Enrollment Ends: 5 Aug, 2024","Exam Date: 26 Oct, 2024","Exam Registration Ends: 16 Aug, 2024"
https://onlinecourses.nptel.ac.in/noc24_ch59/preview,Organic Chemical Technology,Prof. Nanda Kishore,"IIT Guwahati ,NPTEL","12 Weeks
                          
                          
                              (Starts: 22-07-2024)","Enrollment Ends: 5 Aug, 2024","Exam Date: 26 Oct, 2024","Exam Registration Ends: 16 Aug, 2024"
https://onlinecourses.nptel.ac.in/noc24_cy45/preview,Organic Chemistry in Biology and Drug...,Prof. Amit Basak,"IIT Kharagpur ,NPTEL","12 Weeks
                          
                          
                              (Starts: 22-07-2024)","Enrollment Ends: 5 Aug, 2024","Exam Date: 26 Oct, 2024","Exam Registration Ends: 16 Aug, 2024"
https://onlinecourses.nptel.ac.in/noc24_mg87/preview,Organizational Behaviour,Prof. M. P. Ganesh,"IIT Hyderbad ,NPTEL","12 Weeks
                          
                          
                              (Starts: 22-07-2024)","Enrollment Ends: 5 Aug, 2024","Exam Date: 26 Oct, 2024","Exam Registration Ends: 16 Aug, 2024"
https://onlinecourses.nptel.ac.in/noc24_cy47/preview,Overview and Integration of Cellular...,"Prof. Aritri Bir, Prof. Arindam Ghosh","IIT Kharagpur ,NPTEL","12 Weeks
                          
                          
                              (Starts: 22-07-2024)","Enrollment Ends: 5 Aug, 2024","Exam Date: 26 Oct, 2024","Exam Registration Ends: 16 Aug, 2024"
https://onlinecourses.nptel.ac.in/noc24_ce66/preview,Pavement Materials (Under Pavement...,Prof. Nikhil Saboo,"IIT Roorkee ,NPTEL","12 Weeks
                          
                          
                              (Starts: 22-07-2024)","Enrollment Ends: 5 Aug, 2024","Exam Date: 26 Oct, 2024","Exam Registration Ends: 16 Aug, 2024"
https://onlinecourses.nptel.ac.in/noc24_ch77/preview,Petroleum Reservoir Engineering,Prof. Pankaj Tiwari,"IIT Guwahati ,NPTEL","8 Weeks
                          
                          
                              (Starts: 19-08-2024)","Enrollment Ends: 19 Aug, 2024","Exam Date: 26 Oct, 2024","Exam Registration Ends: 30 Aug, 2024"
https://onlinecourses.nptel.ac.in/noc24_ee100/preview,Phase-Locked Loops,Prof. Saurabh Saxena,"IIT Madras ,NPTEL","12 Weeks
                          
                          
                              (Starts: 22-07-2024)","Enrollment Ends: 5 Aug, 2024","Exam Date: 26 Oct, 2024","Exam Registration Ends: 16 Aug, 2024"
https://onlinecourses.nptel.ac.in/noc24_ce69/preview,Plate Tectonics,Prof. Pitambar Pati,"IIT Roorkee ,NPTEL","12 Weeks
                          
                          
                              (Starts: 22-07-2024)","Enrollment Ends: 5 Aug, 2024","Exam Date: 26 Oct, 2024","Exam Registration Ends: 16 Aug, 2024"
https://onlinecourses.nptel.ac.in/noc24_ch55/preview,Polymer Process Engineering,Prof. Shishir Sinha,"IIT Roorkee ,NPTEL","12 Weeks
                          
                          
                              (Starts: 22-07-2024)","Enrollment Ends: 5 Aug, 2024","Exam Date: 26 Oct, 2024","Exam Registration Ends: 16 Aug, 2024"
https://onlinecourses.nptel.ac.in/noc24_ch50/preview,"Polymers: Concepts, Properties, Uses...",Prof. Abhijit P Deshpande,"IIT Madras ,NPTEL","12 Weeks
                          
                          
                              (Starts: 22-07-2024)","Enrollment Ends: 5 Aug, 2024","Exam Date: 26 Oct, 2024","Exam Registration Ends: 16 Aug, 2024"
https://onlinecourses.nptel.ac.in/noc24_ag11/preview,Post Harvest Operations and Processing...,Prof. Hari. Niwas Mishra,"IIT Kharagpur ,NPTEL","12 Weeks
                          
                          
                              (Starts: 22-07-2024)","Enrollment Ends: 5 Aug, 2024","Exam Date: 26 Oct, 2024","Exam Registration Ends: 16 Aug, 2024"
https://onlinecourses.nptel.ac.in/noc24_cs85/preview,Practical Cyber Security for Cyber...,Prof. Sandeep K. Shukla,"IIT Kanpur ,NPTEL","12 Weeks
                          
                          
                              (Starts: 22-07-2024)","Enrollment Ends: 5 Aug, 2024","Exam Date: 26 Oct, 2024","Exam Registration Ends: 16 Aug, 2024"
https://onlinecourses.nptel.ac.in/noc24_ee104/preview,Principles and Techniques of Modern...,Prof. Amitabha Bhattacharya,"IIT Kharagpur ,NPTEL","12 Weeks
                          
                          
                              (Starts: 22-07-2024)","Enrollment Ends: 5 Aug, 2024","Exam Date: 26 Oct, 2024","Exam Registration Ends: 16 Aug, 2024"
https://onlinecourses.nptel.ac.in/noc24_cy43/preview,Principles of Organic Synthesis,Prof. T Punniyamurthy,"IIT Guwahati ,NPTEL","12 Weeks
                          
                          
                              (Starts: 22-07-2024)","Enrollment Ends: 5 Aug, 2024","Exam Date: 26 Oct, 2024","Exam Registration Ends: 16 Aug, 2024"
https://onlinecourses.nptel.ac.in/noc24_mg89/preview,Product and Brand Management,Prof. Vinay Sharma,"IIT Roorkee ,NPTEL","12 Weeks
                          
                          
                              (Starts: 22-07-2024)","Enrollment Ends: 5 Aug, 2024","Exam Date: 26 Oct, 2024","Exam Registration Ends: 16 Aug, 2024"
https://onlinecourses.nptel.ac.in/noc24_hs161/preview,Psychology of Everyday,"Prof. Braj Bhushan, Prof. Alok Bajpai","IIT Kanpur ,NPTEL","4 Weeks
                          
                          
                              (Starts: 19-08-2024)","Enrollment Ends: 19 Aug, 2024","Exam Date: 26 Oct, 2024","Exam Registration Ends: 30 Aug, 2024"
https://onlinecourses.nptel.ac.in/noc24_hs117/preview,Psychology of Learning,Prof. Atasi Mohanty,"IIT Kharagpur ,NPTEL","12 Weeks
                          
                          
                              (Starts: 22-07-2024)","Enrollment Ends: 5 Aug, 2024","Exam Date: 26 Oct, 2024","Exam Registration Ends: 16 Aug, 2024"
https://onlinecourses.nptel.ac.in/noc24_cy48/preview,Quantum Chemistry of Atoms and...,Prof. Anindya Datta,"IIT Bombay ,NPTEL","12 Weeks
                          
                          
                              (Starts: 22-07-2024)","Enrollment Ends: 5 Aug, 2024","Exam Date: 26 Oct, 2024","Exam Registration Ends: 16 Aug, 2024"
https://onlinecourses.nptel.ac.in/noc24_ce81/preview,Railway Engineering,Prof. Rajat Rastogi,"IIT Roorkee ,NPTEL","12 Weeks
                          
                          
                              (Starts: 22-07-2024)","Enrollment Ends: 5 Aug, 2024","Exam Date: 26 Oct, 2024","Exam Registration Ends: 16 Aug, 2024"
https://onlinecourses.nptel.ac.in/noc24_cy44/preview,Reagents in Organic Synthesis,Prof. Subhas Chandra Pan,"IIT Guwahati ,NPTEL","12 Weeks
                          
                          
                              (Starts: 22-07-2024)","Enrollment Ends: 5 Aug, 2024","Exam Date: 26 Oct, 2024","Exam Registration Ends: 16 Aug, 2024"
https://onlinecourses.nptel.ac.in/noc24_ce71/preview,Remote Sensing: Principles and...,Prof. Eswar Rajasekaran,"IIT Bombay ,NPTEL","12 Weeks
                          
                          
                              (Starts: 22-07-2024)","Enrollment Ends: 5 Aug, 2024","Exam Date: 26 Oct, 2024","Exam Registration Ends: 16 Aug, 2024"
https://onlinecourses.nptel.ac.in/noc24_ae18/preview,Smart Structures,Prof. Mohammed Rabius Sunny,"IIT Kharagpur ,NPTEL","12 Weeks
                          
                          
                              (Starts: 22-07-2024)","Enrollment Ends: 5 Aug, 2024","Exam Date: 26 Oct, 2024","Exam Registration Ends: 16 Aug, 2024"
https://onlinecourses.nptel.ac.in/noc24_cs90/preview,Social Network Analysis,Prof. Tanmoy Chakraborty,"IIT Delhi ,NPTEL","12 Weeks
                          
                          
                              (Starts: 22-07-2024)","Enrollment Ends: 5 Aug, 2024","Exam Date: 26 Oct, 2024","Exam Registration Ends: 16 Aug, 2024"
https://onlinecourses.nptel.ac.in/noc24_cs91/preview,Software Testing,Prof. Meenakshi D'souza,"IIIT Bangalore ,NPTEL","12 Weeks
                          
                          
                              (Starts: 22-07-2024)","Enrollment Ends: 5 Aug, 2024","Exam Date: 26 Oct, 2024","Exam Registration Ends: 16 Aug, 2024"
https://onlinecourses.nptel.ac.in/noc24_ag12/preview,Soil Fertility and Fertilizers,Prof. Somsubhra Chakraborty,"IIT Kharagpur ,NPTEL","12 Weeks
                          
                          
                              (Starts: 22-07-2024)","Enrollment Ends: 5 Aug, 2024","Exam Date: 26 Oct, 2024","Exam Registration Ends: 16 Aug, 2024"
https://onlinecourses.nptel.ac.in/noc24_ch56/preview,Solid-Fluid Operations,Prof. Subrata Kumar Majumder,"IIT Guwahati ,NPTEL","12 Weeks
                          
                          
                              (Starts: 22-07-2024)","Enrollment Ends: 5 Aug, 2024","Exam Date: 26 Oct, 2024","Exam Registration Ends: 16 Aug, 2024"
https://onlinecourses.nptel.ac.in/noc24_ae20/preview,Space Flight Mechanics,Prof. Manoranjan Sinha,"IIT Kharagpur ,NPTEL","12 Weeks
                          
                          
                              (Starts: 22-07-2024)","Enrollment Ends: 5 Aug, 2024","Exam Date: 26 Oct, 2024","Exam Registration Ends: 16 Aug, 2024"
https://onlinecourses.nptel.ac.in/noc24_cy41/preview,Spectroscopic Techniques for...,Prof. Shashank Deep,"IIT Delhi ,NPTEL","12 Weeks
                          
                          
                              (Starts: 22-07-2024)","Enrollment Ends: 5 Aug, 2024","Exam Date: 26 Oct, 2024","Exam Registration Ends: 16 Aug, 2024"
https://onlinecourses.nptel.ac.in/noc24_hs163/preview,Stress Management,Prof. Rajlakshmi Guha,"IIT Kharagpur ,NPTEL","4 Weeks
                          
                          
                              (Starts: 19-08-2024)","Enrollment Ends: 19 Aug, 2024","Exam Date: 26 Oct, 2024","Exam Registration Ends: 30 Aug, 2024"
https://onlinecourses.nptel.ac.in/noc24_ce84/preview,Stress and Strain Issues in Structural...,Prof. Soumyajit Mukherjee,"IIT Bombay ,NPTEL","12 Weeks
                          
                          
                              (Starts: 22-07-2024)","Enrollment Ends: 5 Aug, 2024","Exam Date: 26 Oct, 2024","Exam Registration Ends: 16 Aug, 2024"
https://onlinecourses.nptel.ac.in/noc24_ar16/preview,Sustainable Architecture,Prof. Avlokita Agrawal,"IIT Roorkee ,NPTEL","12 Weeks
                          
                          
                              (Starts: 22-07-2024)","Enrollment Ends: 5 Aug, 2024","Exam Date: 26 Oct, 2024","Exam Registration Ends: 16 Aug, 2024"
https://onlinecourses.nptel.ac.in/noc24_ce65/preview,Sustainable Transportation Systems,Prof. Bhola Ram Gurjar,"IIT Roorkee ,NPTEL","12 Weeks
                          
                          
                              (Starts: 22-07-2024)","Enrollment Ends: 5 Aug, 2024","Exam Date: 26 Oct, 2024","Exam Registration Ends: 16 Aug, 2024"
https://onlinecourses.nptel.ac.in/noc24_ag16/preview,Thermal Operations in Food Process...,Prof. Tridib Kumar Goswami,"IIT Kharagpur ,NPTEL","12 Weeks
                          
                          
                              (Starts: 22-07-2024)","Enrollment Ends: 5 Aug, 2024","Exam Date: 26 Oct, 2024","Exam Registration Ends: 16 Aug, 2024"
https://onlinecourses.nptel.ac.in/noc24_ch60/preview,Thermal Processing of Foods,Prof. R. Anandalakshmi,"IIT Guwahati ,NPTEL","12 Weeks
                          
                          
                              (Starts: 22-07-2024)","Enrollment Ends: 5 Aug, 2024","Exam Date: 26 Oct, 2024","Exam Registration Ends: 16 Aug, 2024"
https://onlinecourses.nptel.ac.in/noc24_mg88/preview,Training of Trainers,Prof. Santosh Rangnekar,"IIT Roorkee ,NPTEL","12 Weeks
                          
                          
                              (Starts: 22-07-2024)","Enrollment Ends: 5 Aug, 2024","Exam Date: 26 Oct, 2024","Exam Registration Ends: 16 Aug, 2024"
https://onlinecourses.nptel.ac.in/noc24_cy49/preview,Transition Metal Organometallic...,Prof. P. Ghosh,"IIT Bombay ,NPTEL","12 Weeks
                          
                          
                              (Starts: 22-07-2024)","Enrollment Ends: 5 Aug, 2024","Exam Date: 26 Oct, 2024","Exam Registration Ends: 16 Aug, 2024"
https://onlinecourses.nptel.ac.in/noc24_bt54/preview,Transport Phenomena in Biological...,Prof. G. K. Suraishkumar,"IIT Madras ,NPTEL","12 Weeks
                          
                          
                              (Starts: 22-07-2024)","Enrollment Ends: 5 Aug, 2024","Exam Date: 26 Oct, 2024","Exam Registration Ends: 16 Aug, 2024"
https://onlinecourses.nptel.ac.in/noc24_ch49/preview,Transport Processes I: Heat and Mass...,Prof. Kumaran V,"IISc Bangalore ,NPTEL","12 Weeks
                          
                          
                              (Starts: 22-07-2024)","Enrollment Ends: 5 Aug, 2024","Exam Date: 26 Oct, 2024","Exam Registration Ends: 16 Aug, 2024"
https://onlinecourses.nptel.ac.in/noc24_de15/preview,Understanding Incubation and...,Prof. B.K. Chakravarthy,"IIT Bombay ,NPTEL","12 Weeks
                          
                          
                              (Starts: 22-07-2024)","Enrollment Ends: 5 Aug, 2024","Exam Date: 26 Oct, 2024","Exam Registration Ends: 16 Aug, 2024"
https://onlinecourses.nptel.ac.in/noc24_ar25/preview,Understanding and Reducing Ghg...,Prof. Avlokita Agrawal,"IIT Roorkee ,NPTEL","8 Weeks
                          
                          
                              (Starts: 19-08-2024)","Enrollment Ends: 19 Aug, 2024","Exam Date: 26 Oct, 2024","Exam Registration Ends: 30 Aug, 2024"
https://onlinecourses.nptel.ac.in/noc24_ar19/preview,Urban Landuse and Transportation...,Prof. Debapratim Pandit,"IIT Kharagpur ,NPTEL","12 Weeks
                          
                          
                              (Starts: 22-07-2024)","Enrollment Ends: 5 Aug, 2024","Exam Date: 26 Oct, 2024","Exam Registration Ends: 16 Aug, 2024"
https://onlinecourses.nptel.ac.in/noc24_ar18/preview,Urban Utilities Planning : Water...,Prof. Debapratim Pandit,"IIT Kharagpur ,NPTEL","12 Weeks
                          
                          
                              (Starts: 22-07-2024)","Enrollment Ends: 5 Aug, 2024","Exam Date: 26 Oct, 2024","Exam Registration Ends: 16 Aug, 2024"
https://onlinecourses.nptel.ac.in/noc24_ar17/preview,Urban governance and Development...,Prof. Uttam Kumar Roy,"IIT Roorkee ,NPTEL","12 Weeks
                          
                          
                              (Starts: 22-07-2024)","Enrollment Ends: 5 Aug, 2024","Exam Date: 26 Oct, 2024","Exam Registration Ends: 16 Aug, 2024"
https://onlinecourses.nptel.ac.in/noc24_ee102/preview,VLSI Design Flow: RTL to GDS,Prof. Sneh Saurabh,"IIIT Delhi ,NPTEL","12 Weeks
                          
                          
                              (Starts: 22-07-2024)","Enrollment Ends: 5 Aug, 2024","Exam Date: 26 Oct, 2024","Exam Registration Ends: 16 Aug, 2024"
https://onlinecourses.nptel.ac.in/noc24_bt59/preview,Wild Life Ecology,Prof. Ankur Awadhiya,"IIT Kanpur ,NPTEL","12 Weeks
                          
                          
                              (Starts: 22-07-2024)","Enrollment Ends: 5 Aug, 2024","Exam Date: 26 Oct, 2024","Exam Registration Ends: 16 Aug, 2024"
https://onlinecourses.nptel.ac.in/noc24_ee125/preview,A Basic Course on Electric and Magnetic...,Prof. Ashok Kumar Pradhan,IIT Kharagpur,"12 Weeks
                          
                          
                              (Starts: 22-07-2024)","Enrollment Ends: 5 Aug, 2024","Exam Date: 27 Oct, 2024","Exam Registration Ends: 16 Aug, 2024"
https://onlinecourses.nptel.ac.in/noc24_cs99/preview,Advanced Distributed Systems,Prof. Smruti Ranjan Sarangi,IIT Delhi,"12 Weeks
                          
                          
                              (Starts: 22-07-2024)","Enrollment Ends: 5 Aug, 2024","Exam Date: 27 Oct, 2024","Exam Registration Ends: 16 Aug, 2024"
https://onlinecourses.nptel.ac.in/noc24_ce99/preview,Advanced Reinforced Concrete Design,Prof. S. Suriya Prakash,IIT Hyderabad,"12 Weeks
                          
                          
                              (Starts: 22-07-2024)","Enrollment Ends: 5 Aug, 2024","Exam Date: 27 Oct, 2024","Exam Registration Ends: 16 Aug, 2024"
https://onlinecourses.nptel.ac.in/noc24_cy55/preview,Advanced Transition Metal Chemistry,Prof. M. S. Balakrishna,IIT Bombay,"12 Weeks
                          
                          
                              (Starts: 22-07-2024)","Enrollment Ends: 5 Aug, 2024","Exam Date: 27 Oct, 2024","Exam Registration Ends: 16 Aug, 2024"
https://onlinecourses.nptel.ac.in/noc24_cs109/preview,Algorithmic Game Theory,Prof. Palash Dey,IIT Kharagpur,"12 Weeks
                          
                          
                              (Starts: 22-07-2024)","Enrollment Ends: 5 Aug, 2024","Exam Date: 27 Oct, 2024","Exam Registration Ends: 16 Aug, 2024"
https://onlinecourses.nptel.ac.in/noc24_ce100/preview,"An Introduction to Climate Dynamics,...",Prof. Sayak Banerjee,IIT Hyderabad,"12 Weeks
                          
                          
                              (Starts: 22-07-2024)","Enrollment Ends: 5 Aug, 2024","Exam Date: 27 Oct, 2024","Exam Registration Ends: 16 Aug, 2024"
https://onlinecourses.nptel.ac.in/noc24_ee111/preview,Analog VLSI Design,Prof. Imon Mondal,IIT Kanpur,"12 Weeks
                          
                          
                              (Starts: 22-07-2024)","Enrollment Ends: 5 Aug, 2024","Exam Date: 27 Oct, 2024","Exam Registration Ends: 16 Aug, 2024"
https://onlinecourses.nptel.ac.in/noc24_ee150/preview,Analysis And Design Principles Of...,Prof. Amitabha Bhattacharya,IIT Kharagpur,"8 Weeks
                          
                          
                              (Starts: 19-08-2024)","Enrollment Ends: 19 Aug, 2024","Exam Date: 27 Oct, 2024","Exam Registration Ends: 30 Aug, 2024"
https://onlinecourses.nptel.ac.in/noc24_cs104/preview,Applied Accelerated Artificial...,"Prof. Satyajit Das, Prof. Satyadhyan Chickerur,...","IIT Palakkad, KLE Technological University, NVIDIA","12 Weeks
                          
                          
                              (Starts: 22-07-2024)","Enrollment Ends: 5 Aug, 2024","Exam Date: 27 Oct, 2024","Exam Registration Ends: 16 Aug, 2024"
https://onlinecourses.nptel.ac.in/noc24_ee120/preview,Applied Electromagnetics for Engineers,Prof. Pradeep Kumar K,IIT Kanpur,"12 Weeks
                          
                          
                              (Starts: 22-07-2024)","Enrollment Ends: 5 Aug, 2024","Exam Date: 27 Oct, 2024","Exam Registration Ends: 16 Aug, 2024"
https://onlinecourses.nptel.ac.in/noc24_me103/preview,Applied Thermodynamics,"Prof. Niranjan Sahoo, Prof. Pranab K. Mondal",IIT Guwahati,"12 Weeks
                          
                          
                              (Starts: 22-07-2024)","Enrollment Ends: 5 Aug, 2024","Exam Date: 27 Oct, 2024","Exam Registration Ends: 16 Aug, 2024"
https://onlinecourses.nptel.ac.in/noc24_me104/preview,Basics of Mechanical Engineering - 1,"Prof. Janakranjan Ramkumar, Prof. Amandeep Singh...",IIT Kanpur,"12 Weeks
                          
                          
                              (Starts: 22-07-2024)","Enrollment Ends: 5 Aug, 2024","Exam Date: 27 Oct, 2024","Exam Registration Ends: 16 Aug, 2024"
https://onlinecourses.nptel.ac.in/noc24_me150/preview,Biomechanics of Joints and Orthopaedic...,Prof. Sanjay Gupta,IIT Kharagpur,"8 Weeks
                          
                          
                              (Starts: 19-08-2024)","Enrollment Ends: 19 Aug, 2024","Exam Date: 27 Oct, 2024","Exam Registration Ends: 30 Aug, 2024"
https://onlinecourses.nptel.ac.in/noc24_ar20/preview,Building Materials as a Cornerstone to...,Prof. Iyer Vijayalaxmi Kasinath,"School of Planning and Architecture, Vijayawada, An...","12 Weeks
                          
                          
                              (Starts: 22-07-2024)","Enrollment Ends: 5 Aug, 2024","Exam Date: 27 Oct, 2024","Exam Registration Ends: 16 Aug, 2024"
https://onlinecourses.nptel.ac.in/noc24_mg124/preview,Business Marketing - Technology Focus,Prof. Jayanta Chatterjee,IIT Kanpur,"8 Weeks
                          
                          
                              (Starts: 19-08-2024)","Enrollment Ends: 19 Aug, 2024","Exam Date: 27 Oct, 2024","Exam Registration Ends: 30 Aug, 2024"
https://onlinecourses.nptel.ac.in/noc24_cs128/preview,C Programming and Assembly Language,Prof. Janakiraman,IIT Madras,"4 Weeks
                          
                          
                              (Starts: 19-08-2024)","Enrollment Ends: 19 Aug, 2024","Exam Date: 27 Oct, 2024","Exam Registration Ends: 30 Aug, 2024"
https://onlinecourses.nptel.ac.in/noc24_ma63/preview,Category Theory,Prof. Amit Kuber,IIT Kanpur,"12 Weeks
                          
                          
                              (Starts: 22-07-2024)","Enrollment Ends: 5 Aug, 2024","Exam Date: 27 Oct, 2024","Exam Registration Ends: 16 Aug, 2024"
https://onlinecourses.nptel.ac.in/noc24_ch69/preview,Chemical Reaction Engineering-I,Prof. Bishnupada Mandal,IIT Guwahati,"12 Weeks
                          
                          
                              (Starts: 22-07-2024)","Enrollment Ends: 5 Aug, 2024","Exam Date: 27 Oct, 2024","Exam Registration Ends: 16 Aug, 2024"
https://onlinecourses.nptel.ac.in/noc24_cy53/preview,Circular Dichroism (CD) and Mossbauer...,Prof. Arnab Dutta,IIT Bombay,"12 Weeks
                          
                          
                              (Starts: 22-07-2024)","Enrollment Ends: 5 Aug, 2024","Exam Date: 27 Oct, 2024","Exam Registration Ends: 16 Aug, 2024"
https://onlinecourses.nptel.ac.in/noc24_hs118/preview,Classical Sociological Theory,Prof. R. Santhosh,IIT Madras,"12 Weeks
                          
                          
                              (Starts: 22-07-2024)","Enrollment Ends: 5 Aug, 2024","Exam Date: 27 Oct, 2024","Exam Registration Ends: 16 Aug, 2024"
https://onlinecourses.nptel.ac.in/noc24_cy54/preview,Classics in Total Synthesis - I,Prof. Krishna P Kaliappan,IIT Bombay,"12 Weeks
                          
                          
                              (Starts: 22-07-2024)","Enrollment Ends: 5 Aug, 2024","Exam Date: 27 Oct, 2024","Exam Registration Ends: 16 Aug, 2024"
https://onlinecourses.nptel.ac.in/noc24_ma83/preview,Combinatorics,Prof. Narayanan N,IIT Madras,"12 Weeks
                          
                          
                              (Starts: 22-07-2024)","Enrollment Ends: 5 Aug, 2024","Exam Date: 27 Oct, 2024","Exam Registration Ends: 16 Aug, 2024"
https://onlinecourses.nptel.ac.in/noc24_cs106/preview,Computational Complexity,Prof. Subrahmanyam Kalyanasundaram,IIT Hyderabad,"12 Weeks
                          
                          
                              (Starts: 22-07-2024)","Enrollment Ends: 5 Aug, 2024","Exam Date: 27 Oct, 2024","Exam Registration Ends: 16 Aug, 2024"
https://onlinecourses.nptel.ac.in/noc24_cy52/preview,Concepts of Chemistry for Engineering,"Prof. Anindya Datta, Prof. Debabrata Maiti, Prof....",IIT Bombay,"12 Weeks
                          
                          
                              (Starts: 22-07-2024)","Enrollment Ends: 5 Aug, 2024","Exam Date: 27 Oct, 2024","Exam Registration Ends: 16 Aug, 2024"
https://onlinecourses.nptel.ac.in/noc24_hs164/preview,Countering Stage Fright,Prof. Smita Jha,IIT Roorkee,"4 Weeks
                          
                          
                              (Starts: 19-08-2024)","Enrollment Ends: 19 Aug, 2024","Exam Date: 27 Oct, 2024","Exam Registration Ends: 30 Aug, 2024"
https://onlinecourses.nptel.ac.in/noc24_mg126/preview,Customer Relationship Management,Prof. Swagato Chatterjee,IIT Kharagpur,"8 Weeks
                          
                          
                              (Starts: 19-08-2024)","Enrollment Ends: 19 Aug, 2024","Exam Date: 27 Oct, 2024","Exam Registration Ends: 30 Aug, 2024"
https://onlinecourses.nptel.ac.in/noc24_bt77/preview,Design for Biosecurity,Prof. Mainak Das,IIT Kanpur,"12 Weeks
                          
                          
                              (Starts: 22-07-2024)","Enrollment Ends: 5 Aug, 2024","Exam Date: 27 Oct, 2024","Exam Registration Ends: 16 Aug, 2024"
https://onlinecourses.nptel.ac.in/noc24_ee109/preview,Design of Photovoltaic Systems,Prof. L Umanand,IISc Bangalore,"12 Weeks
                          
                          
                              (Starts: 22-07-2024)","Enrollment Ends: 5 Aug, 2024","Exam Date: 27 Oct, 2024","Exam Registration Ends: 16 Aug, 2024"
https://onlinecourses.nptel.ac.in/noc24_hs176/preview,Developing Soft Skills and Personality,Prof. T. Ravichandran,IIT Kanpur,"8 Weeks
                          
                          
                              (Starts: 19-08-2024)","Enrollment Ends: 19 Aug, 2024","Exam Date: 27 Oct, 2024","Exam Registration Ends: 30 Aug, 2024"
https://onlinecourses.nptel.ac.in/noc24_cs98/preview,Discrete Mathematics,Prof. Ashish Choudhury,IIIT Bangalore,"12 Weeks
                          
                          
                              (Starts: 22-07-2024)","Enrollment Ends: 5 Aug, 2024","Exam Date: 27 Oct, 2024","Exam Registration Ends: 16 Aug, 2024"
https://onlinecourses.nptel.ac.in/noc24_bt62/preview,Drug Delivery: Principles and...,Prof. Rachit Agarwal,IISc Bangalore,"12 Weeks
                          
                          
                              (Starts: 22-07-2024)","Enrollment Ends: 5 Aug, 2024","Exam Date: 27 Oct, 2024","Exam Registration Ends: 16 Aug, 2024"
https://onlinecourses.nptel.ac.in/noc24_ma62/preview,EXCELing with Mathematical Modeling,Prof. Sandip Banerjee,IIT Roorkee,"12 Weeks
                          
                          
                              (Starts: 22-07-2024)","Enrollment Ends: 5 Aug, 2024","Exam Date: 27 Oct, 2024","Exam Registration Ends: 16 Aug, 2024"
https://onlinecourses.nptel.ac.in/noc24_ce96/preview,Earthquake Seismology,Prof. Mohit Agrawal,IIT-ISM Dhanbad,"12 Weeks
                          
                          
                              (Starts: 22-07-2024)","Enrollment Ends: 5 Aug, 2024","Exam Date: 27 Oct, 2024","Exam Registration Ends: 16 Aug, 2024"
https://onlinecourses.nptel.ac.in/noc24_ec11/preview,Economics of Banking and Finance...,Prof. Sukumar Vellakkal,IIT Kanpur,"12 Weeks
                          
                          
                              (Starts: 22-07-2024)","Enrollment Ends: 5 Aug, 2024","Exam Date: 27 Oct, 2024","Exam Registration Ends: 16 Aug, 2024"
https://onlinecourses.nptel.ac.in/noc24_ec14/preview,Economics of Innovation,Prof. Ruchi Sharma,IIT Indore,"12 Weeks
                          
                          
                              (Starts: 22-07-2024)","Enrollment Ends: 5 Aug, 2024","Exam Date: 27 Oct, 2024","Exam Registration Ends: 16 Aug, 2024"
https://onlinecourses.nptel.ac.in/noc24_ee117/preview,Electrical Measurement and Electronic...,Prof. Avishek Chatterjee,IIT Kharagpur,"12 Weeks
                          
                          
                              (Starts: 22-07-2024)","Enrollment Ends: 5 Aug, 2024","Exam Date: 27 Oct, 2024","Exam Registration Ends: 16 Aug, 2024"
https://onlinecourses.nptel.ac.in/noc24_ee127/preview,Electronic Systems Design: Hands-on...,Prof. Ankur Gupta,IIT Delhi,"12 Weeks
                          
                          
                              (Starts: 22-07-2024)","Enrollment Ends: 5 Aug, 2024","Exam Date: 27 Oct, 2024","Exam Registration Ends: 16 Aug, 2024"
https://onlinecourses.nptel.ac.in/noc24_ee107/preview,Electronic Systems for Cancer Diagnosis,Prof. Hardik Jeetendra Pandya,IISc Bangalore,"12 Weeks
                          
                          
                              (Starts: 22-07-2024)","Enrollment Ends: 5 Aug, 2024","Exam Date: 27 Oct, 2024","Exam Registration Ends: 16 Aug, 2024"
https://onlinecourses.nptel.ac.in/noc24_ee110/preview,Enclosure Design of Electronics...,Prof. N.V.Chalapathi Rao,IISc Bangalore,"12 Weeks
                          
                          
                              (Starts: 22-07-2024)","Enrollment Ends: 5 Aug, 2024","Exam Date: 27 Oct, 2024","Exam Registration Ends: 16 Aug, 2024"
https://onlinecourses.nptel.ac.in/noc24_ce97/preview,Engineering Geology,Prof. R. K. Dubey,IIT(ISM) Dhanbad,"12 Weeks
                          
                          
                              (Starts: 22-07-2024)","Enrollment Ends: 5 Aug, 2024","Exam Date: 27 Oct, 2024","Exam Registration Ends: 16 Aug, 2024"
https://onlinecourses.nptel.ac.in/noc24_me99/preview,Engineering Metrology,"Prof. J. Ramkumar, Prof. Amandeep Singh Oberoi",IIT Kanpur,"12 Weeks
                          
                          
                              (Starts: 22-07-2024)","Enrollment Ends: 5 Aug, 2024","Exam Date: 27 Oct, 2024","Exam Registration Ends: 16 Aug, 2024"
https://onlinecourses.nptel.ac.in/noc24_mg93/preview,Entrepreneurship,Prof. C Bhaktavatsala Rao,IIT Madras,"12 Weeks
                          
                          
                              (Starts: 22-07-2024)","Enrollment Ends: 5 Aug, 2024","Exam Date: 27 Oct, 2024","Exam Registration Ends: 16 Aug, 2024"
https://onlinecourses.nptel.ac.in/noc24_ec12/preview,Environmental & Resource Economics,Prof. Sabuj Kumar Mandal,IIT Madras,"12 Weeks
                          
                          
                              (Starts: 22-07-2024)","Enrollment Ends: 5 Aug, 2024","Exam Date: 27 Oct, 2024","Exam Registration Ends: 16 Aug, 2024"
https://onlinecourses.nptel.ac.in/noc24_bt66/preview,Environmental Biotechnology,Prof. Pinaki Sar,IIT Kharagpur,"12 Weeks
                          
                          
                              (Starts: 22-07-2024)","Enrollment Ends: 5 Aug, 2024","Exam Date: 27 Oct, 2024","Exam Registration Ends: 16 Aug, 2024"
https://onlinecourses.nptel.ac.in/noc24_ce87/preview,Environmental Chemistry,Prof. Bhanu Prakash Vellanki,IIT Roorkee,"12 Weeks
                          
                          
                              (Starts: 22-07-2024)","Enrollment Ends: 5 Aug, 2024","Exam Date: 27 Oct, 2024","Exam Registration Ends: 16 Aug, 2024"
https://onlinecourses.nptel.ac.in/noc24_ce88/preview,Environmental Modeling and Simulation,Prof. Gargi Singh,IIT Roorkee,"12 Weeks
                          
                          
                              (Starts: 22-07-2024)","Enrollment Ends: 5 Aug, 2024","Exam Date: 27 Oct, 2024","Exam Registration Ends: 16 Aug, 2024"
https://onlinecourses.nptel.ac.in/noc24_de17/preview,Ergonomics Research Techniques,Prof. Urmi R. Salve,IIT Guwahati,"12 Weeks
                          
                          
                              (Starts: 22-07-2024)","Enrollment Ends: 5 Aug, 2024","Exam Date: 27 Oct, 2024","Exam Registration Ends: 16 Aug, 2024"
https://onlinecourses.nptel.ac.in/noc24_bt65/preview,Experimental Biotechnology,Prof. Vishal Trivedi,IIT Guwahati,"12 Weeks
                          
                          
                              (Starts: 22-07-2024)","Enrollment Ends: 5 Aug, 2024","Exam Date: 27 Oct, 2024","Exam Registration Ends: 16 Aug, 2024"
https://onlinecourses.nptel.ac.in/noc24_ee108/preview,Fabrication Techniques for MEMs-Based...,Prof. Hardik Jeetendra Pandya,IISc Bangalore,"12 Weeks
                          
                          
                              (Starts: 22-07-2024)","Enrollment Ends: 5 Aug, 2024","Exam Date: 27 Oct, 2024","Exam Registration Ends: 16 Aug, 2024"
https://onlinecourses.nptel.ac.in/noc24_ag14/preview,Farm Machinery,Prof. V. K. Tewari,IIT Kharagpur,"12 Weeks
                          
                          
                              (Starts: 22-07-2024)","Enrollment Ends: 5 Aug, 2024","Exam Date: 27 Oct, 2024","Exam Registration Ends: 16 Aug, 2024"
https://onlinecourses.nptel.ac.in/noc24_ce98/preview,Finite Element Analysis and...,Prof. K.Rajagopal,Andhra University,"12 Weeks
                          
                          
                              (Starts: 22-07-2024)","Enrollment Ends: 5 Aug, 2024","Exam Date: 27 Oct, 2024","Exam Registration Ends: 16 Aug, 2024"
https://onlinecourses.nptel.ac.in/noc24_ce85/preview,Finite Element Method and Computational...,Prof. Manish Shrikhande,IIT Roorkee,"12 Weeks
                          
                          
                              (Starts: 22-07-2024)","Enrollment Ends: 5 Aug, 2024","Exam Date: 27 Oct, 2024","Exam Registration Ends: 16 Aug, 2024"
https://onlinecourses.nptel.ac.in/noc24_me105/preview,Finite Element Method: Variational...,"Prof. Atanu Banerjee , Prof. Arup Nandy",IIT Guwahati,"12 Weeks
                          
                          
                              (Starts: 22-07-2024)","Enrollment Ends: 5 Aug, 2024","Exam Date: 27 Oct, 2024","Exam Registration Ends: 16 Aug, 2024"
https://onlinecourses.nptel.ac.in/noc24_ch64/preview,Fluid and Particle Mechanics,"Prof. Sumesh, Prof. Basavaraj Madivala Gurappa",IIT Madras,"12 Weeks
                          
                          
                              (Starts: 22-07-2024)","Enrollment Ends: 5 Aug, 2024","Exam Date: 27 Oct, 2024","Exam Registration Ends: 16 Aug, 2024"
https://onlinecourses.nptel.ac.in/noc24_ce112/preview,Foundation Engineering,Prof. Kousik Deb,IIT Kharagpur,"12 Weeks
                          
                          
                              (Starts: 22-07-2024)","Enrollment Ends: 5 Aug, 2024","Exam Date: 27 Oct, 2024","Exam Registration Ends: 16 Aug, 2024"
https://onlinecourses.nptel.ac.in/noc24_me106/preview,Fundamentals of Acoustics,Prof. Venkata R. Sonti,IISc Bangalore,"12 Weeks
                          
                          
                              (Starts: 22-07-2024)","Enrollment Ends: 5 Aug, 2024","Exam Date: 27 Oct, 2024","Exam Registration Ends: 16 Aug, 2024"
https://onlinecourses.nptel.ac.in/noc24_ee114/preview,Fundamentals of Nano and Quantum...,"Prof. Naresh Kumar Emani, Prof. Jinal Tapar",IIT Hyderabad,"12 Weeks
                          
                          
                              (Starts: 22-07-2024)","Enrollment Ends: 5 Aug, 2024","Exam Date: 27 Oct, 2024","Exam Registration Ends: 16 Aug, 2024"
https://onlinecourses.nptel.ac.in/noc24_hs174/preview,Gender and Literature,Prof. Avishek Parui,IIT Madras,"8 Weeks
                          
                          
                              (Starts: 19-08-2024)","Enrollment Ends: 19 Aug, 2024","Exam Date: 27 Oct, 2024","Exam Registration Ends: 30 Aug, 2024"
https://onlinecourses.nptel.ac.in/noc24_ce89/preview,Geotechnical Engineering - II,Prof. D. N. Singh,IIT Bombay,"12 Weeks
                          
                          
                              (Starts: 22-07-2024)","Enrollment Ends: 5 Aug, 2024","Exam Date: 27 Oct, 2024","Exam Registration Ends: 16 Aug, 2024"
https://onlinecourses.nptel.ac.in/noc24_hs123/preview,German - III,Prof. Milind Brahme,IIT Madras,"12 Weeks
                          
                          
                              (Starts: 22-07-2024)","Enrollment Ends: 5 Aug, 2024","Exam Date: 27 Oct, 2024","Exam Registration Ends: 16 Aug, 2024"
https://onlinecourses.nptel.ac.in/noc24_cs103/preview,Getting Started with Competitive...,Prof. Neeldhara Misra,IIT Gandhinagar,"12 Weeks
                          
                          
                              (Starts: 22-07-2024)","Enrollment Ends: 5 Aug, 2024","Exam Date: 27 Oct, 2024","Exam Registration Ends: 16 Aug, 2024"
https://onlinecourses.nptel.ac.in/noc24_cs131/preview,Google Cloud Computing Foundations,Prof. Soumya Kanti Ghosh,IIT Kharagpur,"8 Weeks
                          
                          
                              (Starts: 19-08-2024)","Enrollment Ends: 19 Aug, 2024","Exam Date: 27 Oct, 2024","Exam Registration Ends: 30 Aug, 2024"
https://onlinecourses.nptel.ac.in/noc24_ce94/preview,Ground Improvement,Prof. Dilip Kumar Baidya,IIT Kharagpur,"12 Weeks
                          
                          
                              (Starts: 22-07-2024)","Enrollment Ends: 5 Aug, 2024","Exam Date: 27 Oct, 2024","Exam Registration Ends: 16 Aug, 2024"
https://onlinecourses.nptel.ac.in/noc24_hs125/preview,Human Resource Development,Prof. KBL Srivastava,IIT Kharagpur,"12 Weeks
                          
                          
                              (Starts: 22-07-2024)","Enrollment Ends: 5 Aug, 2024","Exam Date: 27 Oct, 2024","Exam Registration Ends: 16 Aug, 2024"
https://onlinecourses.nptel.ac.in/noc24_bt63/preview,Immunology,"Prof. Sudip Kumar Ghosh, Prof. Agneyo Ganguly",IIT Kharagpur,"12 Weeks
                          
                          
                              (Starts: 22-07-2024)","Enrollment Ends: 5 Aug, 2024","Exam Date: 27 Oct, 2024","Exam Registration Ends: 16 Aug, 2024"
https://onlinecourses.nptel.ac.in/noc24_ce102/preview,"Indoor Air Pollution: Sources, Effects,...",Prof. Asif Qureshi,IIT Hyderabad,"12 Weeks
                          
                          
                              (Starts: 22-07-2024)","Enrollment Ends: 5 Aug, 2024","Exam Date: 27 Oct, 2024","Exam Registration Ends: 16 Aug, 2024"
https://onlinecourses.nptel.ac.in/noc24_lw12/preview,Intellectual Property Disputes: Court...,Prof. Gouri Gargate,IIT Kharagpur,"8 Weeks
                          
                          
                              (Starts: 19-08-2024)","Enrollment Ends: 19 Aug, 2024","Exam Date: 27 Oct, 2024","Exam Registration Ends: 30 Aug, 2024"
https://onlinecourses.nptel.ac.in/noc24_ge62/preview,Intellectual Property Portfolio...,Prof. Rajat Agrawal,IIT Roorkee,"8 Weeks
                          
                          
                              (Starts: 19-08-2024)","Enrollment Ends: 19 Aug, 2024","Exam Date: 27 Oct, 2024","Exam Registration Ends: 30 Aug, 2024"
https://onlinecourses.nptel.ac.in/noc24_mg125/preview,Intellectual Property Rights and...,"Prof. KD Raju, Prof. Niharika Sahoo Bhattacharya",IIT Kharagpur,"8 Weeks
                          
                          
                              (Starts: 19-08-2024)","Enrollment Ends: 19 Aug, 2024","Exam Date: 27 Oct, 2024","Exam Registration Ends: 30 Aug, 2024"
https://onlinecourses.nptel.ac.in/noc24_ge60/preview,Intelligent Feedback and Control,Prof. Leena Vachhani,IIT Bombay,"4 Weeks
                          
                          
                              (Starts: 19-08-2024)","Enrollment Ends: 19 Aug, 2024","Exam Date: 27 Oct, 2024","Exam Registration Ends: 30 Aug, 2024"
https://onlinecourses.nptel.ac.in/noc24_hs177/preview,Introduction to Advanced Cognitive...,Prof. Ark Verma,IIT Kanpur,"8 Weeks
                          
                          
                              (Starts: 19-08-2024)","Enrollment Ends: 19 Aug, 2024","Exam Date: 27 Oct, 2024","Exam Registration Ends: 30 Aug, 2024"
https://onlinecourses.nptel.ac.in/noc24_ae21/preview,Introduction to Airbreathing Propulsion,Prof. Ashoke De,IIT Kanpur,"12 Weeks
                          
                          
                              (Starts: 22-07-2024)","Enrollment Ends: 5 Aug, 2024","Exam Date: 27 Oct, 2024","Exam Registration Ends: 16 Aug, 2024"
https://onlinecourses.nptel.ac.in/noc24_hs121/preview,Introduction to Japanese Language and...,Prof. Vatsala Misra,IIT Kanpur,"12 Weeks
                          
                          
                              (Starts: 22-07-2024)","Enrollment Ends: 5 Aug, 2024","Exam Date: 27 Oct, 2024","Exam Registration Ends: 16 Aug, 2024"
https://onlinecourses.nptel.ac.in/noc24_cs101/preview,Introduction to Machine Learning,Prof. Balaraman Ravindran,IIT Madras,"12 Weeks
                          
                          
                              (Starts: 22-07-2024)","Enrollment Ends: 5 Aug, 2024","Exam Date: 27 Oct, 2024","Exam Registration Ends: 16 Aug, 2024"
https://onlinecourses.nptel.ac.in/noc24_ec10/preview,Introduction to Microeconomics in Hindi...,Prof. Vimal Kumar,IIT Kanpur,"12 Weeks
                          
                          
                              (Starts: 22-07-2024)","Enrollment Ends: 5 Aug, 2024","Exam Date: 27 Oct, 2024","Exam Registration Ends: 16 Aug, 2024"
https://onlinecourses.nptel.ac.in/noc24_ch65/preview,Introduction to Polymer Physics,Prof. Prateek Kumar Jha,IIT Roorkee,"12 Weeks
                          
                          
                              (Starts: 22-07-2024)","Enrollment Ends: 5 Aug, 2024","Exam Date: 27 Oct, 2024","Exam Registration Ends: 16 Aug, 2024"
https://onlinecourses.nptel.ac.in/noc24_cs110/preview,Machine Learning (ML) in Hindi,Prof. Anubha Gupta,IIIT Delhi,"12 Weeks
                          
                          
                              (Starts: 22-07-2024)","Enrollment Ends: 5 Aug, 2024","Exam Date: 27 Oct, 2024","Exam Registration Ends: 16 Aug, 2024"
https://onlinecourses.nptel.ac.in/noc24_mg96/preview,Management Information System,"Prof. Kunal Kanti Ghosh, Prof. Saini Das, Prof....",IIT Kharagpur,"12 Weeks
                          
                          
                              (Starts: 22-07-2024)","Enrollment Ends: 5 Aug, 2024","Exam Date: 27 Oct, 2024","Exam Registration Ends: 16 Aug, 2024"
https://onlinecourses.nptel.ac.in/noc24_me100/preview,Manufacturing Systems Technology I & II,Prof. Shantanu Bhattacharya,IIT Kanpur,"12 Weeks
                          
                          
                              (Starts: 22-07-2024)","Enrollment Ends: 5 Aug, 2024","Exam Date: 27 Oct, 2024","Exam Registration Ends: 16 Aug, 2024"
https://onlinecourses.nptel.ac.in/noc24_ch68/preview,Mass Transfer Operations II,Prof. Chandan Das,IIT Guwahati,"12 Weeks
                          
                          
                              (Starts: 22-07-2024)","Enrollment Ends: 5 Aug, 2024","Exam Date: 27 Oct, 2024","Exam Registration Ends: 16 Aug, 2024"
https://onlinecourses.nptel.ac.in/noc24_me108/preview,"Materials Processing (Casting, Forming...",Prof. Swarup Bag,IIT Guwahati,"12 Weeks
                          
                          
                              (Starts: 22-07-2024)","Enrollment Ends: 5 Aug, 2024","Exam Date: 27 Oct, 2024","Exam Registration Ends: 16 Aug, 2024"
https://onlinecourses.nptel.ac.in/noc24_ma61/preview,Mathematics for Machine Learning,"Prof. Debjani Chakraborty, Prof. Debashree Guha...",IIT Kharagpur,"12 Weeks
                          
                          
                              (Starts: 22-07-2024)","Enrollment Ends: 5 Aug, 2024","Exam Date: 27 Oct, 2024","Exam Registration Ends: 16 Aug, 2024"
https://onlinecourses.nptel.ac.in/noc24_ce76/preview,Mechanics of Solids,Prof. Priyanka Ghosh,IIT Kanpur,"12 Weeks
                          
                          
                              (Starts: 22-07-2024)","Enrollment Ends: 5 Aug, 2024","Exam Date: 27 Oct, 2024","Exam Registration Ends: 16 Aug, 2024"
https://onlinecourses.nptel.ac.in/noc24_ee115/preview,Microwave Engineering,Prof. Ratnajit Bhattacharjee,IIT Guwahati,"12 Weeks
                          
                          
                              (Starts: 22-07-2024)","Enrollment Ends: 5 Aug, 2024","Exam Date: 27 Oct, 2024","Exam Registration Ends: 16 Aug, 2024"
https://onlinecourses.nptel.ac.in/noc24_ee121/preview,"Modeling, Analysis and Estimation of...",Prof. Biswarup Das,IIT Roorkee,"12 Weeks
                          
                          
                              (Starts: 22-07-2024)","Enrollment Ends: 5 Aug, 2024","Exam Date: 27 Oct, 2024","Exam Registration Ends: 16 Aug, 2024"
https://onlinecourses.nptel.ac.in/noc24_ee119/preview,Modern Digital Communication Techniques,Prof. Suvra Sekhar Das,IIT Kharagpur,"12 Weeks
                          
                          
                              (Starts: 22-07-2024)","Enrollment Ends: 5 Aug, 2024","Exam Date: 27 Oct, 2024","Exam Registration Ends: 16 Aug, 2024"
https://onlinecourses.nptel.ac.in/noc24_cy56/preview,NMR spectroscopy for Chemists and...,"Prof. Ashutosh Kumar, Prof. R. V Hosur",IIT Bombay,"12 Weeks
                          
                          
                              (Starts: 22-07-2024)","Enrollment Ends: 5 Aug, 2024","Exam Date: 27 Oct, 2024","Exam Registration Ends: 16 Aug, 2024"
https://onlinecourses.nptel.ac.in/noc24_ag17/preview,Natural Resources Management,Prof. Sudip Mitra,IIT Guwahati,"12 Weeks
                          
                          
                              (Starts: 22-07-2024)","Enrollment Ends: 5 Aug, 2024","Exam Date: 27 Oct, 2024","Exam Registration Ends: 16 Aug, 2024"
https://onlinecourses.nptel.ac.in/noc24_bt64/preview,Next Generation Sequencing Technologies...,Prof. Riddhiman Dhar,IIT Kharagpur,"12 Weeks
                          
                          
                              (Starts: 22-07-2024)","Enrollment Ends: 5 Aug, 2024","Exam Date: 27 Oct, 2024","Exam Registration Ends: 16 Aug, 2024"
https://onlinecourses.nptel.ac.in/noc24_ee128/preview,Nonlinear Dynamical Systems and Control,Prof. Vijaysekhar Chellaboina,IIT Madras,"12 Weeks
                          
                          
                              (Starts: 22-07-2024)","Enrollment Ends: 5 Aug, 2024","Exam Date: 27 Oct, 2024","Exam Registration Ends: 16 Aug, 2024"
https://onlinecourses.nptel.ac.in/noc24_cs108/preview,Operating System Fundamentals,Prof. Santanu Chattopadhyay,IIT Kharagpur,"12 Weeks
                          
                          
                              (Starts: 22-07-2024)","Enrollment Ends: 5 Aug, 2024","Exam Date: 27 Oct, 2024","Exam Registration Ends: 16 Aug, 2024"
https://onlinecourses.nptel.ac.in/noc24_ce92/preview,Optimization Methods for Civil...,Prof. Rajib Kumar Bhattacharjya,IIT Guwahati,"12 Weeks
                          
                          
                              (Starts: 22-07-2024)","Enrollment Ends: 5 Aug, 2024","Exam Date: 27 Oct, 2024","Exam Registration Ends: 16 Aug, 2024"
https://onlinecourses.nptel.ac.in/noc24_ee122/preview,Optimization Theory and Algorithms,Prof. Uday Khankhoje,IIT Madras,"12 Weeks
                          
                          
                              (Starts: 22-07-2024)","Enrollment Ends: 5 Aug, 2024","Exam Date: 27 Oct, 2024","Exam Registration Ends: 16 Aug, 2024"
https://onlinecourses.nptel.ac.in/noc24_ee118/preview,Pattern Recognition and Application,Prof. Prabir Kumar Biswas,IIT Kharagpur,"12 Weeks
                          
                          
                              (Starts: 22-07-2024)","Enrollment Ends: 5 Aug, 2024","Exam Date: 27 Oct, 2024","Exam Registration Ends: 16 Aug, 2024"
https://onlinecourses.nptel.ac.in/noc24_ch63/preview,Petroleum Formation Evaluation,"Prof. Neetish Kumar Maurya, Prof. Sayantan Ghosh",IIT(ISM) Dhanbad,"12 Weeks
                          
                          
                              (Starts: 22-07-2024)","Enrollment Ends: 5 Aug, 2024","Exam Date: 27 Oct, 2024","Exam Registration Ends: 16 Aug, 2024"
https://onlinecourses.nptel.ac.in/noc24_ee129/preview,Photonic Crystals: Fundamentals &...,Prof. Debabrata Sikdar,IIT Guwahati,"12 Weeks
                          
                          
                              (Starts: 22-07-2024)","Enrollment Ends: 5 Aug, 2024","Exam Date: 27 Oct, 2024","Exam Registration Ends: 16 Aug, 2024"
https://onlinecourses.nptel.ac.in/noc24_ph29/preview,Physics of Renewable Energy Systems,Prof. Amreesh Chandra,IIT Kharagpur,"12 Weeks
                          
                          
                              (Starts: 22-07-2024)","Enrollment Ends: 5 Aug, 2024","Exam Date: 27 Oct, 2024","Exam Registration Ends: 16 Aug, 2024"
https://onlinecourses.nptel.ac.in/noc24_hs179/preview,Posthumanism: An Introduction,Prof. Pramod K. Nayar,University of Hyderabad,"8 Weeks
                          
                          
                              (Starts: 19-08-2024)","Enrollment Ends: 19 Aug, 2024","Exam Date: 27 Oct, 2024","Exam Registration Ends: 30 Aug, 2024"
https://onlinecourses.nptel.ac.in/noc24_mm34/preview,Powder Metallurgy,Prof. Ranjit Bauri,IIT Madras,"12 Weeks
                          
                          
                              (Starts: 22-07-2024)","Enrollment Ends: 5 Aug, 2024","Exam Date: 27 Oct, 2024","Exam Registration Ends: 16 Aug, 2024"
https://onlinecourses.nptel.ac.in/noc24_ee130/preview,Power Electronics Applications in Power...,Prof. Sanjib Ganguly,IIT Guwahati,"12 Weeks
                          
                          
                              (Starts: 22-07-2024)","Enrollment Ends: 5 Aug, 2024","Exam Date: 27 Oct, 2024","Exam Registration Ends: 16 Aug, 2024"
https://onlinecourses.nptel.ac.in/noc24_ee126/preview,Power Electronics with Wide Band Gap...,Prof. Moumita Das,IIT Mandi,"12 Weeks
                          
                          
                              (Starts: 22-07-2024)","Enrollment Ends: 5 Aug, 2024","Exam Date: 27 Oct, 2024","Exam Registration Ends: 16 Aug, 2024"
https://onlinecourses.nptel.ac.in/noc24_ee116/preview,Power System Protection,Prof. Ashok Kumar Pradhan,IIT Kharagpur,"12 Weeks
                          
                          
                              (Starts: 22-07-2024)","Enrollment Ends: 5 Aug, 2024","Exam Date: 27 Oct, 2024","Exam Registration Ends: 16 Aug, 2024"
https://onlinecourses.nptel.ac.in/noc24_ee151/preview,Principles of Modern CDMA/ MIMO/ OFDM...,Prof. Aditya K. Jagannatham,IIT Kanpur,"8 Weeks
                          
                          
                              (Starts: 19-08-2024)","Enrollment Ends: 19 Aug, 2024","Exam Date: 27 Oct, 2024","Exam Registration Ends: 30 Aug, 2024"
https://onlinecourses.nptel.ac.in/noc24_ee113/preview,Probability Foundations for Electrical...,Prof. Krishna Jagannathan,IIT Madras,"12 Weeks
                          
                          
                              (Starts: 22-07-2024)","Enrollment Ends: 5 Aug, 2024","Exam Date: 27 Oct, 2024","Exam Registration Ends: 16 Aug, 2024"
https://onlinecourses.nptel.ac.in/noc24_ma64/preview,Probability Theory for Data Science,Prof. Ishapathik Das,IIT Tirupati,"12 Weeks
                          
                          
                              (Starts: 22-07-2024)","Enrollment Ends: 5 Aug, 2024","Exam Date: 27 Oct, 2024","Exam Registration Ends: 16 Aug, 2024"
https://onlinecourses.nptel.ac.in/noc24_me101/preview,Production Technology: Theory and...,Prof. Sounak Kumar Choudhury,IIT Kanpur,"12 Weeks
                          
                          
                              (Starts: 22-07-2024)","Enrollment Ends: 5 Aug, 2024","Exam Date: 27 Oct, 2024","Exam Registration Ends: 16 Aug, 2024"
https://onlinecourses.nptel.ac.in/noc24_cs105/preview,Programming in Java,Prof. Debasis Samanta,IIT Kharagpur,"12 Weeks
                          
                          
                              (Starts: 22-07-2024)","Enrollment Ends: 5 Aug, 2024","Exam Date: 27 Oct, 2024","Exam Registration Ends: 16 Aug, 2024"
https://onlinecourses.nptel.ac.in/noc24_cs100/preview,Randomized Methods in Complexity,Prof. Nitin Saxena,IIT Kanpur,"12 Weeks
                          
                          
                              (Starts: 22-07-2024)","Enrollment Ends: 5 Aug, 2024","Exam Date: 27 Oct, 2024","Exam Registration Ends: 16 Aug, 2024"
https://onlinecourses.nptel.ac.in/noc24_cs102/preview,Reinforcement Learning,Prof. Balaraman Ravindran,IIT Madras,"12 Weeks
                          
                          
                              (Starts: 22-07-2024)","Enrollment Ends: 5 Aug, 2024","Exam Date: 27 Oct, 2024","Exam Registration Ends: 16 Aug, 2024"
https://onlinecourses.nptel.ac.in/noc24_ce91/preview,Reliability-Based Structural Design,Prof. Arunasis Chakarborty,IIT Guwahati,"12 Weeks
                          
                          
                              (Starts: 22-07-2024)","Enrollment Ends: 5 Aug, 2024","Exam Date: 27 Oct, 2024","Exam Registration Ends: 16 Aug, 2024"
https://onlinecourses.nptel.ac.in/noc24_ge48/preview,Risk-Based Engineering,Prof. Prabhakar V Varde,Homi Bhabha National Institute(HBNI),"12 Weeks
                          
                          
                              (Starts: 22-07-2024)","Enrollment Ends: 5 Aug, 2024","Exam Date: 27 Oct, 2024","Exam Registration Ends: 16 Aug, 2024"
https://onlinecourses.nptel.ac.in/noc24_ce93/preview,Rock Mechanics and Tunneling,Prof. Debarghya Chakraborty,IIT Kharagpur,"12 Weeks
                          
                          
                              (Starts: 22-07-2024)","Enrollment Ends: 5 Aug, 2024","Exam Date: 27 Oct, 2024","Exam Registration Ends: 16 Aug, 2024"
https://onlinecourses.nptel.ac.in/noc24_mg94/preview,Services Marketing : Integrating...,Prof. Zillur Rahman,IIT Roorkee,"12 Weeks
                          
                          
                              (Starts: 22-07-2024)","Enrollment Ends: 5 Aug, 2024","Exam Date: 27 Oct, 2024","Exam Registration Ends: 16 Aug, 2024"
https://onlinecourses.nptel.ac.in/noc24_hs178/preview,Social History Of Medicine In Colonial...,Prof. John Bosco Lourdusamy,IIT Madras,"8 Weeks
                          
                          
                              (Starts: 19-08-2024)","Enrollment Ends: 19 Aug, 2024","Exam Date: 27 Oct, 2024","Exam Registration Ends: 30 Aug, 2024"
https://onlinecourses.nptel.ac.in/noc24_hs124/preview,Soft Skills,Prof. Binod Mishra,IIT Roorkee,"12 Weeks
                          
                          
                              (Starts: 22-07-2024)","Enrollment Ends: 5 Aug, 2024","Exam Date: 27 Oct, 2024","Exam Registration Ends: 16 Aug, 2024"
https://onlinecourses.nptel.ac.in/noc24_cs127/preview,Software Conceptual Design,"Prof. Sridhar Iyer, Prof. Prajish Prasad, Prof....",IIT Bombay,"4 Weeks
                          
                          
                              (Starts: 19-08-2024)","Enrollment Ends: 19 Aug, 2024","Exam Date: 27 Oct, 2024","Exam Registration Ends: 30 Aug, 2024"
https://onlinecourses.nptel.ac.in/noc24_ce95/preview,Soil Mechanics/Geotechnical Engineering...,Prof. Dilip Kumar Baidya,IIT Kharagpur,"12 Weeks
                          
                          
                              (Starts: 22-07-2024)","Enrollment Ends: 5 Aug, 2024","Exam Date: 27 Oct, 2024","Exam Registration Ends: 16 Aug, 2024"
https://onlinecourses.nptel.ac.in/noc24_me97/preview,Solid Mechanics,Prof. Ajeet Kumar,IIT Delhi,"12 Weeks
                          
                          
                              (Starts: 22-07-2024)","Enrollment Ends: 5 Aug, 2024","Exam Date: 27 Oct, 2024","Exam Registration Ends: 16 Aug, 2024"
https://onlinecourses.nptel.ac.in/noc24_ec13/preview,Spatial Statistics and Spatial...,Prof. Gaurav Arora,IIIT Delhi,"12 Weeks
                          
                          
                              (Starts: 22-07-2024)","Enrollment Ends: 5 Aug, 2024","Exam Date: 27 Oct, 2024","Exam Registration Ends: 16 Aug, 2024"
https://onlinecourses.nptel.ac.in/noc24_hs137/preview,Sports and Performance Nutrition,Prof. Geetha Ghaliyavar,IIT Madras,"8 Weeks
                          
                          
                              (Starts: 19-08-2024)","Enrollment Ends: 19 Aug, 2024","Exam Date: 27 Oct, 2024","Exam Registration Ends: 30 Aug, 2024"
https://onlinecourses.nptel.ac.in/noc24_cs107/preview,Statistical Learning for Reliability...,Prof. Monalisa Sarma,IIT Kharagpur,"12 Weeks
                          
                          
                              (Starts: 22-07-2024)","Enrollment Ends: 5 Aug, 2024","Exam Date: 27 Oct, 2024","Exam Registration Ends: 16 Aug, 2024"
https://onlinecourses.nptel.ac.in/noc24_ee124/preview,Stochastic Control and Communication,Prof. Ankur A. Kulkarni,IIT Bombay,"12 Weeks
                          
                          
                              (Starts: 22-07-2024)","Enrollment Ends: 5 Aug, 2024","Exam Date: 27 Oct, 2024","Exam Registration Ends: 16 Aug, 2024"
https://onlinecourses.nptel.ac.in/noc24_mg95/preview,Strategic Management for Competitive...,Prof. Sanjib Chowdhury,IIT Kharagpur,"12 Weeks
                          
                          
                              (Starts: 22-07-2024)","Enrollment Ends: 5 Aug, 2024","Exam Date: 27 Oct, 2024","Exam Registration Ends: 16 Aug, 2024"
https://onlinecourses.nptel.ac.in/noc24_ce90/preview,Structural Geology,Prof. Santanu Misra,IIT Kanpur,"12 Weeks
                          
                          
                              (Starts: 22-07-2024)","Enrollment Ends: 5 Aug, 2024","Exam Date: 27 Oct, 2024","Exam Registration Ends: 16 Aug, 2024"
https://onlinecourses.nptel.ac.in/noc24_cy51/preview,Symmetry and Group Theory,Prof. Anindya Datta,IIT Bombay,"12 Weeks
                          
                          
                              (Starts: 22-07-2024)","Enrollment Ends: 5 Aug, 2024","Exam Date: 27 Oct, 2024","Exam Registration Ends: 16 Aug, 2024"
https://onlinecourses.nptel.ac.in/noc24_de16/preview,System Design for Sustainability,Prof. Sharmistha Banerjee,IIT Guwahati,"12 Weeks
                          
                          
                              (Starts: 22-07-2024)","Enrollment Ends: 5 Aug, 2024","Exam Date: 27 Oct, 2024","Exam Registration Ends: 16 Aug, 2024"
https://onlinecourses.nptel.ac.in/noc24_hs175/preview,Technical English for Engineers,Prof. Aysha Viswamohan,IIT Madras,"8 Weeks
                          
                          
                              (Starts: 19-08-2024)","Enrollment Ends: 19 Aug, 2024","Exam Date: 27 Oct, 2024","Exam Registration Ends: 30 Aug, 2024"
https://onlinecourses.nptel.ac.in/noc24_hs122/preview,"Text, Textuality and Digital Media",Prof. Arjun Ghosh,IIT Delhi,"12 Weeks
                          
                          
                              (Starts: 22-07-2024)","Enrollment Ends: 5 Aug, 2024","Exam Date: 27 Oct, 2024","Exam Registration Ends: 16 Aug, 2024"
https://onlinecourses.nptel.ac.in/noc24_hs173/preview,The Science of Happiness and Wellbeing,"Prof. Priyadarshi Patnaik, Prof. Manas K. Mandal",IIT Kharagpur,"8 Weeks
                          
                          
                              (Starts: 19-08-2024)","Enrollment Ends: 19 Aug, 2024","Exam Date: 27 Oct, 2024","Exam Registration Ends: 30 Aug, 2024"
https://onlinecourses.nptel.ac.in/noc24_me98/preview,Thermodynamics,Prof. Anand T. N. C.,IIT Palakkad,"12 Weeks
                          
                          
                              (Starts: 22-07-2024)","Enrollment Ends: 5 Aug, 2024","Exam Date: 27 Oct, 2024","Exam Registration Ends: 16 Aug, 2024"
https://onlinecourses.nptel.ac.in/noc24_mg123/preview,Toyota Production System,Prof. Rajat Agrawal,IIT Roorkee,"8 Weeks
                          
                          
                              (Starts: 19-08-2024)","Enrollment Ends: 19 Aug, 2024","Exam Date: 27 Oct, 2024","Exam Registration Ends: 30 Aug, 2024"
https://onlinecourses.nptel.ac.in/noc24_ch67/preview,Transport Phenomena of Non-Newtonian...,Prof. Nanda Kishore,IIT Guwahati,"12 Weeks
                          
                          
                              (Starts: 22-07-2024)","Enrollment Ends: 5 Aug, 2024","Exam Date: 27 Oct, 2024","Exam Registration Ends: 16 Aug, 2024"
https://onlinecourses.nptel.ac.in/noc24_ce86/preview,Underground Space Technology,Prof. Priti Maheshwari,IIT Roorkee,"12 Weeks
                          
                          
                              (Starts: 22-07-2024)","Enrollment Ends: 5 Aug, 2024","Exam Date: 27 Oct, 2024","Exam Registration Ends: 16 Aug, 2024"
https://onlinecourses.nptel.ac.in/noc24_hs120/preview,समास Samāsa In PāṇInian Grammar- II,Prof. Malhar Kulkarni,IIT Bombay,"12 Weeks
                          
                          
                              (Starts: 22-07-2024)","Enrollment Ends: 5 Aug, 2024","Exam Date: 27 Oct, 2024","Exam Registration Ends: 16 Aug, 2024"
https://onlinecourses.nptel.ac.in/noc24_ee125/preview,A Basic Course on Electric and Magnetic...,Prof. Ashok Kumar Pradhan,"IIT Kharagpur ,NPTEL","12 Weeks
                          
                          
                              (Starts: 22-07-2024)","Enrollment Ends: 5 Aug, 2024","Exam Date: 27 Oct, 2024","Exam Registration Ends: 16 Aug, 2024"
https://onlinecourses.nptel.ac.in/noc24_cs99/preview,Advanced Distributed Systems,Prof. Smruti Ranjan Sarangi,"IIT Delhi ,NPTEL","12 Weeks
                          
                          
                              (Starts: 22-07-2024)","Enrollment Ends: 5 Aug, 2024","Exam Date: 27 Oct, 2024","Exam Registration Ends: 16 Aug, 2024"
https://onlinecourses.nptel.ac.in/noc24_ce99/preview,Advanced Reinforced Concrete Design,Prof. S. Suriya Prakash,"IIT Hyderabad ,NPTEL","12 Weeks
                          
                          
                              (Starts: 22-07-2024)","Enrollment Ends: 5 Aug, 2024","Exam Date: 27 Oct, 2024","Exam Registration Ends: 16 Aug, 2024"
https://onlinecourses.nptel.ac.in/noc24_cy55/preview,Advanced Transition Metal Chemistry,Prof. M. S. Balakrishna,"IIT Bombay ,NPTEL","12 Weeks
                          
                          
                              (Starts: 22-07-2024)","Enrollment Ends: 5 Aug, 2024","Exam Date: 27 Oct, 2024","Exam Registration Ends: 16 Aug, 2024"
https://onlinecourses.nptel.ac.in/noc24_cs109/preview,Algorithmic Game Theory,Prof. Palash Dey,"IIT Kharagpur ,NPTEL","12 Weeks
                          
                          
                              (Starts: 22-07-2024)","Enrollment Ends: 5 Aug, 2024","Exam Date: 27 Oct, 2024","Exam Registration Ends: 16 Aug, 2024"
https://onlinecourses.nptel.ac.in/noc24_ce100/preview,"An Introduction to Climate Dynamics,...",Prof. Sayak Banerjee,"IIT Hyderabad ,NPTEL","12 Weeks
                          
                          
                              (Starts: 22-07-2024)","Enrollment Ends: 5 Aug, 2024","Exam Date: 27 Oct, 2024","Exam Registration Ends: 16 Aug, 2024"
https://onlinecourses.nptel.ac.in/noc24_ee111/preview,Analog VLSI Design,Prof. Imon Mondal,"IIT Kanpur ,NPTEL","12 Weeks
                          
                          
                              (Starts: 22-07-2024)","Enrollment Ends: 5 Aug, 2024","Exam Date: 27 Oct, 2024","Exam Registration Ends: 16 Aug, 2024"
https://onlinecourses.nptel.ac.in/noc24_ee150/preview,Analysis And Design Principles Of...,Prof. Amitabha Bhattacharya,"IIT Kharagpur ,NPTEL","8 Weeks
                          
                          
                              (Starts: 19-08-2024)","Enrollment Ends: 19 Aug, 2024","Exam Date: 27 Oct, 2024","Exam Registration Ends: 30 Aug, 2024"
https://onlinecourses.nptel.ac.in/noc24_cs104/preview,Applied Accelerated Artificial...,"Prof. Satyajit Das, Prof. Satyadhyan Chickerur,...","IIT Palakkad, KLE Technological University, NVIDIA ,NPTEL","12 Weeks
                          
                          
                              (Starts: 22-07-2024)","Enrollment Ends: 5 Aug, 2024","Exam Date: 27 Oct, 2024","Exam Registration Ends: 16 Aug, 2024"
https://onlinecourses.nptel.ac.in/noc24_ee120/preview,Applied Electromagnetics for Engineers,Prof. Pradeep Kumar K,"IIT Kanpur ,NPTEL","12 Weeks
                          
                          
                              (Starts: 22-07-2024)","Enrollment Ends: 5 Aug, 2024","Exam Date: 27 Oct, 2024","Exam Registration Ends: 16 Aug, 2024"
https://onlinecourses.nptel.ac.in/noc24_me103/preview,Applied Thermodynamics,"Prof. Niranjan Sahoo, Prof. Pranab K. Mondal","IIT Guwahati ,NPTEL","12 Weeks
                          
                          
                              (Starts: 22-07-2024)","Enrollment Ends: 5 Aug, 2024","Exam Date: 27 Oct, 2024","Exam Registration Ends: 16 Aug, 2024"
https://onlinecourses.nptel.ac.in/noc24_me104/preview,Basics of Mechanical Engineering - 1,"Prof. Janakranjan Ramkumar, Prof. Amandeep Singh...","IIT Kanpur ,NPTEL","12 Weeks
                          
                          
                              (Starts: 22-07-2024)","Enrollment Ends: 5 Aug, 2024","Exam Date: 27 Oct, 2024","Exam Registration Ends: 16 Aug, 2024"
https://onlinecourses.nptel.ac.in/noc24_me150/preview,Biomechanics of Joints and Orthopaedic...,Prof. Sanjay Gupta,"IIT Kharagpur ,NPTEL","8 Weeks
                          
                          
                              (Starts: 19-08-2024)","Enrollment Ends: 19 Aug, 2024","Exam Date: 27 Oct, 2024","Exam Registration Ends: 30 Aug, 2024"
https://onlinecourses.nptel.ac.in/noc24_ar20/preview,Building Materials as a Cornerstone to...,Prof. Iyer Vijayalaxmi Kasinath,"School of Planning and Architecture, Vijayawada, An... ,NPTEL","12 Weeks
                          
                          
                              (Starts: 22-07-2024)","Enrollment Ends: 5 Aug, 2024","Exam Date: 27 Oct, 2024","Exam Registration Ends: 16 Aug, 2024"
https://onlinecourses.nptel.ac.in/noc24_mg124/preview,Business Marketing - Technology Focus,Prof. Jayanta Chatterjee,"IIT Kanpur ,NPTEL","8 Weeks
                          
                          
                              (Starts: 19-08-2024)","Enrollment Ends: 19 Aug, 2024","Exam Date: 27 Oct, 2024","Exam Registration Ends: 30 Aug, 2024"
https://onlinecourses.nptel.ac.in/noc24_cs128/preview,C Programming and Assembly Language,Prof. Janakiraman,"IIT Madras ,NPTEL","4 Weeks
                          
                          
                              (Starts: 19-08-2024)","Enrollment Ends: 19 Aug, 2024","Exam Date: 27 Oct, 2024","Exam Registration Ends: 30 Aug, 2024"
https://onlinecourses.nptel.ac.in/noc24_ma63/preview,Category Theory,Prof. Amit Kuber,"IIT Kanpur ,NPTEL","12 Weeks
                          
                          
                              (Starts: 22-07-2024)","Enrollment Ends: 5 Aug, 2024","Exam Date: 27 Oct, 2024","Exam Registration Ends: 16 Aug, 2024"
https://onlinecourses.nptel.ac.in/noc24_ch69/preview,Chemical Reaction Engineering-I,Prof. Bishnupada Mandal,"IIT Guwahati ,NPTEL","12 Weeks
                          
                          
                              (Starts: 22-07-2024)","Enrollment Ends: 5 Aug, 2024","Exam Date: 27 Oct, 2024","Exam Registration Ends: 16 Aug, 2024"
https://onlinecourses.nptel.ac.in/noc24_cy53/preview,Circular Dichroism (CD) and Mossbauer...,Prof. Arnab Dutta,"IIT Bombay ,NPTEL","12 Weeks
                          
                          
                              (Starts: 22-07-2024)","Enrollment Ends: 5 Aug, 2024","Exam Date: 27 Oct, 2024","Exam Registration Ends: 16 Aug, 2024"
https://onlinecourses.nptel.ac.in/noc24_hs118/preview,Classical Sociological Theory,Prof. R. Santhosh,"IIT Madras ,NPTEL","12 Weeks
                          
                          
                              (Starts: 22-07-2024)","Enrollment Ends: 5 Aug, 2024","Exam Date: 27 Oct, 2024","Exam Registration Ends: 16 Aug, 2024"
https://onlinecourses.nptel.ac.in/noc24_cy54/preview,Classics in Total Synthesis - I,Prof. Krishna P Kaliappan,"IIT Bombay ,NPTEL","12 Weeks
                          
                          
                              (Starts: 22-07-2024)","Enrollment Ends: 5 Aug, 2024","Exam Date: 27 Oct, 2024","Exam Registration Ends: 16 Aug, 2024"
https://onlinecourses.nptel.ac.in/noc24_ma83/preview,Combinatorics,Prof. Narayanan N,"IIT Madras ,NPTEL","12 Weeks
                          
                          
                              (Starts: 22-07-2024)","Enrollment Ends: 5 Aug, 2024","Exam Date: 27 Oct, 2024","Exam Registration Ends: 16 Aug, 2024"
https://onlinecourses.nptel.ac.in/noc24_cs106/preview,Computational Complexity,Prof. Subrahmanyam Kalyanasundaram,"IIT Hyderabad ,NPTEL","12 Weeks
                          
                          
                              (Starts: 22-07-2024)","Enrollment Ends: 5 Aug, 2024","Exam Date: 27 Oct, 2024","Exam Registration Ends: 16 Aug, 2024"
https://onlinecourses.nptel.ac.in/noc24_cy52/preview,Concepts of Chemistry for Engineering,"Prof. Anindya Datta, Prof. Debabrata Maiti, Prof....","IIT Bombay ,NPTEL","12 Weeks
                          
                          
                              (Starts: 22-07-2024)","Enrollment Ends: 5 Aug, 2024","Exam Date: 27 Oct, 2024","Exam Registration Ends: 16 Aug, 2024"
https://onlinecourses.nptel.ac.in/noc24_hs164/preview,Countering Stage Fright,Prof. Smita Jha,"IIT Roorkee ,NPTEL","4 Weeks
                          
                          
                              (Starts: 19-08-2024)","Enrollment Ends: 19 Aug, 2024","Exam Date: 27 Oct, 2024","Exam Registration Ends: 30 Aug, 2024"
https://onlinecourses.nptel.ac.in/noc24_mg126/preview,Customer Relationship Management,Prof. Swagato Chatterjee,"IIT Kharagpur ,NPTEL","8 Weeks
                          
                          
                              (Starts: 19-08-2024)","Enrollment Ends: 19 Aug, 2024","Exam Date: 27 Oct, 2024","Exam Registration Ends: 30 Aug, 2024"
https://onlinecourses.nptel.ac.in/noc24_bt77/preview,Design for Biosecurity,Prof. Mainak Das,"IIT Kanpur ,NPTEL","12 Weeks
                          
                          
                              (Starts: 22-07-2024)","Enrollment Ends: 5 Aug, 2024","Exam Date: 27 Oct, 2024","Exam Registration Ends: 16 Aug, 2024"
https://onlinecourses.nptel.ac.in/noc24_ee109/preview,Design of Photovoltaic Systems,Prof. L Umanand,"IISc Bangalore ,NPTEL","12 Weeks
                          
                          
                              (Starts: 22-07-2024)","Enrollment Ends: 5 Aug, 2024","Exam Date: 27 Oct, 2024","Exam Registration Ends: 16 Aug, 2024"
https://onlinecourses.nptel.ac.in/noc24_hs176/preview,Developing Soft Skills and Personality,Prof. T. Ravichandran,"IIT Kanpur ,NPTEL","8 Weeks
                          
                          
                              (Starts: 19-08-2024)","Enrollment Ends: 19 Aug, 2024","Exam Date: 27 Oct, 2024","Exam Registration Ends: 30 Aug, 2024"
https://onlinecourses.nptel.ac.in/noc24_cs98/preview,Discrete Mathematics,Prof. Ashish Choudhury,"IIIT Bangalore ,NPTEL","12 Weeks
                          
                          
                              (Starts: 22-07-2024)","Enrollment Ends: 5 Aug, 2024","Exam Date: 27 Oct, 2024","Exam Registration Ends: 16 Aug, 2024"
https://onlinecourses.nptel.ac.in/noc24_bt62/preview,Drug Delivery: Principles and...,Prof. Rachit Agarwal,"IISc Bangalore ,NPTEL","12 Weeks
                          
                          
                              (Starts: 22-07-2024)","Enrollment Ends: 5 Aug, 2024","Exam Date: 27 Oct, 2024","Exam Registration Ends: 16 Aug, 2024"
https://onlinecourses.nptel.ac.in/noc24_ma62/preview,EXCELing with Mathematical Modeling,Prof. Sandip Banerjee,"IIT Roorkee ,NPTEL","12 Weeks
                          
                          
                              (Starts: 22-07-2024)","Enrollment Ends: 5 Aug, 2024","Exam Date: 27 Oct, 2024","Exam Registration Ends: 16 Aug, 2024"
https://onlinecourses.nptel.ac.in/noc24_ce96/preview,Earthquake Seismology,Prof. Mohit Agrawal,"IIT-ISM Dhanbad ,NPTEL","12 Weeks
                          
                          
                              (Starts: 22-07-2024)","Enrollment Ends: 5 Aug, 2024","Exam Date: 27 Oct, 2024","Exam Registration Ends: 16 Aug, 2024"
https://onlinecourses.nptel.ac.in/noc24_ec11/preview,Economics of Banking and Finance...,Prof. Sukumar Vellakkal,"IIT Kanpur ,NPTEL","12 Weeks
                          
                          
                              (Starts: 22-07-2024)","Enrollment Ends: 5 Aug, 2024","Exam Date: 27 Oct, 2024","Exam Registration Ends: 16 Aug, 2024"
https://onlinecourses.nptel.ac.in/noc24_ec14/preview,Economics of Innovation,Prof. Ruchi Sharma,"IIT Indore ,NPTEL","12 Weeks
                          
                          
                              (Starts: 22-07-2024)","Enrollment Ends: 5 Aug, 2024","Exam Date: 27 Oct, 2024","Exam Registration Ends: 16 Aug, 2024"
https://onlinecourses.nptel.ac.in/noc24_ee117/preview,Electrical Measurement and Electronic...,Prof. Avishek Chatterjee,"IIT Kharagpur ,NPTEL","12 Weeks
                          
                          
                              (Starts: 22-07-2024)","Enrollment Ends: 5 Aug, 2024","Exam Date: 27 Oct, 2024","Exam Registration Ends: 16 Aug, 2024"
https://onlinecourses.nptel.ac.in/noc24_ee127/preview,Electronic Systems Design: Hands-on...,Prof. Ankur Gupta,"IIT Delhi ,NPTEL","12 Weeks
                          
                          
                              (Starts: 22-07-2024)","Enrollment Ends: 5 Aug, 2024","Exam Date: 27 Oct, 2024","Exam Registration Ends: 16 Aug, 2024"
https://onlinecourses.nptel.ac.in/noc24_ee107/preview,Electronic Systems for Cancer Diagnosis,Prof. Hardik Jeetendra Pandya,"IISc Bangalore ,NPTEL","12 Weeks
                          
                          
                              (Starts: 22-07-2024)","Enrollment Ends: 5 Aug, 2024","Exam Date: 27 Oct, 2024","Exam Registration Ends: 16 Aug, 2024"
https://onlinecourses.nptel.ac.in/noc24_ee110/preview,Enclosure Design of Electronics...,Prof. N.V.Chalapathi Rao,"IISc Bangalore ,NPTEL","12 Weeks
                          
                          
                              (Starts: 22-07-2024)","Enrollment Ends: 5 Aug, 2024","Exam Date: 27 Oct, 2024","Exam Registration Ends: 16 Aug, 2024"
https://onlinecourses.nptel.ac.in/noc24_ce97/preview,Engineering Geology,Prof. R. K. Dubey,"IIT(ISM) Dhanbad ,NPTEL","12 Weeks
                          
                          
                              (Starts: 22-07-2024)","Enrollment Ends: 5 Aug, 2024","Exam Date: 27 Oct, 2024","Exam Registration Ends: 16 Aug, 2024"
https://onlinecourses.nptel.ac.in/noc24_me99/preview,Engineering Metrology,"Prof. J. Ramkumar, Prof. Amandeep Singh Oberoi","IIT Kanpur ,NPTEL","12 Weeks
                          
                          
                              (Starts: 22-07-2024)","Enrollment Ends: 5 Aug, 2024","Exam Date: 27 Oct, 2024","Exam Registration Ends: 16 Aug, 2024"
https://onlinecourses.nptel.ac.in/noc24_mg93/preview,Entrepreneurship,Prof. C Bhaktavatsala Rao,"IIT Madras ,NPTEL","12 Weeks
                          
                          
                              (Starts: 22-07-2024)","Enrollment Ends: 5 Aug, 2024","Exam Date: 27 Oct, 2024","Exam Registration Ends: 16 Aug, 2024"
https://onlinecourses.nptel.ac.in/noc24_ec12/preview,Environmental & Resource Economics,Prof. Sabuj Kumar Mandal,"IIT Madras ,NPTEL","12 Weeks
                          
                          
                              (Starts: 22-07-2024)","Enrollment Ends: 5 Aug, 2024","Exam Date: 27 Oct, 2024","Exam Registration Ends: 16 Aug, 2024"
https://onlinecourses.nptel.ac.in/noc24_bt66/preview,Environmental Biotechnology,Prof. Pinaki Sar,"IIT Kharagpur ,NPTEL","12 Weeks
                          
                          
                              (Starts: 22-07-2024)","Enrollment Ends: 5 Aug, 2024","Exam Date: 27 Oct, 2024","Exam Registration Ends: 16 Aug, 2024"
https://onlinecourses.nptel.ac.in/noc24_ce87/preview,Environmental Chemistry,Prof. Bhanu Prakash Vellanki,"IIT Roorkee ,NPTEL","12 Weeks
                          
                          
                              (Starts: 22-07-2024)","Enrollment Ends: 5 Aug, 2024","Exam Date: 27 Oct, 2024","Exam Registration Ends: 16 Aug, 2024"
https://onlinecourses.nptel.ac.in/noc24_ce88/preview,Environmental Modeling and Simulation,Prof. Gargi Singh,"IIT Roorkee ,NPTEL","12 Weeks
                          
                          
                              (Starts: 22-07-2024)","Enrollment Ends: 5 Aug, 2024","Exam Date: 27 Oct, 2024","Exam Registration Ends: 16 Aug, 2024"
https://onlinecourses.nptel.ac.in/noc24_de17/preview,Ergonomics Research Techniques,Prof. Urmi R. Salve,"IIT Guwahati ,NPTEL","12 Weeks
                          
                          
                              (Starts: 22-07-2024)","Enrollment Ends: 5 Aug, 2024","Exam Date: 27 Oct, 2024","Exam Registration Ends: 16 Aug, 2024"
https://onlinecourses.nptel.ac.in/noc24_bt65/preview,Experimental Biotechnology,Prof. Vishal Trivedi,"IIT Guwahati ,NPTEL","12 Weeks
                          
                          
                              (Starts: 22-07-2024)","Enrollment Ends: 5 Aug, 2024","Exam Date: 27 Oct, 2024","Exam Registration Ends: 16 Aug, 2024"
https://onlinecourses.nptel.ac.in/noc24_ee108/preview,Fabrication Techniques for MEMs-Based...,Prof. Hardik Jeetendra Pandya,"IISc Bangalore ,NPTEL","12 Weeks
                          
                          
                              (Starts: 22-07-2024)","Enrollment Ends: 5 Aug, 2024","Exam Date: 27 Oct, 2024","Exam Registration Ends: 16 Aug, 2024"
https://onlinecourses.nptel.ac.in/noc24_ag14/preview,Farm Machinery,Prof. V. K. Tewari,"IIT Kharagpur ,NPTEL","12 Weeks
                          
                          
                              (Starts: 22-07-2024)","Enrollment Ends: 5 Aug, 2024","Exam Date: 27 Oct, 2024","Exam Registration Ends: 16 Aug, 2024"
https://onlinecourses.nptel.ac.in/noc24_ce98/preview,Finite Element Analysis and...,Prof. K.Rajagopal,"Andhra University ,NPTEL","12 Weeks
                          
                          
                              (Starts: 22-07-2024)","Enrollment Ends: 5 Aug, 2024","Exam Date: 27 Oct, 2024","Exam Registration Ends: 16 Aug, 2024"
https://onlinecourses.nptel.ac.in/noc24_ce85/preview,Finite Element Method and Computational...,Prof. Manish Shrikhande,"IIT Roorkee ,NPTEL","12 Weeks
                          
                          
                              (Starts: 22-07-2024)","Enrollment Ends: 5 Aug, 2024","Exam Date: 27 Oct, 2024","Exam Registration Ends: 16 Aug, 2024"
https://onlinecourses.nptel.ac.in/noc24_me105/preview,Finite Element Method: Variational...,"Prof. Atanu Banerjee , Prof. Arup Nandy","IIT Guwahati ,NPTEL","12 Weeks
                          
                          
                              (Starts: 22-07-2024)","Enrollment Ends: 5 Aug, 2024","Exam Date: 27 Oct, 2024","Exam Registration Ends: 16 Aug, 2024"
https://onlinecourses.nptel.ac.in/noc24_ch64/preview,Fluid and Particle Mechanics,"Prof. Sumesh, Prof. Basavaraj Madivala Gurappa","IIT Madras ,NPTEL","12 Weeks
                          
                          
                              (Starts: 22-07-2024)","Enrollment Ends: 5 Aug, 2024","Exam Date: 27 Oct, 2024","Exam Registration Ends: 16 Aug, 2024"
https://onlinecourses.nptel.ac.in/noc24_ce112/preview,Foundation Engineering,Prof. Kousik Deb,"IIT Kharagpur ,NPTEL","12 Weeks
                          
                          
                              (Starts: 22-07-2024)","Enrollment Ends: 5 Aug, 2024","Exam Date: 27 Oct, 2024","Exam Registration Ends: 16 Aug, 2024"
https://onlinecourses.nptel.ac.in/noc24_me106/preview,Fundamentals of Acoustics,Prof. Venkata R. Sonti,"IISc Bangalore ,NPTEL","12 Weeks
                          
                          
                              (Starts: 22-07-2024)","Enrollment Ends: 5 Aug, 2024","Exam Date: 27 Oct, 2024","Exam Registration Ends: 16 Aug, 2024"
https://onlinecourses.nptel.ac.in/noc24_ee114/preview,Fundamentals of Nano and Quantum...,"Prof. Naresh Kumar Emani, Prof. Jinal Tapar","IIT Hyderabad ,NPTEL","12 Weeks
                          
                          
                              (Starts: 22-07-2024)","Enrollment Ends: 5 Aug, 2024","Exam Date: 27 Oct, 2024","Exam Registration Ends: 16 Aug, 2024"
https://onlinecourses.nptel.ac.in/noc24_hs174/preview,Gender and Literature,Prof. Avishek Parui,"IIT Madras ,NPTEL","8 Weeks
                          
                          
                              (Starts: 19-08-2024)","Enrollment Ends: 19 Aug, 2024","Exam Date: 27 Oct, 2024","Exam Registration Ends: 30 Aug, 2024"
https://onlinecourses.nptel.ac.in/noc24_ce89/preview,Geotechnical Engineering - II,Prof. D. N. Singh,"IIT Bombay ,NPTEL","12 Weeks
                          
                          
                              (Starts: 22-07-2024)","Enrollment Ends: 5 Aug, 2024","Exam Date: 27 Oct, 2024","Exam Registration Ends: 16 Aug, 2024"
https://onlinecourses.nptel.ac.in/noc24_hs123/preview,German - III,Prof. Milind Brahme,"IIT Madras ,NPTEL","12 Weeks
                          
                          
                              (Starts: 22-07-2024)","Enrollment Ends: 5 Aug, 2024","Exam Date: 27 Oct, 2024","Exam Registration Ends: 16 Aug, 2024"
https://onlinecourses.nptel.ac.in/noc24_cs103/preview,Getting Started with Competitive...,Prof. Neeldhara Misra,"IIT Gandhinagar ,NPTEL","12 Weeks
                          
                          
                              (Starts: 22-07-2024)","Enrollment Ends: 5 Aug, 2024","Exam Date: 27 Oct, 2024","Exam Registration Ends: 16 Aug, 2024"
https://onlinecourses.nptel.ac.in/noc24_cs131/preview,Google Cloud Computing Foundations,Prof. Soumya Kanti Ghosh,"IIT Kharagpur ,NPTEL","8 Weeks
                          
                          
                              (Starts: 19-08-2024)","Enrollment Ends: 19 Aug, 2024","Exam Date: 27 Oct, 2024","Exam Registration Ends: 30 Aug, 2024"
https://onlinecourses.nptel.ac.in/noc24_ce94/preview,Ground Improvement,Prof. Dilip Kumar Baidya,"IIT Kharagpur ,NPTEL","12 Weeks
                          
                          
                              (Starts: 22-07-2024)","Enrollment Ends: 5 Aug, 2024","Exam Date: 27 Oct, 2024","Exam Registration Ends: 16 Aug, 2024"
https://onlinecourses.nptel.ac.in/noc24_hs125/preview,Human Resource Development,Prof. KBL Srivastava,"IIT Kharagpur ,NPTEL","12 Weeks
                          
                          
                              (Starts: 22-07-2024)","Enrollment Ends: 5 Aug, 2024","Exam Date: 27 Oct, 2024","Exam Registration Ends: 16 Aug, 2024"
https://onlinecourses.nptel.ac.in/noc24_bt63/preview,Immunology,"Prof. Sudip Kumar Ghosh, Prof. Agneyo Ganguly","IIT Kharagpur ,NPTEL","12 Weeks
                          
                          
                              (Starts: 22-07-2024)","Enrollment Ends: 5 Aug, 2024","Exam Date: 27 Oct, 2024","Exam Registration Ends: 16 Aug, 2024"
https://onlinecourses.nptel.ac.in/noc24_ce102/preview,"Indoor Air Pollution: Sources, Effects,...",Prof. Asif Qureshi,"IIT Hyderabad ,NPTEL","12 Weeks
                          
                          
                              (Starts: 22-07-2024)","Enrollment Ends: 5 Aug, 2024","Exam Date: 27 Oct, 2024","Exam Registration Ends: 16 Aug, 2024"
https://onlinecourses.nptel.ac.in/noc24_lw12/preview,Intellectual Property Disputes: Court...,Prof. Gouri Gargate,"IIT Kharagpur ,NPTEL","8 Weeks
                          
                          
                              (Starts: 19-08-2024)","Enrollment Ends: 19 Aug, 2024","Exam Date: 27 Oct, 2024","Exam Registration Ends: 30 Aug, 2024"
https://onlinecourses.nptel.ac.in/noc24_ge62/preview,Intellectual Property Portfolio...,Prof. Rajat Agrawal,"IIT Roorkee ,NPTEL","8 Weeks
                          
                          
                              (Starts: 19-08-2024)","Enrollment Ends: 19 Aug, 2024","Exam Date: 27 Oct, 2024","Exam Registration Ends: 30 Aug, 2024"
https://onlinecourses.nptel.ac.in/noc24_mg125/preview,Intellectual Property Rights and...,"Prof. KD Raju, Prof. Niharika Sahoo Bhattacharya","IIT Kharagpur ,NPTEL","8 Weeks
                          
                          
                              (Starts: 19-08-2024)","Enrollment Ends: 19 Aug, 2024","Exam Date: 27 Oct, 2024","Exam Registration Ends: 30 Aug, 2024"
https://onlinecourses.nptel.ac.in/noc24_ge60/preview,Intelligent Feedback and Control,Prof. Leena Vachhani,"IIT Bombay ,NPTEL","4 Weeks
                          
                          
                              (Starts: 19-08-2024)","Enrollment Ends: 19 Aug, 2024","Exam Date: 27 Oct, 2024","Exam Registration Ends: 30 Aug, 2024"
https://onlinecourses.nptel.ac.in/noc24_hs177/preview,Introduction to Advanced Cognitive...,Prof. Ark Verma,"IIT Kanpur ,NPTEL","8 Weeks
                          
                          
                              (Starts: 19-08-2024)","Enrollment Ends: 19 Aug, 2024","Exam Date: 27 Oct, 2024","Exam Registration Ends: 30 Aug, 2024"
https://onlinecourses.nptel.ac.in/noc24_ae21/preview,Introduction to Airbreathing Propulsion,Prof. Ashoke De,"IIT Kanpur ,NPTEL","12 Weeks
                          
                          
                              (Starts: 22-07-2024)","Enrollment Ends: 5 Aug, 2024","Exam Date: 27 Oct, 2024","Exam Registration Ends: 16 Aug, 2024"
https://onlinecourses.nptel.ac.in/noc24_hs121/preview,Introduction to Japanese Language and...,Prof. Vatsala Misra,"IIT Kanpur ,NPTEL","12 Weeks
                          
                          
                              (Starts: 22-07-2024)","Enrollment Ends: 5 Aug, 2024","Exam Date: 27 Oct, 2024","Exam Registration Ends: 16 Aug, 2024"
https://onlinecourses.nptel.ac.in/noc24_cs101/preview,Introduction to Machine Learning,Prof. Balaraman Ravindran,"IIT Madras ,NPTEL","12 Weeks
                          
                          
                              (Starts: 22-07-2024)","Enrollment Ends: 5 Aug, 2024","Exam Date: 27 Oct, 2024","Exam Registration Ends: 16 Aug, 2024"
https://onlinecourses.nptel.ac.in/noc24_ec10/preview,Introduction to Microeconomics in Hindi...,Prof. Vimal Kumar,"IIT Kanpur ,NPTEL","12 Weeks
                          
                          
                              (Starts: 22-07-2024)","Enrollment Ends: 5 Aug, 2024","Exam Date: 27 Oct, 2024","Exam Registration Ends: 16 Aug, 2024"
https://onlinecourses.nptel.ac.in/noc24_ch65/preview,Introduction to Polymer Physics,Prof. Prateek Kumar Jha,"IIT Roorkee ,NPTEL","12 Weeks
                          
                          
                              (Starts: 22-07-2024)","Enrollment Ends: 5 Aug, 2024","Exam Date: 27 Oct, 2024","Exam Registration Ends: 16 Aug, 2024"
https://onlinecourses.nptel.ac.in/noc24_cs110/preview,Machine Learning (ML) in Hindi,Prof. Anubha Gupta,"IIIT Delhi ,NPTEL","12 Weeks
                          
                          
                              (Starts: 22-07-2024)","Enrollment Ends: 5 Aug, 2024","Exam Date: 27 Oct, 2024","Exam Registration Ends: 16 Aug, 2024"
https://onlinecourses.nptel.ac.in/noc24_mg96/preview,Management Information System,"Prof. Kunal Kanti Ghosh, Prof. Saini Das, Prof....","IIT Kharagpur ,NPTEL","12 Weeks
                          
                          
                              (Starts: 22-07-2024)","Enrollment Ends: 5 Aug, 2024","Exam Date: 27 Oct, 2024","Exam Registration Ends: 16 Aug, 2024"
https://onlinecourses.nptel.ac.in/noc24_me100/preview,Manufacturing Systems Technology I & II,Prof. Shantanu Bhattacharya,"IIT Kanpur ,NPTEL","12 Weeks
                          
                          
                              (Starts: 22-07-2024)","Enrollment Ends: 5 Aug, 2024","Exam Date: 27 Oct, 2024","Exam Registration Ends: 16 Aug, 2024"
https://onlinecourses.nptel.ac.in/noc24_ch68/preview,Mass Transfer Operations II,Prof. Chandan Das,"IIT Guwahati ,NPTEL","12 Weeks
                          
                          
                              (Starts: 22-07-2024)","Enrollment Ends: 5 Aug, 2024","Exam Date: 27 Oct, 2024","Exam Registration Ends: 16 Aug, 2024"
https://onlinecourses.nptel.ac.in/noc24_me108/preview,"Materials Processing (Casting, Forming...",Prof. Swarup Bag,"IIT Guwahati ,NPTEL","12 Weeks
                          
                          
                              (Starts: 22-07-2024)","Enrollment Ends: 5 Aug, 2024","Exam Date: 27 Oct, 2024","Exam Registration Ends: 16 Aug, 2024"
https://onlinecourses.nptel.ac.in/noc24_ma61/preview,Mathematics for Machine Learning,"Prof. Debjani Chakraborty, Prof. Debashree Guha...","IIT Kharagpur ,NPTEL","12 Weeks
                          
                          
                              (Starts: 22-07-2024)","Enrollment Ends: 5 Aug, 2024","Exam Date: 27 Oct, 2024","Exam Registration Ends: 16 Aug, 2024"
https://onlinecourses.nptel.ac.in/noc24_ce76/preview,Mechanics of Solids,Prof. Priyanka Ghosh,"IIT Kanpur ,NPTEL","12 Weeks
                          
                          
                              (Starts: 22-07-2024)","Enrollment Ends: 5 Aug, 2024","Exam Date: 27 Oct, 2024","Exam Registration Ends: 16 Aug, 2024"
https://onlinecourses.nptel.ac.in/noc24_ee115/preview,Microwave Engineering,Prof. Ratnajit Bhattacharjee,"IIT Guwahati ,NPTEL","12 Weeks
                          
                          
                              (Starts: 22-07-2024)","Enrollment Ends: 5 Aug, 2024","Exam Date: 27 Oct, 2024","Exam Registration Ends: 16 Aug, 2024"
https://onlinecourses.nptel.ac.in/noc24_ee121/preview,"Modeling, Analysis and Estimation of...",Prof. Biswarup Das,"IIT Roorkee ,NPTEL","12 Weeks
                          
                          
                              (Starts: 22-07-2024)","Enrollment Ends: 5 Aug, 2024","Exam Date: 27 Oct, 2024","Exam Registration Ends: 16 Aug, 2024"
https://onlinecourses.nptel.ac.in/noc24_ee119/preview,Modern Digital Communication Techniques,Prof. Suvra Sekhar Das,"IIT Kharagpur ,NPTEL","12 Weeks
                          
                          
                              (Starts: 22-07-2024)","Enrollment Ends: 5 Aug, 2024","Exam Date: 27 Oct, 2024","Exam Registration Ends: 16 Aug, 2024"
https://onlinecourses.nptel.ac.in/noc24_cy56/preview,NMR spectroscopy for Chemists and...,"Prof. Ashutosh Kumar, Prof. R. V Hosur","IIT Bombay ,NPTEL","12 Weeks
                          
                          
                              (Starts: 22-07-2024)","Enrollment Ends: 5 Aug, 2024","Exam Date: 27 Oct, 2024","Exam Registration Ends: 16 Aug, 2024"
https://onlinecourses.nptel.ac.in/noc24_ag17/preview,Natural Resources Management,Prof. Sudip Mitra,"IIT Guwahati ,NPTEL","12 Weeks
                          
                          
                              (Starts: 22-07-2024)","Enrollment Ends: 5 Aug, 2024","Exam Date: 27 Oct, 2024","Exam Registration Ends: 16 Aug, 2024"
https://onlinecourses.nptel.ac.in/noc24_bt64/preview,Next Generation Sequencing Technologies...,Prof. Riddhiman Dhar,"IIT Kharagpur ,NPTEL","12 Weeks
                          
                          
                              (Starts: 22-07-2024)","Enrollment Ends: 5 Aug, 2024","Exam Date: 27 Oct, 2024","Exam Registration Ends: 16 Aug, 2024"
https://onlinecourses.nptel.ac.in/noc24_ee128/preview,Nonlinear Dynamical Systems and Control,Prof. Vijaysekhar Chellaboina,"IIT Madras ,NPTEL","12 Weeks
                          
                          
                              (Starts: 22-07-2024)","Enrollment Ends: 5 Aug, 2024","Exam Date: 27 Oct, 2024","Exam Registration Ends: 16 Aug, 2024"
https://onlinecourses.nptel.ac.in/noc24_cs108/preview,Operating System Fundamentals,Prof. Santanu Chattopadhyay,"IIT Kharagpur ,NPTEL","12 Weeks
                          
                          
                              (Starts: 22-07-2024)","Enrollment Ends: 5 Aug, 2024","Exam Date: 27 Oct, 2024","Exam Registration Ends: 16 Aug, 2024"
https://onlinecourses.nptel.ac.in/noc24_ce92/preview,Optimization Methods for Civil...,Prof. Rajib Kumar Bhattacharjya,"IIT Guwahati ,NPTEL","12 Weeks
                          
                          
                              (Starts: 22-07-2024)","Enrollment Ends: 5 Aug, 2024","Exam Date: 27 Oct, 2024","Exam Registration Ends: 16 Aug, 2024"
https://onlinecourses.nptel.ac.in/noc24_ee122/preview,Optimization Theory and Algorithms,Prof. Uday Khankhoje,"IIT Madras ,NPTEL","12 Weeks
                          
                          
                              (Starts: 22-07-2024)","Enrollment Ends: 5 Aug, 2024","Exam Date: 27 Oct, 2024","Exam Registration Ends: 16 Aug, 2024"
https://onlinecourses.nptel.ac.in/noc24_ee118/preview,Pattern Recognition and Application,Prof. Prabir Kumar Biswas,"IIT Kharagpur ,NPTEL","12 Weeks
                          
                          
                              (Starts: 22-07-2024)","Enrollment Ends: 5 Aug, 2024","Exam Date: 27 Oct, 2024","Exam Registration Ends: 16 Aug, 2024"
https://onlinecourses.nptel.ac.in/noc24_ch63/preview,Petroleum Formation Evaluation,"Prof. Neetish Kumar Maurya, Prof. Sayantan Ghosh","IIT(ISM) Dhanbad ,NPTEL","12 Weeks
                          
                          
                              (Starts: 22-07-2024)","Enrollment Ends: 5 Aug, 2024","Exam Date: 27 Oct, 2024","Exam Registration Ends: 16 Aug, 2024"
https://onlinecourses.nptel.ac.in/noc24_ee129/preview,Photonic Crystals: Fundamentals &...,Prof. Debabrata Sikdar,"IIT Guwahati ,NPTEL","12 Weeks
                          
                          
                              (Starts: 22-07-2024)","Enrollment Ends: 5 Aug, 2024","Exam Date: 27 Oct, 2024","Exam Registration Ends: 16 Aug, 2024"
https://onlinecourses.nptel.ac.in/noc24_ph29/preview,Physics of Renewable Energy Systems,Prof. Amreesh Chandra,"IIT Kharagpur ,NPTEL","12 Weeks
                          
                          
                              (Starts: 22-07-2024)","Enrollment Ends: 5 Aug, 2024","Exam Date: 27 Oct, 2024","Exam Registration Ends: 16 Aug, 2024"
https://onlinecourses.nptel.ac.in/noc24_hs179/preview,Posthumanism: An Introduction,Prof. Pramod K. Nayar,"University of Hyderabad ,NPTEL","8 Weeks
                          
                          
                              (Starts: 19-08-2024)","Enrollment Ends: 19 Aug, 2024","Exam Date: 27 Oct, 2024","Exam Registration Ends: 30 Aug, 2024"
https://onlinecourses.nptel.ac.in/noc24_mm34/preview,Powder Metallurgy,Prof. Ranjit Bauri,"IIT Madras ,NPTEL","12 Weeks
                          
                          
                              (Starts: 22-07-2024)","Enrollment Ends: 5 Aug, 2024","Exam Date: 27 Oct, 2024","Exam Registration Ends: 16 Aug, 2024"
https://onlinecourses.nptel.ac.in/noc24_ee130/preview,Power Electronics Applications in Power...,Prof. Sanjib Ganguly,"IIT Guwahati ,NPTEL","12 Weeks
                          
                          
                              (Starts: 22-07-2024)","Enrollment Ends: 5 Aug, 2024","Exam Date: 27 Oct, 2024","Exam Registration Ends: 16 Aug, 2024"
https://onlinecourses.nptel.ac.in/noc24_ee126/preview,Power Electronics with Wide Band Gap...,Prof. Moumita Das,"IIT Mandi ,NPTEL","12 Weeks
                          
                          
                              (Starts: 22-07-2024)","Enrollment Ends: 5 Aug, 2024","Exam Date: 27 Oct, 2024","Exam Registration Ends: 16 Aug, 2024"
https://onlinecourses.nptel.ac.in/noc24_ee116/preview,Power System Protection,Prof. Ashok Kumar Pradhan,"IIT Kharagpur ,NPTEL","12 Weeks
                          
                          
                              (Starts: 22-07-2024)","Enrollment Ends: 5 Aug, 2024","Exam Date: 27 Oct, 2024","Exam Registration Ends: 16 Aug, 2024"
https://onlinecourses.nptel.ac.in/noc24_ee151/preview,Principles of Modern CDMA/ MIMO/ OFDM...,Prof. Aditya K. Jagannatham,"IIT Kanpur ,NPTEL","8 Weeks
                          
                          
                              (Starts: 19-08-2024)","Enrollment Ends: 19 Aug, 2024","Exam Date: 27 Oct, 2024","Exam Registration Ends: 30 Aug, 2024"
https://onlinecourses.nptel.ac.in/noc24_ee113/preview,Probability Foundations for Electrical...,Prof. Krishna Jagannathan,"IIT Madras ,NPTEL","12 Weeks
                          
                          
                              (Starts: 22-07-2024)","Enrollment Ends: 5 Aug, 2024","Exam Date: 27 Oct, 2024","Exam Registration Ends: 16 Aug, 2024"
https://onlinecourses.nptel.ac.in/noc24_ma64/preview,Probability Theory for Data Science,Prof. Ishapathik Das,"IIT Tirupati ,NPTEL","12 Weeks
                          
                          
                              (Starts: 22-07-2024)","Enrollment Ends: 5 Aug, 2024","Exam Date: 27 Oct, 2024","Exam Registration Ends: 16 Aug, 2024"
https://onlinecourses.nptel.ac.in/noc24_me101/preview,Production Technology: Theory and...,Prof. Sounak Kumar Choudhury,"IIT Kanpur ,NPTEL","12 Weeks
                          
                          
                              (Starts: 22-07-2024)","Enrollment Ends: 5 Aug, 2024","Exam Date: 27 Oct, 2024","Exam Registration Ends: 16 Aug, 2024"
https://onlinecourses.nptel.ac.in/noc24_cs105/preview,Programming in Java,Prof. Debasis Samanta,"IIT Kharagpur ,NPTEL","12 Weeks
                          
                          
                              (Starts: 22-07-2024)","Enrollment Ends: 5 Aug, 2024","Exam Date: 27 Oct, 2024","Exam Registration Ends: 16 Aug, 2024"
https://onlinecourses.nptel.ac.in/noc24_cs100/preview,Randomized Methods in Complexity,Prof. Nitin Saxena,"IIT Kanpur ,NPTEL","12 Weeks
                          
                          
                              (Starts: 22-07-2024)","Enrollment Ends: 5 Aug, 2024","Exam Date: 27 Oct, 2024","Exam Registration Ends: 16 Aug, 2024"
https://onlinecourses.nptel.ac.in/noc24_cs102/preview,Reinforcement Learning,Prof. Balaraman Ravindran,"IIT Madras ,NPTEL","12 Weeks
                          
                          
                              (Starts: 22-07-2024)","Enrollment Ends: 5 Aug, 2024","Exam Date: 27 Oct, 2024","Exam Registration Ends: 16 Aug, 2024"
https://onlinecourses.nptel.ac.in/noc24_ce91/preview,Reliability-Based Structural Design,Prof. Arunasis Chakarborty,"IIT Guwahati ,NPTEL","12 Weeks
                          
                          
                              (Starts: 22-07-2024)","Enrollment Ends: 5 Aug, 2024","Exam Date: 27 Oct, 2024","Exam Registration Ends: 16 Aug, 2024"
https://onlinecourses.nptel.ac.in/noc24_ge48/preview,Risk-Based Engineering,Prof. Prabhakar V Varde,"Homi Bhabha National Institute(HBNI) ,NPTEL","12 Weeks
                          
                          
                              (Starts: 22-07-2024)","Enrollment Ends: 5 Aug, 2024","Exam Date: 27 Oct, 2024","Exam Registration Ends: 16 Aug, 2024"
https://onlinecourses.nptel.ac.in/noc24_ce93/preview,Rock Mechanics and Tunneling,Prof. Debarghya Chakraborty,"IIT Kharagpur ,NPTEL","12 Weeks
                          
                          
                              (Starts: 22-07-2024)","Enrollment Ends: 5 Aug, 2024","Exam Date: 27 Oct, 2024","Exam Registration Ends: 16 Aug, 2024"
https://onlinecourses.nptel.ac.in/noc24_mg94/preview,Services Marketing : Integrating...,Prof. Zillur Rahman,"IIT Roorkee ,NPTEL","12 Weeks
                          
                          
                              (Starts: 22-07-2024)","Enrollment Ends: 5 Aug, 2024","Exam Date: 27 Oct, 2024","Exam Registration Ends: 16 Aug, 2024"
https://onlinecourses.nptel.ac.in/noc24_hs178/preview,Social History Of Medicine In Colonial...,Prof. John Bosco Lourdusamy,"IIT Madras ,NPTEL","8 Weeks
                          
                          
                              (Starts: 19-08-2024)","Enrollment Ends: 19 Aug, 2024","Exam Date: 27 Oct, 2024","Exam Registration Ends: 30 Aug, 2024"
https://onlinecourses.nptel.ac.in/noc24_hs124/preview,Soft Skills,Prof. Binod Mishra,"IIT Roorkee ,NPTEL","12 Weeks
                          
                          
                              (Starts: 22-07-2024)","Enrollment Ends: 5 Aug, 2024","Exam Date: 27 Oct, 2024","Exam Registration Ends: 16 Aug, 2024"
https://onlinecourses.nptel.ac.in/noc24_cs127/preview,Software Conceptual Design,"Prof. Sridhar Iyer, Prof. Prajish Prasad, Prof....","IIT Bombay ,NPTEL","4 Weeks
                          
                          
                              (Starts: 19-08-2024)","Enrollment Ends: 19 Aug, 2024","Exam Date: 27 Oct, 2024","Exam Registration Ends: 30 Aug, 2024"
https://onlinecourses.nptel.ac.in/noc24_ce95/preview,Soil Mechanics/Geotechnical Engineering...,Prof. Dilip Kumar Baidya,"IIT Kharagpur ,NPTEL","12 Weeks
                          
                          
                              (Starts: 22-07-2024)","Enrollment Ends: 5 Aug, 2024","Exam Date: 27 Oct, 2024","Exam Registration Ends: 16 Aug, 2024"
https://onlinecourses.nptel.ac.in/noc24_me97/preview,Solid Mechanics,Prof. Ajeet Kumar,"IIT Delhi ,NPTEL","12 Weeks
                          
                          
                              (Starts: 22-07-2024)","Enrollment Ends: 5 Aug, 2024","Exam Date: 27 Oct, 2024","Exam Registration Ends: 16 Aug, 2024"
https://onlinecourses.nptel.ac.in/noc24_ec13/preview,Spatial Statistics and Spatial...,Prof. Gaurav Arora,"IIIT Delhi ,NPTEL","12 Weeks
                          
                          
                              (Starts: 22-07-2024)","Enrollment Ends: 5 Aug, 2024","Exam Date: 27 Oct, 2024","Exam Registration Ends: 16 Aug, 2024"
https://onlinecourses.nptel.ac.in/noc24_hs137/preview,Sports and Performance Nutrition,Prof. Geetha Ghaliyavar,"IIT Madras ,NPTEL","8 Weeks
                          
                          
                              (Starts: 19-08-2024)","Enrollment Ends: 19 Aug, 2024","Exam Date: 27 Oct, 2024","Exam Registration Ends: 30 Aug, 2024"
https://onlinecourses.nptel.ac.in/noc24_cs107/preview,Statistical Learning for Reliability...,Prof. Monalisa Sarma,"IIT Kharagpur ,NPTEL","12 Weeks
                          
                          
                              (Starts: 22-07-2024)","Enrollment Ends: 5 Aug, 2024","Exam Date: 27 Oct, 2024","Exam Registration Ends: 16 Aug, 2024"
https://onlinecourses.nptel.ac.in/noc24_ee124/preview,Stochastic Control and Communication,Prof. Ankur A. Kulkarni,"IIT Bombay ,NPTEL","12 Weeks
                          
                          
                              (Starts: 22-07-2024)","Enrollment Ends: 5 Aug, 2024","Exam Date: 27 Oct, 2024","Exam Registration Ends: 16 Aug, 2024"
https://onlinecourses.nptel.ac.in/noc24_mg95/preview,Strategic Management for Competitive...,Prof. Sanjib Chowdhury,"IIT Kharagpur ,NPTEL","12 Weeks
                          
                          
                              (Starts: 22-07-2024)","Enrollment Ends: 5 Aug, 2024","Exam Date: 27 Oct, 2024","Exam Registration Ends: 16 Aug, 2024"
https://onlinecourses.nptel.ac.in/noc24_ce90/preview,Structural Geology,Prof. Santanu Misra,"IIT Kanpur ,NPTEL","12 Weeks
                          
                          
                              (Starts: 22-07-2024)","Enrollment Ends: 5 Aug, 2024","Exam Date: 27 Oct, 2024","Exam Registration Ends: 16 Aug, 2024"
https://onlinecourses.nptel.ac.in/noc24_cy51/preview,Symmetry and Group Theory,Prof. Anindya Datta,"IIT Bombay ,NPTEL","12 Weeks
                          
                          
                              (Starts: 22-07-2024)","Enrollment Ends: 5 Aug, 2024","Exam Date: 27 Oct, 2024","Exam Registration Ends: 16 Aug, 2024"
https://onlinecourses.nptel.ac.in/noc24_de16/preview,System Design for Sustainability,Prof. Sharmistha Banerjee,"IIT Guwahati ,NPTEL","12 Weeks
                          
                          
                              (Starts: 22-07-2024)","Enrollment Ends: 5 Aug, 2024","Exam Date: 27 Oct, 2024","Exam Registration Ends: 16 Aug, 2024"
https://onlinecourses.nptel.ac.in/noc24_hs175/preview,Technical English for Engineers,Prof. Aysha Viswamohan,"IIT Madras ,NPTEL","8 Weeks
                          
                          
                              (Starts: 19-08-2024)","Enrollment Ends: 19 Aug, 2024","Exam Date: 27 Oct, 2024","Exam Registration Ends: 30 Aug, 2024"
https://onlinecourses.nptel.ac.in/noc24_hs122/preview,"Text, Textuality and Digital Media",Prof. Arjun Ghosh,"IIT Delhi ,NPTEL","12 Weeks
                          
                          
                              (Starts: 22-07-2024)","Enrollment Ends: 5 Aug, 2024","Exam Date: 27 Oct, 2024","Exam Registration Ends: 16 Aug, 2024"
https://onlinecourses.nptel.ac.in/noc24_hs173/preview,The Science of Happiness and Wellbeing,"Prof. Priyadarshi Patnaik, Prof. Manas K. Mandal","IIT Kharagpur ,NPTEL","8 Weeks
                          
                          
                              (Starts: 19-08-2024)","Enrollment Ends: 19 Aug, 2024","Exam Date: 27 Oct, 2024","Exam Registration Ends: 30 Aug, 2024"
https://onlinecourses.nptel.ac.in/noc24_me98/preview,Thermodynamics,Prof. Anand T. N. C.,"IIT Palakkad ,NPTEL","12 Weeks
                          
                          
                              (Starts: 22-07-2024)","Enrollment Ends: 5 Aug, 2024","Exam Date: 27 Oct, 2024","Exam Registration Ends: 16 Aug, 2024"
https://onlinecourses.nptel.ac.in/noc24_mg123/preview,Toyota Production System,Prof. Rajat Agrawal,"IIT Roorkee ,NPTEL","8 Weeks
                          
                          
                              (Starts: 19-08-2024)","Enrollment Ends: 19 Aug, 2024","Exam Date: 27 Oct, 2024","Exam Registration Ends: 30 Aug, 2024"
https://onlinecourses.nptel.ac.in/noc24_ch67/preview,Transport Phenomena of Non-Newtonian...,Prof. Nanda Kishore,"IIT Guwahati ,NPTEL","12 Weeks
                          
                          
                              (Starts: 22-07-2024)","Enrollment Ends: 5 Aug, 2024","Exam Date: 27 Oct, 2024","Exam Registration Ends: 16 Aug, 2024"
https://onlinecourses.nptel.ac.in/noc24_ce86/preview,Underground Space Technology,Prof. Priti Maheshwari,"IIT Roorkee ,NPTEL","12 Weeks
                          
                          
                              (Starts: 22-07-2024)","Enrollment Ends: 5 Aug, 2024","Exam Date: 27 Oct, 2024","Exam Registration Ends: 16 Aug, 2024"
https://onlinecourses.nptel.ac.in/noc24_hs120/preview,समास Samāsa In PāṇInian Grammar- II,Prof. Malhar Kulkarni,"IIT Bombay ,NPTEL","12 Weeks
                          
                          
                              (Starts: 22-07-2024)","Enrollment Ends: 5 Aug, 2024","Exam Date: 27 Oct, 2024","Exam Registration Ends: 16 Aug, 2024"
https://onlinecourses.swayam2.ac.in/nce23_sc29/preview,Accountancy XI Part-I,Prof. Shipra Vaidya,"DESS, NCERT, New Delhi ,NCERT","24 Weeks
                          
                          
                              (Starts: 16-10-2023)","Enrollment Ends: 1 Mar, 2024","Exam Date: 28 Mar, 2024","Exam Registration Ends: 27 Mar, 2024"
https://onlinecourses.swayam2.ac.in/nce23_sc30/preview,Biology XI Part-I,Dr. Sunita Farkya,"DESM, NCERT, New Delhi ,NCERT","24 Weeks
                          
                          
                              (Starts: 16-10-2023)","Enrollment Ends: 1 Mar, 2024","Exam Date: 28 Mar, 2024","Exam Registration Ends: 27 Mar, 2024"
https://onlinecourses.swayam2.ac.in/nce23_sc31/preview,Biology XI Part-II,Dr. Sunita Farkya,"DESM, NCERT, New Delhi ,NCERT","24 Weeks
                          
                          
                              (Starts: 16-10-2023)","Enrollment Ends: 1 Mar, 2024","Exam Date: 28 Mar, 2024","Exam Registration Ends: 27 Mar, 2024"
https://onlinecourses.swayam2.ac.in/nce23_sc32/preview,Biology XII Part-I,Dr. Sunita Farkya,"DESM, NCERT, New Delhi ,NCERT","24 Weeks
                          
                          
                              (Starts: 16-10-2023)","Enrollment Ends: 1 Mar, 2024","Exam Date: 28 Mar, 2024","Exam Registration Ends: 27 Mar, 2024"
https://onlinecourses.swayam2.ac.in/nce23_sc33/preview,Business Studies XI Part-I,Dr. Punnam Veeraiah,"RIE Campus, Shyamla Hills, Bhopal ,NCERT","24 Weeks
                          
                          
                              (Starts: 16-10-2023)","Enrollment Ends: 1 Mar, 2024","Exam Date: 28 Mar, 2024","Exam Registration Ends: 27 Mar, 2024"
https://onlinecourses.swayam2.ac.in/nce23_sc34/preview,Business Studies XII Part-I,Dr. Punnam Veeraiah,"RIE Campus, Shyamla Hills, Bhopal ,NCERT","24 Weeks
                          
                          
                              (Starts: 16-10-2023)","Enrollment Ends: 1 Mar, 2024","Exam Date: 28 Mar, 2024","Exam Registration Ends: 27 Mar, 2024"
https://onlinecourses.swayam2.ac.in/nce23_sc35/preview,Chemistry XI Part-I,Prof R K Parashar,"DESM, NIE, NCERT ,NCERT","24 Weeks
                          
                          
                              (Starts: 16-10-2023)","Enrollment Ends: 1 Mar, 2024","Exam Date: 28 Mar, 2024","Exam Registration Ends: 27 Mar, 2024"
https://onlinecourses.swayam2.ac.in/nce23_sc36/preview,Chemistry XI Part-II,Prof R K Parashar,"DESM, NIE, NCERT ,NCERT","24 Weeks
                          
                          
                              (Starts: 16-10-2023)","Enrollment Ends: 1 Mar, 2024","Exam Date: 28 Mar, 2024","Exam Registration Ends: 27 Mar, 2024"
https://onlinecourses.swayam2.ac.in/nce23_sc37/preview,Chemistry XII Part-I,Prof R. K. Parashar,"DESM, NIE, NCERT, New Delhi ,NCERT","24 Weeks
                          
                          
                              (Starts: 16-10-2023)","Enrollment Ends: 1 Mar, 2024","Exam Date: 28 Mar, 2024","Exam Registration Ends: 27 Mar, 2024"
https://onlinecourses.swayam2.ac.in/nce23_sc38/preview,Economic XI Part-I,Dr. M.V. Srinivasan,"DESS, New Delhi ,NCERT","24 Weeks
                          
                          
                              (Starts: 16-10-2023)","Enrollment Ends: 1 Mar, 2024","Exam Date: 28 Mar, 2024","Exam Registration Ends: 27 Mar, 2024"
https://onlinecourses.swayam2.ac.in/nce23_sc39/preview,Economic XII Part-I,Dr. Jaya Singh,"DESS, NCERT, New Delhi ,NCERT","24 Weeks
                          
                          
                              (Starts: 16-10-2023)","Enrollment Ends: 1 Mar, 2024","Exam Date: 28 Mar, 2024","Exam Registration Ends: 27 Mar, 2024"
https://onlinecourses.swayam2.ac.in/nce23_sc40/preview,English XII Part-1: Annual Preparatory...,Dr. Ganga Mahto,"Regional Institute of Education, NCERT, Bhopal ,NCERT","24 Weeks
                          
                          
                              (Starts: 16-10-2023)","Enrollment Ends: 1 Mar, 2024","Exam Date: 28 Mar, 2024","Exam Registration Ends: 27 Mar, 2024"
https://onlinecourses.swayam2.ac.in/nce23_sc41/preview,Geography XI Part-I,Prof. Tannu Malik,"DESS, NIE, NCERT ,NCERT","24 Weeks
                          
                          
                              (Starts: 16-10-2023)","Enrollment Ends: 1 Mar, 2024","Exam Date: 28 Mar, 2024","Exam Registration Ends: 27 Mar, 2024"
https://onlinecourses.swayam2.ac.in/nce23_sc42/preview,Geography XI Part-II,Prof. Tannu Malik,"DESS, NIE, NCERT ,NCERT","24 Weeks
                          
                          
                              (Starts: 16-10-2023)","Enrollment Ends: 1 Mar, 2024","Exam Date: 28 Mar, 2024","Exam Registration Ends: 27 Mar, 2024"
https://onlinecourses.swayam2.ac.in/nce23_sc43/preview,Geography XII Part-I,Dr. Soyhunlo Sebu,"RIE Bhopal ,NCERT","24 Weeks
                          
                          
                              (Starts: 16-10-2023)","Enrollment Ends: 1 Mar, 2024","Exam Date: 28 Mar, 2024","Exam Registration Ends: 27 Mar, 2024"
https://onlinecourses.swayam2.ac.in/nce23_sc44/preview,Geography XII Part-II,Dr. Soyhunlo Sebu,"RIE Bhopal ,NCERT","24 Weeks
                          
                          
                              (Starts: 16-10-2023)","Enrollment Ends: 1 Mar, 2024","Exam Date: 28 Mar, 2024","Exam Registration Ends: 27 Mar, 2024"
https://onlinecourses.swayam2.ac.in/nce23_sc45/preview,Mathematics XI Part-I,Dr. T.P. Sarma,"DESM, NCERT, New Delhi ,NCERT","24 Weeks
                          
                          
                              (Starts: 16-10-2023)","Enrollment Ends: 1 Mar, 2024","Exam Date: 28 Mar, 2024","Exam Registration Ends: 27 Mar, 2024"
https://onlinecourses.swayam2.ac.in/nce23_sc46/preview,Mathematics XI Part-II,Dr. T.P. Sarma,"DESM, NCERT, New Delhi ,NCERT","24 Weeks
                          
                          
                              (Starts: 16-10-2023)","Enrollment Ends: 1 Mar, 2024","Exam Date: 28 Mar, 2024","Exam Registration Ends: 27 Mar, 2024"
https://onlinecourses.swayam2.ac.in/nce23_sc47/preview,Mathematics XII Part-I,Dr. A.K. Wazalwar,"DESM, NCERT, New Delhi ,NCERT","24 Weeks
                          
                          
                              (Starts: 16-10-2023)","Enrollment Ends: 1 Mar, 2024","Exam Date: 28 Mar, 2024","Exam Registration Ends: 27 Mar, 2024"
https://onlinecourses.swayam2.ac.in/nce23_sc48/preview,Physics XI Part-I,Dr. Ved Prakash Arya,"Regional Institute Of Education, Ajmer ,NCERT","24 Weeks
                          
                          
                              (Starts: 16-10-2023)","Enrollment Ends: 1 Mar, 2024","Exam Date: 28 Mar, 2024","Exam Registration Ends: 27 Mar, 2024"
https://onlinecourses.swayam2.ac.in/nce23_sc49/preview,Physics XI Part-II,Dr. Ved Prakash Arya,"Regional Institute Of Education, Ajmer ,NCERT","24 Weeks
                          
                          
                              (Starts: 16-10-2023)","Enrollment Ends: 1 Mar, 2024","Exam Date: 28 Mar, 2024","Exam Registration Ends: 27 Mar, 2024"
https://onlinecourses.swayam2.ac.in/nce23_sc50/preview,Physics XII Part-I,Dr. Kalpana Maski,"RIE Bhopal ,NCERT","24 Weeks
                          
                          
                              (Starts: 16-10-2023)","Enrollment Ends: 1 Mar, 2024","Exam Date: 28 Mar, 2024","Exam Registration Ends: 27 Mar, 2024"
https://onlinecourses.swayam2.ac.in/nce23_sc51/preview,Physics XII Part-II,Dr. Kalpana Maski,"RIE Bhopal ,NCERT","24 Weeks
                          
                          
                              (Starts: 16-10-2023)","Enrollment Ends: 1 Mar, 2024","Exam Date: 28 Mar, 2024","Exam Registration Ends: 27 Mar, 2024"
https://onlinecourses.swayam2.ac.in/nce23_sc52/preview,Psychology XI Part-I,Dr. Sushmita Chakraborty,"NIE, New Delhi ,NCERT","24 Weeks
                          
                          
                              (Starts: 16-10-2023)","Enrollment Ends: 1 Mar, 2024","Exam Date: 28 Mar, 2024","Exam Registration Ends: 27 Mar, 2024"
https://onlinecourses.swayam2.ac.in/nce23_sc53/preview,Psychology XI Part-II,Dr. Sushmita Chakraborty,"NIE, New Delhi ,NCERT","24 Weeks
                          
                          
                              (Starts: 16-10-2023)","Enrollment Ends: 1 Mar, 2024","Exam Date: 28 Mar, 2024","Exam Registration Ends: 27 Mar, 2024"
https://onlinecourses.swayam2.ac.in/nce23_sc54/preview,Psychology XII Part-I,Dr. Deepmala,"DEPFE, NIE, NCERT ,NCERT","24 Weeks
                          
                          
                              (Starts: 16-10-2023)","Enrollment Ends: 1 Mar, 2024","Exam Date: 28 Mar, 2024","Exam Registration Ends: 27 Mar, 2024"
https://onlinecourses.swayam2.ac.in/nce23_sc55/preview,Sociology XI Part-I,Dr.Tasongwi Newmei,"NERIE Shilong ,NCERT","24 Weeks
                          
                          
                              (Starts: 16-10-2023)","Enrollment Ends: 1 Mar, 2024","Exam Date: 28 Mar, 2024","Exam Registration Ends: 27 Mar, 2024"
https://onlinecourses.swayam2.ac.in/nce23_sc56/preview,Sociology XII Part-I,Dr. Sarika C. Saju,"RIE, NCERT, Bhopal ,NCERT","24 Weeks
                          
                          
                              (Starts: 16-10-2023)","Enrollment Ends: 1 Mar, 2024","Exam Date: 28 Mar, 2024","Exam Registration Ends: 27 Mar, 2024"
https://onlinecourses.nptel.ac.in/noc24_ma89/preview,A Basic Course in Number Theory,Prof. Shripad Garge,IIT Bombay,"12 Weeks
                          
                          
                              (Starts: 22-07-2024)","Enrollment Ends: 5 Aug, 2024","Exam Date: 3 Nov, 2024","Exam Registration Ends: 16 Aug, 2024"
https://onlinecourses.nptel.ac.in/noc24_ma94/preview,A Primer to Mathematical Optimization,Prof. Debdas Ghosh,"IIT (BHU), Varanasi","12 Weeks
                          
                          
                              (Starts: 22-07-2024)","Enrollment Ends: 5 Aug, 2024","Exam Date: 3 Nov, 2024","Exam Registration Ends: 16 Aug, 2024"
https://onlinecourses.nptel.ac.in/noc24_ph34/preview,Accelerator Physics,"Prof. Amalendu Sharma, Prof. Rajni Pande, Prof....",IIT Bombay,"12 Weeks
                          
                          
                              (Starts: 22-07-2024)","Enrollment Ends: 5 Aug, 2024","Exam Date: 3 Nov, 2024","Exam Registration Ends: 16 Aug, 2024"
https://onlinecourses.nptel.ac.in/noc24_ge66/preview,Accreditation and Outcome Based...,"Prof. Anup Kumar Ray(Retd.),  Prof. S K. Das...",IIT Kharagpur,"8 Weeks
                          
                          
                              (Starts: 19-08-2024)","Enrollment Ends: 19 Aug, 2024","Exam Date: 3 Nov, 2024","Exam Registration Ends: 30 Aug, 2024"
https://onlinecourses.nptel.ac.in/noc24_ge61/preview,Adolescent Health and Well-Being : A...,"Prof. Sumana Samanta, Prof. Parmeshwar Satpathy",IIT Kharagpur,"4 Weeks
                          
                          
                              (Starts: 19-08-2024)","Enrollment Ends: 19 Aug, 2024","Exam Date: 3 Nov, 2024","Exam Registration Ends: 30 Aug, 2024"
https://onlinecourses.nptel.ac.in/noc24_ph33/preview,Advanced Atmospheric Physics,Prof. MV Sunil Krishna,IIT Roorkee,"12 Weeks
                          
                          
                              (Starts: 22-07-2024)","Enrollment Ends: 5 Aug, 2024","Exam Date: 3 Nov, 2024","Exam Registration Ends: 16 Aug, 2024"
https://onlinecourses.nptel.ac.in/noc24_ma91/preview,Advanced Calculus For Engineers,"Prof. Jitendra Kumar, Prof. Somesh Kumar",IIT Kharagpur,"12 Weeks
                          
                          
                              (Starts: 22-07-2024)","Enrollment Ends: 5 Aug, 2024","Exam Date: 3 Nov, 2024","Exam Registration Ends: 16 Aug, 2024"
https://onlinecourses.nptel.ac.in/noc24_me154/preview,Advanced Machining Processes,Prof. Manas Das,IIT Guwahati,"8 Weeks
                          
                          
                              (Starts: 19-08-2024)","Enrollment Ends: 19 Aug, 2024","Exam Date: 3 Nov, 2024","Exam Registration Ends: 30 Aug, 2024"
https://onlinecourses.nptel.ac.in/noc24_mm42/preview,Advanced Materials and Processes,Prof. Jayanta Das,IIT Kharagpur,"12 Weeks
                          
                          
                              (Starts: 22-07-2024)","Enrollment Ends: 5 Aug, 2024","Exam Date: 3 Nov, 2024","Exam Registration Ends: 16 Aug, 2024"
https://onlinecourses.nptel.ac.in/noc24_me135/preview,Advanced Thermodynamics and Combustion,Prof. Niranjan Sahoo,IIT Guwahati,"12 Weeks
                          
                          
                              (Starts: 22-07-2024)","Enrollment Ends: 5 Aug, 2024","Exam Date: 3 Nov, 2024","Exam Registration Ends: 16 Aug, 2024"
https://onlinecourses.nptel.ac.in/noc24_mm40/preview,Aluminium Based Alloys and Metal Matrix...,Prof. Ranjit Bauri,IIT Madras,"12 Weeks
                          
                          
                              (Starts: 22-07-2024)","Enrollment Ends: 5 Aug, 2024","Exam Date: 3 Nov, 2024","Exam Registration Ends: 16 Aug, 2024"
https://onlinecourses.nptel.ac.in/noc24_ma74/preview,An Introduction to Point-Set-Topology...,Prof. Anant R. Shastri,IIT Bombay,"12 Weeks
                          
                          
                              (Starts: 22-07-2024)","Enrollment Ends: 5 Aug, 2024","Exam Date: 3 Nov, 2024","Exam Registration Ends: 16 Aug, 2024"
https://onlinecourses.nptel.ac.in/noc24_ee106/preview,Analog Electronic Circuits - IITKGP,Prof. Pradip Mandal,IIT Kharagpur,"12 Weeks
                          
                          
                              (Starts: 22-07-2024)","Enrollment Ends: 5 Aug, 2024","Exam Date: 3 Nov, 2024","Exam Registration Ends: 16 Aug, 2024"
https://onlinecourses.nptel.ac.in/noc24_ph39/preview,Applied Optics,Prof. Akhilesh Kumar Mishra,IIT Roorkee,"12 Weeks
                          
                          
                              (Starts: 22-07-2024)","Enrollment Ends: 5 Aug, 2024","Exam Date: 3 Nov, 2024","Exam Registration Ends: 16 Aug, 2024"
https://onlinecourses.nptel.ac.in/noc24_me137/preview,Applied Thermodynamics for Engineers,Prof. Dipankar N.Basu,IIT Guwahati,"12 Weeks
                          
                          
                              (Starts: 22-07-2024)","Enrollment Ends: 5 Aug, 2024","Exam Date: 3 Nov, 2024","Exam Registration Ends: 16 Aug, 2024"
https://onlinecourses.nptel.ac.in/noc24_ma84/preview,Approximate Reasoning using Fuzzy Set...,Prof. Balasubramaniam Jayaram,IIT Hyderabad,"12 Weeks
                          
                          
                              (Starts: 22-07-2024)","Enrollment Ends: 5 Aug, 2024","Exam Date: 3 Nov, 2024","Exam Registration Ends: 16 Aug, 2024"
https://onlinecourses.nptel.ac.in/noc24_ar21/preview,Architectural Approaches to...,Prof. Iyer Vijayalaxmi Kasinath,"School of Planning and Architecture, Vijayawada, An...","12 Weeks
                          
                          
                              (Starts: 22-07-2024)","Enrollment Ends: 5 Aug, 2024","Exam Date: 3 Nov, 2024","Exam Registration Ends: 16 Aug, 2024"
https://onlinecourses.nptel.ac.in/noc24_mg117/preview,Automation In Production Systems and...,Prof. Pradip Kumar Ray,IIT Kharagpur,"12 Weeks
                          
                          
                              (Starts: 22-07-2024)","Enrollment Ends: 5 Aug, 2024","Exam Date: 3 Nov, 2024","Exam Registration Ends: 16 Aug, 2024"
https://onlinecourses.nptel.ac.in/noc24_me139/preview,Automation in Manufacturing,Prof. Shrikrishna N. Joshi,IIT Guwahati,"12 Weeks
                          
                          
                              (Starts: 22-07-2024)","Enrollment Ends: 5 Aug, 2024","Exam Date: 3 Nov, 2024","Exam Registration Ends: 16 Aug, 2024"
https://onlinecourses.nptel.ac.in/noc24_ge58/preview,Bandit Algorithm (Online Machine...,Prof. Manjesh Kumar Hanawal,IIT Bombay,"12 Weeks
                          
                          
                              (Starts: 22-07-2024)","Enrollment Ends: 5 Aug, 2024","Exam Date: 3 Nov, 2024","Exam Registration Ends: 16 Aug, 2024"
https://onlinecourses.nptel.ac.in/noc24_mg121/preview,Business Fundamentals for Entrepreneurs...,Prof. Devdip Purkayastha,IIT Bombay,"4 Weeks
                          
                          
                              (Starts: 19-08-2024)","Enrollment Ends: 19 Aug, 2024","Exam Date: 3 Nov, 2024","Exam Registration Ends: 30 Aug, 2024"
https://onlinecourses.nptel.ac.in/noc24_cs122/preview,C-Based VLSI Design,Prof. Chandan Karfa,IIT Guwahati,"12 Weeks
                          
                          
                              (Starts: 22-07-2024)","Enrollment Ends: 5 Aug, 2024","Exam Date: 3 Nov, 2024","Exam Registration Ends: 16 Aug, 2024"
https://onlinecourses.nptel.ac.in/noc24_ge64/preview,"Canning Technology, Value Addition of...","Prof. Abhilash Sasidharan, Prof. Maya Raman",KUFOS Panangad,"8 Weeks
                          
                          
                              (Starts: 19-08-2024)","Enrollment Ends: 19 Aug, 2024","Exam Date: 3 Nov, 2024","Exam Registration Ends: 30 Aug, 2024"
https://onlinecourses.nptel.ac.in/noc24_ch74/preview,Chemical Process Safety,Prof. Shishir Sinha,IIT Roorkee,"12 Weeks
                          
                          
                              (Starts: 22-07-2024)","Enrollment Ends: 5 Aug, 2024","Exam Date: 3 Nov, 2024","Exam Registration Ends: 16 Aug, 2024"
https://onlinecourses.nptel.ac.in/noc24_cs118/preview,Cloud Computing,Prof. Soumya Kanti Ghosh,IIT Kharagpur,"12 Weeks
                          
                          
                              (Starts: 22-07-2024)","Enrollment Ends: 5 Aug, 2024","Exam Date: 3 Nov, 2024","Exam Registration Ends: 16 Aug, 2024"
https://onlinecourses.nptel.ac.in/noc24_mg115/preview,Commodity Derivatives & Risk Management,Prof. Prabina Rajib,IIT Kharagpur,"12 Weeks
                          
                          
                              (Starts: 22-07-2024)","Enrollment Ends: 5 Aug, 2024","Exam Date: 3 Nov, 2024","Exam Registration Ends: 16 Aug, 2024"
https://onlinecourses.nptel.ac.in/noc24_me133/preview,Computational Continuum Mechanics,Prof. Sachin Singh Gautam,IIT Guwahati,"12 Weeks
                          
                          
                              (Starts: 22-07-2024)","Enrollment Ends: 5 Aug, 2024","Exam Date: 3 Nov, 2024","Exam Registration Ends: 16 Aug, 2024"
https://onlinecourses.nptel.ac.in/noc24_me141/preview,Computational Fluid Dynamics,Prof. Suman Chakraborty,IIT Kharagpur,"12 Weeks
                          
                          
                              (Starts: 22-07-2024)","Enrollment Ends: 5 Aug, 2024","Exam Date: 3 Nov, 2024","Exam Registration Ends: 16 Aug, 2024"
https://onlinecourses.nptel.ac.in/noc24_me131/preview,Computational Fluid Dynamics and Heat...,Prof. Gautam Biswas,IIT Kanpur,"12 Weeks
                          
                          
                              (Starts: 22-07-2024)","Enrollment Ends: 5 Aug, 2024","Exam Date: 3 Nov, 2024","Exam Registration Ends: 16 Aug, 2024"
https://onlinecourses.nptel.ac.in/noc24_oe05/preview,Computer Methods of Structural Analysis...,Prof. Srinivasan Chandrasekaran,IIT Madras,"12 Weeks
                          
                          
                              (Starts: 22-07-2024)","Enrollment Ends: 5 Aug, 2024","Exam Date: 3 Nov, 2024","Exam Registration Ends: 16 Aug, 2024"
https://onlinecourses.nptel.ac.in/noc24_cs124/preview,Computer Vision,Prof. Jayanta Mukhopadhyay,IIT Kharagpur,"12 Weeks
                          
                          
                              (Starts: 22-07-2024)","Enrollment Ends: 5 Aug, 2024","Exam Date: 3 Nov, 2024","Exam Registration Ends: 16 Aug, 2024"
https://onlinecourses.nptel.ac.in/noc24_cs121/preview,Cyber Security and Privacy,Prof. Saji K Mathew,IIT Madras,"12 Weeks
                          
                          
                              (Starts: 22-07-2024)","Enrollment Ends: 5 Aug, 2024","Exam Date: 3 Nov, 2024","Exam Registration Ends: 16 Aug, 2024"
https://onlinecourses.nptel.ac.in/noc24_me152/preview,Design Practice - II,Prof. Shantanu Bhattacharya,IIT Kanpur,"8 Weeks
                          
                          
                              (Starts: 19-08-2024)","Enrollment Ends: 19 Aug, 2024","Exam Date: 3 Nov, 2024","Exam Registration Ends: 30 Aug, 2024"
https://onlinecourses.nptel.ac.in/noc24_ma85/preview,Differential Equations for Engineers,Prof. Srinivas Rao Manam,IITM,"12 Weeks
                          
                          
                              (Starts: 22-07-2024)","Enrollment Ends: 5 Aug, 2024","Exam Date: 3 Nov, 2024","Exam Registration Ends: 16 Aug, 2024"
https://onlinecourses.nptel.ac.in/noc24_ee147/preview,Digital Circuits,Prof. Santanu Chattopadhyay,IIT Kharagpur,"12 Weeks
                          
                          
                              (Starts: 22-07-2024)","Enrollment Ends: 5 Aug, 2024","Exam Date: 3 Nov, 2024","Exam Registration Ends: 16 Aug, 2024"
https://onlinecourses.nptel.ac.in/noc24_ee133/preview,Digital Image Processing,Prof. Prabir Kumar Biswas,IIT Kharagpur,"12 Weeks
                          
                          
                              (Starts: 22-07-2024)","Enrollment Ends: 5 Aug, 2024","Exam Date: 3 Nov, 2024","Exam Registration Ends: 16 Aug, 2024"
https://onlinecourses.nptel.ac.in/noc24_oe04/preview,Dynamics of Ocean Structures,Prof. Srinivasan Chandrasekaran,IIT Madras,"12 Weeks
                          
                          
                              (Starts: 22-07-2024)","Enrollment Ends: 5 Aug, 2024","Exam Date: 3 Nov, 2024","Exam Registration Ends: 16 Aug, 2024"
https://onlinecourses.nptel.ac.in/noc24_hs159/preview,Educational Leadership,Prof. Atasi Mohanty,IIT Kharagpur,"12 Weeks
                          
                          
                              (Starts: 22-07-2024)","Enrollment Ends: 5 Aug, 2024","Exam Date: 3 Nov, 2024","Exam Registration Ends: 16 Aug, 2024"
https://onlinecourses.nptel.ac.in/noc24_bt74/preview,Electrophysiology of Heart,Prof. ARIJITA BANERJEE,IIT Kharagpur,"4 Weeks
                          
                          
                              (Starts: 19-08-2024)","Enrollment Ends: 19 Aug, 2024","Exam Date: 3 Nov, 2024","Exam Registration Ends: 30 Aug, 2024"
https://onlinecourses.nptel.ac.in/noc24_me142/preview,Energy Conservation and Waste Heat...,"Prof. Prasanta Kumar Das, Prof. A Bhattacharya",IIT Kharagpur,"12 Weeks
                          
                          
                              (Starts: 22-07-2024)","Enrollment Ends: 5 Aug, 2024","Exam Date: 3 Nov, 2024","Exam Registration Ends: 16 Aug, 2024"
https://onlinecourses.nptel.ac.in/noc24_me140/preview,Engineering Graphics and Design,"Prof. Naresh Varma Datla, Prof. S. R. Kale",IIT Delhi,"12 Weeks
                          
                          
                              (Starts: 22-07-2024)","Enrollment Ends: 5 Aug, 2024","Exam Date: 3 Nov, 2024","Exam Registration Ends: 16 Aug, 2024"
https://onlinecourses.nptel.ac.in/noc24_ma93/preview,Engineering Mathematics - I,Prof. Jitendra Kumar,IIT Kharagpur,"12 Weeks
                          
                          
                              (Starts: 22-07-2024)","Enrollment Ends: 5 Aug, 2024","Exam Date: 3 Nov, 2024","Exam Registration Ends: 16 Aug, 2024"
https://onlinecourses.nptel.ac.in/noc24_me127/preview,Engineering Mechanics,Prof. K. Ramesh,IIT Madras,"12 Weeks
                          
                          
                              (Starts: 22-07-2024)","Enrollment Ends: 5 Aug, 2024","Exam Date: 3 Nov, 2024","Exam Registration Ends: 16 Aug, 2024"
https://onlinecourses.nptel.ac.in/noc24_hs182/preview,Engineering Psychology,Prof. Naveen Kashyap,IIT Guwahati,"8 Weeks
                          
                          
                              (Starts: 19-08-2024)","Enrollment Ends: 19 Aug, 2024","Exam Date: 3 Nov, 2024","Exam Registration Ends: 30 Aug, 2024"
https://onlinecourses.nptel.ac.in/noc24_me146/preview,Engineering Thermodynamics,Prof. V. Raghavan,IIT Madras,"12 Weeks
                          
                          
                              (Starts: 22-07-2024)","Enrollment Ends: 5 Aug, 2024","Exam Date: 3 Nov, 2024","Exam Registration Ends: 16 Aug, 2024"
https://onlinecourses.nptel.ac.in/noc24_hs160/preview,Environmental Science,"Prof. Sudha Goel, Prof. Shamik Chowdhury",IIT Kharagpur,"12 Weeks
                          
                          
                              (Starts: 22-07-2024)","Enrollment Ends: 5 Aug, 2024","Exam Date: 3 Nov, 2024","Exam Registration Ends: 16 Aug, 2024"
https://onlinecourses.nptel.ac.in/noc24_ma87/preview,Essential Mathematics for Machine...,"Prof. S. K. Gupta, Prof. Sanjeev Kumar",IIT Roorkee,"12 Weeks
                          
                          
                              (Starts: 22-07-2024)","Enrollment Ends: 5 Aug, 2024","Exam Date: 3 Nov, 2024","Exam Registration Ends: 16 Aug, 2024"
https://onlinecourses.nptel.ac.in/noc24_me143/preview,Experimental Modal Analysis,Prof. Subodh V. Modak,IIT Delhi,"12 Weeks
                          
                          
                              (Starts: 22-07-2024)","Enrollment Ends: 5 Aug, 2024","Exam Date: 3 Nov, 2024","Exam Registration Ends: 16 Aug, 2024"
https://onlinecourses.nptel.ac.in/noc24_ph42/preview,Experimental Physics I,Prof. Amal Kumar Das,IIT Kharagpur,"12 Weeks
                          
                          
                              (Starts: 22-07-2024)","Enrollment Ends: 5 Aug, 2024","Exam Date: 3 Nov, 2024","Exam Registration Ends: 16 Aug, 2024"
https://onlinecourses.nptel.ac.in/noc24_ge65/preview,Food Packaging Technology,"Prof. Maya Raman, Prof. Jenny Ann John",KUFOS Panangad,"8 Weeks
                          
                          
                              (Starts: 19-08-2024)","Enrollment Ends: 19 Aug, 2024","Exam Date: 3 Nov, 2024","Exam Registration Ends: 30 Aug, 2024"
https://onlinecourses.nptel.ac.in/noc24_ph38/preview,Foundations of Quantum Theory:...,Prof. Sandep K. Goyal,IISER Mohali,"12 Weeks
                          
                          
                              (Starts: 22-07-2024)","Enrollment Ends: 5 Aug, 2024","Exam Date: 3 Nov, 2024","Exam Registration Ends: 16 Aug, 2024"
https://onlinecourses.nptel.ac.in/noc24_ma95/preview,Foundations of R Software,Prof. Shalabh,IIT Kanpur,"12 Weeks
                          
                          
                              (Starts: 22-07-2024)","Enrollment Ends: 5 Aug, 2024","Exam Date: 3 Nov, 2024","Exam Registration Ends: 16 Aug, 2024"
https://onlinecourses.nptel.ac.in/noc24_me138/preview,Fundamentals of Additive Manufacturing...,Prof. Sajan Kapil,IIT Guwahati,"12 Weeks
                          
                          
                              (Starts: 22-07-2024)","Enrollment Ends: 5 Aug, 2024","Exam Date: 3 Nov, 2024","Exam Registration Ends: 16 Aug, 2024"
https://onlinecourses.nptel.ac.in/noc24_me134/preview,Fundamentals of Conduction and...,"Prof. Amaresh Dalal, Prof. Dipankar N.Basu",IIT Guwahati,"12 Weeks
                          
                          
                              (Starts: 22-07-2024)","Enrollment Ends: 5 Aug, 2024","Exam Date: 3 Nov, 2024","Exam Registration Ends: 16 Aug, 2024"
https://onlinecourses.nptel.ac.in/noc24_me123/preview,Fundamentals of Manufacturing Processes,Prof. D K Dwivedi,IIT Roorkee,"12 Weeks
                          
                          
                              (Starts: 22-07-2024)","Enrollment Ends: 5 Aug, 2024","Exam Date: 3 Nov, 2024","Exam Registration Ends: 16 Aug, 2024"
https://onlinecourses.nptel.ac.in/noc24_cy57/preview,Fundamentals of Protein Chemistry,Prof. Swagata Dasgupta,IIT Kharagpur,"12 Weeks
                          
                          
                              (Starts: 22-07-2024)","Enrollment Ends: 5 Aug, 2024","Exam Date: 3 Nov, 2024","Exam Registration Ends: 16 Aug, 2024"
https://onlinecourses.nptel.ac.in/noc24_hs185/preview,"Fundamentals of Sports Training, Load...","Prof. Kaustubh Shedjale, Prof. Col (Dr) Anup...","School of Sports, Exercise & Nutrition Sciences","8 Weeks
                          
                          
                              (Starts: 19-08-2024)","Enrollment Ends: 19 Aug, 2024","Exam Date: 3 Nov, 2024","Exam Registration Ends: 30 Aug, 2024"
https://onlinecourses.nptel.ac.in/noc24_cy59/preview,Fundamentals of Statistical...,Prof. Nand Kishore,IIT Bombay,"12 Weeks
                          
                          
                              (Starts: 22-07-2024)","Enrollment Ends: 5 Aug, 2024","Exam Date: 3 Nov, 2024","Exam Registration Ends: 16 Aug, 2024"
https://onlinecourses.nptel.ac.in/noc24_mg120/preview,Gender Justice and Workplace Security,Prof. Dipa Dube,IIT Kharagpur,"4 Weeks
                          
                          
                              (Starts: 19-08-2024)","Enrollment Ends: 19 Aug, 2024","Exam Date: 3 Nov, 2024","Exam Registration Ends: 30 Aug, 2024"
https://onlinecourses.nptel.ac.in/noc24_bt71/preview,Genome Editing and Engineering,Prof. Utpal Bora,IIT Guwahati,"12 Weeks
                          
                          
                              (Starts: 22-07-2024)","Enrollment Ends: 5 Aug, 2024","Exam Date: 3 Nov, 2024","Exam Registration Ends: 16 Aug, 2024"
https://onlinecourses.nptel.ac.in/noc24_ma96/preview,Geometry Of Vision,Prof. Vijay Ravikumar,Azim Premji University,"4 Weeks
                          
                          
                              (Starts: 19-08-2024)","Enrollment Ends: 19 Aug, 2024","Exam Date: 3 Nov, 2024","Exam Registration Ends: 30 Aug, 2024"
https://onlinecourses.nptel.ac.in/noc24_hs156/preview,German - II,Prof. Milind Brahme,IIT Madras,"12 Weeks
                          
                          
                              (Starts: 22-07-2024)","Enrollment Ends: 5 Aug, 2024","Exam Date: 3 Nov, 2024","Exam Registration Ends: 16 Aug, 2024"
https://onlinecourses.nptel.ac.in/noc24_hs180/preview,Indian Popular Culture,Prof. Bibhuti Mary Kachhap,IIT Tirupati,"8 Weeks
                          
                          
                              (Starts: 19-08-2024)","Enrollment Ends: 19 Aug, 2024","Exam Date: 3 Nov, 2024","Exam Registration Ends: 30 Aug, 2024"
https://onlinecourses.nptel.ac.in/noc24_me128/preview,Interfacial Fluid Mechanics,Prof. Harish N Dixit,IIT Hyderabad,"12 Weeks
                          
                          
                              (Starts: 22-07-2024)","Enrollment Ends: 5 Aug, 2024","Exam Date: 3 Nov, 2024","Exam Registration Ends: 16 Aug, 2024"
https://onlinecourses.nptel.ac.in/noc24_ae24/preview,Introduction to Aircraft Design,Prof. Rajkumar S. Pant,IIT Bombay,"12 Weeks
                          
                          
                              (Starts: 22-07-2024)","Enrollment Ends: 5 Aug, 2024","Exam Date: 3 Nov, 2024","Exam Registration Ends: 16 Aug, 2024"
https://onlinecourses.nptel.ac.in/noc24_ph31/preview,Introduction to Astrophysical Fluids,Prof. Supratik Banerjee,IIT Kanpur,"12 Weeks
                          
                          
                              (Starts: 22-07-2024)","Enrollment Ends: 5 Aug, 2024","Exam Date: 3 Nov, 2024","Exam Registration Ends: 16 Aug, 2024"
https://onlinecourses.nptel.ac.in/noc24_me129/preview,Introduction to Composites,Prof. Nachiketa Tiwari,IIT Kanpur,"12 Weeks
                          
                          
                              (Starts: 22-07-2024)","Enrollment Ends: 5 Aug, 2024","Exam Date: 3 Nov, 2024","Exam Registration Ends: 16 Aug, 2024"
https://onlinecourses.nptel.ac.in/noc24_ma90/preview,Introduction to Fourier Analysis,Prof. Parasar Mohanty,IIT Kanpur,"12 Weeks
                          
                          
                              (Starts: 22-07-2024)","Enrollment Ends: 5 Aug, 2024","Exam Date: 3 Nov, 2024","Exam Registration Ends: 16 Aug, 2024"
https://onlinecourses.nptel.ac.in/noc24_mg138/preview,Introduction to GST,Prof. Anil Sharma,The Institute of Cost Accountants of India (ICMAI),"8 Weeks
                          
                          
                              (Starts: 19-08-2024)","Enrollment Ends: 19 Aug, 2024","Exam Date: 3 Nov, 2024","Exam Registration Ends: 30 Aug, 2024"
https://onlinecourses.nptel.ac.in/noc24_ph45/preview,Introduction to LASER,Prof. M. R. Shenoy,IIT Delhi,"12 Weeks
                          
                          
                              (Starts: 22-07-2024)","Enrollment Ends: 5 Aug, 2024","Exam Date: 3 Nov, 2024","Exam Registration Ends: 16 Aug, 2024"
https://onlinecourses.nptel.ac.in/noc24_ma80/preview,Introduction to Methods of Applied...,"Prof. Mani Mehra, Prof. Vivek K. Aggarwal","IIT Delhi, DTU Delhi","12 Weeks
                          
                          
                              (Starts: 22-07-2024)","Enrollment Ends: 5 Aug, 2024","Exam Date: 3 Nov, 2024","Exam Registration Ends: 16 Aug, 2024"
https://onlinecourses.nptel.ac.in/noc24_ee144/preview,Introduction to Photonics,Prof. Balaji Srinivasan,IIT Madras,"12 Weeks
                          
                          
                              (Starts: 22-07-2024)","Enrollment Ends: 5 Aug, 2024","Exam Date: 3 Nov, 2024","Exam Registration Ends: 16 Aug, 2024"
https://onlinecourses.nptel.ac.in/noc24_ma72/preview,Introduction to Probability Theory and...,Prof. S Dharmaraja,IIT Delhi,"12 Weeks
                          
                          
                              (Starts: 22-07-2024)","Enrollment Ends: 5 Aug, 2024","Exam Date: 3 Nov, 2024","Exam Registration Ends: 16 Aug, 2024"
https://onlinecourses.nptel.ac.in/noc24_ma92/preview,Introductory Course In Real Analysis,Prof. P. D Srivastava,IIT Kharagpur,"12 Weeks
                          
                          
                              (Starts: 22-07-2024)","Enrollment Ends: 5 Aug, 2024","Exam Date: 3 Nov, 2024","Exam Registration Ends: 16 Aug, 2024"
https://onlinecourses.nptel.ac.in/noc24_hs184/preview,Introductory Rural Sociology:...,Prof. Ashish Saxena,IIT Kanpur,"8 Weeks
                          
                          
                              (Starts: 19-08-2024)","Enrollment Ends: 19 Aug, 2024","Exam Date: 3 Nov, 2024","Exam Registration Ends: 30 Aug, 2024"
https://onlinecourses.nptel.ac.in/noc24_me124/preview,Joining Technologies for Metals,Prof. D K Dwivedi,IIT Roorkee,"12 Weeks
                          
                          
                              (Starts: 22-07-2024)","Enrollment Ends: 5 Aug, 2024","Exam Date: 3 Nov, 2024","Exam Registration Ends: 16 Aug, 2024"
https://onlinecourses.nptel.ac.in/noc24_hs186/preview,Korean I,Prof. Soo Jin Shim,IIT Madras,"12 Weeks
                          
                          
                              (Starts: 22-07-2024)","Enrollment Ends: 5 Aug, 2024","Exam Date: 3 Nov, 2024","Exam Registration Ends: 16 Aug, 2024"
https://onlinecourses.nptel.ac.in/noc24_me153/preview,Laser Based Manufacturing,Prof. Shrikrishna N. Joshi,IIT Guwahati,"8 Weeks
                          
                          
                              (Starts: 19-08-2024)","Enrollment Ends: 19 Aug, 2024","Exam Date: 3 Nov, 2024","Exam Registration Ends: 30 Aug, 2024"
https://onlinecourses.nptel.ac.in/noc24_ee146/preview,Machine Learning and Deep Learning -...,Prof. M. K. Bhuyan,IIT Guwahati,"12 Weeks
                          
                          
                              (Starts: 22-07-2024)","Enrollment Ends: 5 Aug, 2024","Exam Date: 3 Nov, 2024","Exam Registration Ends: 16 Aug, 2024"
https://onlinecourses.nptel.ac.in/noc24_oe06/preview,Marine Engineering,Prof. Abdus Samad,IIT Madras,"12 Weeks
                          
                          
                              (Starts: 22-07-2024)","Enrollment Ends: 5 Aug, 2024","Exam Date: 3 Nov, 2024","Exam Registration Ends: 16 Aug, 2024"
https://onlinecourses.nptel.ac.in/noc24_mg134/preview,Marketing Research and Analysis,Prof. J. K. Nayak,IIT Roorkee,"8 Weeks
                          
                          
                              (Starts: 19-08-2024)","Enrollment Ends: 19 Aug, 2024","Exam Date: 3 Nov, 2024","Exam Registration Ends: 30 Aug, 2024"
https://onlinecourses.nptel.ac.in/noc24_ch75/preview,Mass Transfer Operations - I,Prof. Bishnupada Mandal,IIT Guwahati,"12 Weeks
                          
                          
                              (Starts: 22-07-2024)","Enrollment Ends: 5 Aug, 2024","Exam Date: 3 Nov, 2024","Exam Registration Ends: 16 Aug, 2024"
https://onlinecourses.nptel.ac.in/noc24_ma86/preview,Mathematical Methods and its...,"Prof. P. N. Agarwal, Prof. S. K. Gupta",IIT Roorkee,"12 Weeks
                          
                          
                              (Starts: 22-07-2024)","Enrollment Ends: 5 Aug, 2024","Exam Date: 3 Nov, 2024","Exam Registration Ends: 16 Aug, 2024"
https://onlinecourses.nptel.ac.in/noc24_ch76/preview,Mathematical Modelling and Simulation...,Prof. Sourav Mondal,IIT Kharagpur,"12 Weeks
                          
                          
                              (Starts: 22-07-2024)","Enrollment Ends: 5 Aug, 2024","Exam Date: 3 Nov, 2024","Exam Registration Ends: 16 Aug, 2024"
https://onlinecourses.nptel.ac.in/noc24_ma88/preview,Matrix Computation and its Applications,"Prof. Mani Mehra, Prof. Vivek K. Aggarwal","IIT Delhi, DTU Delhi","12 Weeks
                          
                          
                              (Starts: 22-07-2024)","Enrollment Ends: 5 Aug, 2024","Exam Date: 3 Nov, 2024","Exam Registration Ends: 16 Aug, 2024"
https://onlinecourses.nptel.ac.in/noc24_me149/preview,Mechanical Behavior of Polymers and...,Prof. Naresh Varma Datla,IIT Delhi,"12 Weeks
                          
                          
                              (Starts: 22-07-2024)","Enrollment Ends: 5 Aug, 2024","Exam Date: 3 Nov, 2024","Exam Registration Ends: 16 Aug, 2024"
https://onlinecourses.nptel.ac.in/noc24_me148/preview,Mechanics,Prof. Anjani Kumar Tiwari,IIT Roorkee,"12 Weeks
                          
                          
                              (Starts: 22-07-2024)","Enrollment Ends: 5 Aug, 2024","Exam Date: 3 Nov, 2024","Exam Registration Ends: 16 Aug, 2024"
https://onlinecourses.nptel.ac.in/noc24_me155/preview,Mechanism and Robot Kinematics,Prof. Anirvan DasGupta,IIT Kharagpur,"8 Weeks
                          
                          
                              (Starts: 19-08-2024)","Enrollment Ends: 19 Aug, 2024","Exam Date: 3 Nov, 2024","Exam Registration Ends: 30 Aug, 2024"
https://onlinecourses.nptel.ac.in/noc24_hs183/preview,Memory,Prof. M K Asthana,IIT Roorkee,"8 Weeks
                          
                          
                              (Starts: 19-08-2024)","Enrollment Ends: 19 Aug, 2024","Exam Date: 3 Nov, 2024","Exam Registration Ends: 30 Aug, 2024"
https://onlinecourses.nptel.ac.in/noc24_me130/preview,Metal Additive Manufacturing,"Prof. J. Ramkumar, Prof. Amandeep Singh Oberoi",IIT Kanpur,"12 Weeks
                          
                          
                              (Starts: 22-07-2024)","Enrollment Ends: 5 Aug, 2024","Exam Date: 3 Nov, 2024","Exam Registration Ends: 16 Aug, 2024"
https://onlinecourses.nptel.ac.in/noc24_mm45/preview,Mine Closure and Sustainability...,Prof. Khanindra Pathak,IIT Kharagpur,"12 Weeks
                          
                          
                              (Starts: 22-07-2024)","Enrollment Ends: 5 Aug, 2024","Exam Date: 3 Nov, 2024","Exam Registration Ends: 16 Aug, 2024"
https://onlinecourses.nptel.ac.in/noc24_hs169/preview,Moral Thinking: An Introduction to...,Prof. Vineet Sahu,IIT Kanpur,"4 Weeks
                          
                          
                              (Starts: 19-08-2024)","Enrollment Ends: 19 Aug, 2024","Exam Date: 3 Nov, 2024","Exam Registration Ends: 30 Aug, 2024"
https://onlinecourses.nptel.ac.in/noc24_mm38/preview,Nanomaterials and their Properties,Prof. Krishanu Biswas,IIT Kanpur,"12 Weeks
                          
                          
                              (Starts: 22-07-2024)","Enrollment Ends: 5 Aug, 2024","Exam Date: 3 Nov, 2024","Exam Registration Ends: 16 Aug, 2024"
https://onlinecourses.nptel.ac.in/noc24_ge55/preview,Neuroscience of Human Movements,Prof. Varadhan,IIT Madras,"12 Weeks
                          
                          
                              (Starts: 22-07-2024)","Enrollment Ends: 5 Aug, 2024","Exam Date: 3 Nov, 2024","Exam Registration Ends: 16 Aug, 2024"
https://onlinecourses.nptel.ac.in/noc24_ph35/preview,Neutron Scattering for Condensed Matter...,Prof. Saibal Basu,IIT Bombay,"12 Weeks
                          
                          
                              (Starts: 22-07-2024)","Enrollment Ends: 5 Aug, 2024","Exam Date: 3 Nov, 2024","Exam Registration Ends: 16 Aug, 2024"
https://onlinecourses.nptel.ac.in/noc24_ph47/preview,Newtonian Mechanics with Examples,Prof. Shiladitya Sengupta,IIT Roorkee,"8 Weeks
                          
                          
                              (Starts: 19-08-2024)","Enrollment Ends: 19 Aug, 2024","Exam Date: 3 Nov, 2024","Exam Registration Ends: 30 Aug, 2024"
https://onlinecourses.nptel.ac.in/noc24_ph41/preview,Nuclear and Particle Physics,Prof. Poulose Poulose,IIT Guwahati,"12 Weeks
                          
                          
                              (Starts: 22-07-2024)","Enrollment Ends: 5 Aug, 2024","Exam Date: 3 Nov, 2024","Exam Registration Ends: 16 Aug, 2024"
https://onlinecourses.nptel.ac.in/noc24_cy58/preview,One and Two Dimensional NMR...,Prof. N. Suryaprakash,IISc Bangalore,"12 Weeks
                          
                          
                              (Starts: 22-07-2024)","Enrollment Ends: 5 Aug, 2024","Exam Date: 3 Nov, 2024","Exam Registration Ends: 16 Aug, 2024"
https://onlinecourses.nptel.ac.in/noc24_ee145/preview,Optical Engineering,Prof. Shanti Bhattacharya,IIT Madras,"12 Weeks
                          
                          
                              (Starts: 22-07-2024)","Enrollment Ends: 5 Aug, 2024","Exam Date: 3 Nov, 2024","Exam Registration Ends: 16 Aug, 2024"
https://onlinecourses.nptel.ac.in/noc24_cs117/preview,Parameterized Algorithms,"Prof. Neeldhara Misra, Prof. Saket Saurabh","IIT Gandhinagar, Institute of Mathematical Science","12 Weeks
                          
                          
                              (Starts: 22-07-2024)","Enrollment Ends: 5 Aug, 2024","Exam Date: 3 Nov, 2024","Exam Registration Ends: 16 Aug, 2024"
https://onlinecourses.nptel.ac.in/noc24_hs155/preview,Patent Law for Engineers and Scientists,Prof. Feroz Ali,IIT Madras,"12 Weeks
                          
                          
                              (Starts: 22-07-2024)","Enrollment Ends: 5 Aug, 2024","Exam Date: 3 Nov, 2024","Exam Registration Ends: 16 Aug, 2024"
https://onlinecourses.nptel.ac.in/noc24_mg135/preview,Patent Search for Engineers and Lawyers,"Prof. M. Padmavati, Prof. Shreya Matilal",IIT Kharagpur,"8 Weeks
                          
                          
                              (Starts: 19-08-2024)","Enrollment Ends: 19 Aug, 2024","Exam Date: 3 Nov, 2024","Exam Registration Ends: 30 Aug, 2024"
https://onlinecourses.nptel.ac.in/noc24_hs158/preview,Performative Gender and Religions in...,Prof. Sarbani Banerjee,IIT Roorkee,"12 Weeks
                          
                          
                              (Starts: 22-07-2024)","Enrollment Ends: 5 Aug, 2024","Exam Date: 3 Nov, 2024","Exam Registration Ends: 16 Aug, 2024"
https://onlinecourses.nptel.ac.in/noc24_ph32/preview,Physics of Functional Materials &...,Prof. Amreesh Chandra,IIT Kharagpur,"12 Weeks
                          
                          
                              (Starts: 22-07-2024)","Enrollment Ends: 5 Aug, 2024","Exam Date: 3 Nov, 2024","Exam Registration Ends: 16 Aug, 2024"
https://onlinecourses.nptel.ac.in/noc24_mm39/preview,Physics of Materials,Prof. Prathap Haridoss,IIT Madras,"12 Weeks
                          
                          
                              (Starts: 22-07-2024)","Enrollment Ends: 5 Aug, 2024","Exam Date: 3 Nov, 2024","Exam Registration Ends: 16 Aug, 2024"
https://onlinecourses.nptel.ac.in/noc24_me136/preview,Principle of Hydraulic Machines and...,Prof. Pranab K. Mondal,IIT Guwahati,"12 Weeks
                          
                          
                              (Starts: 22-07-2024)","Enrollment Ends: 5 Aug, 2024","Exam Date: 3 Nov, 2024","Exam Registration Ends: 16 Aug, 2024"
https://onlinecourses.nptel.ac.in/noc24_te08/preview,"Principles of Combing, Roving...",Prof. R. Chattopadhyay,IIT Delhi,"12 Weeks
                          
                          
                              (Starts: 22-07-2024)","Enrollment Ends: 5 Aug, 2024","Exam Date: 3 Nov, 2024","Exam Registration Ends: 16 Aug, 2024"
https://onlinecourses.nptel.ac.in/noc24_cs123/preview,Problem Solving Through Programming in...,Prof. Anupam Basu,IIT Kharagpur,"12 Weeks
                          
                          
                              (Starts: 22-07-2024)","Enrollment Ends: 5 Aug, 2024","Exam Date: 3 Nov, 2024","Exam Registration Ends: 16 Aug, 2024"
https://onlinecourses.nptel.ac.in/noc24_cs125/preview,Programming in Modern C++,Prof. Partha Pratim Das,IIT Kharagpur,"12 Weeks
                          
                          
                              (Starts: 22-07-2024)","Enrollment Ends: 5 Aug, 2024","Exam Date: 3 Nov, 2024","Exam Registration Ends: 16 Aug, 2024"
https://onlinecourses.nptel.ac.in/noc24_mg116/preview,Project Management for Managers,Prof. Mukesh Kumar Barua,IIT Roorkee,"12 Weeks
                          
                          
                              (Starts: 22-07-2024)","Enrollment Ends: 5 Aug, 2024","Exam Date: 3 Nov, 2024","Exam Registration Ends: 16 Aug, 2024"
https://onlinecourses.nptel.ac.in/noc24_ma82/preview,Regression Analysis,Prof. Soumen Maity,IISER Pune,"12 Weeks
                          
                          
                              (Starts: 22-07-2024)","Enrollment Ends: 5 Aug, 2024","Exam Date: 3 Nov, 2024","Exam Registration Ends: 16 Aug, 2024"
https://onlinecourses.nptel.ac.in/noc24_mg137/preview,Research for Marketing Decisions,Prof. Vaibhav Chawla,IIT Madras,"8 Weeks
                          
                          
                              (Starts: 19-08-2024)","Enrollment Ends: 19 Aug, 2024","Exam Date: 3 Nov, 2024","Exam Registration Ends: 30 Aug, 2024"
https://onlinecourses.nptel.ac.in/noc24_lw11/preview,Right to Information and Good...,Prof. Sairam Bhat,National Law School of India University,"12 Weeks
                          
                          
                              (Starts: 22-07-2024)","Enrollment Ends: 5 Aug, 2024","Exam Date: 3 Nov, 2024","Exam Registration Ends: 16 Aug, 2024"
https://onlinecourses.nptel.ac.in/noc24_te13/preview,Science and Technology of Weft and Warp...,Prof. Bipin kumar,IIT Delhi,"12 Weeks
                          
                          
                              (Starts: 22-07-2024)","Enrollment Ends: 5 Aug, 2024","Exam Date: 3 Nov, 2024","Exam Registration Ends: 16 Aug, 2024"
https://onlinecourses.nptel.ac.in/noc24_te11/preview,Science of Clothing Comfort,Prof. Apurba Das,IIT Delhi,"12 Weeks
                          
                          
                              (Starts: 22-07-2024)","Enrollment Ends: 5 Aug, 2024","Exam Date: 3 Nov, 2024","Exam Registration Ends: 16 Aug, 2024"
https://onlinecourses.nptel.ac.in/noc24_ph36/preview,Scientific Computing using Python,Prof. Mahendra Verma,IIT Kanpur,"12 Weeks
                          
                          
                              (Starts: 22-07-2024)","Enrollment Ends: 5 Aug, 2024","Exam Date: 3 Nov, 2024","Exam Registration Ends: 16 Aug, 2024"
https://onlinecourses.nptel.ac.in/noc24_ee148/preview,Smart Grid: Basics to Advanced...,"Prof. N. P. Padhy, Prof. Premalata Jena",IIT Roorkee,"12 Weeks
                          
                          
                              (Starts: 22-07-2024)","Enrollment Ends: 5 Aug, 2024","Exam Date: 3 Nov, 2024","Exam Registration Ends: 16 Aug, 2024"
https://onlinecourses.nptel.ac.in/noc24_me126/preview,Social Innovation in Industry 4.0,"Prof. Janakranjan Ramkumar, Prof. Amandeep Singh...",IIT Kanpur,"12 Weeks
                          
                          
                              (Starts: 22-07-2024)","Enrollment Ends: 5 Aug, 2024","Exam Date: 3 Nov, 2024","Exam Registration Ends: 16 Aug, 2024"
https://onlinecourses.nptel.ac.in/noc24_cs120/preview,Social Networks,"Prof. Sudarshan Iyengar, Prof. Yayati Gupta","IIT Ropar, Mahindra University, Hyderabad","12 Weeks
                          
                          
                              (Starts: 22-07-2024)","Enrollment Ends: 5 Aug, 2024","Exam Date: 3 Nov, 2024","Exam Registration Ends: 16 Aug, 2024"
https://onlinecourses.nptel.ac.in/noc24_cs119/preview,Software Engineering,Prof. Rajib Mall,IIT Kharagpur,"12 Weeks
                          
                          
                              (Starts: 22-07-2024)","Enrollment Ends: 5 Aug, 2024","Exam Date: 3 Nov, 2024","Exam Registration Ends: 16 Aug, 2024"
https://onlinecourses.nptel.ac.in/noc24_ph43/preview,Solid State Physics,Prof. Amal Kumar Das,IIT Kharagpur,"12 Weeks
                          
                          
                              (Starts: 22-07-2024)","Enrollment Ends: 5 Aug, 2024","Exam Date: 3 Nov, 2024","Exam Registration Ends: 16 Aug, 2024"
https://onlinecourses.nptel.ac.in/noc24_ph46/preview,Statistical Physics of Non-Interacting...,Prof. Saurabh Basu,IIT Guwahati,"12 Weeks
                          
                          
                              (Starts: 22-07-2024)","Enrollment Ends: 5 Aug, 2024","Exam Date: 3 Nov, 2024","Exam Registration Ends: 16 Aug, 2024"
https://onlinecourses.nptel.ac.in/noc24_bt70/preview,Statistics for Biomedical Engineers,Prof. Babji Srinivasan,IIT Madras,"12 Weeks
                          
                          
                              (Starts: 22-07-2024)","Enrollment Ends: 5 Aug, 2024","Exam Date: 3 Nov, 2024","Exam Registration Ends: 16 Aug, 2024"
https://onlinecourses.nptel.ac.in/noc24_me145/preview,Strength of Materials - IITM,Prof. K. Ramesh,IIT Madras,"12 Weeks
                          
                          
                              (Starts: 22-07-2024)","Enrollment Ends: 5 Aug, 2024","Exam Date: 3 Nov, 2024","Exam Registration Ends: 16 Aug, 2024"
https://onlinecourses.nptel.ac.in/noc24_mm43/preview,Surface Mining Technology,Prof. Kaushik Dey,IIT Kharagpur,"12 Weeks
                          
                          
                              (Starts: 22-07-2024)","Enrollment Ends: 5 Aug, 2024","Exam Date: 3 Nov, 2024","Exam Registration Ends: 16 Aug, 2024"
https://onlinecourses.nptel.ac.in/noc24_me144/preview,Sustainable Energy Technology,Prof. Sayak Banerjee,IIT Hyderabad,"12 Weeks
                          
                          
                              (Starts: 22-07-2024)","Enrollment Ends: 5 Aug, 2024","Exam Date: 3 Nov, 2024","Exam Registration Ends: 16 Aug, 2024"
https://onlinecourses.nptel.ac.in/noc24_te10/preview,Technical Textiles,Prof. Apurba Das,IIT Delhi,"12 Weeks
                          
                          
                              (Starts: 22-07-2024)","Enrollment Ends: 5 Aug, 2024","Exam Date: 3 Nov, 2024","Exam Registration Ends: 16 Aug, 2024"
https://onlinecourses.nptel.ac.in/noc24_mm41/preview,Techniques of Materials...,Prof. Shibayan Roy,IIT Kharagpur,"12 Weeks
                          
                          
                              (Starts: 22-07-2024)","Enrollment Ends: 5 Aug, 2024","Exam Date: 3 Nov, 2024","Exam Registration Ends: 16 Aug, 2024"
https://onlinecourses.nptel.ac.in/noc24_te12/preview,Textile Finishing,Prof. Kushal Sen,IIT Delhi,"12 Weeks
                          
                          
                              (Starts: 22-07-2024)","Enrollment Ends: 5 Aug, 2024","Exam Date: 3 Nov, 2024","Exam Registration Ends: 16 Aug, 2024"
https://onlinecourses.nptel.ac.in/noc24_hs157/preview,The Popular Gothic Novel,Prof. A. Divya,IIT Madras,"12 Weeks
                          
                          
                              (Starts: 22-07-2024)","Enrollment Ends: 5 Aug, 2024","Exam Date: 3 Nov, 2024","Exam Registration Ends: 16 Aug, 2024"
https://onlinecourses.nptel.ac.in/noc24_me147/preview,Theory of Fire Propagation (Fire...,Prof. V. Raghavan,IIT Madras,"12 Weeks
                          
                          
                              (Starts: 22-07-2024)","Enrollment Ends: 5 Aug, 2024","Exam Date: 3 Nov, 2024","Exam Registration Ends: 16 Aug, 2024"
https://onlinecourses.nptel.ac.in/noc24_me122/preview,Theory of Production Processes,Prof. Pradeep Kumar Jha,IIT Roorkee,"12 Weeks
                          
                          
                              (Starts: 22-07-2024)","Enrollment Ends: 5 Aug, 2024","Exam Date: 3 Nov, 2024","Exam Registration Ends: 16 Aug, 2024"
https://onlinecourses.nptel.ac.in/noc24_mm44/preview,Thermodynamics and Kinetics of...,Prof. Saswata Bhattacharya,IIT Hyderabad,"12 Weeks
                          
                          
                              (Starts: 22-07-2024)","Enrollment Ends: 5 Aug, 2024","Exam Date: 3 Nov, 2024","Exam Registration Ends: 16 Aug, 2024"
https://onlinecourses.nptel.ac.in/noc24_ge56/preview,Thin Film Technology,Prof. Samit Kumar Ray,IIT Kharagpur,"12 Weeks
                          
                          
                              (Starts: 22-07-2024)","Enrollment Ends: 5 Aug, 2024","Exam Date: 3 Nov, 2024","Exam Registration Ends: 16 Aug, 2024"
https://onlinecourses.nptel.ac.in/noc24_hs168/preview,Threads of Visual Exploration: Textiles...,Prof. Rajarshi Sengupta,IIT Kanpur,"4 Weeks
                          
                          
                              (Starts: 19-08-2024)","Enrollment Ends: 19 Aug, 2024","Exam Date: 3 Nov, 2024","Exam Registration Ends: 30 Aug, 2024"
https://onlinecourses.nptel.ac.in/noc24_me132/preview,Vibrations of Plates and Shells,Prof. Venkata R. Sonti,IISc Bangalore,"12 Weeks
                          
                          
                              (Starts: 22-07-2024)","Enrollment Ends: 5 Aug, 2024","Exam Date: 3 Nov, 2024","Exam Registration Ends: 16 Aug, 2024"
https://onlinecourses.nptel.ac.in/noc24_ph44/preview,Wave Optics,Prof. Samudra Roy,IIT Kharagpur,"12 Weeks
                          
                          
                              (Starts: 22-07-2024)","Enrollment Ends: 5 Aug, 2024","Exam Date: 3 Nov, 2024","Exam Registration Ends: 16 Aug, 2024"
https://onlinecourses.nptel.ac.in/noc24_mm46/preview,Welding science and technology(In...,Prof. Murugaiyan Amirthalingam,IIT Madras,"8 Weeks
                          
                          
                              (Starts: 19-08-2024)","Enrollment Ends: 19 Aug, 2024","Exam Date: 3 Nov, 2024","Exam Registration Ends: 30 Aug, 2024"
https://onlinecourses.nptel.ac.in/noc24_me125/preview,Work System Design,Prof. Inderdeep Singh,IIT Roorkee,"12 Weeks
                          
                          
                              (Starts: 22-07-2024)","Enrollment Ends: 5 Aug, 2024","Exam Date: 3 Nov, 2024","Exam Registration Ends: 16 Aug, 2024"
https://onlinecourses.nptel.ac.in/noc24_te09/preview,Yarn Manufacture I : Principle of...,Prof. R. Chattopadhyay,IIT Delhi,"12 Weeks
                          
                          
                              (Starts: 22-07-2024)","Enrollment Ends: 5 Aug, 2024","Exam Date: 3 Nov, 2024","Exam Registration Ends: 16 Aug, 2024"
https://onlinecourses.nptel.ac.in/noc24_mg136/preview,Yoga and Positive Psychology for...,Prof. Ashish Pandey,IIT Bombay,"8 Weeks
                          
                          
                              (Starts: 19-08-2024)","Enrollment Ends: 19 Aug, 2024","Exam Date: 3 Nov, 2024","Exam Registration Ends: 30 Aug, 2024"
https://onlinecourses.nptel.ac.in/noc24_ma89/preview,A Basic Course in Number Theory,Prof. Shripad Garge,"IIT Bombay ,NPTEL","12 Weeks
                          
                          
                              (Starts: 22-07-2024)","Enrollment Ends: 5 Aug, 2024","Exam Date: 3 Nov, 2024","Exam Registration Ends: 16 Aug, 2024"
https://onlinecourses.nptel.ac.in/noc24_ma94/preview,A Primer to Mathematical Optimization,Prof. Debdas Ghosh,"IIT (BHU), Varanasi ,NPTEL","12 Weeks
                          
                          
                              (Starts: 22-07-2024)","Enrollment Ends: 5 Aug, 2024","Exam Date: 3 Nov, 2024","Exam Registration Ends: 16 Aug, 2024"
https://onlinecourses.nptel.ac.in/noc24_ph34/preview,Accelerator Physics,"Prof. Amalendu Sharma, Prof. Rajni Pande, Prof....","IIT Bombay ,NPTEL","12 Weeks
                          
                          
                              (Starts: 22-07-2024)","Enrollment Ends: 5 Aug, 2024","Exam Date: 3 Nov, 2024","Exam Registration Ends: 16 Aug, 2024"
https://onlinecourses.nptel.ac.in/noc24_ge66/preview,Accreditation and Outcome Based...,"Prof. Anup Kumar Ray(Retd.),  Prof. S K. Das...","IIT Kharagpur ,NPTEL","8 Weeks
                          
                          
                              (Starts: 19-08-2024)","Enrollment Ends: 19 Aug, 2024","Exam Date: 3 Nov, 2024","Exam Registration Ends: 30 Aug, 2024"
https://onlinecourses.nptel.ac.in/noc24_ge61/preview,Adolescent Health and Well-Being : A...,"Prof. Sumana Samanta, Prof. Parmeshwar Satpathy","IIT Kharagpur ,NPTEL","4 Weeks
                          
                          
                              (Starts: 19-08-2024)","Enrollment Ends: 19 Aug, 2024","Exam Date: 3 Nov, 2024","Exam Registration Ends: 30 Aug, 2024"
https://onlinecourses.nptel.ac.in/noc24_ph33/preview,Advanced Atmospheric Physics,Prof. MV Sunil Krishna,"IIT Roorkee ,NPTEL","12 Weeks
                          
                          
                              (Starts: 22-07-2024)","Enrollment Ends: 5 Aug, 2024","Exam Date: 3 Nov, 2024","Exam Registration Ends: 16 Aug, 2024"
https://onlinecourses.nptel.ac.in/noc24_ma91/preview,Advanced Calculus For Engineers,"Prof. Jitendra Kumar, Prof. Somesh Kumar","IIT Kharagpur ,NPTEL","12 Weeks
                          
                          
                              (Starts: 22-07-2024)","Enrollment Ends: 5 Aug, 2024","Exam Date: 3 Nov, 2024","Exam Registration Ends: 16 Aug, 2024"
https://onlinecourses.nptel.ac.in/noc24_me154/preview,Advanced Machining Processes,Prof. Manas Das,"IIT Guwahati ,NPTEL","8 Weeks
                          
                          
                              (Starts: 19-08-2024)","Enrollment Ends: 19 Aug, 2024","Exam Date: 3 Nov, 2024","Exam Registration Ends: 30 Aug, 2024"
https://onlinecourses.nptel.ac.in/noc24_mm42/preview,Advanced Materials and Processes,Prof. Jayanta Das,"IIT Kharagpur ,NPTEL","12 Weeks
                          
                          
                              (Starts: 22-07-2024)","Enrollment Ends: 5 Aug, 2024","Exam Date: 3 Nov, 2024","Exam Registration Ends: 16 Aug, 2024"
https://onlinecourses.nptel.ac.in/noc24_me135/preview,Advanced Thermodynamics and Combustion,Prof. Niranjan Sahoo,"IIT Guwahati ,NPTEL","12 Weeks
                          
                          
                              (Starts: 22-07-2024)","Enrollment Ends: 5 Aug, 2024","Exam Date: 3 Nov, 2024","Exam Registration Ends: 16 Aug, 2024"
https://onlinecourses.nptel.ac.in/noc24_mm40/preview,Aluminium Based Alloys and Metal Matrix...,Prof. Ranjit Bauri,"IIT Madras ,NPTEL","12 Weeks
                          
                          
                              (Starts: 22-07-2024)","Enrollment Ends: 5 Aug, 2024","Exam Date: 3 Nov, 2024","Exam Registration Ends: 16 Aug, 2024"
https://onlinecourses.nptel.ac.in/noc24_ma74/preview,An Introduction to Point-Set-Topology...,Prof. Anant R. Shastri,"IIT Bombay ,NPTEL","12 Weeks
                          
                          
                              (Starts: 22-07-2024)","Enrollment Ends: 5 Aug, 2024","Exam Date: 3 Nov, 2024","Exam Registration Ends: 16 Aug, 2024"
https://onlinecourses.nptel.ac.in/noc24_ee106/preview,Analog Electronic Circuits - IITKGP,Prof. Pradip Mandal,"IIT Kharagpur ,NPTEL","12 Weeks
                          
                          
                              (Starts: 22-07-2024)","Enrollment Ends: 5 Aug, 2024","Exam Date: 3 Nov, 2024","Exam Registration Ends: 16 Aug, 2024"
https://onlinecourses.nptel.ac.in/noc24_ph39/preview,Applied Optics,Prof. Akhilesh Kumar Mishra,"IIT Roorkee ,NPTEL","12 Weeks
                          
                          
                              (Starts: 22-07-2024)","Enrollment Ends: 5 Aug, 2024","Exam Date: 3 Nov, 2024","Exam Registration Ends: 16 Aug, 2024"
https://onlinecourses.nptel.ac.in/noc24_me137/preview,Applied Thermodynamics for Engineers,Prof. Dipankar N.Basu,"IIT Guwahati ,NPTEL","12 Weeks
                          
                          
                              (Starts: 22-07-2024)","Enrollment Ends: 5 Aug, 2024","Exam Date: 3 Nov, 2024","Exam Registration Ends: 16 Aug, 2024"
https://onlinecourses.nptel.ac.in/noc24_ma84/preview,Approximate Reasoning using Fuzzy Set...,Prof. Balasubramaniam Jayaram,"IIT Hyderabad ,NPTEL","12 Weeks
                          
                          
                              (Starts: 22-07-2024)","Enrollment Ends: 5 Aug, 2024","Exam Date: 3 Nov, 2024","Exam Registration Ends: 16 Aug, 2024"
https://onlinecourses.nptel.ac.in/noc24_ar21/preview,Architectural Approaches to...,Prof. Iyer Vijayalaxmi Kasinath,"School of Planning and Architecture, Vijayawada, An... ,NPTEL","12 Weeks
                          
                          
                              (Starts: 22-07-2024)","Enrollment Ends: 5 Aug, 2024","Exam Date: 3 Nov, 2024","Exam Registration Ends: 16 Aug, 2024"
https://onlinecourses.nptel.ac.in/noc24_mg117/preview,Automation In Production Systems and...,Prof. Pradip Kumar Ray,"IIT Kharagpur ,NPTEL","12 Weeks
                          
                          
                              (Starts: 22-07-2024)","Enrollment Ends: 5 Aug, 2024","Exam Date: 3 Nov, 2024","Exam Registration Ends: 16 Aug, 2024"
https://onlinecourses.nptel.ac.in/noc24_me139/preview,Automation in Manufacturing,Prof. Shrikrishna N. Joshi,"IIT Guwahati ,NPTEL","12 Weeks
                          
                          
                              (Starts: 22-07-2024)","Enrollment Ends: 5 Aug, 2024","Exam Date: 3 Nov, 2024","Exam Registration Ends: 16 Aug, 2024"
https://onlinecourses.nptel.ac.in/noc24_ge58/preview,Bandit Algorithm (Online Machine...,Prof. Manjesh Kumar Hanawal,"IIT Bombay ,NPTEL","12 Weeks
                          
                          
                              (Starts: 22-07-2024)","Enrollment Ends: 5 Aug, 2024","Exam Date: 3 Nov, 2024","Exam Registration Ends: 16 Aug, 2024"
https://onlinecourses.nptel.ac.in/noc24_mg121/preview,Business Fundamentals for Entrepreneurs...,Prof. Devdip Purkayastha,"IIT Bombay ,NPTEL","4 Weeks
                          
                          
                              (Starts: 19-08-2024)","Enrollment Ends: 19 Aug, 2024","Exam Date: 3 Nov, 2024","Exam Registration Ends: 30 Aug, 2024"
https://onlinecourses.nptel.ac.in/noc24_cs122/preview,C-Based VLSI Design,Prof. Chandan Karfa,"IIT Guwahati ,NPTEL","12 Weeks
                          
                          
                              (Starts: 22-07-2024)","Enrollment Ends: 5 Aug, 2024","Exam Date: 3 Nov, 2024","Exam Registration Ends: 16 Aug, 2024"
https://onlinecourses.nptel.ac.in/noc24_ge64/preview,"Canning Technology, Value Addition of...","Prof. Abhilash Sasidharan, Prof. Maya Raman","KUFOS Panangad ,NPTEL","8 Weeks
                          
                          
                              (Starts: 19-08-2024)","Enrollment Ends: 19 Aug, 2024","Exam Date: 3 Nov, 2024","Exam Registration Ends: 30 Aug, 2024"
https://onlinecourses.nptel.ac.in/noc24_ch74/preview,Chemical Process Safety,Prof. Shishir Sinha,"IIT Roorkee ,NPTEL","12 Weeks
                          
                          
                              (Starts: 22-07-2024)","Enrollment Ends: 5 Aug, 2024","Exam Date: 3 Nov, 2024","Exam Registration Ends: 16 Aug, 2024"
https://onlinecourses.nptel.ac.in/noc24_cs118/preview,Cloud Computing,Prof. Soumya Kanti Ghosh,"IIT Kharagpur ,NPTEL","12 Weeks
                          
                          
                              (Starts: 22-07-2024)","Enrollment Ends: 5 Aug, 2024","Exam Date: 3 Nov, 2024","Exam Registration Ends: 16 Aug, 2024"
https://onlinecourses.nptel.ac.in/noc24_mg115/preview,Commodity Derivatives & Risk Management,Prof. Prabina Rajib,"IIT Kharagpur ,NPTEL","12 Weeks
                          
                          
                              (Starts: 22-07-2024)","Enrollment Ends: 5 Aug, 2024","Exam Date: 3 Nov, 2024","Exam Registration Ends: 16 Aug, 2024"
https://onlinecourses.nptel.ac.in/noc24_me133/preview,Computational Continuum Mechanics,Prof. Sachin Singh Gautam,"IIT Guwahati ,NPTEL","12 Weeks
                          
                          
                              (Starts: 22-07-2024)","Enrollment Ends: 5 Aug, 2024","Exam Date: 3 Nov, 2024","Exam Registration Ends: 16 Aug, 2024"
https://onlinecourses.nptel.ac.in/noc24_me141/preview,Computational Fluid Dynamics,Prof. Suman Chakraborty,"IIT Kharagpur ,NPTEL","12 Weeks
                          
                          
                              (Starts: 22-07-2024)","Enrollment Ends: 5 Aug, 2024","Exam Date: 3 Nov, 2024","Exam Registration Ends: 16 Aug, 2024"
https://onlinecourses.nptel.ac.in/noc24_me131/preview,Computational Fluid Dynamics and Heat...,Prof. Gautam Biswas,"IIT Kanpur ,NPTEL","12 Weeks
                          
                          
                              (Starts: 22-07-2024)","Enrollment Ends: 5 Aug, 2024","Exam Date: 3 Nov, 2024","Exam Registration Ends: 16 Aug, 2024"
https://onlinecourses.nptel.ac.in/noc24_oe05/preview,Computer Methods of Structural Analysis...,Prof. Srinivasan Chandrasekaran,"IIT Madras ,NPTEL","12 Weeks
                          
                          
                              (Starts: 22-07-2024)","Enrollment Ends: 5 Aug, 2024","Exam Date: 3 Nov, 2024","Exam Registration Ends: 16 Aug, 2024"
https://onlinecourses.nptel.ac.in/noc24_cs124/preview,Computer Vision,Prof. Jayanta Mukhopadhyay,"IIT Kharagpur ,NPTEL","12 Weeks
                          
                          
                              (Starts: 22-07-2024)","Enrollment Ends: 5 Aug, 2024","Exam Date: 3 Nov, 2024","Exam Registration Ends: 16 Aug, 2024"
https://onlinecourses.nptel.ac.in/noc24_cs121/preview,Cyber Security and Privacy,Prof. Saji K Mathew,"IIT Madras ,NPTEL","12 Weeks
                          
                          
                              (Starts: 22-07-2024)","Enrollment Ends: 5 Aug, 2024","Exam Date: 3 Nov, 2024","Exam Registration Ends: 16 Aug, 2024"
https://onlinecourses.nptel.ac.in/noc24_me152/preview,Design Practice - II,Prof. Shantanu Bhattacharya,"IIT Kanpur ,NPTEL","8 Weeks
                          
                          
                              (Starts: 19-08-2024)","Enrollment Ends: 19 Aug, 2024","Exam Date: 3 Nov, 2024","Exam Registration Ends: 30 Aug, 2024"
https://onlinecourses.nptel.ac.in/noc24_ma85/preview,Differential Equations for Engineers,Prof. Srinivas Rao Manam,"IITM ,NPTEL","12 Weeks
                          
                          
                              (Starts: 22-07-2024)","Enrollment Ends: 5 Aug, 2024","Exam Date: 3 Nov, 2024","Exam Registration Ends: 16 Aug, 2024"
https://onlinecourses.nptel.ac.in/noc24_ee147/preview,Digital Circuits,Prof. Santanu Chattopadhyay,"IIT Kharagpur ,NPTEL","12 Weeks
                          
                          
                              (Starts: 22-07-2024)","Enrollment Ends: 5 Aug, 2024","Exam Date: 3 Nov, 2024","Exam Registration Ends: 16 Aug, 2024"
https://onlinecourses.nptel.ac.in/noc24_ee133/preview,Digital Image Processing,Prof. Prabir Kumar Biswas,"IIT Kharagpur ,NPTEL","12 Weeks
                          
                          
                              (Starts: 22-07-2024)","Enrollment Ends: 5 Aug, 2024","Exam Date: 3 Nov, 2024","Exam Registration Ends: 16 Aug, 2024"
https://onlinecourses.nptel.ac.in/noc24_oe04/preview,Dynamics of Ocean Structures,Prof. Srinivasan Chandrasekaran,"IIT Madras ,NPTEL","12 Weeks
                          
                          
                              (Starts: 22-07-2024)","Enrollment Ends: 5 Aug, 2024","Exam Date: 3 Nov, 2024","Exam Registration Ends: 16 Aug, 2024"
https://onlinecourses.nptel.ac.in/noc24_hs159/preview,Educational Leadership,Prof. Atasi Mohanty,"IIT Kharagpur ,NPTEL","12 Weeks
                          
                          
                              (Starts: 22-07-2024)","Enrollment Ends: 5 Aug, 2024","Exam Date: 3 Nov, 2024","Exam Registration Ends: 16 Aug, 2024"
https://onlinecourses.nptel.ac.in/noc24_bt74/preview,Electrophysiology of Heart,Prof. ARIJITA BANERJEE,"IIT Kharagpur ,NPTEL","4 Weeks
                          
                          
                              (Starts: 19-08-2024)","Enrollment Ends: 19 Aug, 2024","Exam Date: 3 Nov, 2024","Exam Registration Ends: 30 Aug, 2024"
https://onlinecourses.nptel.ac.in/noc24_me142/preview,Energy Conservation and Waste Heat...,"Prof. Prasanta Kumar Das, Prof. A Bhattacharya","IIT Kharagpur ,NPTEL","12 Weeks
                          
                          
                              (Starts: 22-07-2024)","Enrollment Ends: 5 Aug, 2024","Exam Date: 3 Nov, 2024","Exam Registration Ends: 16 Aug, 2024"
https://onlinecourses.nptel.ac.in/noc24_me140/preview,Engineering Graphics and Design,"Prof. Naresh Varma Datla, Prof. S. R. Kale","IIT Delhi ,NPTEL","12 Weeks
                          
                          
                              (Starts: 22-07-2024)","Enrollment Ends: 5 Aug, 2024","Exam Date: 3 Nov, 2024","Exam Registration Ends: 16 Aug, 2024"
https://onlinecourses.nptel.ac.in/noc24_ma93/preview,Engineering Mathematics - I,Prof. Jitendra Kumar,"IIT Kharagpur ,NPTEL","12 Weeks
                          
                          
                              (Starts: 22-07-2024)","Enrollment Ends: 5 Aug, 2024","Exam Date: 3 Nov, 2024","Exam Registration Ends: 16 Aug, 2024"
https://onlinecourses.nptel.ac.in/noc24_me127/preview,Engineering Mechanics,Prof. K. Ramesh,"IIT Madras ,NPTEL","12 Weeks
                          
                          
                              (Starts: 22-07-2024)","Enrollment Ends: 5 Aug, 2024","Exam Date: 3 Nov, 2024","Exam Registration Ends: 16 Aug, 2024"
https://onlinecourses.nptel.ac.in/noc24_hs182/preview,Engineering Psychology,Prof. Naveen Kashyap,"IIT Guwahati ,NPTEL","8 Weeks
                          
                          
                              (Starts: 19-08-2024)","Enrollment Ends: 19 Aug, 2024","Exam Date: 3 Nov, 2024","Exam Registration Ends: 30 Aug, 2024"
https://onlinecourses.nptel.ac.in/noc24_me146/preview,Engineering Thermodynamics,Prof. V. Raghavan,"IIT Madras ,NPTEL","12 Weeks
                          
                          
                              (Starts: 22-07-2024)","Enrollment Ends: 5 Aug, 2024","Exam Date: 3 Nov, 2024","Exam Registration Ends: 16 Aug, 2024"
https://onlinecourses.nptel.ac.in/noc24_hs160/preview,Environmental Science,"Prof. Sudha Goel, Prof. Shamik Chowdhury","IIT Kharagpur ,NPTEL","12 Weeks
                          
                          
                              (Starts: 22-07-2024)","Enrollment Ends: 5 Aug, 2024","Exam Date: 3 Nov, 2024","Exam Registration Ends: 16 Aug, 2024"
https://onlinecourses.nptel.ac.in/noc24_ma87/preview,Essential Mathematics for Machine...,"Prof. S. K. Gupta, Prof. Sanjeev Kumar","IIT Roorkee ,NPTEL","12 Weeks
                          
                          
                              (Starts: 22-07-2024)","Enrollment Ends: 5 Aug, 2024","Exam Date: 3 Nov, 2024","Exam Registration Ends: 16 Aug, 2024"
https://onlinecourses.nptel.ac.in/noc24_me143/preview,Experimental Modal Analysis,Prof. Subodh V. Modak,"IIT Delhi ,NPTEL","12 Weeks
                          
                          
                              (Starts: 22-07-2024)","Enrollment Ends: 5 Aug, 2024","Exam Date: 3 Nov, 2024","Exam Registration Ends: 16 Aug, 2024"
https://onlinecourses.nptel.ac.in/noc24_ph42/preview,Experimental Physics I,Prof. Amal Kumar Das,"IIT Kharagpur ,NPTEL","12 Weeks
                          
                          
                              (Starts: 22-07-2024)","Enrollment Ends: 5 Aug, 2024","Exam Date: 3 Nov, 2024","Exam Registration Ends: 16 Aug, 2024"
https://onlinecourses.nptel.ac.in/noc24_ge65/preview,Food Packaging Technology,"Prof. Maya Raman, Prof. Jenny Ann John","KUFOS Panangad ,NPTEL","8 Weeks
                          
                          
                              (Starts: 19-08-2024)","Enrollment Ends: 19 Aug, 2024","Exam Date: 3 Nov, 2024","Exam Registration Ends: 30 Aug, 2024"
https://onlinecourses.nptel.ac.in/noc24_ph38/preview,Foundations of Quantum Theory:...,Prof. Sandep K. Goyal,"IISER Mohali ,NPTEL","12 Weeks
                          
                          
                              (Starts: 22-07-2024)","Enrollment Ends: 5 Aug, 2024","Exam Date: 3 Nov, 2024","Exam Registration Ends: 16 Aug, 2024"
https://onlinecourses.nptel.ac.in/noc24_ma95/preview,Foundations of R Software,Prof. Shalabh,"IIT Kanpur ,NPTEL","12 Weeks
                          
                          
                              (Starts: 22-07-2024)","Enrollment Ends: 5 Aug, 2024","Exam Date: 3 Nov, 2024","Exam Registration Ends: 16 Aug, 2024"
https://onlinecourses.nptel.ac.in/noc24_me138/preview,Fundamentals of Additive Manufacturing...,Prof. Sajan Kapil,"IIT Guwahati ,NPTEL","12 Weeks
                          
                          
                              (Starts: 22-07-2024)","Enrollment Ends: 5 Aug, 2024","Exam Date: 3 Nov, 2024","Exam Registration Ends: 16 Aug, 2024"
https://onlinecourses.nptel.ac.in/noc24_me134/preview,Fundamentals of Conduction and...,"Prof. Amaresh Dalal, Prof. Dipankar N.Basu","IIT Guwahati ,NPTEL","12 Weeks
                          
                          
                              (Starts: 22-07-2024)","Enrollment Ends: 5 Aug, 2024","Exam Date: 3 Nov, 2024","Exam Registration Ends: 16 Aug, 2024"
https://onlinecourses.nptel.ac.in/noc24_me123/preview,Fundamentals of Manufacturing Processes,Prof. D K Dwivedi,"IIT Roorkee ,NPTEL","12 Weeks
                          
                          
                              (Starts: 22-07-2024)","Enrollment Ends: 5 Aug, 2024","Exam Date: 3 Nov, 2024","Exam Registration Ends: 16 Aug, 2024"
https://onlinecourses.nptel.ac.in/noc24_cy57/preview,Fundamentals of Protein Chemistry,Prof. Swagata Dasgupta,"IIT Kharagpur ,NPTEL","12 Weeks
                          
                          
                              (Starts: 22-07-2024)","Enrollment Ends: 5 Aug, 2024","Exam Date: 3 Nov, 2024","Exam Registration Ends: 16 Aug, 2024"
https://onlinecourses.nptel.ac.in/noc24_hs185/preview,"Fundamentals of Sports Training, Load...","Prof. Kaustubh Shedjale, Prof. Col (Dr) Anup...","School of Sports, Exercise & Nutrition Sciences ,NPTEL","8 Weeks
                          
                          
                              (Starts: 19-08-2024)","Enrollment Ends: 19 Aug, 2024","Exam Date: 3 Nov, 2024","Exam Registration Ends: 30 Aug, 2024"
https://onlinecourses.nptel.ac.in/noc24_cy59/preview,Fundamentals of Statistical...,Prof. Nand Kishore,"IIT Bombay ,NPTEL","12 Weeks
                          
                          
                              (Starts: 22-07-2024)","Enrollment Ends: 5 Aug, 2024","Exam Date: 3 Nov, 2024","Exam Registration Ends: 16 Aug, 2024"
https://onlinecourses.nptel.ac.in/noc24_mg120/preview,Gender Justice and Workplace Security,Prof. Dipa Dube,"IIT Kharagpur ,NPTEL","4 Weeks
                          
                          
                              (Starts: 19-08-2024)","Enrollment Ends: 19 Aug, 2024","Exam Date: 3 Nov, 2024","Exam Registration Ends: 30 Aug, 2024"
https://onlinecourses.nptel.ac.in/noc24_bt71/preview,Genome Editing and Engineering,Prof. Utpal Bora,"IIT Guwahati ,NPTEL","12 Weeks
                          
                          
                              (Starts: 22-07-2024)","Enrollment Ends: 5 Aug, 2024","Exam Date: 3 Nov, 2024","Exam Registration Ends: 16 Aug, 2024"
https://onlinecourses.nptel.ac.in/noc24_ma96/preview,Geometry Of Vision,Prof. Vijay Ravikumar,"Azim Premji University ,NPTEL","4 Weeks
                          
                          
                              (Starts: 19-08-2024)","Enrollment Ends: 19 Aug, 2024","Exam Date: 3 Nov, 2024","Exam Registration Ends: 30 Aug, 2024"
https://onlinecourses.nptel.ac.in/noc24_hs156/preview,German - II,Prof. Milind Brahme,"IIT Madras ,NPTEL","12 Weeks
                          
                          
                              (Starts: 22-07-2024)","Enrollment Ends: 5 Aug, 2024","Exam Date: 3 Nov, 2024","Exam Registration Ends: 16 Aug, 2024"
https://onlinecourses.nptel.ac.in/noc24_hs180/preview,Indian Popular Culture,Prof. Bibhuti Mary Kachhap,"IIT Tirupati ,NPTEL","8 Weeks
                          
                          
                              (Starts: 19-08-2024)","Enrollment Ends: 19 Aug, 2024","Exam Date: 3 Nov, 2024","Exam Registration Ends: 30 Aug, 2024"
https://onlinecourses.nptel.ac.in/noc24_me128/preview,Interfacial Fluid Mechanics,Prof. Harish N Dixit,"IIT Hyderabad ,NPTEL","12 Weeks
                          
                          
                              (Starts: 22-07-2024)","Enrollment Ends: 5 Aug, 2024","Exam Date: 3 Nov, 2024","Exam Registration Ends: 16 Aug, 2024"
https://onlinecourses.nptel.ac.in/noc24_ae24/preview,Introduction to Aircraft Design,Prof. Rajkumar S. Pant,"IIT Bombay ,NPTEL","12 Weeks
                          
                          
                              (Starts: 22-07-2024)","Enrollment Ends: 5 Aug, 2024","Exam Date: 3 Nov, 2024","Exam Registration Ends: 16 Aug, 2024"
https://onlinecourses.nptel.ac.in/noc24_ph31/preview,Introduction to Astrophysical Fluids,Prof. Supratik Banerjee,"IIT Kanpur ,NPTEL","12 Weeks
                          
                          
                              (Starts: 22-07-2024)","Enrollment Ends: 5 Aug, 2024","Exam Date: 3 Nov, 2024","Exam Registration Ends: 16 Aug, 2024"
https://onlinecourses.nptel.ac.in/noc24_me129/preview,Introduction to Composites,Prof. Nachiketa Tiwari,"IIT Kanpur ,NPTEL","12 Weeks
                          
                          
                              (Starts: 22-07-2024)","Enrollment Ends: 5 Aug, 2024","Exam Date: 3 Nov, 2024","Exam Registration Ends: 16 Aug, 2024"
https://onlinecourses.nptel.ac.in/noc24_ma90/preview,Introduction to Fourier Analysis,Prof. Parasar Mohanty,"IIT Kanpur ,NPTEL","12 Weeks
                          
                          
                              (Starts: 22-07-2024)","Enrollment Ends: 5 Aug, 2024","Exam Date: 3 Nov, 2024","Exam Registration Ends: 16 Aug, 2024"
https://onlinecourses.nptel.ac.in/noc24_mg138/preview,Introduction to GST,Prof. Anil Sharma,"The Institute of Cost Accountants of India (ICMAI) ,NPTEL","8 Weeks
                          
                          
                              (Starts: 19-08-2024)","Enrollment Ends: 19 Aug, 2024","Exam Date: 3 Nov, 2024","Exam Registration Ends: 30 Aug, 2024"
https://onlinecourses.nptel.ac.in/noc24_ph45/preview,Introduction to LASER,Prof. M. R. Shenoy,"IIT Delhi ,NPTEL","12 Weeks
                          
                          
                              (Starts: 22-07-2024)","Enrollment Ends: 5 Aug, 2024","Exam Date: 3 Nov, 2024","Exam Registration Ends: 16 Aug, 2024"
https://onlinecourses.nptel.ac.in/noc24_ma80/preview,Introduction to Methods of Applied...,"Prof. Mani Mehra, Prof. Vivek K. Aggarwal","IIT Delhi, DTU Delhi ,NPTEL","12 Weeks
                          
                          
                              (Starts: 22-07-2024)","Enrollment Ends: 5 Aug, 2024","Exam Date: 3 Nov, 2024","Exam Registration Ends: 16 Aug, 2024"
https://onlinecourses.nptel.ac.in/noc24_ee144/preview,Introduction to Photonics,Prof. Balaji Srinivasan,"IIT Madras ,NPTEL","12 Weeks
                          
                          
                              (Starts: 22-07-2024)","Enrollment Ends: 5 Aug, 2024","Exam Date: 3 Nov, 2024","Exam Registration Ends: 16 Aug, 2024"
https://onlinecourses.nptel.ac.in/noc24_ma72/preview,Introduction to Probability Theory and...,Prof. S Dharmaraja,"IIT Delhi ,NPTEL","12 Weeks
                          
                          
                              (Starts: 22-07-2024)","Enrollment Ends: 5 Aug, 2024","Exam Date: 3 Nov, 2024","Exam Registration Ends: 16 Aug, 2024"
https://onlinecourses.nptel.ac.in/noc24_ma92/preview,Introductory Course In Real Analysis,Prof. P. D Srivastava,"IIT Kharagpur ,NPTEL","12 Weeks
                          
                          
                              (Starts: 22-07-2024)","Enrollment Ends: 5 Aug, 2024","Exam Date: 3 Nov, 2024","Exam Registration Ends: 16 Aug, 2024"
https://onlinecourses.nptel.ac.in/noc24_hs184/preview,Introductory Rural Sociology:...,Prof. Ashish Saxena,"IIT Kanpur ,NPTEL","8 Weeks
                          
                          
                              (Starts: 19-08-2024)","Enrollment Ends: 19 Aug, 2024","Exam Date: 3 Nov, 2024","Exam Registration Ends: 30 Aug, 2024"
https://onlinecourses.nptel.ac.in/noc24_me124/preview,Joining Technologies for Metals,Prof. D K Dwivedi,"IIT Roorkee ,NPTEL","12 Weeks
                          
                          
                              (Starts: 22-07-2024)","Enrollment Ends: 5 Aug, 2024","Exam Date: 3 Nov, 2024","Exam Registration Ends: 16 Aug, 2024"
https://onlinecourses.nptel.ac.in/noc24_hs186/preview,Korean I,Prof. Soo Jin Shim,"IIT Madras ,NPTEL","12 Weeks
                          
                          
                              (Starts: 22-07-2024)","Enrollment Ends: 5 Aug, 2024","Exam Date: 3 Nov, 2024","Exam Registration Ends: 16 Aug, 2024"
https://onlinecourses.nptel.ac.in/noc24_me153/preview,Laser Based Manufacturing,Prof. Shrikrishna N. Joshi,"IIT Guwahati ,NPTEL","8 Weeks
                          
                          
                              (Starts: 19-08-2024)","Enrollment Ends: 19 Aug, 2024","Exam Date: 3 Nov, 2024","Exam Registration Ends: 30 Aug, 2024"
https://onlinecourses.nptel.ac.in/noc24_ee146/preview,Machine Learning and Deep Learning -...,Prof. M. K. Bhuyan,"IIT Guwahati ,NPTEL","12 Weeks
                          
                          
                              (Starts: 22-07-2024)","Enrollment Ends: 5 Aug, 2024","Exam Date: 3 Nov, 2024","Exam Registration Ends: 16 Aug, 2024"
https://onlinecourses.nptel.ac.in/noc24_oe06/preview,Marine Engineering,Prof. Abdus Samad,"IIT Madras ,NPTEL","12 Weeks
                          
                          
                              (Starts: 22-07-2024)","Enrollment Ends: 5 Aug, 2024","Exam Date: 3 Nov, 2024","Exam Registration Ends: 16 Aug, 2024"
https://onlinecourses.nptel.ac.in/noc24_mg134/preview,Marketing Research and Analysis,Prof. J. K. Nayak,"IIT Roorkee ,NPTEL","8 Weeks
                          
                          
                              (Starts: 19-08-2024)","Enrollment Ends: 19 Aug, 2024","Exam Date: 3 Nov, 2024","Exam Registration Ends: 30 Aug, 2024"
https://onlinecourses.nptel.ac.in/noc24_ch75/preview,Mass Transfer Operations - I,Prof. Bishnupada Mandal,"IIT Guwahati ,NPTEL","12 Weeks
                          
                          
                              (Starts: 22-07-2024)","Enrollment Ends: 5 Aug, 2024","Exam Date: 3 Nov, 2024","Exam Registration Ends: 16 Aug, 2024"
https://onlinecourses.nptel.ac.in/noc24_ma86/preview,Mathematical Methods and its...,"Prof. P. N. Agarwal, Prof. S. K. Gupta","IIT Roorkee ,NPTEL","12 Weeks
                          
                          
                              (Starts: 22-07-2024)","Enrollment Ends: 5 Aug, 2024","Exam Date: 3 Nov, 2024","Exam Registration Ends: 16 Aug, 2024"
https://onlinecourses.nptel.ac.in/noc24_ch76/preview,Mathematical Modelling and Simulation...,Prof. Sourav Mondal,"IIT Kharagpur ,NPTEL","12 Weeks
                          
                          
                              (Starts: 22-07-2024)","Enrollment Ends: 5 Aug, 2024","Exam Date: 3 Nov, 2024","Exam Registration Ends: 16 Aug, 2024"
https://onlinecourses.nptel.ac.in/noc24_ma88/preview,Matrix Computation and its Applications,"Prof. Mani Mehra, Prof. Vivek K. Aggarwal","IIT Delhi, DTU Delhi ,NPTEL","12 Weeks
                          
                          
                              (Starts: 22-07-2024)","Enrollment Ends: 5 Aug, 2024","Exam Date: 3 Nov, 2024","Exam Registration Ends: 16 Aug, 2024"
https://onlinecourses.nptel.ac.in/noc24_me149/preview,Mechanical Behavior of Polymers and...,Prof. Naresh Varma Datla,"IIT Delhi ,NPTEL","12 Weeks
                          
                          
                              (Starts: 22-07-2024)","Enrollment Ends: 5 Aug, 2024","Exam Date: 3 Nov, 2024","Exam Registration Ends: 16 Aug, 2024"
https://onlinecourses.nptel.ac.in/noc24_me148/preview,Mechanics,Prof. Anjani Kumar Tiwari,"IIT Roorkee ,NPTEL","12 Weeks
                          
                          
                              (Starts: 22-07-2024)","Enrollment Ends: 5 Aug, 2024","Exam Date: 3 Nov, 2024","Exam Registration Ends: 16 Aug, 2024"
https://onlinecourses.nptel.ac.in/noc24_me155/preview,Mechanism and Robot Kinematics,Prof. Anirvan DasGupta,"IIT Kharagpur ,NPTEL","8 Weeks
                          
                          
                              (Starts: 19-08-2024)","Enrollment Ends: 19 Aug, 2024","Exam Date: 3 Nov, 2024","Exam Registration Ends: 30 Aug, 2024"
https://onlinecourses.nptel.ac.in/noc24_hs183/preview,Memory,Prof. M K Asthana,"IIT Roorkee ,NPTEL","8 Weeks
                          
                          
                              (Starts: 19-08-2024)","Enrollment Ends: 19 Aug, 2024","Exam Date: 3 Nov, 2024","Exam Registration Ends: 30 Aug, 2024"
https://onlinecourses.nptel.ac.in/noc24_me130/preview,Metal Additive Manufacturing,"Prof. J. Ramkumar, Prof. Amandeep Singh Oberoi","IIT Kanpur ,NPTEL","12 Weeks
                          
                          
                              (Starts: 22-07-2024)","Enrollment Ends: 5 Aug, 2024","Exam Date: 3 Nov, 2024","Exam Registration Ends: 16 Aug, 2024"
https://onlinecourses.nptel.ac.in/noc24_mm45/preview,Mine Closure and Sustainability...,Prof. Khanindra Pathak,"IIT Kharagpur ,NPTEL","12 Weeks
                          
                          
                              (Starts: 22-07-2024)","Enrollment Ends: 5 Aug, 2024","Exam Date: 3 Nov, 2024","Exam Registration Ends: 16 Aug, 2024"
https://onlinecourses.nptel.ac.in/noc24_hs169/preview,Moral Thinking: An Introduction to...,Prof. Vineet Sahu,"IIT Kanpur ,NPTEL","4 Weeks
                          
                          
                              (Starts: 19-08-2024)","Enrollment Ends: 19 Aug, 2024","Exam Date: 3 Nov, 2024","Exam Registration Ends: 30 Aug, 2024"
https://onlinecourses.nptel.ac.in/noc24_mm38/preview,Nanomaterials and their Properties,Prof. Krishanu Biswas,"IIT Kanpur ,NPTEL","12 Weeks
                          
                          
                              (Starts: 22-07-2024)","Enrollment Ends: 5 Aug, 2024","Exam Date: 3 Nov, 2024","Exam Registration Ends: 16 Aug, 2024"
https://onlinecourses.nptel.ac.in/noc24_ge55/preview,Neuroscience of Human Movements,Prof. Varadhan,"IIT Madras ,NPTEL","12 Weeks
                          
                          
                              (Starts: 22-07-2024)","Enrollment Ends: 5 Aug, 2024","Exam Date: 3 Nov, 2024","Exam Registration Ends: 16 Aug, 2024"
https://onlinecourses.nptel.ac.in/noc24_ph35/preview,Neutron Scattering for Condensed Matter...,Prof. Saibal Basu,"IIT Bombay ,NPTEL","12 Weeks
                          
                          
                              (Starts: 22-07-2024)","Enrollment Ends: 5 Aug, 2024","Exam Date: 3 Nov, 2024","Exam Registration Ends: 16 Aug, 2024"
https://onlinecourses.nptel.ac.in/noc24_ph47/preview,Newtonian Mechanics with Examples,Prof. Shiladitya Sengupta,"IIT Roorkee ,NPTEL","8 Weeks
                          
                          
                              (Starts: 19-08-2024)","Enrollment Ends: 19 Aug, 2024","Exam Date: 3 Nov, 2024","Exam Registration Ends: 30 Aug, 2024"
https://onlinecourses.nptel.ac.in/noc24_ph41/preview,Nuclear and Particle Physics,Prof. Poulose Poulose,"IIT Guwahati ,NPTEL","12 Weeks
                          
                          
                              (Starts: 22-07-2024)","Enrollment Ends: 5 Aug, 2024","Exam Date: 3 Nov, 2024","Exam Registration Ends: 16 Aug, 2024"
https://onlinecourses.nptel.ac.in/noc24_cy58/preview,One and Two Dimensional NMR...,Prof. N. Suryaprakash,"IISc Bangalore ,NPTEL","12 Weeks
                          
                          
                              (Starts: 22-07-2024)","Enrollment Ends: 5 Aug, 2024","Exam Date: 3 Nov, 2024","Exam Registration Ends: 16 Aug, 2024"
https://onlinecourses.nptel.ac.in/noc24_ee145/preview,Optical Engineering,Prof. Shanti Bhattacharya,"IIT Madras ,NPTEL","12 Weeks
                          
                          
                              (Starts: 22-07-2024)","Enrollment Ends: 5 Aug, 2024","Exam Date: 3 Nov, 2024","Exam Registration Ends: 16 Aug, 2024"
https://onlinecourses.nptel.ac.in/noc24_cs117/preview,Parameterized Algorithms,"Prof. Neeldhara Misra, Prof. Saket Saurabh","IIT Gandhinagar, Institute of Mathematical Science ,NPTEL","12 Weeks
                          
                          
                              (Starts: 22-07-2024)","Enrollment Ends: 5 Aug, 2024","Exam Date: 3 Nov, 2024","Exam Registration Ends: 16 Aug, 2024"
https://onlinecourses.nptel.ac.in/noc24_hs155/preview,Patent Law for Engineers and Scientists,Prof. Feroz Ali,"IIT Madras ,NPTEL","12 Weeks
                          
                          
                              (Starts: 22-07-2024)","Enrollment Ends: 5 Aug, 2024","Exam Date: 3 Nov, 2024","Exam Registration Ends: 16 Aug, 2024"
https://onlinecourses.nptel.ac.in/noc24_mg135/preview,Patent Search for Engineers and Lawyers,"Prof. M. Padmavati, Prof. Shreya Matilal","IIT Kharagpur ,NPTEL","8 Weeks
                          
                          
                              (Starts: 19-08-2024)","Enrollment Ends: 19 Aug, 2024","Exam Date: 3 Nov, 2024","Exam Registration Ends: 30 Aug, 2024"
https://onlinecourses.nptel.ac.in/noc24_hs158/preview,Performative Gender and Religions in...,Prof. Sarbani Banerjee,"IIT Roorkee ,NPTEL","12 Weeks
                          
                          
                              (Starts: 22-07-2024)","Enrollment Ends: 5 Aug, 2024","Exam Date: 3 Nov, 2024","Exam Registration Ends: 16 Aug, 2024"
https://onlinecourses.nptel.ac.in/noc24_ph32/preview,Physics of Functional Materials &...,Prof. Amreesh Chandra,"IIT Kharagpur ,NPTEL","12 Weeks
                          
                          
                              (Starts: 22-07-2024)","Enrollment Ends: 5 Aug, 2024","Exam Date: 3 Nov, 2024","Exam Registration Ends: 16 Aug, 2024"
https://onlinecourses.nptel.ac.in/noc24_mm39/preview,Physics of Materials,Prof. Prathap Haridoss,"IIT Madras ,NPTEL","12 Weeks
                          
                          
                              (Starts: 22-07-2024)","Enrollment Ends: 5 Aug, 2024","Exam Date: 3 Nov, 2024","Exam Registration Ends: 16 Aug, 2024"
https://onlinecourses.nptel.ac.in/noc24_me136/preview,Principle of Hydraulic Machines and...,Prof. Pranab K. Mondal,"IIT Guwahati ,NPTEL","12 Weeks
                          
                          
                              (Starts: 22-07-2024)","Enrollment Ends: 5 Aug, 2024","Exam Date: 3 Nov, 2024","Exam Registration Ends: 16 Aug, 2024"
https://onlinecourses.nptel.ac.in/noc24_te08/preview,"Principles of Combing, Roving...",Prof. R. Chattopadhyay,"IIT Delhi ,NPTEL","12 Weeks
                          
                          
                              (Starts: 22-07-2024)","Enrollment Ends: 5 Aug, 2024","Exam Date: 3 Nov, 2024","Exam Registration Ends: 16 Aug, 2024"
https://onlinecourses.nptel.ac.in/noc24_cs123/preview,Problem Solving Through Programming in...,Prof. Anupam Basu,"IIT Kharagpur ,NPTEL","12 Weeks
                          
                          
                              (Starts: 22-07-2024)","Enrollment Ends: 5 Aug, 2024","Exam Date: 3 Nov, 2024","Exam Registration Ends: 16 Aug, 2024"
https://onlinecourses.nptel.ac.in/noc24_cs125/preview,Programming in Modern C++,Prof. Partha Pratim Das,"IIT Kharagpur ,NPTEL","12 Weeks
                          
                          
                              (Starts: 22-07-2024)","Enrollment Ends: 5 Aug, 2024","Exam Date: 3 Nov, 2024","Exam Registration Ends: 16 Aug, 2024"
https://onlinecourses.nptel.ac.in/noc24_mg116/preview,Project Management for Managers,Prof. Mukesh Kumar Barua,"IIT Roorkee ,NPTEL","12 Weeks
                          
                          
                              (Starts: 22-07-2024)","Enrollment Ends: 5 Aug, 2024","Exam Date: 3 Nov, 2024","Exam Registration Ends: 16 Aug, 2024"
https://onlinecourses.nptel.ac.in/noc24_ma82/preview,Regression Analysis,Prof. Soumen Maity,"IISER Pune ,NPTEL","12 Weeks
                          
                          
                              (Starts: 22-07-2024)","Enrollment Ends: 5 Aug, 2024","Exam Date: 3 Nov, 2024","Exam Registration Ends: 16 Aug, 2024"
https://onlinecourses.nptel.ac.in/noc24_mg137/preview,Research for Marketing Decisions,Prof. Vaibhav Chawla,"IIT Madras ,NPTEL","8 Weeks
                          
                          
                              (Starts: 19-08-2024)","Enrollment Ends: 19 Aug, 2024","Exam Date: 3 Nov, 2024","Exam Registration Ends: 30 Aug, 2024"
https://onlinecourses.nptel.ac.in/noc24_lw11/preview,Right to Information and Good...,Prof. Sairam Bhat,"National Law School of India University ,NPTEL","12 Weeks
                          
                          
                              (Starts: 22-07-2024)","Enrollment Ends: 5 Aug, 2024","Exam Date: 3 Nov, 2024","Exam Registration Ends: 16 Aug, 2024"
https://onlinecourses.nptel.ac.in/noc24_te13/preview,Science and Technology of Weft and Warp...,Prof. Bipin kumar,"IIT Delhi ,NPTEL","12 Weeks
                          
                          
                              (Starts: 22-07-2024)","Enrollment Ends: 5 Aug, 2024","Exam Date: 3 Nov, 2024","Exam Registration Ends: 16 Aug, 2024"
https://onlinecourses.nptel.ac.in/noc24_te11/preview,Science of Clothing Comfort,Prof. Apurba Das,"IIT Delhi ,NPTEL","12 Weeks
                          
                          
                              (Starts: 22-07-2024)","Enrollment Ends: 5 Aug, 2024","Exam Date: 3 Nov, 2024","Exam Registration Ends: 16 Aug, 2024"
https://onlinecourses.nptel.ac.in/noc24_ph36/preview,Scientific Computing using Python,Prof. Mahendra Verma,"IIT Kanpur ,NPTEL","12 Weeks
                          
                          
                              (Starts: 22-07-2024)","Enrollment Ends: 5 Aug, 2024","Exam Date: 3 Nov, 2024","Exam Registration Ends: 16 Aug, 2024"
https://onlinecourses.nptel.ac.in/noc24_ee148/preview,Smart Grid: Basics to Advanced...,"Prof. N. P. Padhy, Prof. Premalata Jena","IIT Roorkee ,NPTEL","12 Weeks
                          
                          
                              (Starts: 22-07-2024)","Enrollment Ends: 5 Aug, 2024","Exam Date: 3 Nov, 2024","Exam Registration Ends: 16 Aug, 2024"
https://onlinecourses.nptel.ac.in/noc24_me126/preview,Social Innovation in Industry 4.0,"Prof. Janakranjan Ramkumar, Prof. Amandeep Singh...","IIT Kanpur ,NPTEL","12 Weeks
                          
                          
                              (Starts: 22-07-2024)","Enrollment Ends: 5 Aug, 2024","Exam Date: 3 Nov, 2024","Exam Registration Ends: 16 Aug, 2024"
https://onlinecourses.nptel.ac.in/noc24_cs120/preview,Social Networks,"Prof. Sudarshan Iyengar, Prof. Yayati Gupta","IIT Ropar, Mahindra University, Hyderabad ,NPTEL","12 Weeks
                          
                          
                              (Starts: 22-07-2024)","Enrollment Ends: 5 Aug, 2024","Exam Date: 3 Nov, 2024","Exam Registration Ends: 16 Aug, 2024"
https://onlinecourses.nptel.ac.in/noc24_cs119/preview,Software Engineering,Prof. Rajib Mall,"IIT Kharagpur ,NPTEL","12 Weeks
                          
                          
                              (Starts: 22-07-2024)","Enrollment Ends: 5 Aug, 2024","Exam Date: 3 Nov, 2024","Exam Registration Ends: 16 Aug, 2024"
https://onlinecourses.nptel.ac.in/noc24_ph43/preview,Solid State Physics,Prof. Amal Kumar Das,"IIT Kharagpur ,NPTEL","12 Weeks
                          
                          
                              (Starts: 22-07-2024)","Enrollment Ends: 5 Aug, 2024","Exam Date: 3 Nov, 2024","Exam Registration Ends: 16 Aug, 2024"
https://onlinecourses.nptel.ac.in/noc24_ph46/preview,Statistical Physics of Non-Interacting...,Prof. Saurabh Basu,"IIT Guwahati ,NPTEL","12 Weeks
                          
                          
                              (Starts: 22-07-2024)","Enrollment Ends: 5 Aug, 2024","Exam Date: 3 Nov, 2024","Exam Registration Ends: 16 Aug, 2024"
https://onlinecourses.nptel.ac.in/noc24_bt70/preview,Statistics for Biomedical Engineers,Prof. Babji Srinivasan,"IIT Madras ,NPTEL","12 Weeks
                          
                          
                              (Starts: 22-07-2024)","Enrollment Ends: 5 Aug, 2024","Exam Date: 3 Nov, 2024","Exam Registration Ends: 16 Aug, 2024"
https://onlinecourses.nptel.ac.in/noc24_me145/preview,Strength of Materials - IITM,Prof. K. Ramesh,"IIT Madras ,NPTEL","12 Weeks
                          
                          
                              (Starts: 22-07-2024)","Enrollment Ends: 5 Aug, 2024","Exam Date: 3 Nov, 2024","Exam Registration Ends: 16 Aug, 2024"
https://onlinecourses.nptel.ac.in/noc24_mm43/preview,Surface Mining Technology,Prof. Kaushik Dey,"IIT Kharagpur ,NPTEL","12 Weeks
                          
                          
                              (Starts: 22-07-2024)","Enrollment Ends: 5 Aug, 2024","Exam Date: 3 Nov, 2024","Exam Registration Ends: 16 Aug, 2024"
https://onlinecourses.nptel.ac.in/noc24_me144/preview,Sustainable Energy Technology,Prof. Sayak Banerjee,"IIT Hyderabad ,NPTEL","12 Weeks
                          
                          
                              (Starts: 22-07-2024)","Enrollment Ends: 5 Aug, 2024","Exam Date: 3 Nov, 2024","Exam Registration Ends: 16 Aug, 2024"
https://onlinecourses.nptel.ac.in/noc24_te10/preview,Technical Textiles,Prof. Apurba Das,"IIT Delhi ,NPTEL","12 Weeks
                          
                          
                              (Starts: 22-07-2024)","Enrollment Ends: 5 Aug, 2024","Exam Date: 3 Nov, 2024","Exam Registration Ends: 16 Aug, 2024"
https://onlinecourses.nptel.ac.in/noc24_mm41/preview,Techniques of Materials...,Prof. Shibayan Roy,"IIT Kharagpur ,NPTEL","12 Weeks
                          
                          
                              (Starts: 22-07-2024)","Enrollment Ends: 5 Aug, 2024","Exam Date: 3 Nov, 2024","Exam Registration Ends: 16 Aug, 2024"
https://onlinecourses.nptel.ac.in/noc24_te12/preview,Textile Finishing,Prof. Kushal Sen,"IIT Delhi ,NPTEL","12 Weeks
                          
                          
                              (Starts: 22-07-2024)","Enrollment Ends: 5 Aug, 2024","Exam Date: 3 Nov, 2024","Exam Registration Ends: 16 Aug, 2024"
https://onlinecourses.nptel.ac.in/noc24_hs157/preview,The Popular Gothic Novel,Prof. A. Divya,"IIT Madras ,NPTEL","12 Weeks
                          
                          
                              (Starts: 22-07-2024)","Enrollment Ends: 5 Aug, 2024","Exam Date: 3 Nov, 2024","Exam Registration Ends: 16 Aug, 2024"
https://onlinecourses.nptel.ac.in/noc24_me147/preview,Theory of Fire Propagation (Fire...,Prof. V. Raghavan,"IIT Madras ,NPTEL","12 Weeks
                          
                          
                              (Starts: 22-07-2024)","Enrollment Ends: 5 Aug, 2024","Exam Date: 3 Nov, 2024","Exam Registration Ends: 16 Aug, 2024"
https://onlinecourses.nptel.ac.in/noc24_me122/preview,Theory of Production Processes,Prof. Pradeep Kumar Jha,"IIT Roorkee ,NPTEL","12 Weeks
                          
                          
                              (Starts: 22-07-2024)","Enrollment Ends: 5 Aug, 2024","Exam Date: 3 Nov, 2024","Exam Registration Ends: 16 Aug, 2024"
https://onlinecourses.nptel.ac.in/noc24_mm44/preview,Thermodynamics and Kinetics of...,Prof. Saswata Bhattacharya,"IIT Hyderabad ,NPTEL","12 Weeks
                          
                          
                              (Starts: 22-07-2024)","Enrollment Ends: 5 Aug, 2024","Exam Date: 3 Nov, 2024","Exam Registration Ends: 16 Aug, 2024"
https://onlinecourses.nptel.ac.in/noc24_ge56/preview,Thin Film Technology,Prof. Samit Kumar Ray,"IIT Kharagpur ,NPTEL","12 Weeks
                          
                          
                              (Starts: 22-07-2024)","Enrollment Ends: 5 Aug, 2024","Exam Date: 3 Nov, 2024","Exam Registration Ends: 16 Aug, 2024"
https://onlinecourses.nptel.ac.in/noc24_hs168/preview,Threads of Visual Exploration: Textiles...,Prof. Rajarshi Sengupta,"IIT Kanpur ,NPTEL","4 Weeks
                          
                          
                              (Starts: 19-08-2024)","Enrollment Ends: 19 Aug, 2024","Exam Date: 3 Nov, 2024","Exam Registration Ends: 30 Aug, 2024"
https://onlinecourses.nptel.ac.in/noc24_me132/preview,Vibrations of Plates and Shells,Prof. Venkata R. Sonti,"IISc Bangalore ,NPTEL","12 Weeks
                          
                          
                              (Starts: 22-07-2024)","Enrollment Ends: 5 Aug, 2024","Exam Date: 3 Nov, 2024","Exam Registration Ends: 16 Aug, 2024"
https://onlinecourses.nptel.ac.in/noc24_ph44/preview,Wave Optics,Prof. Samudra Roy,"IIT Kharagpur ,NPTEL","12 Weeks
                          
                          
                              (Starts: 22-07-2024)","Enrollment Ends: 5 Aug, 2024","Exam Date: 3 Nov, 2024","Exam Registration Ends: 16 Aug, 2024"
https://onlinecourses.nptel.ac.in/noc24_mm46/preview,Welding science and technology(In...,Prof. Murugaiyan Amirthalingam,"IIT Madras ,NPTEL","8 Weeks
                          
                          
                              (Starts: 19-08-2024)","Enrollment Ends: 19 Aug, 2024","Exam Date: 3 Nov, 2024","Exam Registration Ends: 30 Aug, 2024"
https://onlinecourses.nptel.ac.in/noc24_me125/preview,Work System Design,Prof. Inderdeep Singh,"IIT Roorkee ,NPTEL","12 Weeks
                          
                          
                              (Starts: 22-07-2024)","Enrollment Ends: 5 Aug, 2024","Exam Date: 3 Nov, 2024","Exam Registration Ends: 16 Aug, 2024"
https://onlinecourses.nptel.ac.in/noc24_te09/preview,Yarn Manufacture I : Principle of...,Prof. R. Chattopadhyay,"IIT Delhi ,NPTEL","12 Weeks
                          
                          
                              (Starts: 22-07-2024)","Enrollment Ends: 5 Aug, 2024","Exam Date: 3 Nov, 2024","Exam Registration Ends: 16 Aug, 2024"
https://onlinecourses.nptel.ac.in/noc24_mg136/preview,Yoga and Positive Psychology for...,Prof. Ashish Pandey,"IIT Bombay ,NPTEL","8 Weeks
                          
                          
                              (Starts: 19-08-2024)","Enrollment Ends: 19 Aug, 2024","Exam Date: 3 Nov, 2024","Exam Registration Ends: 30 Aug, 2024"
https://onlinecourses.swayam2.ac.in/ntr24_ed47/preview,ICT in Teaching and Learning,Dr. R. K. Kapoor,"National Institute of Technical Teachers Training and... ,NITTTR","4 Weeks
                          
                          
                              (Starts: 15-07-2024)","Enrollment Ends: 3 Aug, 2024","Exam Date: 7 Dec, 2024",NA
https://onlinecourses.swayam2.ac.in/aic22_ge04/preview,Anaemia (अनीमिया),DR. Hemalatha R  |  DR. Raja Sriswan Mamidi,"ICMR - National Institute of Nutrition ,AICTE",Self Paced,NA,NA,NA
https://onlinecourses.swayam2.ac.in/nos23_ed02/preview,Diploma in Elementary...,Mr. Chanchal Kumar Singh,"National Institute of Open Schooling (NIOS) ,NIOS","24 Weeks
                          
                          
                              (Starts: 01-04-2023)","Enrollment Ends: 30 Sept, 2023",NA,NA
https://onlinecourses.swayam2.ac.in/ntr23_ed11/preview,Graphics and Animation Development,Er. Shano Solanki,"National Institute of Technical Teachers Training and... ,NITTTR","8 Weeks
                          
                          
                              (Starts: 30-01-2023)","Enrollment Ends: 28 Feb, 2023",NA,NA
https://onlinecourses.swayam2.ac.in/aic20_ge03/preview,ICMR NvCCP Prescribing Skills course -...,Multifaculty,"Indian Council for Medical Research (ICMR) ,AICTE","12 Weeks
                          
                          
                              (Starts: 12-10-2020)","Enrollment Ends: 10 Oct, 2020",NA,NA
https://onlinecourses.swayam2.ac.in/aic21_ge08/preview,ICMR NvCCP Prescribing Skills course...,Multifaculty,"Indian Council for Medical Research (ICMR) ,AICTE",Self Paced,NA,NA,NA
https://onlinecourses.swayam2.ac.in/aic22_ge26/preview,ICMR NvCCP Prescribing Skills course...,Multifaculty,"Indian Council for Medical Research (ICMR) ,AICTE",Self Paced,NA,NA,NA
https://onlinecourses.swayam2.ac.in/aic23_ge18/preview,Indian Traditional Medicinal and...,Dr. Sharada L Deore,"Govt. College of Pharmacy, Amravati. Maharashtra ,AICTE",Self Paced,"Exam Registration Ends: 20 Mar, 2024",NA,NA
https://onlinecourses.swayam2.ac.in/imb23_mg65/preview,Introduction to Design Thinking,"Dr. Rajeshwari Patil, Dr. Manisha Shukla, Dr....","Balaji Institute of Management & Human Resource... ,IIMB","6 Weeks
                          
                          
                              (Starts: 31-07-2023)","Enrollment Ends: 9 Sept, 2023",NA,NA
https://onlinecourses.swayam2.ac.in/aic19_ed28/preview,Introduction to Yoga and Applications...,Sridhar Melukote,"Swami Vivekananda Yoga Anusandhana Samsthan ,AICTE","8 Weeks
                          
                          
                              (Starts: 12-01-2020)",NA,NA,NA
https://onlinecourses.swayam2.ac.in/aic21_ge28/preview,NIeCer 102: Ethics Review of Health...,Multifaculty,"ICMR-National Institute of Epidemiology ,AICTE",Self Paced,NA,NA,NA
https://onlinecourses.swayam2.ac.in/aic20_ge08/preview,NIeCer 102: Ethics Review of Health...,Multifaculty,"ICMR-National Institute of Epidemiology ,AICTE",Self Paced,NA,NA,NA
https://onlinecourses.swayam2.ac.in/aic21_ge29/preview,NIeCer 103: Scientific Writing in...,Multifaculty,"Indian Council for Medical Research (ICMR) - NIE ,AICTE",Self Paced,NA,NA,NA
https://onlinecourses.swayam2.ac.in/aic22_ge17/preview,NIeCer 104: Introduction to Systematic...,Multifaculty,"ICMR-National Institute of Epidemiology, Chennai ,AICTE",Self Paced,NA,NA,NA
https://onlinecourses.swayam2.ac.in/aic21_ge26/preview,NIeCer 104: Introduction to Systematic...,Multifaculty,"ICMR-National Institute of Epidemiology, Chennai ,AICTE",Self Paced,NA,NA,NA
https://onlinecourses.swayam2.ac.in/nou23_ge41/preview,National Education...,"Prof. Santosh Panda,","Indira Gandhi National Open University, New Delhi ,IGNOU",Self Paced,NA,NA,NA
https://onlinecourses.swayam2.ac.in/nos23_sc50/preview,Secondary : Accountancy (224),Ms. Anshul Kharbanda,"National Institute of Open Schooling (NIOS) ,NIOS","24 Weeks
                          
                          
                              (Starts: 19-10-2023)","Enrollment Ends: 31 Mar, 2024",NA,NA
https://onlinecourses.swayam2.ac.in/nos23_sc56/preview,Secondary : Bhartiya Darshan (247),Dr. R.N. Meena,"National Institute of Open Schooling (NIOS) ,NIOS","24 Weeks
                          
                          
                              (Starts: 19-10-2023)","Enrollment Ends: 31 Mar, 2024",NA,NA
https://onlinecourses.swayam2.ac.in/nos23_sc46/preview,Secondary : Business Studies (215),Ms. Priyanki Vardhan,"National Institute of Open Schooling (NIOS) ,NIOS","24 Weeks
                          
                          
                              (Starts: 19-10-2023)","Enrollment Ends: 31 Mar, 2024",NA,NA
https://onlinecourses.swayam2.ac.in/nos23_sc52/preview,Secondary : Data Entry Operations (229),Ms. Anchal Goswami,"National Institute of Open Schooling (NIOS) ,NIOS","24 Weeks
                          
                          
                              (Starts: 19-10-2023)","Enrollment Ends: 31 Mar, 2024",NA,NA
https://onlinecourses.swayam2.ac.in/nos23_sc45/preview,Secondary : Economics (214),Sh. Shashi Prakash,"National Institute of Open Schooling (NIOS) ,NIOS","24 Weeks
                          
                          
                              (Starts: 19-10-2023)","Enrollment Ends: 31 Mar, 2024",NA,NA
https://onlinecourses.swayam2.ac.in/nos23_sc40/preview,Secondary : English (202),Ms. Atreyee Sinha,"National Institute of Open Schooling ,NIOS","24 Weeks
                          
                          
                              (Starts: 24-10-2023)","Enrollment Ends: 31 Mar, 2024",NA,NA
https://onlinecourses.swayam2.ac.in/nos23_sc39/preview,Secondary : Hindi (201),डॉ.मोनिका काद्यान,"राष्ट्रीय मुक्त विद्यालयी शिक्षा संस्थान ,NIOS","24 Weeks
                          
                          
                              (Starts: 19-10-2023)","Enrollment Ends: 31 Mar, 2024",NA,NA
https://onlinecourses.swayam2.ac.in/nos23_sc47/preview,Secondary : Home Science (216),Ms. Umang Chuahan,"National Institute of Open Schooling (NIOS) ,NIOS","24 Weeks
                          
                          
                              (Starts: 19-10-2023)","Enrollment Ends: 31 Mar, 2024",NA,NA
https://onlinecourses.swayam2.ac.in/nos23_sc09/preview,Secondary : Home Science (216),Ms. Neelam Gupta,"National Institute of Open Schooling (NIOS) ,NIOS","24 Weeks
                          
                          
                              (Starts: 01-04-2023)","Enrollment Ends: 30 Sept, 2023",NA,NA
https://onlinecourses.swayam2.ac.in/nos23_sc49/preview,Secondary : Indian Culture & Heritage...,Ms. Umang Chuahan,"National Institute of Open Schooling (NIOS) ,NIOS","24 Weeks
                          
                          
                              (Starts: 19-10-2023)","Enrollment Ends: 31 Mar, 2024",NA,NA
https://onlinecourses.swayam2.ac.in/nos23_sc11/preview,Secondary : Indian Culture & Heritage...,Dr. Azmat Noori,"National Institute of Open Schooling  (NIOS) ,NIOS","24 Weeks
                          
                          
                              (Starts: 01-04-2023)","Enrollment Ends: 30 Sept, 2023",NA,NA
https://onlinecourses.swayam2.ac.in/nos23_sc42/preview,Secondary : Maths(211),Mr. Aashish Sodhi,"National Institute of Open Schooling (NIOS) ,NIOS","24 Weeks
                          
                          
                              (Starts: 19-10-2023)","Enrollment Ends: 31 Mar, 2024",NA,NA
https://onlinecourses.swayam2.ac.in/nos23_sc51/preview,Secondary : Painting (225),Mr. Shravan Kumar Pendyala,"National Institute of Open Schooling (NIOS) ,NIOS","24 Weeks
                          
                          
                              (Starts: 19-10-2023)","Enrollment Ends: 31 Mar, 2024",NA,NA
https://onlinecourses.swayam2.ac.in/nos23_sc48/preview,Secondary : Psychology (222),Ms. Alankriti Shrama,"National Institute of Open Schooling (NIOS) ,NIOS","24 Weeks
                          
                          
                              (Starts: 20-10-2023)","Enrollment Ends: 31 Mar, 2024",NA,NA
https://onlinecourses.swayam2.ac.in/nos23_sc10/preview,Secondary : Psychology (222),Ms. Sarika Singh,"National Institute of Open Schooling (NIOS) ,NIOS","24 Weeks
                          
                          
                              (Starts: 01-04-2023)","Enrollment Ends: 30 Sept, 2023",NA,NA
https://onlinecourses.swayam2.ac.in/nos23_sc41/preview,Secondary : Sanskrit (209),Dr. Anand Kumar,"National Institute of Open Schooling (NIOS) ,NIOS","24 Weeks
                          
                          
                              (Starts: 19-10-2023)","Enrollment Ends: 31 Mar, 2024",NA,NA
https://onlinecourses.swayam2.ac.in/nos23_sc55/preview,Secondary : Sanskrit Sahitya (248),Mr. Ankit Bhatt.,"National Institute of Open Schooling (NIOS) ,NIOS","24 Weeks
                          
                          
                              (Starts: 19-10-2023)","Enrollment Ends: 31 Mar, 2024",NA,NA
https://onlinecourses.swayam2.ac.in/nos23_sc54/preview,Secondary : Sanskrit Viyakaran (246),Dr. R.N. Meena,"National Institute of Open Schooling (NIOS) ,NIOS","24 Weeks
                          
                          
                              (Starts: 19-10-2023)","Enrollment Ends: 31 Mar, 2024",NA,NA
https://onlinecourses.swayam2.ac.in/nos23_sc16/preview,Secondary : Sanskrit Viyakaran (246),Dr. R.N. Meena,"National Institute of Open Schooling (NIOS) ,NIOS","24 Weeks
                          
                          
                              (Starts: 01-04-2023)","Enrollment Ends: 30 Sept, 2023",NA,NA
https://onlinecourses.swayam2.ac.in/nos23_sc43/preview,Secondary : Science & Technology (212),Dr. Sanghmitra Suryapani,"National Institute Of Open Schooling (NIOS) ,NIOS","24 Weeks
                          
                          
                              (Starts: 19-10-2023)","Enrollment Ends: 31 Mar, 2024",NA,NA
https://onlinecourses.swayam2.ac.in/nos23_sc44/preview,Secondary : Social Science (213),Dr. Azmat Noori,"National Institute of Open Schooling ,NIOS","24 Weeks
                          
                          
                              (Starts: 19-10-2023)","Enrollment Ends: 31 Mar, 2024",NA,NA
https://onlinecourses.swayam2.ac.in/nos23_sc06/preview,Secondary : Social Science (213),Dr. Azmat Noori,"National Institute of Open Schooling ,NIOS","24 Weeks
                          
                          
                              (Starts: 01-04-2023)","Enrollment Ends: 30 Sept, 2023",NA,NA
https://onlinecourses.swayam2.ac.in/nos23_sc53/preview,Secondary : Veda Adhyayan (245),Dr. R.N. Meena,"National Institute of Open Schooling (NIOS) ,NIOS","24 Weeks
                          
                          
                              (Starts: 19-10-2023)","Enrollment Ends: 31 Mar, 2024",NA,NA
https://onlinecourses.swayam2.ac.in/nos23_sc15/preview,Secondary : Veda Adhyayan (245),Dr. R.N. Meena,"National Institute of Open Schooling (NIOS) ,NIOS","24 Weeks
                          
                          
                              (Starts: 01-04-2023)","Enrollment Ends: 30 Sept, 2023",NA,NA
https://onlinecourses.swayam2.ac.in/nos23_sc37/preview,Senior Secondary: Physics (312),Dr. Sanghmitra Suryapani,"National Institute of Open Schooling (NIOS) ,NIOS","24 Weeks
                          
                          
                              (Starts: 01-04-2023)","Enrollment Ends: 30 Sept, 2023",NA,NA
https://onlinecourses.swayam2.ac.in/nos23_sc75/preview,Sr. Secondary : Physics (312),Mr. Aashish Sodhi,"National Institute of Open Schooling (NIOS) ,NIOS","24 Weeks
                          
                          
                              (Starts: 19-10-2023)","Enrollment Ends: 31 Mar, 2024",NA,NA
https://onlinecourses.swayam2.ac.in/nos23_sc70/preview,Sr.Secondary : Accountancy (320),Ms. Anshul Kharbanda,"National Institute of Open Schooling (NIOS) ,NIOS","24 Weeks
                          
                          
                              (Starts: 19-10-2023)","Enrollment Ends: 31 Mar, 2024",NA,NA
https://onlinecourses.swayam2.ac.in/nos23_sc32/preview,Sr.Secondary : Accountancy (320),Ms. Anshul Kharbanda,"National Institute of Open Schooling (NIOS) ,NIOS","24 Weeks
                          
                          
                              (Starts: 01-04-2023)","Enrollment Ends: 30 Sept, 2023",NA,NA
https://onlinecourses.swayam2.ac.in/nos23_sc60/preview,Sr.Secondary : Biology (314),Dr. Sanghmitra Suryapani,"National Institute Of Open Schooling (NIOS) ,NIOS","24 Weeks
                          
                          
                              (Starts: 19-10-2023)","Enrollment Ends: 31 Mar, 2024",NA,NA
https://onlinecourses.swayam2.ac.in/nos23_sc22/preview,Sr.Secondary : Biology (314),Dr. Sanghmitra Suryapani,"National Institute Of Open Schooling (NIOS) ,NIOS","24 Weeks
                          
                          
                              (Starts: 01-04-2023)","Enrollment Ends: 30 Sept, 2023",NA,NA
https://onlinecourses.swayam2.ac.in/nos23_sc59/preview,Sr.Secondary : Chemistry (313),Ms. Neha Kesarwani,"National Institute of Open Schooling ,NIOS","24 Weeks
                          
                          
                              (Starts: 19-10-2023)","Enrollment Ends: 31 Mar, 2024",NA,NA
https://onlinecourses.swayam2.ac.in/nos23_sc21/preview,Sr.Secondary : Chemistry (313),Ms. Neha Kesarwani,"National Institute of Open Schooling ,NIOS","24 Weeks
                          
                          
                              (Starts: 01-04-2023)","Enrollment Ends: 30 Sept, 2023",NA,NA
https://onlinecourses.swayam2.ac.in/nos23_sc65/preview,Sr.Secondary : Computer Science (330),Ms. Anchal Goswami,"National Institute of Open Schooling (NIOS) ,NIOS","24 Weeks
                          
                          
                              (Starts: 19-10-2023)","Enrollment Ends: 31 Mar, 2024",NA,NA
https://onlinecourses.swayam2.ac.in/nos23_sc27/preview,Sr.Secondary : Computer Science (330),Ms. Nitasha Yadav,"National Institute of Open Schooling (NIOS) ,NIOS","24 Weeks
                          
                          
                              (Starts: 01-04-2023)","Enrollment Ends: 30 Sept, 2023",NA,NA
https://onlinecourses.swayam2.ac.in/nos23_sc62/preview,Sr.Secondary : Economics (318),Sh. Shashi Prakash,"National Institute of Open Schooling (NIOS) ,NIOS","24 Weeks
                          
                          
                              (Starts: 19-10-2023)","Enrollment Ends: 31 Mar, 2024",NA,NA
https://onlinecourses.swayam2.ac.in/nos23_sc24/preview,Sr.Secondary : Economics (318),Sh. Shashi Prakash,"National Institute of Open Schooling (NIOS) ,NIOS","24 Weeks
                          
                          
                              (Starts: 01-04-2023)","Enrollment Ends: 30 Sept, 2023",NA,NA
https://onlinecourses.swayam2.ac.in/nos23_sc58/preview,Sr.Secondary : English (302),Ms. Atreyee Sinha,"National Institute of Open Schooling ,NIOS","24 Weeks
                          
                          
                              (Starts: 24-10-2023)","Enrollment Ends: 31 Mar, 2024",NA,NA
https://onlinecourses.swayam2.ac.in/nos23_sc20/preview,Sr.Secondary : English (302),Dr. Sanghmitra Suryapani,"National Institute Of Open Schooling ,NIOS","24 Weeks
                          
                          
                              (Starts: 01-04-2023)","Enrollment Ends: 30 Sept, 2023",NA,NA
https://onlinecourses.swayam2.ac.in/nos23_sc67/preview,Sr.Secondary : Environmental Science...,Ms. Neelam Gupta,"National Institute of Open Schooling (NIOS) ,NIOS","24 Weeks
                          
                          
                              (Starts: 19-10-2023)","Enrollment Ends: 31 Mar, 2024",NA,NA
https://onlinecourses.swayam2.ac.in/nos23_sc29/preview,Sr.Secondary : Environmental Science...,Ms. Neelam Gupta,"National Institute of Open Schooling (NIOS) ,NIOS","24 Weeks
                          
                          
                              (Starts: 01-04-2023)","Enrollment Ends: 30 Sept, 2023",NA,NA
https://onlinecourses.swayam2.ac.in/nos23_sc19/preview,Sr.Secondary : Hindi (301),Dr. B.K. Rai,"NIOS ,NIOS","24 Weeks
                          
                          
                              (Starts: 01-04-2023)","Enrollment Ends: 30 Sept, 2023",NA,NA
https://onlinecourses.swayam2.ac.in/nos23_sc69/preview,Sr.Secondary : History (315),Mr. Aalok Kumar,"National Institute of Open Schooling (NIOS) ,NIOS","24 Weeks
                          
                          
                              (Starts: 19-10-2023)","Enrollment Ends: 31 Mar, 2024",NA,NA
https://onlinecourses.swayam2.ac.in/nos23_sc31/preview,Sr.Secondary : History (315),Dr. Azmat Noori,"National Institute of Open Schooling ,NIOS","24 Weeks
                          
                          
                              (Starts: 01-04-2023)","Enrollment Ends: 30 Sept, 2023",NA,NA
https://onlinecourses.swayam2.ac.in/nos23_sc63/preview,Sr.Secondary : Home Science (321),Ms. Umang Chuahan,"National Institute of Open Schooling (NIOS) ,NIOS","24 Weeks
                          
                          
                              (Starts: 19-10-2023)","Enrollment Ends: 31 Mar, 2024",NA,NA
https://onlinecourses.swayam2.ac.in/nos23_sc25/preview,Sr.Secondary : Home Science (321),Ms. Neelam Gupta,"National Institute of Open Schooling (NIOS) ,NIOS","24 Weeks
                          
                          
                              (Starts: 01-04-2023)","Enrollment Ends: 30 Sept, 2023",NA,NA
https://onlinecourses.swayam2.ac.in/nos23_sc71/preview,Sr.Secondary : Introduction to Laws...,Mr. Jagjeet Singh,"National Institute of Open Schooling (NIOS) ,NIOS","24 Weeks
                          
                          
                              (Starts: 19-10-2023)","Enrollment Ends: 31 Mar, 2024",NA,NA
https://onlinecourses.swayam2.ac.in/nos23_sc33/preview,Sr.Secondary : Introduction to Laws...,Dr. Sukanta Kumar Mahapatra,"National Institute of Open Schooling (NIOS) ,NIOS","24 Weeks
                          
                          
                              (Starts: 01-04-2023)","Enrollment Ends: 30 Sept, 2023",NA,NA
https://onlinecourses.swayam2.ac.in/nos23_sc68/preview,Sr.Secondary : Library & Information...,Ms. Manju Chrungu,"National Institute of Open Schooling (NIOS) ,NIOS","24 Weeks
                          
                          
                              (Starts: 19-10-2023)","Enrollment Ends: 31 Mar, 2024",NA,NA
https://onlinecourses.swayam2.ac.in/nos23_sc30/preview,Sr.Secondary : Library & Information...,Ms. Manju Chrungu,"National Institute of Open Schooling (NIOS) ,NIOS","24 Weeks
                          
                          
                              (Starts: 01-04-2023)","Enrollment Ends: 30 Sept, 2023",NA,NA
https://onlinecourses.swayam2.ac.in/nos23_sc73/preview,Sr.Secondary : Mathematics (311),Mr. Aashish Sodhi,"National Institute of Open Schooling (NIOS) ,NIOS","24 Weeks
                          
                          
                              (Starts: 19-10-2023)","Enrollment Ends: 31 Mar, 2024",NA,NA
https://onlinecourses.swayam2.ac.in/nos23_sc35/preview,Sr.Secondary : Mathematics (311),Ms. Neha Kesarwani,"National Institute of Open Schooling ,NIOS","24 Weeks
                          
                          
                              (Starts: 01-04-2023)","Enrollment Ends: 30 Sept, 2023",NA,NA
https://onlinecourses.swayam2.ac.in/nos23_sc38/preview,Sr.Secondary : Painting (332),Ms. Sanchita Bhattacharjee,"National Institute of Open Schooling (NIOS) ,NIOS","24 Weeks
                          
                          
                              (Starts: 01-04-2023)","Enrollment Ends: 30 Sept, 2023",NA,NA
https://onlinecourses.swayam2.ac.in/nos23_sc26/preview,Sr.Secondary : Psychology (328),Ms. Sarika Singh,"National Institute of Open Schooling (NIOS) ,NIOS","24 Weeks
                          
                          
                              (Starts: 01-04-2023)","Enrollment Ends: 30 Sept, 2023",NA,NA
https://onlinecourses.swayam2.ac.in/nos23_sc72/preview,Sr.Secondary : Sanskrit (309),Dr. Anand Kumar,"National Institute of Open Schooling (NIOS) ,NIOS","24 Weeks
                          
                          
                              (Starts: 19-10-2023)","Enrollment Ends: 31 Mar, 2024",NA,NA
https://onlinecourses.swayam2.ac.in/nos23_sc34/preview,Sr.Secondary : Sanskrit (309),Dr. R.N. Meena,"National Institute of Open Schooling (NIOS) ,NIOS","24 Weeks
                          
                          
                              (Starts: 01-04-2023)","Enrollment Ends: 30 Sept, 2023",NA,NA
https://onlinecourses.swayam2.ac.in/nos23_sc66/preview,Sr.Secondary : Sociology (331),Dr. Azmat Noori,"National Institute of Open Schooling ,NIOS","24 Weeks
                          
                          
                              (Starts: 19-10-2023)","Enrollment Ends: 31 Mar, 2024",NA,NA
https://onlinecourses.swayam2.ac.in/nos23_sc28/preview,Sr.Secondary : Sociology (331),Dr. Sukanta Kumar Mahapatra,"National Institute of Open Schooling (NIOS) ,NIOS","24 Weeks
                          
                          
                              (Starts: 01-04-2023)","Enrollment Ends: 30 Sept, 2023",NA,NA
https://onlinecourses.swayam2.ac.in/nos23_sc23/preview,Sr.Secondary: Geography (316),Dr. Tarun,"National Institute of Open Schooling (NIOS) ,NIOS","24 Weeks
                          
                          
                              (Starts: 01-04-2023)","Enrollment Ends: 30 Sept, 2023",NA,NA
https://onlinecourses.swayam2.ac.in/nos23_ge14/preview,Vocational : Beauty Therapy,Dr. Praveen Chauhan,"National Institute of Open Schooling (NIOS) ,NIOS","24 Weeks
                          
                          
                              (Starts: 19-10-2023)","Enrollment Ends: 31 Mar, 2024",NA,NA
https://onlinecourses.swayam2.ac.in/nos23_ge03/preview,Vocational : Beauty Therapy,Dr. Praveen Chauhan,"National Institute of Open Schooling (NIOS) ,NIOS","24 Weeks
                          
                          
                              (Starts: 01-04-2023)","Enrollment Ends: 30 Sept, 2023",NA,NA
https://onlinecourses.swayam2.ac.in/nos23_ge13/preview,Vocational : Bee keeping,Dr Neelima Pant,"National Institute of Open Schooling ,NIOS","24 Weeks
                          
                          
                              (Starts: 19-10-2023)","Enrollment Ends: 31 Mar, 2024",NA,NA
https://onlinecourses.swayam2.ac.in/nos23_ge02/preview,Vocational : Bee keeping,Dr.Neelima Pant,"NIOS ,NIOS","24 Weeks
                          
                          
                              (Starts: 01-04-2023)","Enrollment Ends: 30 Sept, 2023",NA,NA
https://onlinecourses.swayam2.ac.in/nos23_ge16/preview,Vocational : CRM Domestic Voice,Ms. Anchal Goswami,"National Institute of Open Schooling (NIOS) ,NIOS","24 Weeks
                          
                          
                              (Starts: 19-10-2023)","Enrollment Ends: 31 Mar, 2024",NA,NA
https://onlinecourses.swayam2.ac.in/nos23_ge05/preview,Vocational : CRM Domestic Voice,Radhika B.,"National Institute of Open Schooling  (NIOS) ,NIOS","24 Weeks
                          
                          
                              (Starts: 01-04-2023)","Enrollment Ends: 30 Sept, 2023",NA,NA
https://onlinecourses.swayam2.ac.in/nos23_ge22/preview,Vocational : Community Health,Dr.P.K. Chauhan,"National Institute of Open Schooling (NIOS) ,NIOS","24 Weeks
                          
                          
                              (Starts: 19-10-2023)","Enrollment Ends: 31 Mar, 2024",NA,NA
https://onlinecourses.swayam2.ac.in/nos23_ge11/preview,Vocational : Community Health,Dr.P.K. Chauhan,"National Institute of Open Schooling (NIOS) ,NIOS","24 Weeks
                          
                          
                              (Starts: 01-04-2023)","Enrollment Ends: 30 Sept, 2023",NA,NA
https://onlinecourses.swayam2.ac.in/nos23_ge18/preview,Vocational : Hair Cut & Styling,Dr. Praveen Chauhan,"National Institute of Open Schooling (NIOS) ,NIOS","24 Weeks
                          
                          
                              (Starts: 19-10-2023)","Enrollment Ends: 31 Mar, 2024",NA,NA
https://onlinecourses.swayam2.ac.in/nos23_ge07/preview,Vocational : Hair Cut & Styling,Dr. Praveen Chauhan,"National Institute of Open Schooling (NIOS) ,NIOS","24 Weeks
                          
                          
                              (Starts: 01-04-2023)","Enrollment Ends: 30 Sept, 2023",NA,NA
https://onlinecourses.swayam2.ac.in/nos23_ge17/preview,Vocational : Mushroom Production,Dr Neelima Pant,"National Institute of Open Schooling ,NIOS","24 Weeks
                          
                          
                              (Starts: 19-10-2023)","Enrollment Ends: 31 Mar, 2024",NA,NA
https://onlinecourses.swayam2.ac.in/nos23_ge06/preview,Vocational : Mushroom Production,Dr  Neelima Pant,"NIOS ,NIOS","24 Weeks
                          
                          
                              (Starts: 01-04-2023)","Enrollment Ends: 30 Sept, 2023",NA,NA
https://onlinecourses.swayam2.ac.in/nos23_ge15/preview,Vocational : Panchkarma Assistant,Ms. Kirti Ailani,"National Institute of Open Schooling (NIOS) ,NIOS","24 Weeks
                          
                          
                              (Starts: 19-10-2023)","Enrollment Ends: 31 Mar, 2024",NA,NA
https://onlinecourses.swayam2.ac.in/nos23_ge04/preview,Vocational : Panchkarma Assistant,Dr.P.K.Chauhan,"National Institute of Open Schooling (NIOS) ,NIOS","24 Weeks
                          
                          
                              (Starts: 01-04-2023)","Enrollment Ends: 30 Sept, 2023",NA,NA
https://onlinecourses.swayam2.ac.in/nos23_ge12/preview,Vocational :Yoga Teaching' Training...,Dr.P.K.Chauhan,"National Institute of Open Schooling (NIOS) ,NIOS","24 Weeks
                          
                          
                              (Starts: 19-10-2023)","Enrollment Ends: 31 Mar, 2024",NA,NA
https://onlinecourses.swayam2.ac.in/aic21_ge27/preview,Winter course on Machine Intelligence...,"Prof Sukhendu Das, Prof. Jaikishan Jayakumar,...","IIT Madras ,AICTE",Self Paced,NA,NA,NA
https://onlinecourses.swayam2.ac.in/aic19_ed29/preview,Yoga Practices 1,Dr Vikas,"Swami Vivekananda Yoga Anusandhana Samsthan ,AICTE","12 Weeks
                          
                          
                              (Starts: 12-01-2020)",NA,NA,NA
https://onlinecourses.swayam2.ac.in/aic19_ed30/preview,Yoga Practices 2,Dr Balaram Pradhan,"Swami Vivekananda Yoga Anusandhana Samsthan ,AICTE","12 Weeks
                          
                          
                              (Starts: 12-01-2020)",NA,NA,NA
https://onlinecourses.swayam2.ac.in/aic19_ed31/preview,Yoga Practices 3,Dr Kashinath Mhetre,"Swami Vivekananda Yoga Anusandhana Samsthan ,AICTE","15 Weeks
                          
                          
                              (Starts: 12-01-2020)",NA,NA,NA
